relative_path,category,size_bytes,sha256,description
CITATION.cff,documentation,409,a2fdfdb03bdc82d05eb24cb8aaf9bdbfe0c7c42c9a51491cd359ee2cd7f89950,Documentation or environment metadata
code/evaluation/portion_day_aggregation.py,code,6645,674966666e0bd0d7c5fcea0f64c3a0fc44648a8f4c1fe0f48498f757ab1509d1,Executable public pipeline or validation code
code/evaluation/recalculate_metrics.py,code,2906,82d7ccbd5cbda838fe7c32a4b23a16e37960287a9883081d99f442c3146b41c9,Executable public pipeline or validation code
code/features/extract_features.py,code,2540,4ce55dbe4c8f5763853ec3308d7ebaa387bf5cf89cee8dd0aebd2c5391663990,Executable public pipeline or validation code
code/models/model_definitions.py,code,2550,04a29f3d3aaecfbfe1d6dfabcf823556beba276921e3d247ea7b678a80da882d,Executable public pipeline or validation code
code/preprocessing/roi_preprocessing.py,code,5763,634e3733fe2f40afb8173adb18d338330b44402670ffd95a8eb4f6de394dad16,Executable public pipeline or validation code
code/training/train_models.py,code,10087,3c5457fb8734fda5f2d5ff2abf804745b122825c45879d67cba55beca42f754d,Executable public pipeline or validation code
config/model_and_training_config.json,configuration,2641,423c6c86c6a5203209588505ff7a1fddda2c756185cd2521d78228cbccb60700,Verified model and training configuration
data/predictions/cv_outer_test_predictions.csv,predictions,1180141,17122ff1a01d4fb208491a3811ebbb160cd34a658c2690f45156fdb0254f6dfe,De-identified saved class probabilities and labels
data/predictions/fixed_test_predictions.csv,predictions,290748,16dfb948d398218c458838a32a75a077af3d681a3376c9fc916daf3b3caa8e7a,De-identified saved class probabilities and labels
environment/requirements.txt,environment,312,25fd376edc98373113a830c8fe269a1023d478e85827cd78395ccb7e6977b925,Documentation or environment metadata
environment/software_environment.txt,environment,365,27cb97e2d5c8cf778ae60dc51185c8de0bc87646d247018159dcdc58546b3b36,Documentation or environment metadata
LICENSE_CODE.txt,documentation,1068,9f1abe28a25b5f6f95c58a81a647de3fa72ff6388d228c59bddd079255709989,Documentation or environment metadata
LICENSE_DATA.txt,documentation,312,55cb20a760b348d3a271d5e64b847e171d1cc32fdc5fe703c9599a41e606f623,Documentation or environment metadata
processed_data/dye_grids/beef/beef_portion01_day0_rep1.png,processed data,16681,2be89dd932b5e002d9f05031f39051d31460e73b5b327ec6b5918fca59885e72,Processed 128 x 128 dye-grid image
processed_data/dye_grids/beef/beef_portion01_day0_rep2.png,processed data,16115,08512d530b3a8ba49837a55855acabf8c7eb3088798cd4ab7cba074667b85ad5,Processed 128 x 128 dye-grid image
processed_data/dye_grids/beef/beef_portion01_day0_rep3.png,processed data,16347,29d040c8922a33b51cfde3bc21574a009992922f73eb7517856c6f1506ac5345,Processed 128 x 128 dye-grid image
processed_data/dye_grids/beef/beef_portion01_day1_rep1.png,processed data,17190,f276b30f6f76a0e95991c167b0647f02af54095d8907563a3910635053017de7,Processed 128 x 128 dye-grid image
processed_data/dye_grids/beef/beef_portion01_day1_rep2.png,processed data,17215,641a724d463066de379bb1dd653c0dbbc0f9b50d62afd832207e318ed9816f1b,Processed 128 x 128 dye-grid image
processed_data/dye_grids/beef/beef_portion01_day1_rep3.png,processed data,17003,722d14128e24040d4cd95560e244debda752fda9c86f2f55fbb2ca97563dfbf9,Processed 128 x 128 dye-grid image
processed_data/dye_grids/beef/beef_portion01_day2_rep1.png,processed data,16416,6d31f1b45aa016b41cd1c42e660350f0832abc99aea1e9dc456c3223d6731665,Processed 128 x 128 dye-grid image
processed_data/dye_grids/beef/beef_portion01_day2_rep2.png,processed data,15566,0c1d5abcebec5b6ea1244170e9f7dae72d7075060136cdf0363591e0babac752,Processed 128 x 128 dye-grid image
processed_data/dye_grids/beef/beef_portion01_day2_rep3.png,processed data,16826,7e01b81c3822f5cfb80b1405e757d7f90382ed00ffac62134d03319736768ef6,Processed 128 x 128 dye-grid image
processed_data/dye_grids/beef/beef_portion01_day3_rep1.png,processed data,15426,08337c4eb96ac8902315a704f3b091b74a36dc7b477c8a25e9fa64015f3787be,Processed 128 x 128 dye-grid image
processed_data/dye_grids/beef/beef_portion01_day3_rep2.png,processed data,14954,01cb5f41d81cf8dfde3b738916f76cdce770d8731c411d835ee04c0bee46b6ca,Processed 128 x 128 dye-grid image
processed_data/dye_grids/beef/beef_portion01_day3_rep3.png,processed data,15724,dd2cd4d1544b81621a5f6c27c123c94a9bbde6f00cac9190db817e4c173b063d,Processed 128 x 128 dye-grid image
processed_data/dye_grids/beef/beef_portion01_day4_rep1.png,processed data,15686,ee6d337305a114f3900004cabc444596e3d0aa4df91f0c3031ce1addaabd7a23,Processed 128 x 128 dye-grid image
processed_data/dye_grids/beef/beef_portion01_day4_rep2.png,processed data,14685,8ab1e373c82ca36de3e78e127a8f26e749f562b6b1031b494f145825c070cad7,Processed 128 x 128 dye-grid image
processed_data/dye_grids/beef/beef_portion01_day4_rep3.png,processed data,14656,5f78cbbad8e940931f99647cb6313c318dcfc4d36ab36a450d8bbb2f1dd83ad5,Processed 128 x 128 dye-grid image
processed_data/dye_grids/beef/beef_portion01_day5_rep1.png,processed data,15804,298fb2c5cece687f5f48ac37a70aa59ced1c30a1f0bc1413f8ac3e0d19d36476,Processed 128 x 128 dye-grid image
processed_data/dye_grids/beef/beef_portion01_day5_rep2.png,processed data,14818,8f274b80ce7ad08cf10c0b1fe74ac83e684bb9b880b8300ad20334d392669a15,Processed 128 x 128 dye-grid image
processed_data/dye_grids/beef/beef_portion01_day5_rep3.png,processed data,15850,a738e2e9209b76ce165792cfe5186465b9d59e9bb61c540c8945d92bb71e6a3b,Processed 128 x 128 dye-grid image
processed_data/dye_grids/beef/beef_portion01_day6_rep1.png,processed data,13992,6a21ee90490bea1ea32de7c52ac68314fe744ea1c91b8a4762091cb4ce21cfde,Processed 128 x 128 dye-grid image
processed_data/dye_grids/beef/beef_portion01_day6_rep2.png,processed data,13444,88015ff491e7d330004f981b7bd0a2007eb677c85743c3849e7d8ffb22818f6b,Processed 128 x 128 dye-grid image
processed_data/dye_grids/beef/beef_portion01_day6_rep3.png,processed data,14098,96c7836ee865a7af27516c928a995e55f343a6f4822338af49f0401f6394abef,Processed 128 x 128 dye-grid image
processed_data/dye_grids/beef/beef_portion02_day0_rep1.png,processed data,15590,5551dfa1dd1bbc8ce0ef642b4bd484a0b053fbb5edbcb7cc7dfd41ea703e33c2,Processed 128 x 128 dye-grid image
processed_data/dye_grids/beef/beef_portion02_day0_rep2.png,processed data,15414,78ed699d9936898ead5d5dd71ed490f13d693f98d94c4ea1562b562e04ffa78d,Processed 128 x 128 dye-grid image
processed_data/dye_grids/beef/beef_portion02_day0_rep3.png,processed data,14686,9c5a9a2f25e9b2f988c2d510d107854072458d4945b781140aca0766843dae65,Processed 128 x 128 dye-grid image
processed_data/dye_grids/beef/beef_portion02_day1_rep1.png,processed data,14144,0862ef0a5eface8bdd2291632651cb8ccbf74812d4827e23b0535af81ea45710,Processed 128 x 128 dye-grid image
processed_data/dye_grids/beef/beef_portion02_day1_rep2.png,processed data,14001,3577ca9bb48f1698ab3630db03163e3941fec3f2001152042f7ff4e55bc6a1ce,Processed 128 x 128 dye-grid image
processed_data/dye_grids/beef/beef_portion02_day1_rep3.png,processed data,13909,b46f143790f12ffae5b4b32f37f0f3e76e7334c3fedc784484c36fff72609569,Processed 128 x 128 dye-grid image
processed_data/dye_grids/beef/beef_portion02_day2_rep1.png,processed data,16229,5b1011ddc7e500c38c1c3e46a896cbe8a51041ce77e3d42461b045303e6ef0b8,Processed 128 x 128 dye-grid image
processed_data/dye_grids/beef/beef_portion02_day2_rep2.png,processed data,15762,6ed0ef4887e198bc90c45508e38978fb5111d6da0ef3796883e04baf22d777ff,Processed 128 x 128 dye-grid image
processed_data/dye_grids/beef/beef_portion02_day2_rep3.png,processed data,16082,fec616ef0d517e160319e6d065232038b0833b0644a230a06387571016ceab83,Processed 128 x 128 dye-grid image
processed_data/dye_grids/beef/beef_portion02_day3_rep1.png,processed data,14347,9d2dd9701efd1f2c11415f30cb459dd042258cf7d2a405bb99eae02bfa719fdc,Processed 128 x 128 dye-grid image
processed_data/dye_grids/beef/beef_portion02_day3_rep2.png,processed data,15159,fcc4fbcc20b8cea0c7f35aaf2b94d07c05972a53e1acca0bd5d6c62add0f76ec,Processed 128 x 128 dye-grid image
processed_data/dye_grids/beef/beef_portion02_day3_rep3.png,processed data,16285,b26b1965d1437f386a9196195964bfbb386c9346b660bfe90a20dd61c845b346,Processed 128 x 128 dye-grid image
processed_data/dye_grids/beef/beef_portion02_day4_rep1.png,processed data,16263,5db550cf2ae24427bda6306ae5708f3d55340a2b79828507e72348b81bd869d5,Processed 128 x 128 dye-grid image
processed_data/dye_grids/beef/beef_portion02_day4_rep2.png,processed data,15568,09cc8783805b3b24276d525b3d346d8ee0943ef733a91930a891b36d9aaa0155,Processed 128 x 128 dye-grid image
processed_data/dye_grids/beef/beef_portion02_day4_rep3.png,processed data,16120,209604e1b1d7f2abf225fe68de44c28a96b32c63d6d4bd4bd1e4bfc0a9dfb354,Processed 128 x 128 dye-grid image
processed_data/dye_grids/beef/beef_portion02_day5_rep1.png,processed data,15491,a782657c77bbe073abc548bc060b0151d32e0e91eebee7e413dfd8c768331fad,Processed 128 x 128 dye-grid image
processed_data/dye_grids/beef/beef_portion02_day5_rep2.png,processed data,15619,17e75ccf51f98f79f1bc901d03c2b169aa36b6feee63079d9200900dbf6c6e3d,Processed 128 x 128 dye-grid image
processed_data/dye_grids/beef/beef_portion02_day5_rep3.png,processed data,15642,823c569dd8c14c125985eb3a002c3df6bb31223ba0af57a18b8d887e639c48ca,Processed 128 x 128 dye-grid image
processed_data/dye_grids/beef/beef_portion02_day6_rep1.png,processed data,13413,b06df487f41b242b0dc9c934910be095254ddcd23bbbbdeaa52b78e9f529db4e,Processed 128 x 128 dye-grid image
processed_data/dye_grids/beef/beef_portion02_day6_rep2.png,processed data,13691,1e0e53d20cf16d9016023caef9b19b1aaab2a4f865be206a70611d05c263c312,Processed 128 x 128 dye-grid image
processed_data/dye_grids/beef/beef_portion02_day6_rep3.png,processed data,14529,382eb319291f635c6b57cc48cc6321bec7ec214abe983ebe26e3c3431a6954aa,Processed 128 x 128 dye-grid image
processed_data/dye_grids/beef/beef_portion03_day0_rep1.png,processed data,14513,2010bd89a831233f8e19a9121adb0dc625b639159325802fdb8671f9f437aa5c,Processed 128 x 128 dye-grid image
processed_data/dye_grids/beef/beef_portion03_day0_rep2.png,processed data,14750,0d3bef5ff5c40bb2345136ed3500fa8e2d4dfd9216df8c45fdb50ea15519e962,Processed 128 x 128 dye-grid image
processed_data/dye_grids/beef/beef_portion03_day0_rep3.png,processed data,13988,b279390015c086ea2935a4e13b5b3e5a7e562c6bf35ce129da31a03e687ea901,Processed 128 x 128 dye-grid image
processed_data/dye_grids/beef/beef_portion03_day1_rep1.png,processed data,15691,422a84ea361badc041e019a50712b971ca74d7dc241833ac81ad84246e4bd31d,Processed 128 x 128 dye-grid image
processed_data/dye_grids/beef/beef_portion03_day1_rep2.png,processed data,15561,b3adb4cdaf947af5457b8cf8762e3b05903be9f8d731c3cd1aa8715c9b64be72,Processed 128 x 128 dye-grid image
processed_data/dye_grids/beef/beef_portion03_day1_rep3.png,processed data,15362,be399f6ecff0e5083a8bf66680dde26adc504767d3dd5bf5066a9ac71593322c,Processed 128 x 128 dye-grid image
processed_data/dye_grids/beef/beef_portion03_day2_rep1.png,processed data,16544,154a7cf82f2c2eb9248d843a7f44c0291499953235ac23bff3413c368487c5df,Processed 128 x 128 dye-grid image
processed_data/dye_grids/beef/beef_portion03_day2_rep2.png,processed data,16389,e8918a184b68e78e4e00cfd9e3ceed104abd947c7d2d358627e84a52ee4006e5,Processed 128 x 128 dye-grid image
processed_data/dye_grids/beef/beef_portion03_day2_rep3.png,processed data,16728,8888368011bc3a25c3027831d7641f1ff49e3a3535d554e329ab6f6cff50dea9,Processed 128 x 128 dye-grid image
processed_data/dye_grids/beef/beef_portion03_day3_rep1.png,processed data,16687,e6827b3dd6f3af1db69ec65ecc41195e6c6a75cc0e2db902caa3bfad7df4776a,Processed 128 x 128 dye-grid image
processed_data/dye_grids/beef/beef_portion03_day3_rep2.png,processed data,16876,41664a5f4e7d732cdf72fd66791c809eb21a92edf1d824ac3d972273f7a6e83a,Processed 128 x 128 dye-grid image
processed_data/dye_grids/beef/beef_portion03_day3_rep3.png,processed data,15341,7cfa1a5a6a224eab78ebe62351bcc21cd1182070acab4df22544c73dfb3e0fd7,Processed 128 x 128 dye-grid image
processed_data/dye_grids/beef/beef_portion03_day4_rep1.png,processed data,15514,97ebd78f1ffda359b2afa230d493b2b876f5a58fb24ee8a9e4221ec4c1f7f5f8,Processed 128 x 128 dye-grid image
processed_data/dye_grids/beef/beef_portion03_day4_rep2.png,processed data,16118,8cc1c0609a5e1b27529bb940a625cc0f245cf9ae08b0555732dc3baca0b15b74,Processed 128 x 128 dye-grid image
processed_data/dye_grids/beef/beef_portion03_day4_rep3.png,processed data,16133,6a7263125d1c9f2aa68007ae7f50bf7c8a806a26ffeb58b35822debbc7e8ab7d,Processed 128 x 128 dye-grid image
processed_data/dye_grids/beef/beef_portion03_day5_rep1.png,processed data,13908,805c5e02f5d2a2fbbe8a40a677c02bf94d5dc94e8ff052715c9ed4bfc60aee39,Processed 128 x 128 dye-grid image
processed_data/dye_grids/beef/beef_portion03_day5_rep2.png,processed data,13546,7124332426c57fbc79147ba980cc1f377535917804ed6286c77ef5fc4e978773,Processed 128 x 128 dye-grid image
processed_data/dye_grids/beef/beef_portion03_day5_rep3.png,processed data,13400,507c0147e16dd1add42a08594bb72b8daed6fc582328b7e7886e8ce98e19552e,Processed 128 x 128 dye-grid image
processed_data/dye_grids/beef/beef_portion03_day6_rep1.png,processed data,13581,3ed3e28e2d4436f589520098e31f63466eb6a3909d9d5602c9dfe8e947df29d0,Processed 128 x 128 dye-grid image
processed_data/dye_grids/beef/beef_portion03_day6_rep2.png,processed data,13979,c5b7f3d30dbcf04a8d7248674f8321235c135c8832e0c93b29676a520ca27fe8,Processed 128 x 128 dye-grid image
processed_data/dye_grids/beef/beef_portion03_day6_rep3.png,processed data,13369,efc4c06cf34653461925f71d357c6234267c72f542a0424258c781c7c3fac8fa,Processed 128 x 128 dye-grid image
processed_data/dye_grids/beef/beef_portion04_day0_rep1.png,processed data,16132,f0d824e0ebc53c9b62e43e16a14e621c8c1839f0abdaf31263de139087416eab,Processed 128 x 128 dye-grid image
processed_data/dye_grids/beef/beef_portion04_day0_rep2.png,processed data,16508,8cd2fe3204cc2b0d67fb75aa12bc0249dc5093a35e5376fd43331d6f96a8cb52,Processed 128 x 128 dye-grid image
processed_data/dye_grids/beef/beef_portion04_day0_rep3.png,processed data,16142,cd96a09a954fda5d5a988b401aa45375c59adec58db6265bb9693bea67d2bd56,Processed 128 x 128 dye-grid image
processed_data/dye_grids/beef/beef_portion04_day1_rep1.png,processed data,15729,350d5b2f6b027ab453f8d68192919c789cc88487b6b137fa912f5b0c3117859f,Processed 128 x 128 dye-grid image
processed_data/dye_grids/beef/beef_portion04_day1_rep2.png,processed data,17059,2cab1d82677e61e8937dfc63dab9089bf9e46504d73d1b5ea9ee71e53982c523,Processed 128 x 128 dye-grid image
processed_data/dye_grids/beef/beef_portion04_day1_rep3.png,processed data,15117,3c4a2d8df1331f469d58dd8e93df858a4ab4effb97a8b8d6c5cf0551602809fd,Processed 128 x 128 dye-grid image
processed_data/dye_grids/beef/beef_portion04_day2_rep1.png,processed data,15418,dbc0697803ce63e43f523eb5ad423cc6573947bd211babb323c1e9df0a6ff629,Processed 128 x 128 dye-grid image
processed_data/dye_grids/beef/beef_portion04_day2_rep2.png,processed data,15367,66c8bfe173bfa312103fa693dd743b406c1c0ef133cfac83ee8f748188cebadd,Processed 128 x 128 dye-grid image
processed_data/dye_grids/beef/beef_portion04_day2_rep3.png,processed data,16318,be8749c3ea85865164be2dc9a0146b5a04239648a6b557936a12b029caeeba30,Processed 128 x 128 dye-grid image
processed_data/dye_grids/beef/beef_portion04_day3_rep1.png,processed data,16366,afd8e286a4ce006e13b38bfa7149ec2e8d90f98e6237a27ebe9c47e4785f162e,Processed 128 x 128 dye-grid image
processed_data/dye_grids/beef/beef_portion04_day3_rep2.png,processed data,16498,9e9946ef76e1bc847a4e3f08255b6f6ff174a69139cffab4ad67b86884a5ceb1,Processed 128 x 128 dye-grid image
processed_data/dye_grids/beef/beef_portion04_day3_rep3.png,processed data,16555,e4bcda8b81da52be3932b2e7943d1a311ca70fef0bdad49dae91a4ba362789a0,Processed 128 x 128 dye-grid image
processed_data/dye_grids/beef/beef_portion04_day4_rep1.png,processed data,16887,bfb66dcf0e53325de2bf4c154cb94eb86eb2f1f545b075467fc09cb48adc552d,Processed 128 x 128 dye-grid image
processed_data/dye_grids/beef/beef_portion04_day4_rep2.png,processed data,17553,46439f953cc889d52853cbf3827c98ee97b4644efc4ccb9b2af8de652cb799d8,Processed 128 x 128 dye-grid image
processed_data/dye_grids/beef/beef_portion04_day4_rep3.png,processed data,17463,dd1721c22eaf6cbc85f396678993e91d71e029f19279acd731e8f0cf327bd043,Processed 128 x 128 dye-grid image
processed_data/dye_grids/beef/beef_portion04_day5_rep1.png,processed data,16777,a1d22d30d20d24633f0715f2e29ebf2e2e162fba8f60f45008903a83188dae4e,Processed 128 x 128 dye-grid image
processed_data/dye_grids/beef/beef_portion04_day5_rep2.png,processed data,16792,c5be325ab16ea93a65c787bf8753cbfd41d17057b29bba891ffa07dba113a408,Processed 128 x 128 dye-grid image
processed_data/dye_grids/beef/beef_portion04_day5_rep3.png,processed data,16767,0ecc4cc5e8292d1ec583c78be0094626b5f69334ffebbe0bdb05ba5c2b3a0353,Processed 128 x 128 dye-grid image
processed_data/dye_grids/beef/beef_portion04_day6_rep1.png,processed data,13408,41fc6c9930c10df36c88b19e2348a8fbea8c4df7e66c086e4eef1cd53d0072ea,Processed 128 x 128 dye-grid image
processed_data/dye_grids/beef/beef_portion04_day6_rep2.png,processed data,12697,682f8c664f390a882e840df185afaa6d4d481bb5fc5a8e14a05cac7bb2bb1b8e,Processed 128 x 128 dye-grid image
processed_data/dye_grids/beef/beef_portion04_day6_rep3.png,processed data,12789,561f2eb80dc11f8f28ebfd1c4108b3a3deeaee044450bf3a1e11b21dfcf1de79,Processed 128 x 128 dye-grid image
processed_data/dye_grids/beef/beef_portion05_day0_rep1.png,processed data,14235,acd4c807ab7094eaea3dd1c91061d7bd5197076377fc02dbda349156b555bcc1,Processed 128 x 128 dye-grid image
processed_data/dye_grids/beef/beef_portion05_day0_rep2.png,processed data,15805,c6836e8758a15be2a8a7ac759bbe8857fe476fe598d0a1f6ca9192a7dcef3604,Processed 128 x 128 dye-grid image
processed_data/dye_grids/beef/beef_portion05_day0_rep3.png,processed data,15300,ec492d377c19570d60e72fdb6af8538715fd9b2168f96d09bf350af0f3d7d90b,Processed 128 x 128 dye-grid image
processed_data/dye_grids/beef/beef_portion05_day1_rep1.png,processed data,16162,515ac7388094c772b34a9db0f059ce7bb9ad0a540079a6fadbf26f2eaa92c99d,Processed 128 x 128 dye-grid image
processed_data/dye_grids/beef/beef_portion05_day1_rep2.png,processed data,15289,d7bbc9d07f4d1f7d0c66804c3bdb02d4238b869e07989e40c2a54171c98f0b6a,Processed 128 x 128 dye-grid image
processed_data/dye_grids/beef/beef_portion05_day1_rep3.png,processed data,15867,4f2a8339c7382363e5a347c973be8416ac83fa7567674d2a09b75b06ccb8d541,Processed 128 x 128 dye-grid image
processed_data/dye_grids/beef/beef_portion05_day2_rep1.png,processed data,17116,702a720dbce7c2ac82515a91bc79b5c8bd87bc1f2e4419f9beb06a7749f569e8,Processed 128 x 128 dye-grid image
processed_data/dye_grids/beef/beef_portion05_day2_rep2.png,processed data,17410,9c33c4fde324b39bf9e3a708720b395752140b28e9c798878cf00e7dae78f533,Processed 128 x 128 dye-grid image
processed_data/dye_grids/beef/beef_portion05_day2_rep3.png,processed data,18432,c747785084e04a1439485dfdfa423b675170cabca0890cc210cd0d1f4821baf5,Processed 128 x 128 dye-grid image
processed_data/dye_grids/beef/beef_portion05_day3_rep1.png,processed data,16810,55be020ca9b8e3bf256a4e4bfe88a0554742cd11c148eaf8889e5b3cd11a0645,Processed 128 x 128 dye-grid image
processed_data/dye_grids/beef/beef_portion05_day3_rep2.png,processed data,16776,a85ede7903a3f87ef20ff820f22645efd0f213589b37f6917e1b52c5a6cadbd5,Processed 128 x 128 dye-grid image
processed_data/dye_grids/beef/beef_portion05_day3_rep3.png,processed data,16278,1ab5f6dd4d1934839414765a8804ed58355db86027cc7787bfdcb72b3a0cb068,Processed 128 x 128 dye-grid image
processed_data/dye_grids/beef/beef_portion05_day4_rep1.png,processed data,15484,167b60f280cb39d6957c166fb7b0a8c81a10f9a9d8f2bfce38f73e1e5e1eb088,Processed 128 x 128 dye-grid image
processed_data/dye_grids/beef/beef_portion05_day4_rep2.png,processed data,14645,58227af270a66bb5bd95b0beab10d1e7f6ced45393467535c620b4243815589b,Processed 128 x 128 dye-grid image
processed_data/dye_grids/beef/beef_portion05_day4_rep3.png,processed data,14163,3bf0aefa03ff556d884b494ddd276192639405c4277660a1f21398094880c2d8,Processed 128 x 128 dye-grid image
processed_data/dye_grids/beef/beef_portion05_day5_rep1.png,processed data,15991,30e7afc1c61e8c9f3ac4d95394c477e3c2874cd84e78686855abd91c09b857cc,Processed 128 x 128 dye-grid image
processed_data/dye_grids/beef/beef_portion05_day5_rep2.png,processed data,15494,546ff0f514b0edde3eddaa11eccdc4bb98f5bbfd99d3bf9ea48eb6b33fe807dc,Processed 128 x 128 dye-grid image
processed_data/dye_grids/beef/beef_portion05_day5_rep3.png,processed data,16075,c98aa3d428a9e29eafc82eab9e35d9a6041cc3055c138e9cc512eb3f318d2f1f,Processed 128 x 128 dye-grid image
processed_data/dye_grids/beef/beef_portion05_day6_rep1.png,processed data,15763,43477df6c6c5caf1b9e9eb7a9c325530ed1b708fc3ad64dc1a79e81ecbbf963b,Processed 128 x 128 dye-grid image
processed_data/dye_grids/beef/beef_portion05_day6_rep2.png,processed data,15638,b9b34940d4429ae465db1bcf1bd3ac2896f10d4aaa9775a5df398281dd947370,Processed 128 x 128 dye-grid image
processed_data/dye_grids/beef/beef_portion05_day6_rep3.png,processed data,15463,e30eecc4decf5d6e541f555d99af3fe75fa30ae5653d553894b74d24d8462382,Processed 128 x 128 dye-grid image
processed_data/dye_grids/beef/beef_portion06_day0_rep1.png,processed data,15711,ea0d6fb28cd629d65a435f72326a1b5ef8c8c6afcf8ea3f2168d4113c13f932b,Processed 128 x 128 dye-grid image
processed_data/dye_grids/beef/beef_portion06_day0_rep2.png,processed data,15863,074f3d9096ea93a630f8d3eef413838f8f17bdfb0a5ae97ec3d7ab14e6073b3b,Processed 128 x 128 dye-grid image
processed_data/dye_grids/beef/beef_portion06_day0_rep3.png,processed data,16328,7635d745d924e651baefce36f1cdea1a1fa411b3137ebc367579d792b4178a4e,Processed 128 x 128 dye-grid image
processed_data/dye_grids/beef/beef_portion06_day1_rep1.png,processed data,15892,c5e5ab5b8a3d181438ceb65e623b55b0bc673089c33d65d8f02bdd9f7167f8a3,Processed 128 x 128 dye-grid image
processed_data/dye_grids/beef/beef_portion06_day1_rep2.png,processed data,15086,daec32eaec0ec7899a09c31d4f1480a45e3cb996772ea134236a43e3d611b50e,Processed 128 x 128 dye-grid image
processed_data/dye_grids/beef/beef_portion06_day1_rep3.png,processed data,14931,2a8ad65ab8f1d50a55dd566192bc74875b1690a5b3f3303d00eac3ec9fca6389,Processed 128 x 128 dye-grid image
processed_data/dye_grids/beef/beef_portion06_day2_rep1.png,processed data,16876,7b0ff5398abdc8e9a6a469ca8b7a757bdce73bb002bf919e2784916fb3504783,Processed 128 x 128 dye-grid image
processed_data/dye_grids/beef/beef_portion06_day2_rep2.png,processed data,15905,2b56cf864474e259e19ef4be2c017438f9a989783453920c3b6a47a36b6982ef,Processed 128 x 128 dye-grid image
processed_data/dye_grids/beef/beef_portion06_day2_rep3.png,processed data,17472,54a841171d1d296fa0ba4324fc4b161dcc28f9a929e384afbb06249d527025e3,Processed 128 x 128 dye-grid image
processed_data/dye_grids/beef/beef_portion06_day3_rep1.png,processed data,14897,5e9b17c74255252690485acc216102a91d5eb54da276220b287051717c25bcf3,Processed 128 x 128 dye-grid image
processed_data/dye_grids/beef/beef_portion06_day3_rep2.png,processed data,16142,56094b85090043d63cbb005091fbc388fcfeb03db5ee8994e2d7fe1bcb26256f,Processed 128 x 128 dye-grid image
processed_data/dye_grids/beef/beef_portion06_day3_rep3.png,processed data,13816,53dfc7d4ccb11a38540ce5249151bc469c702c49588130ca8ddc9e084505ea36,Processed 128 x 128 dye-grid image
processed_data/dye_grids/beef/beef_portion06_day4_rep1.png,processed data,16493,2204806efd2652db4b6658cd64138cc7c3b2832ef59991656dfb138eb3a388a0,Processed 128 x 128 dye-grid image
processed_data/dye_grids/beef/beef_portion06_day4_rep2.png,processed data,15804,0a148d506f4bbf9c59314c8a3b5022f942cf7a8f4f413ec30fb88844dd3073d3,Processed 128 x 128 dye-grid image
processed_data/dye_grids/beef/beef_portion06_day4_rep3.png,processed data,16171,acda0e2008f91b93144126fbf995e9454c0c5a6c498751efd186bc8c37874f24,Processed 128 x 128 dye-grid image
processed_data/dye_grids/beef/beef_portion06_day5_rep1.png,processed data,15011,34590043dfaf09195ae74a40da919f05e0ee21f973f6096ef2fb0f8abe0a663b,Processed 128 x 128 dye-grid image
processed_data/dye_grids/beef/beef_portion06_day5_rep2.png,processed data,15090,1a083a4a5b66ad5b7a0ee20abbad955b0a4d763938d5ae6ab73dc4b3b574e2f8,Processed 128 x 128 dye-grid image
processed_data/dye_grids/beef/beef_portion06_day5_rep3.png,processed data,15584,0480b87c5a02c795a7b5f15be54a2fcf17bd8465701674f867ddbe68e8d7d8b8,Processed 128 x 128 dye-grid image
processed_data/dye_grids/beef/beef_portion06_day6_rep1.png,processed data,13266,cc4aba1802ccdcecbe432d60f1126efff4f44a39a55a5f87b8e4441e1e5041e6,Processed 128 x 128 dye-grid image
processed_data/dye_grids/beef/beef_portion06_day6_rep2.png,processed data,13221,ce17a3e1e52ce188bef47b8f9d6081af711997e92b4153b3d09697bf7f7640d5,Processed 128 x 128 dye-grid image
processed_data/dye_grids/beef/beef_portion06_day6_rep3.png,processed data,13394,f7bb2a1a02c217dab9f6b079a57ffff70a652e211b2101610be0f1f995d23821,Processed 128 x 128 dye-grid image
processed_data/dye_grids/beef/beef_portion07_day0_rep1.png,processed data,16760,b4f5d9b30c114fdd1d99aaab8b97d62a013bc47d8dd0aefc3c51d6dd05309c0f,Processed 128 x 128 dye-grid image
processed_data/dye_grids/beef/beef_portion07_day0_rep2.png,processed data,15585,d290e343ad6749ce98833443d1f927db44c4a31055665312f49982f6fce7c894,Processed 128 x 128 dye-grid image
processed_data/dye_grids/beef/beef_portion07_day0_rep3.png,processed data,16313,c99b3480190a9bffd3e19703b2accb1cb4710c3bbbdd58882467546cf8442241,Processed 128 x 128 dye-grid image
processed_data/dye_grids/beef/beef_portion07_day1_rep1.png,processed data,15604,d5622487b94b19524f51336207fae7441dea47a999091f8c1b8a91bf6fab3faf,Processed 128 x 128 dye-grid image
processed_data/dye_grids/beef/beef_portion07_day1_rep2.png,processed data,15198,0b71bd8a92e23b6eb4b4fc185060430e898fcb08675ecc80f31ce2d5ef7dd69b,Processed 128 x 128 dye-grid image
processed_data/dye_grids/beef/beef_portion07_day1_rep3.png,processed data,15584,4f038e8966f26f5142b8b6fc6c232f704963c10576e4b1948ff3e754bdeceee6,Processed 128 x 128 dye-grid image
processed_data/dye_grids/beef/beef_portion07_day2_rep1.png,processed data,16709,94a7d2c09fb82ee72783f883007a0f8262fe1a0fe66a5acee46a7a7a96441686,Processed 128 x 128 dye-grid image
processed_data/dye_grids/beef/beef_portion07_day2_rep2.png,processed data,16397,132b0ffb11e898f2cbc0c357f0e5e2e31d2993d61bedc8649f887fc1f90b9ad7,Processed 128 x 128 dye-grid image
processed_data/dye_grids/beef/beef_portion07_day2_rep3.png,processed data,16131,2d2eff6974f3d7b02428631ce9c8ea40e79d3fe85a3bbac5aaaed0efa150d11d,Processed 128 x 128 dye-grid image
processed_data/dye_grids/beef/beef_portion07_day3_rep1.png,processed data,15293,323f5d6dc786226116d3cc73b5cbbf56bee64f8cd47c0e65f5837fe8050bc75c,Processed 128 x 128 dye-grid image
processed_data/dye_grids/beef/beef_portion07_day3_rep2.png,processed data,15642,689722c75cb3b45a26ff6fb703106cf8ed1ac9f76671bf6760d4dcb202dea0e4,Processed 128 x 128 dye-grid image
processed_data/dye_grids/beef/beef_portion07_day3_rep3.png,processed data,15438,c00cb9c8b6431e64691ccdf865283f107b53bddf31229cc4aaf0c67eac351913,Processed 128 x 128 dye-grid image
processed_data/dye_grids/beef/beef_portion07_day4_rep1.png,processed data,14681,215c3168eac758d290ed76991be22a85ab5db6ee357e4f03b23bbc3a58edf070,Processed 128 x 128 dye-grid image
processed_data/dye_grids/beef/beef_portion07_day4_rep2.png,processed data,14519,dc578ee39c19400121846e538d578f2cb9f3a1588967d59de767467fdf79ee19,Processed 128 x 128 dye-grid image
processed_data/dye_grids/beef/beef_portion07_day4_rep3.png,processed data,13735,d318480d07380404d45e21ac7aa679080de919478c495efa28191808d53477b4,Processed 128 x 128 dye-grid image
processed_data/dye_grids/beef/beef_portion07_day5_rep1.png,processed data,14592,e01dc1588dd7b8697f199a638b9ae234a7b2088114e6cbf885330d3a7ae2e15f,Processed 128 x 128 dye-grid image
processed_data/dye_grids/beef/beef_portion07_day5_rep2.png,processed data,14576,f55927b71d937534781b9dbe396793d09396cb7dc0802e5412718da5889c01ea,Processed 128 x 128 dye-grid image
processed_data/dye_grids/beef/beef_portion07_day5_rep3.png,processed data,13901,9a0e6d8bd9d6b52a7ba01c477a766166e28144d59100188a38e1b6eede472dbe,Processed 128 x 128 dye-grid image
processed_data/dye_grids/beef/beef_portion07_day6_rep1.png,processed data,14787,b46f1d9ed555f71df618e17b5c2259f4c478ced6e61ccbc27614210d987b3e0d,Processed 128 x 128 dye-grid image
processed_data/dye_grids/beef/beef_portion07_day6_rep2.png,processed data,13106,f371821dc91ede0721e38766c278bfe88b3a2d777616fc7d80d757c042929594,Processed 128 x 128 dye-grid image
processed_data/dye_grids/beef/beef_portion07_day6_rep3.png,processed data,13527,f119b0cd9d7147885bf0160136fcd04918bb65b8eb72e36b8cde4d1db6624c00,Processed 128 x 128 dye-grid image
processed_data/dye_grids/beef/beef_portion08_day0_rep1.png,processed data,16647,33ee29bc85e2a0e87a716984d41586fec650878180f48846131d5c51a4e71f2a,Processed 128 x 128 dye-grid image
processed_data/dye_grids/beef/beef_portion08_day0_rep2.png,processed data,16445,9a40d6254903e5885499832645f5c5c8e9ccfa78e3120311be5db83dc9d48f37,Processed 128 x 128 dye-grid image
processed_data/dye_grids/beef/beef_portion08_day0_rep3.png,processed data,16686,9bc6ef9c4006624cf101d1696c691eb2b16d8ada1f8d70206fa9b2d0379d6746,Processed 128 x 128 dye-grid image
processed_data/dye_grids/beef/beef_portion08_day1_rep1.png,processed data,16263,6a30150304fd0ed8ffedddbaf349d77c09036692cb436613316bf0a9e4ff550f,Processed 128 x 128 dye-grid image
processed_data/dye_grids/beef/beef_portion08_day1_rep2.png,processed data,15760,55f396373a7b55fdc635478cf66928da2c6c1beb12688c888a65419b24019ad8,Processed 128 x 128 dye-grid image
processed_data/dye_grids/beef/beef_portion08_day1_rep3.png,processed data,15320,a4d0bdad16742ffc0d9d605c8217b6540831225a023a434d362572402fa4fc44,Processed 128 x 128 dye-grid image
processed_data/dye_grids/beef/beef_portion08_day2_rep1.png,processed data,15354,970ece7256e714bcca1b8180b3770aba99cefbebc9d0119f0a46c53381a894da,Processed 128 x 128 dye-grid image
processed_data/dye_grids/beef/beef_portion08_day2_rep2.png,processed data,16221,169995bc4debcb841bbc2732b8fc10f75d50b28b1564039c5ccf153ac1183e6f,Processed 128 x 128 dye-grid image
processed_data/dye_grids/beef/beef_portion08_day2_rep3.png,processed data,16093,8167af8d908a53ce8edf403ae843955c8a5644ac735415360ac5014315a37867,Processed 128 x 128 dye-grid image
processed_data/dye_grids/beef/beef_portion08_day3_rep1.png,processed data,15124,78278ecc2b822bf74deff34f13cbf19cbb3afc22e6f4d529c8e0e10aa48d25a8,Processed 128 x 128 dye-grid image
processed_data/dye_grids/beef/beef_portion08_day3_rep2.png,processed data,14846,864ab34c157b8068306282e7b1778efbf11fed368756fa8e6af94d0a5ca65b63,Processed 128 x 128 dye-grid image
processed_data/dye_grids/beef/beef_portion08_day3_rep3.png,processed data,15411,fbf6dc24ddd261ea4d025b7bbb901265760f7c30dcd03e0c41cf933f6abae54d,Processed 128 x 128 dye-grid image
processed_data/dye_grids/beef/beef_portion08_day4_rep1.png,processed data,14844,c452b6b4f0a9290298c56ce65a2cac08d9ac10fac2c754f812e8f11bb52d7229,Processed 128 x 128 dye-grid image
processed_data/dye_grids/beef/beef_portion08_day4_rep2.png,processed data,14982,0382efe8dbabf4e8fe58354576ece7f07ef78af7cde02795c87b60e0f48ab722,Processed 128 x 128 dye-grid image
processed_data/dye_grids/beef/beef_portion08_day4_rep3.png,processed data,13071,a9acef73b75820c9d1bdff9a27642a6a6c21cea4119c3beca23d16ebf6c5803b,Processed 128 x 128 dye-grid image
processed_data/dye_grids/beef/beef_portion08_day5_rep1.png,processed data,15235,986fc04fd4760f48e16a99eca005f8c131d7978f963e8173e4438157e889c953,Processed 128 x 128 dye-grid image
processed_data/dye_grids/beef/beef_portion08_day5_rep2.png,processed data,15933,21e1f38d76ac297610abb83c633c1baf2e092cf8231408d43e968f4c09a10a70,Processed 128 x 128 dye-grid image
processed_data/dye_grids/beef/beef_portion08_day5_rep3.png,processed data,15688,11d64995d45586730269447cacda5cf63468ee05b3a8b09e56b51afffc333de5,Processed 128 x 128 dye-grid image
processed_data/dye_grids/beef/beef_portion08_day6_rep1.png,processed data,15389,1e93b3b30e8d2c379c75c9316683655e57d0a275afedb4e8d755276d43ce3979,Processed 128 x 128 dye-grid image
processed_data/dye_grids/beef/beef_portion08_day6_rep2.png,processed data,15114,42cdffe2052b814b1bf55034da21b01b2b4d39d41a4dff6492802840d095ad0b,Processed 128 x 128 dye-grid image
processed_data/dye_grids/beef/beef_portion08_day6_rep3.png,processed data,15333,a6ab0490b7bebd92ab266f5674d9b6e0839ae27a98b2b135a1b414eb2012f196,Processed 128 x 128 dye-grid image
processed_data/dye_grids/beef/beef_portion09_day0_rep1.png,processed data,16918,52460af7dd0257d70d08fe1fd55f7d219cfaedb28d89cedc43a859a6281baba8,Processed 128 x 128 dye-grid image
processed_data/dye_grids/beef/beef_portion09_day0_rep2.png,processed data,17034,685d41592e3f1c59aa5282d4948618c19d8db07bb6e77ec57abb8c4a8f46448d,Processed 128 x 128 dye-grid image
processed_data/dye_grids/beef/beef_portion09_day0_rep3.png,processed data,17315,081e964008ec04e312908477f72762fe09559d9596ec2439a3357f21d6aaf8b3,Processed 128 x 128 dye-grid image
processed_data/dye_grids/beef/beef_portion09_day1_rep1.png,processed data,16179,bab53970f3e25a6afb7352df1d91fe212b3d73da40def418037d1e116cf1b74b,Processed 128 x 128 dye-grid image
processed_data/dye_grids/beef/beef_portion09_day1_rep2.png,processed data,16154,5a288e25385cb968fabd66e460e3883ac1d79c44dec84cb38eedb91eaa82bd74,Processed 128 x 128 dye-grid image
processed_data/dye_grids/beef/beef_portion09_day1_rep3.png,processed data,16362,a36d851ee43eeadcf4d8d72e2a76052712c7feceaf6f547482dd319fb79321bc,Processed 128 x 128 dye-grid image
processed_data/dye_grids/beef/beef_portion09_day2_rep1.png,processed data,15996,959f828331aa10b76e1532fd749ffa949ab47ec529928ff441376e194474483e,Processed 128 x 128 dye-grid image
processed_data/dye_grids/beef/beef_portion09_day2_rep2.png,processed data,15429,fd88e1349b5d8931009e9c3bb5f20a40fe8809a39fef9868b5ed86867a3e2ec9,Processed 128 x 128 dye-grid image
processed_data/dye_grids/beef/beef_portion09_day2_rep3.png,processed data,16650,ebfa7a74b32251a2264761cb2603db92f394965dce84595fc8f8b766aeea940b,Processed 128 x 128 dye-grid image
processed_data/dye_grids/beef/beef_portion09_day3_rep1.png,processed data,17342,b40697f98b08c9e92d8370fcd0aa68505af5acecb5f5fd10ffc3d1f01b6e897f,Processed 128 x 128 dye-grid image
processed_data/dye_grids/beef/beef_portion09_day3_rep2.png,processed data,17928,b1418f30f09ed7916639dd0563c2bec93ff615535b8b8abdabe8e20343f3856a,Processed 128 x 128 dye-grid image
processed_data/dye_grids/beef/beef_portion09_day3_rep3.png,processed data,16829,b56cef8a8edf20a0baec6745b906a9ff881caf94deefb6301f2ac1b2ab1239e9,Processed 128 x 128 dye-grid image
processed_data/dye_grids/beef/beef_portion09_day4_rep1.png,processed data,15795,9f158d208feee6d717152c9ec15ad665c28e61011d9df18b048a7c0b04a7edb0,Processed 128 x 128 dye-grid image
processed_data/dye_grids/beef/beef_portion09_day4_rep2.png,processed data,16487,98fee9de81e486a2560b820f36ea4aace366b7f5d72cd4194f0b835a75027c31,Processed 128 x 128 dye-grid image
processed_data/dye_grids/beef/beef_portion09_day4_rep3.png,processed data,16462,b4fe756f731e827799258d13b697fb7bb2b06eb0ac95d6a49ffd67fd86c05741,Processed 128 x 128 dye-grid image
processed_data/dye_grids/beef/beef_portion09_day5_rep1.png,processed data,15647,06effc6c0ebe4d239acba990028d5e4cd73543d8ec4e47b446013812ea6871c2,Processed 128 x 128 dye-grid image
processed_data/dye_grids/beef/beef_portion09_day5_rep2.png,processed data,15335,1d01488a2c591014427c5036e85d0fd731aa441d2b3a63fff0b836b5485248e3,Processed 128 x 128 dye-grid image
processed_data/dye_grids/beef/beef_portion09_day5_rep3.png,processed data,15484,a07ed4d6316154b3095b758df4d4e2a29560dea0017b829743f1d6acd827a48f,Processed 128 x 128 dye-grid image
processed_data/dye_grids/beef/beef_portion09_day6_rep1.png,processed data,13119,4c88cfaec251ee7a0a051e8826bd3d127708a6335d0d5c2b01ab7466337030f0,Processed 128 x 128 dye-grid image
processed_data/dye_grids/beef/beef_portion09_day6_rep2.png,processed data,14749,800e12e02b7baf867165af07b6648d605a3a334bbb5720e6c35a44d987663b5f,Processed 128 x 128 dye-grid image
processed_data/dye_grids/beef/beef_portion09_day6_rep3.png,processed data,13974,9fdbe4e08b3fb4b22b3fda3b7980bd28de7960ee8cc24459a87aa2811c82ded1,Processed 128 x 128 dye-grid image
processed_data/dye_grids/beef/beef_portion10_day0_rep1.png,processed data,16266,1a07f3fb689aecdf142d0ac9dfd7057c8e01b974c5079e09a7a2f2d7c442b6bd,Processed 128 x 128 dye-grid image
processed_data/dye_grids/beef/beef_portion10_day0_rep2.png,processed data,15658,2ad7f7a27b05e2b16389c924bb4c381b066d86662e4622ec7eb0dd1c8f2705ca,Processed 128 x 128 dye-grid image
processed_data/dye_grids/beef/beef_portion10_day0_rep3.png,processed data,15624,07ae3adbb647269ae4933e85cccc1d48bb5ac442afaf9d7226268a8a850f923b,Processed 128 x 128 dye-grid image
processed_data/dye_grids/beef/beef_portion10_day1_rep1.png,processed data,16162,77aac3662545b05b30031e5a34409771434d14408f179f3504f66a15ff4b8ebc,Processed 128 x 128 dye-grid image
processed_data/dye_grids/beef/beef_portion10_day1_rep2.png,processed data,16424,10ca9fb75514b110f7cbeec333b75b35623641ff66c0f5381ba3bcb4a097ed6e,Processed 128 x 128 dye-grid image
processed_data/dye_grids/beef/beef_portion10_day1_rep3.png,processed data,16797,0541e38848197afeeddf9034191448cc314955a5428fbe7e9967bef204d0006d,Processed 128 x 128 dye-grid image
processed_data/dye_grids/beef/beef_portion10_day2_rep1.png,processed data,16714,96420656551320da71613a00c796f1bd8b5ad968d9c7762e68c3da7a2362a52e,Processed 128 x 128 dye-grid image
processed_data/dye_grids/beef/beef_portion10_day2_rep2.png,processed data,17288,ad9a423cbeaecdc9bec06b2cdca665ceaa19efe9e6b2b2726aaf9bb1dc968b9c,Processed 128 x 128 dye-grid image
processed_data/dye_grids/beef/beef_portion10_day2_rep3.png,processed data,15931,d658273522f119937d46511cd2f36c4a6e0936d18fc14bb317ec66b8cfb63c9c,Processed 128 x 128 dye-grid image
processed_data/dye_grids/beef/beef_portion10_day3_rep1.png,processed data,16559,d6f334fcaac8ff41d86e36a831315d001e87a57228733dd380fd4a3f032483b8,Processed 128 x 128 dye-grid image
processed_data/dye_grids/beef/beef_portion10_day3_rep2.png,processed data,16772,91c2b60c5680a581fd5d44c3e161c1d165caa8315c86b3abdc3ed5406407e870,Processed 128 x 128 dye-grid image
processed_data/dye_grids/beef/beef_portion10_day3_rep3.png,processed data,17234,e0c2074fa7a465bdcf155a245ba2b56b11c55d8bf6c5f7b042065dda7f220f09,Processed 128 x 128 dye-grid image
processed_data/dye_grids/beef/beef_portion10_day4_rep1.png,processed data,15639,0dbd50030a1ff7f76136c3244a79bbd2fa7decd943dee10fabaa4b3dd6dd01b7,Processed 128 x 128 dye-grid image
processed_data/dye_grids/beef/beef_portion10_day4_rep2.png,processed data,17061,44541e2a6cff4cda4c16e6321d5939f3f9c47f0bd552e7b357bf86f338321fbb,Processed 128 x 128 dye-grid image
processed_data/dye_grids/beef/beef_portion10_day4_rep3.png,processed data,16264,d5377684502ee0207ed44c409c792dd88912373b4fa3d47a5480471caa8a9750,Processed 128 x 128 dye-grid image
processed_data/dye_grids/beef/beef_portion10_day5_rep1.png,processed data,15977,de4333ef8242b769d145bac745b9e8195a4cc8fc1d683d0e4eecf24f0dcbadb1,Processed 128 x 128 dye-grid image
processed_data/dye_grids/beef/beef_portion10_day5_rep2.png,processed data,16328,7c3ef40f5e710c71b8429d77f4177bf11781dc628fc73eb9624f354e324dec2a,Processed 128 x 128 dye-grid image
processed_data/dye_grids/beef/beef_portion10_day5_rep3.png,processed data,16194,0b3ca3a8b426dcc550b1a3b1edb531c05391472fcf08a73fb7ffb4db4b53b1cf,Processed 128 x 128 dye-grid image
processed_data/dye_grids/beef/beef_portion10_day6_rep1.png,processed data,14999,5b1c7961ec96e73003223e0c7c7097b3f564f1c2c44431fdd24f18f1ecae030e,Processed 128 x 128 dye-grid image
processed_data/dye_grids/beef/beef_portion10_day6_rep2.png,processed data,15129,9994e359d0045f09fb0f263c329158cb9b4b89dd655a8b721ffe38c4c721add5,Processed 128 x 128 dye-grid image
processed_data/dye_grids/beef/beef_portion10_day6_rep3.png,processed data,14598,e099b2288adf23530b0ef14e42aa9f448826131e7e950e1782498d8a073cdf79,Processed 128 x 128 dye-grid image
processed_data/dye_grids/beef/beef_portion11_day0_rep1.png,processed data,17115,1d410e34eff31dd382f0109d33700ac717cd7a472973e78f57e88e480011ecdd,Processed 128 x 128 dye-grid image
processed_data/dye_grids/beef/beef_portion11_day0_rep2.png,processed data,16881,896fb31827b9832954366b295fad9409607d110e08a0e4ac3af0bceba41e4309,Processed 128 x 128 dye-grid image
processed_data/dye_grids/beef/beef_portion11_day0_rep3.png,processed data,16969,98247808caa34e17c89e7bc201fa6c999c2573a5c9f562ceb77fb49e3ea4d6a3,Processed 128 x 128 dye-grid image
processed_data/dye_grids/beef/beef_portion11_day1_rep1.png,processed data,16939,e0641a7ac90b3a3347a853bb0cb6705936d7d252e8b41d2f38a83fb0b77e8ad7,Processed 128 x 128 dye-grid image
processed_data/dye_grids/beef/beef_portion11_day1_rep2.png,processed data,16054,eea745d637a0aa96fcbbadebeb662e16a1c3f61727c375acf3a8e7f102c0c496,Processed 128 x 128 dye-grid image
processed_data/dye_grids/beef/beef_portion11_day1_rep3.png,processed data,15517,e08dc251d44dcff803f7e72e49510a437d03ed1426d9a925eb38a082769a8419,Processed 128 x 128 dye-grid image
processed_data/dye_grids/beef/beef_portion11_day2_rep1.png,processed data,16535,ffef6db78b3aedf708f425164eeaa0b56fd1121cc346394f914136ab6d0ef8bf,Processed 128 x 128 dye-grid image
processed_data/dye_grids/beef/beef_portion11_day2_rep2.png,processed data,16195,df3047c95cf0840604836439b3e5b8b0d38fd740e367cdf70797a80ffeb73931,Processed 128 x 128 dye-grid image
processed_data/dye_grids/beef/beef_portion11_day2_rep3.png,processed data,17021,85d3f37cab597d816f762fe4244dec384b679c26c3251d6d6ca8e234b638020b,Processed 128 x 128 dye-grid image
processed_data/dye_grids/beef/beef_portion11_day3_rep1.png,processed data,16935,3f833f0033cd3a004a3597d532f7c638371c748ba49c1adb5d69e7190a7d15bc,Processed 128 x 128 dye-grid image
processed_data/dye_grids/beef/beef_portion11_day3_rep2.png,processed data,16527,e71af6765aa921230e292abd2883dd055dd9408d8460283c1ae88f0934a4a976,Processed 128 x 128 dye-grid image
processed_data/dye_grids/beef/beef_portion11_day3_rep3.png,processed data,16328,f1ccc65349dd8aa490df34010c40f629bad3ad5168989faef288a2117cbc1633,Processed 128 x 128 dye-grid image
processed_data/dye_grids/beef/beef_portion11_day4_rep1.png,processed data,15151,ec6818d9bd729a4780dade1ea734791178bf81d003ef4cabad9ea55e7d98a5eb,Processed 128 x 128 dye-grid image
processed_data/dye_grids/beef/beef_portion11_day4_rep2.png,processed data,15073,1410d8a208cd0e39028ce25a9b38ebd39d63f3e08a9e6e17c26e5dd43ba453ee,Processed 128 x 128 dye-grid image
processed_data/dye_grids/beef/beef_portion11_day4_rep3.png,processed data,16162,b9803e89c25edd580d950085b612330b5f3ddde0fc21652221ca73e240e4dc1a,Processed 128 x 128 dye-grid image
processed_data/dye_grids/beef/beef_portion11_day5_rep1.png,processed data,15499,e45ff9bd7f2f6ec0e20bfbeb0bde967169c9d796381c9dfcfbf63966443ab5f8,Processed 128 x 128 dye-grid image
processed_data/dye_grids/beef/beef_portion11_day5_rep2.png,processed data,15762,316a59fbd31a47c609f32d48e2886d5a0bec88f8d871f25bdb907ecebad28b0d,Processed 128 x 128 dye-grid image
processed_data/dye_grids/beef/beef_portion11_day5_rep3.png,processed data,15855,7335b0e927c5304804a335755edd2c33672f6ec9f010f16cac0db8ddae36ea4e,Processed 128 x 128 dye-grid image
processed_data/dye_grids/beef/beef_portion11_day6_rep1.png,processed data,14918,8b59f0ec668934262f3de0d971e7efa3de320df29487653daa0d16566fde577f,Processed 128 x 128 dye-grid image
processed_data/dye_grids/beef/beef_portion11_day6_rep2.png,processed data,14670,c989938f2c73c26b394a1a4475e3bb259975e1f230945dde8a085c73622ebdc9,Processed 128 x 128 dye-grid image
processed_data/dye_grids/beef/beef_portion11_day6_rep3.png,processed data,15056,1bc5f7e5d104444b97205d573d9946d946054abe6083f9f7a000f4e47b10240e,Processed 128 x 128 dye-grid image
processed_data/dye_grids/beef/beef_portion12_day0_rep1.png,processed data,16169,2459a3c8fd63806aac35b89875f7a8a4f7909433bebadf19b9c3849f45b3a522,Processed 128 x 128 dye-grid image
processed_data/dye_grids/beef/beef_portion12_day0_rep2.png,processed data,16669,376c5de74ef1ef028c3905f187c3293f36fe952242e5a9cb052abc6e17b00d58,Processed 128 x 128 dye-grid image
processed_data/dye_grids/beef/beef_portion12_day0_rep3.png,processed data,16485,73909f10a5c9970054be61a2539c6dc86d12b8222f4ba89740ca7ce410ad9b70,Processed 128 x 128 dye-grid image
processed_data/dye_grids/beef/beef_portion12_day1_rep1.png,processed data,16712,ec9d6ebfd35fc546530bf1df0ae0a2449f09af57035c38500cf21a445945cf25,Processed 128 x 128 dye-grid image
processed_data/dye_grids/beef/beef_portion12_day1_rep2.png,processed data,16271,9d83c6c0ab53ef341e1875c77241776fbfb5ab428c0ff9ccdee3482dc197abde,Processed 128 x 128 dye-grid image
processed_data/dye_grids/beef/beef_portion12_day1_rep3.png,processed data,16128,197a338cf0fce19d7d1eb54233da39309aa2ded5cccafdf4ae6801b3dc337579,Processed 128 x 128 dye-grid image
processed_data/dye_grids/beef/beef_portion12_day2_rep1.png,processed data,15885,f1fc2a3664502a05ab2cdb1d3787b70964d4bba3ec2ea4f25b1a9421119cadaa,Processed 128 x 128 dye-grid image
processed_data/dye_grids/beef/beef_portion12_day2_rep2.png,processed data,16946,dfb4425805e829897f4a686c770fdb22c4c1f5d1ae1a12e4f3086a941aca17a4,Processed 128 x 128 dye-grid image
processed_data/dye_grids/beef/beef_portion12_day2_rep3.png,processed data,16102,b02074f5ae57e549b270f11029ac7c43da26531ae2592701038bb6933b3c08cf,Processed 128 x 128 dye-grid image
processed_data/dye_grids/beef/beef_portion12_day3_rep1.png,processed data,16995,6ad5a14376aa1f989640b161a736bef25b33b7b93a1c38a64e7072b773ba0fff,Processed 128 x 128 dye-grid image
processed_data/dye_grids/beef/beef_portion12_day3_rep2.png,processed data,17875,2f99a632adbd1710e4d158ab0bab8efdf49094ef0f28ced94fe08134181d823b,Processed 128 x 128 dye-grid image
processed_data/dye_grids/beef/beef_portion12_day3_rep3.png,processed data,17013,1a9a1832e66523648355d0f246ad3bfa621a85cea8007f01971e2612bb278836,Processed 128 x 128 dye-grid image
processed_data/dye_grids/beef/beef_portion12_day4_rep1.png,processed data,16003,bc6e6d8dc8d0f2b9fb1e698fbf3382f0843501d3e4536a9c160c8ac20b510695,Processed 128 x 128 dye-grid image
processed_data/dye_grids/beef/beef_portion12_day4_rep2.png,processed data,15042,4ae1373e118d06f36ae58a1dc429c5f29bb3dcea0f5be55e3cbbf3270ffd6109,Processed 128 x 128 dye-grid image
processed_data/dye_grids/beef/beef_portion12_day4_rep3.png,processed data,16310,e76c6eb5b5887c1726aa71f3cfb10de885607e8e7b40220e436fddebe9ddc59c,Processed 128 x 128 dye-grid image
processed_data/dye_grids/beef/beef_portion12_day5_rep1.png,processed data,14529,866f5ad6b4ea8d398875ea305d3bb8c8fe87a5db73a85e43d872f4e4a928fea8,Processed 128 x 128 dye-grid image
processed_data/dye_grids/beef/beef_portion12_day5_rep2.png,processed data,13812,70b260bf47bb6b2d4086a9a3f7238fe94c739bc9325211a7d4b051a13b7d20ba,Processed 128 x 128 dye-grid image
processed_data/dye_grids/beef/beef_portion12_day5_rep3.png,processed data,13945,546fd4e09e6db5533f4b380018394d9c05e5482b6f205af110fd60ab08c0af90,Processed 128 x 128 dye-grid image
processed_data/dye_grids/beef/beef_portion12_day6_rep1.png,processed data,13159,bb837f6f7b374ba5ac1afd9acbbff05c519e9e1aeb3b979c876734219826cdaa,Processed 128 x 128 dye-grid image
processed_data/dye_grids/beef/beef_portion12_day6_rep2.png,processed data,13699,38d4e2920f09234dc683f811a3d5f1a2f756537ed99d9dbb4b6308e8316454fd,Processed 128 x 128 dye-grid image
processed_data/dye_grids/beef/beef_portion12_day6_rep3.png,processed data,13770,e8ecbd8f8e5146dbeabf811d1aeb5195f008daaf6bb2268db19b1442ae9686b7,Processed 128 x 128 dye-grid image
processed_data/dye_grids/beef/beef_portion13_day0_rep1.png,processed data,17446,3aee366b48839b94ae9451dbf11bf8a54eea6c22e7cddf13009c96b44011ffa6,Processed 128 x 128 dye-grid image
processed_data/dye_grids/beef/beef_portion13_day0_rep2.png,processed data,16919,f6bf1995f56f804705015fdb11e5eeae37606d5e3effd5bb531ce634a462f86d,Processed 128 x 128 dye-grid image
processed_data/dye_grids/beef/beef_portion13_day0_rep3.png,processed data,16421,8403bb3914c31db116cc37eccad18ce34906da7f321c9e2990c8d08788f6a9a4,Processed 128 x 128 dye-grid image
processed_data/dye_grids/beef/beef_portion13_day1_rep1.png,processed data,16275,2708d175c60411707121a1eda9ddb4de8ec8316fb2c7c202fbe188b2b66263f7,Processed 128 x 128 dye-grid image
processed_data/dye_grids/beef/beef_portion13_day1_rep2.png,processed data,16573,2c5b6874d059881d5ae85028e5ccbb6a2fbc85ef8af10f14d897a04f3d37d09d,Processed 128 x 128 dye-grid image
processed_data/dye_grids/beef/beef_portion13_day1_rep3.png,processed data,16593,76956d3a88880c4ddc0555838db953ea9300034d1eb2375a668bf17041b36444,Processed 128 x 128 dye-grid image
processed_data/dye_grids/beef/beef_portion13_day2_rep1.png,processed data,15618,42ddec8f3f2861bb1ee1722a9f98a1e2e9829e0322d36a3374485efba64c1576,Processed 128 x 128 dye-grid image
processed_data/dye_grids/beef/beef_portion13_day2_rep2.png,processed data,16770,5316d904a989387ff2031e7da545b9f64229509dec64718b224c6f3fe909547f,Processed 128 x 128 dye-grid image
processed_data/dye_grids/beef/beef_portion13_day2_rep3.png,processed data,15971,c6c45985f85a542d44b2c39c527d4dbba8389ff783f665c1537765d90c3ec111,Processed 128 x 128 dye-grid image
processed_data/dye_grids/beef/beef_portion13_day3_rep1.png,processed data,16084,7efc0821720f27ee5756e1d79933a1b49156792d3774f7ee37d1e545e41ec0eb,Processed 128 x 128 dye-grid image
processed_data/dye_grids/beef/beef_portion13_day3_rep2.png,processed data,17162,6986cfa07ced8138a723c415741d44b99606e82fe07091ab96de12c85880c654,Processed 128 x 128 dye-grid image
processed_data/dye_grids/beef/beef_portion13_day3_rep3.png,processed data,15520,1d742d4fbfdce87a1da2391c57327ef42e1942ac691bf578d08830b1ed31bc9f,Processed 128 x 128 dye-grid image
processed_data/dye_grids/beef/beef_portion13_day4_rep1.png,processed data,14273,2e483924467934a613de52cf09544e98cc1a007a34deb022acc116861cade134,Processed 128 x 128 dye-grid image
processed_data/dye_grids/beef/beef_portion13_day4_rep2.png,processed data,14279,f96b80761369d4ce198b215e45312f197406693066c3eb6e449e58c047e39aae,Processed 128 x 128 dye-grid image
processed_data/dye_grids/beef/beef_portion13_day4_rep3.png,processed data,14725,df3c8f255cf8d04947e57926481f057d3a9e3fe6c464cee36afb125e8271666e,Processed 128 x 128 dye-grid image
processed_data/dye_grids/beef/beef_portion13_day5_rep1.png,processed data,14051,1af7ad7663aad4e067a94d3a9a1b7161e00bdec892612b3c975b30e8f2e8a6c3,Processed 128 x 128 dye-grid image
processed_data/dye_grids/beef/beef_portion13_day5_rep2.png,processed data,14799,0a453523c8b6f6b59a11aad3bca2c673cdbede17a65266557b3504c4e9cf6813,Processed 128 x 128 dye-grid image
processed_data/dye_grids/beef/beef_portion13_day5_rep3.png,processed data,14738,07537187bee86295834f1c2e9784f6f37fe56d7269260dbd4ece7ddae1e0218a,Processed 128 x 128 dye-grid image
processed_data/dye_grids/beef/beef_portion13_day6_rep1.png,processed data,13416,9eb674847116de09965e499a1a7938047f0103e654a958fbc348c344d2e93677,Processed 128 x 128 dye-grid image
processed_data/dye_grids/beef/beef_portion13_day6_rep2.png,processed data,13371,7a470a66fac66d54972f8caa08307497a872c290e3e35ee8cf9c7f5cddc73047,Processed 128 x 128 dye-grid image
processed_data/dye_grids/beef/beef_portion13_day6_rep3.png,processed data,13161,2456ed1e60500cdaaeba4fc5270472f0fd721d12165c0e7641a0617a8155c921,Processed 128 x 128 dye-grid image
processed_data/dye_grids/beef/beef_portion14_day0_rep1.png,processed data,16842,bfb0942e66533a3229f20bc366787cbabde11cd61c1fb2c735a727684bf82a73,Processed 128 x 128 dye-grid image
processed_data/dye_grids/beef/beef_portion14_day0_rep2.png,processed data,16525,b1a0f86a761c655be70e40466ecdcaa3950f6007db764fac4f0689063c1d240e,Processed 128 x 128 dye-grid image
processed_data/dye_grids/beef/beef_portion14_day0_rep3.png,processed data,16288,a317e2d2c195fe492f0adcfc2eca9485c094d30c4721feb2cedca98584d52886,Processed 128 x 128 dye-grid image
processed_data/dye_grids/beef/beef_portion14_day1_rep1.png,processed data,16100,f4347492381b7963b374f90cb9541fad6d2f450031b5a96f970b67cf12837523,Processed 128 x 128 dye-grid image
processed_data/dye_grids/beef/beef_portion14_day1_rep2.png,processed data,16106,ca416dea10ab89298cbb73278fb2b6643778f3c1c2dd5dfdd37e98374b09a84f,Processed 128 x 128 dye-grid image
processed_data/dye_grids/beef/beef_portion14_day1_rep3.png,processed data,15992,24664387c02f0fa017a24f0ebec1884d702dd40dec3eaa36f54f383144b9c529,Processed 128 x 128 dye-grid image
processed_data/dye_grids/beef/beef_portion14_day2_rep1.png,processed data,16669,a264597b6fb9e08becda0dcc85cce4110ff64d09f3b08c283661d95071c6719a,Processed 128 x 128 dye-grid image
processed_data/dye_grids/beef/beef_portion14_day2_rep2.png,processed data,16516,d811ca0d66c91426c37c7920e14bd52381f33ed3a42612a218a8c2f10ceffe29,Processed 128 x 128 dye-grid image
processed_data/dye_grids/beef/beef_portion14_day2_rep3.png,processed data,16260,92d24d5b077fc905110da4547c470415d34d1aa52f1882ae872ef6476152f257,Processed 128 x 128 dye-grid image
processed_data/dye_grids/beef/beef_portion14_day3_rep1.png,processed data,15172,6b30f096529722d978cc0f322086643a8845433194231cacbd8e01dd48d7af92,Processed 128 x 128 dye-grid image
processed_data/dye_grids/beef/beef_portion14_day3_rep2.png,processed data,14583,85e808a0849663a5e53c4774698b339cec94a07f0ea412fe2adc3cfee8501f7a,Processed 128 x 128 dye-grid image
processed_data/dye_grids/beef/beef_portion14_day3_rep3.png,processed data,14537,50c5b664bcd146058b1a75e3d1eaa519183ac15e894695b1ca101bbf48c88353,Processed 128 x 128 dye-grid image
processed_data/dye_grids/beef/beef_portion14_day4_rep1.png,processed data,14817,178329dc628a291648ae773fdd0b32e51c43a63b2c5596c9d5df619ae1af8342,Processed 128 x 128 dye-grid image
processed_data/dye_grids/beef/beef_portion14_day4_rep2.png,processed data,14682,f8045e7b06c759c08bf8b69d648961109d2e1ddfa42fbaa5b0c483f601f96ca5,Processed 128 x 128 dye-grid image
processed_data/dye_grids/beef/beef_portion14_day4_rep3.png,processed data,15540,3d2d28da8d6b79bf576a4aa7df291679155c0ab44515f71cce50e8af18b2f74f,Processed 128 x 128 dye-grid image
processed_data/dye_grids/beef/beef_portion14_day5_rep1.png,processed data,14435,e8ae2c067f8bc4d424cd13fcbd2d93e7e7a081156a4154af926e9b2c52708549,Processed 128 x 128 dye-grid image
processed_data/dye_grids/beef/beef_portion14_day5_rep2.png,processed data,13809,bcafa75d905871ff34f89b2fe18b782208ee152e2afe4231bd4146a012659de6,Processed 128 x 128 dye-grid image
processed_data/dye_grids/beef/beef_portion14_day5_rep3.png,processed data,13781,5b4aabc2e5a8a48633619fcd291cde08435df19d183241d4da4bcc502ffdbfbe,Processed 128 x 128 dye-grid image
processed_data/dye_grids/beef/beef_portion14_day6_rep1.png,processed data,13360,0ee1b289aa6f7f761a4f3e34af2aaf71a360ea401345be9cf080f4cfbb61d990,Processed 128 x 128 dye-grid image
processed_data/dye_grids/beef/beef_portion14_day6_rep2.png,processed data,13635,fd135697466a3e31576b4d3eca16e6d5843743f737f74b0ed404e8e900f15baa,Processed 128 x 128 dye-grid image
processed_data/dye_grids/beef/beef_portion14_day6_rep3.png,processed data,13225,6fca1e5305cb442e6f55a2a30e0afcc50e16e13600f8a6a1a22d6fa50c94495f,Processed 128 x 128 dye-grid image
processed_data/dye_grids/beef/beef_portion15_day0_rep1.png,processed data,15963,ddee2ed25f7cecffcd5cd394ee1b8753bb0e9a8b5106017175a3e723d227e890,Processed 128 x 128 dye-grid image
processed_data/dye_grids/beef/beef_portion15_day0_rep2.png,processed data,16052,4dabe35eeb7a253fef087149349bc5a238679e808a4053c2896ca246a7fe1159,Processed 128 x 128 dye-grid image
processed_data/dye_grids/beef/beef_portion15_day0_rep3.png,processed data,15504,4f394ca4b05c6dd3f53755861ac973b054d17b5003175e0511a79d4566f9ca4f,Processed 128 x 128 dye-grid image
processed_data/dye_grids/beef/beef_portion15_day1_rep1.png,processed data,17426,b1c238ca5f926ac69024d0bccd12d1b0ef3040037edae4e2036c3fe0bfc2f9b1,Processed 128 x 128 dye-grid image
processed_data/dye_grids/beef/beef_portion15_day1_rep2.png,processed data,16502,ce6981329816df09844d90703fb21c4a98c651ce0922c6afe36440d370098935,Processed 128 x 128 dye-grid image
processed_data/dye_grids/beef/beef_portion15_day1_rep3.png,processed data,15271,31e5b9a8883c714e142bb9a57d4c5713c4c101e59e51a307f18fbc75377f661a,Processed 128 x 128 dye-grid image
processed_data/dye_grids/beef/beef_portion15_day2_rep1.png,processed data,15800,4db9db4c69ce6c9f5d3184b554d01bc72fd35c21569283b830bb32bfee76be07,Processed 128 x 128 dye-grid image
processed_data/dye_grids/beef/beef_portion15_day2_rep2.png,processed data,17055,c01448e6fdb1977445ed33a312e5af6b57f4f4fcfd12c2cc9f565051dfb77673,Processed 128 x 128 dye-grid image
processed_data/dye_grids/beef/beef_portion15_day2_rep3.png,processed data,16837,718927c52885a047c492486b7ad39bcbcee80a5f29ffe833b41d962695edd252,Processed 128 x 128 dye-grid image
processed_data/dye_grids/beef/beef_portion15_day3_rep1.png,processed data,16274,3702fedb2c5390e4dc0d8a1080cbdef2703882eb043b0adcfa73a2042a8e9151,Processed 128 x 128 dye-grid image
processed_data/dye_grids/beef/beef_portion15_day3_rep2.png,processed data,15995,7a441be0db4c8ee56f089e3bef225ef758d6fa8c18926ca6e85eae3d6d2f4277,Processed 128 x 128 dye-grid image
processed_data/dye_grids/beef/beef_portion15_day3_rep3.png,processed data,16852,d94b252c30f0f31c469936995447fa745cb55715e0c9f6f45436e62358188418,Processed 128 x 128 dye-grid image
processed_data/dye_grids/beef/beef_portion15_day4_rep1.png,processed data,15184,4608a860a437a09db4803accb1edd1c42ead97e84c3aa4f464beab24c6509d86,Processed 128 x 128 dye-grid image
processed_data/dye_grids/beef/beef_portion15_day4_rep2.png,processed data,16037,8b7a0892657b497ead480d67a75b8c7e111cd422bcb0e5ed8756b5ef5c31ef35,Processed 128 x 128 dye-grid image
processed_data/dye_grids/beef/beef_portion15_day4_rep3.png,processed data,15340,c6851d9e5c3be7119bdb9aacdd09d9bb29803937d74d3e5a8114c739adffa451,Processed 128 x 128 dye-grid image
processed_data/dye_grids/beef/beef_portion15_day5_rep1.png,processed data,15785,4a645dd04b86edfaefab9213e4c2fca0c50af00511639e0af954dbeb659c01e5,Processed 128 x 128 dye-grid image
processed_data/dye_grids/beef/beef_portion15_day5_rep2.png,processed data,16427,a10e4e4638d704c1fd1fa488f21fd85d5100af1bcc53b0e15e10778d2606fa36,Processed 128 x 128 dye-grid image
processed_data/dye_grids/beef/beef_portion15_day5_rep3.png,processed data,17289,4cfa62eeff8f868c686dbd396648bc71f5827976ca55a2b775dfdd6e6fc8486a,Processed 128 x 128 dye-grid image
processed_data/dye_grids/beef/beef_portion15_day6_rep1.png,processed data,12425,f07d938485c3fc920fe1bf535699f084d2da53b018bbca1fabd28607454dee1c,Processed 128 x 128 dye-grid image
processed_data/dye_grids/beef/beef_portion15_day6_rep2.png,processed data,13246,69664822dd6c29692e40e8980e158f9e54bc857656b78112b3921c989ed729d2,Processed 128 x 128 dye-grid image
processed_data/dye_grids/beef/beef_portion15_day6_rep3.png,processed data,14037,4ed285e5d79c88b0c2eec42d98238eb81ed86e2cea9074bcfc4331d5d3889b82,Processed 128 x 128 dye-grid image
processed_data/dye_grids/beef/beef_portion16_day0_rep1.png,processed data,15088,abc4fd3526700ed115b17d0a622f816287018f006a8a718925b8f1fe9795cfbd,Processed 128 x 128 dye-grid image
processed_data/dye_grids/beef/beef_portion16_day0_rep2.png,processed data,14643,96f7f222a3fb94e4ebd108e76ef3d02ba40ca9f10bde067dcf582733c5d9e33e,Processed 128 x 128 dye-grid image
processed_data/dye_grids/beef/beef_portion16_day0_rep3.png,processed data,14942,6ad73cce51f90083a8461fde81a6766922f0e7754871e97505aaff8fc81d0495,Processed 128 x 128 dye-grid image
processed_data/dye_grids/beef/beef_portion16_day1_rep1.png,processed data,15684,e786cb1d402d8f01ed5003d391cc068eba4f684aebdbbf08e47a425c56b3d872,Processed 128 x 128 dye-grid image
processed_data/dye_grids/beef/beef_portion16_day1_rep2.png,processed data,15966,38e6d995d595fa1ae379357baa6c5af16d2781bdfab4ec133b59cb8ab466d464,Processed 128 x 128 dye-grid image
processed_data/dye_grids/beef/beef_portion16_day1_rep3.png,processed data,15196,eff43e10c6da82fe7a5b8c586fbc49b3f971fd8937389ab86aa7025fb70d178e,Processed 128 x 128 dye-grid image
processed_data/dye_grids/beef/beef_portion16_day2_rep1.png,processed data,15183,1c0d24d7a445a4e577ccbbe1798702078a49e05a9f774596802a9f3673114074,Processed 128 x 128 dye-grid image
processed_data/dye_grids/beef/beef_portion16_day2_rep2.png,processed data,15268,ec6ea6979af7f59480e03ffc11ffed34aa8407f996eb02bddafb30254fcfbc6e,Processed 128 x 128 dye-grid image
processed_data/dye_grids/beef/beef_portion16_day2_rep3.png,processed data,16105,e994af0278edb433dffbaf690c687245957ebe8fe239c7bfde0efaae2520110a,Processed 128 x 128 dye-grid image
processed_data/dye_grids/beef/beef_portion16_day3_rep1.png,processed data,16144,5af6ca59b0efb06894e67111b895ca9d099dda937d4227a8ef90e84748a6c0ac,Processed 128 x 128 dye-grid image
processed_data/dye_grids/beef/beef_portion16_day3_rep2.png,processed data,15792,5e6c950594a38c745664b4385a01f80dd2aa1d50487f6dd4689a6b32ac2d15a1,Processed 128 x 128 dye-grid image
processed_data/dye_grids/beef/beef_portion16_day3_rep3.png,processed data,16002,bebaf3a5def644c1853b91af3a85581e937701229dd3e880fd5cd53a184f078f,Processed 128 x 128 dye-grid image
processed_data/dye_grids/beef/beef_portion16_day4_rep1.png,processed data,15742,928b6fa930974afec74038efd280cc6c91b5f72f72dedeaf14cf4c749620f130,Processed 128 x 128 dye-grid image
processed_data/dye_grids/beef/beef_portion16_day4_rep2.png,processed data,15617,2e1e0abe923e05500ecc0da81797b2ab119911118699a7cf0a2d6199bc121914,Processed 128 x 128 dye-grid image
processed_data/dye_grids/beef/beef_portion16_day4_rep3.png,processed data,16247,4f45b3b5c083b83f11a3a43b4881c6ffa5bb0fbde0d222242108360d3e4e8ae6,Processed 128 x 128 dye-grid image
processed_data/dye_grids/beef/beef_portion16_day5_rep1.png,processed data,14863,804136c516a1064b910b3bc954cea61631e7139b514e0a74f560f356f64e74da,Processed 128 x 128 dye-grid image
processed_data/dye_grids/beef/beef_portion16_day5_rep2.png,processed data,14096,af1e89eddeb9fc937443c9333f12ecca634fde426af99323844354932b125eb1,Processed 128 x 128 dye-grid image
processed_data/dye_grids/beef/beef_portion16_day5_rep3.png,processed data,15011,eec8260449a522be14d999dd1c198457138a76d7a97c3c61aabe6a014590a0f4,Processed 128 x 128 dye-grid image
processed_data/dye_grids/beef/beef_portion16_day6_rep1.png,processed data,15247,d0ad3b82a7928ad847b922e87410c4b7c1dad94d0cbd70e148a21f0c73fefa43,Processed 128 x 128 dye-grid image
processed_data/dye_grids/beef/beef_portion16_day6_rep2.png,processed data,14840,59a4ade1d406007a798adc7d79ee38159127d4d2db4d45413c1184471770de89,Processed 128 x 128 dye-grid image
processed_data/dye_grids/beef/beef_portion16_day6_rep3.png,processed data,14557,bc27d0c3ec5c4d03c5787b14b7423fb40b91bc019009a4d6ab4ecab02776e31f,Processed 128 x 128 dye-grid image
processed_data/dye_grids/beef/beef_portion17_day0_rep1.png,processed data,17269,c6e2136f99dc1961b4320c2d32684fd225dd983894dda4fc214cb2f44061b75a,Processed 128 x 128 dye-grid image
processed_data/dye_grids/beef/beef_portion17_day0_rep2.png,processed data,17650,cdd7c4333f39efaa08352d929f0062999ee7f790c1500db4c8b760ede99fd946,Processed 128 x 128 dye-grid image
processed_data/dye_grids/beef/beef_portion17_day0_rep3.png,processed data,16670,ccc838563717ce3312059dd3da0d5e5441bb57ac30c6bfdf1b504659cc21f2b9,Processed 128 x 128 dye-grid image
processed_data/dye_grids/beef/beef_portion17_day1_rep1.png,processed data,15877,89edb3f0eafa92fd57fbe878e534405f54088ca2b9b5dd5235454172da4afa82,Processed 128 x 128 dye-grid image
processed_data/dye_grids/beef/beef_portion17_day1_rep2.png,processed data,15382,87fc41ed644aff9991c31b04fc01206e093847cb9b519cad8461f10b9be83960,Processed 128 x 128 dye-grid image
processed_data/dye_grids/beef/beef_portion17_day1_rep3.png,processed data,15118,5f804f758ef76cbe1adc2586dd08b00594c8f281acd1da5a8323c8bd7c29cd6a,Processed 128 x 128 dye-grid image
processed_data/dye_grids/beef/beef_portion17_day2_rep1.png,processed data,16062,94b813568ba7104d132af08889499ecac72dfd595f3b714adc75836056edcf19,Processed 128 x 128 dye-grid image
processed_data/dye_grids/beef/beef_portion17_day2_rep2.png,processed data,15833,0a9dc9ea4af6526b41ef3f4ec780efc9338b0122caf2ed59d9f00d69bae29669,Processed 128 x 128 dye-grid image
processed_data/dye_grids/beef/beef_portion17_day2_rep3.png,processed data,15865,74ca4205c80aef164b3cb634ba8b60e67ef561a170d2e9f64a7cd58f66741e1c,Processed 128 x 128 dye-grid image
processed_data/dye_grids/beef/beef_portion17_day3_rep1.png,processed data,17361,7897ec68fc3cb7beb2636396fe36dc17a2f34a6c88258260045da1282663a532,Processed 128 x 128 dye-grid image
processed_data/dye_grids/beef/beef_portion17_day3_rep2.png,processed data,15610,f7e6611cde5984f594385f2231c46e1594a4a73de7b76f15d75215c20d49da09,Processed 128 x 128 dye-grid image
processed_data/dye_grids/beef/beef_portion17_day3_rep3.png,processed data,16206,cdc12da838e423820d9806411ab8547734db9d3e50ec692a5dfb083703390942,Processed 128 x 128 dye-grid image
processed_data/dye_grids/beef/beef_portion17_day4_rep1.png,processed data,14881,c87f54e235d1ff6af45ab8e43d276313b4bde1f2ee0b66dbab36d14b34efb434,Processed 128 x 128 dye-grid image
processed_data/dye_grids/beef/beef_portion17_day4_rep2.png,processed data,15012,9aa3b6669ca529c30afefc38559bb46156cd27d84fd32d281c5b4d7348ec5919,Processed 128 x 128 dye-grid image
processed_data/dye_grids/beef/beef_portion17_day4_rep3.png,processed data,14471,d6f4c1bd5447d46eb3221553bc19bffe24c990701b67a262ec08b9ca307e5640,Processed 128 x 128 dye-grid image
processed_data/dye_grids/beef/beef_portion17_day5_rep1.png,processed data,15097,c71cff07ff916d0f73ee4eb52a77f86adc809c112e25b584c73127f2ca6e4a26,Processed 128 x 128 dye-grid image
processed_data/dye_grids/beef/beef_portion17_day5_rep2.png,processed data,16812,91f3ab8b6df9255e010f8e1195a1fc2fd3d3460c1ee2b64d2e88a3184ba3e149,Processed 128 x 128 dye-grid image
processed_data/dye_grids/beef/beef_portion17_day5_rep3.png,processed data,17015,99cfd72b99357d81ca3a4a7aebcf7cc25a15c938143279d4a0aa7d55ef0381e8,Processed 128 x 128 dye-grid image
processed_data/dye_grids/beef/beef_portion17_day6_rep1.png,processed data,12959,b6891f64adb89cee1d1fbacd4bbb935ecaa8ed6b0070677657ed3682688c717d,Processed 128 x 128 dye-grid image
processed_data/dye_grids/beef/beef_portion17_day6_rep2.png,processed data,13741,3b1a26e2fa962abdd0d4c5bbff07a682c2456244912e5c62e40b38e543cb9cd2,Processed 128 x 128 dye-grid image
processed_data/dye_grids/beef/beef_portion17_day6_rep3.png,processed data,13564,38f0376e657ef31e2e2173cde594a9d3123a094e4e7ce6e04839865bcac87630,Processed 128 x 128 dye-grid image
processed_data/dye_grids/beef/beef_portion18_day0_rep1.png,processed data,15273,dcfd0e799663886c62730ac2c0a9357011cfc36c3356ff6f12f285b0dd216405,Processed 128 x 128 dye-grid image
processed_data/dye_grids/beef/beef_portion18_day0_rep2.png,processed data,15972,efe5065d5b31da623de0715a02048fec95c5408b6a3f952edadfebe307e8cd4d,Processed 128 x 128 dye-grid image
processed_data/dye_grids/beef/beef_portion18_day0_rep3.png,processed data,15485,7ad4289e0c2e3cee0a6d31ad186e2d964c98d8c28cb09dfe4080099fe1caf7e8,Processed 128 x 128 dye-grid image
processed_data/dye_grids/beef/beef_portion18_day1_rep1.png,processed data,16840,192c6a9f1145f6d9df313005cc3bfb2a51e2b84474eeafd8f6a3ce3e0b073152,Processed 128 x 128 dye-grid image
processed_data/dye_grids/beef/beef_portion18_day1_rep2.png,processed data,16608,ca3952ead2199ea4802a8fe9652bcf40e85aeb76613aa78eb3fe564530faac87,Processed 128 x 128 dye-grid image
processed_data/dye_grids/beef/beef_portion18_day1_rep3.png,processed data,16776,3d9390dcec3b166113e9d058a116315a18454bed9cc0b03cd33927ad5e80ba31,Processed 128 x 128 dye-grid image
processed_data/dye_grids/beef/beef_portion18_day2_rep1.png,processed data,14878,6321cfb2352bbcfcfe4c4df16ee86f2ea8930612880e1386a6d36ed92a412f2c,Processed 128 x 128 dye-grid image
processed_data/dye_grids/beef/beef_portion18_day2_rep2.png,processed data,15436,ba7f15e5043d3b8d5b854e3a833174952dc4ee19e7f2a12611b03403cc938983,Processed 128 x 128 dye-grid image
processed_data/dye_grids/beef/beef_portion18_day2_rep3.png,processed data,14717,0b5835c985194cbff04df584ff21fe714d42f11c9f3c3704d3a22d3610cd4aff,Processed 128 x 128 dye-grid image
processed_data/dye_grids/beef/beef_portion18_day3_rep1.png,processed data,17075,df9e5a6d5b6fcc07462e6fe4f2fb36bba34413f99f9a36fa4308612a2d20b1de,Processed 128 x 128 dye-grid image
processed_data/dye_grids/beef/beef_portion18_day3_rep2.png,processed data,16867,a0ad787f4bfe2d2c6aab5c95de208e0435db9c878b356cf893b4c0e9ff574f47,Processed 128 x 128 dye-grid image
processed_data/dye_grids/beef/beef_portion18_day3_rep3.png,processed data,16396,f075705e8aaff6d5fd188bea82ed8ae4ef71490083ca7a2c11ecc8ae8e88af96,Processed 128 x 128 dye-grid image
processed_data/dye_grids/beef/beef_portion18_day4_rep1.png,processed data,16662,8a27a37f390c62e6d7ea5bda4308a1d0d1dd11a9276155eabb5762d512aa8081,Processed 128 x 128 dye-grid image
processed_data/dye_grids/beef/beef_portion18_day4_rep2.png,processed data,15551,87c88e7bc2eaa31fc702ed4fed3b43bb8af24059273a3640936fac077ea615f0,Processed 128 x 128 dye-grid image
processed_data/dye_grids/beef/beef_portion18_day4_rep3.png,processed data,16295,dc3b602005add9a8361be9ffa549aefb56dd05f540e4144d9b4e1d5849c2487a,Processed 128 x 128 dye-grid image
processed_data/dye_grids/beef/beef_portion18_day5_rep1.png,processed data,14607,d3200505bcdac0fb339572b7284b3241cf857f4c2103e28f1da41172764ab8dd,Processed 128 x 128 dye-grid image
processed_data/dye_grids/beef/beef_portion18_day5_rep2.png,processed data,14609,27223edf23b417c314288c49394cdca67a663bbad4f9a07ce0ff0db4a6e66f80,Processed 128 x 128 dye-grid image
processed_data/dye_grids/beef/beef_portion18_day5_rep3.png,processed data,13604,d31f743f916cd81091ede2547c2e0f65f3a5697009daa1619e7e5f0144321c38,Processed 128 x 128 dye-grid image
processed_data/dye_grids/beef/beef_portion18_day6_rep1.png,processed data,13741,9d0fc8af22e13c0d2010f512111ac0e3fa69a671c5023a59727da18c281116d1,Processed 128 x 128 dye-grid image
processed_data/dye_grids/beef/beef_portion18_day6_rep2.png,processed data,12698,6d5e4d529ab1aca28b5367fb8f86c0b2562cd82e90ab74788a7df4fa8c998db9,Processed 128 x 128 dye-grid image
processed_data/dye_grids/beef/beef_portion18_day6_rep3.png,processed data,12466,6b3e7505362c8f61364869576f6a3c23ecf5961b6bf3471a91d7c1920bf64432,Processed 128 x 128 dye-grid image
processed_data/dye_grids/beef/beef_portion19_day0_rep1.png,processed data,16045,212a29dc35e6c3d74634433aa20a678d46ac519a188a1d3bc7fb8659cc023762,Processed 128 x 128 dye-grid image
processed_data/dye_grids/beef/beef_portion19_day0_rep2.png,processed data,16906,0684ca2c9a5d9ef1d207a424bde3f06fc601bcf049f37bdd20e4fe3fc7e67b25,Processed 128 x 128 dye-grid image
processed_data/dye_grids/beef/beef_portion19_day0_rep3.png,processed data,17705,2d081ccff7b8dad212a8844aeb1dcc4918aeb58ceeb57bfa657c752297f7bd24,Processed 128 x 128 dye-grid image
processed_data/dye_grids/beef/beef_portion19_day1_rep1.png,processed data,16558,0cdf4fda393b909328c8cae16b20bd0fe027a38cb980f3a8aa4293c6269f3337,Processed 128 x 128 dye-grid image
processed_data/dye_grids/beef/beef_portion19_day1_rep2.png,processed data,15869,c20d0981ef7808d8ee0358c5ac3f7c7c38f6b3cd87d409fc47fcae7ed997aac6,Processed 128 x 128 dye-grid image
processed_data/dye_grids/beef/beef_portion19_day1_rep3.png,processed data,16499,56bec6abf17766bd1f3cce5ca89c133a2bc49ec62918e9e22584f2d9270dd05c,Processed 128 x 128 dye-grid image
processed_data/dye_grids/beef/beef_portion19_day2_rep1.png,processed data,15434,476682073343a8d88c6f58189116ed72c6e98b9ad2e85f353d9dc769de61e392,Processed 128 x 128 dye-grid image
processed_data/dye_grids/beef/beef_portion19_day2_rep2.png,processed data,15573,8a66efe937bbeefa09ac94642668cb255bb8858b316248bab7c2686330ab02d0,Processed 128 x 128 dye-grid image
processed_data/dye_grids/beef/beef_portion19_day2_rep3.png,processed data,15052,46e0d9626316f768eff02939f49f1dd52f300c412f1a450056ad158cc6ab631c,Processed 128 x 128 dye-grid image
processed_data/dye_grids/beef/beef_portion19_day3_rep1.png,processed data,15692,e343743c1140d3487c26e4004e8a6f0da55ae8a01b7513b3bcabe26d8ffe0a6b,Processed 128 x 128 dye-grid image
processed_data/dye_grids/beef/beef_portion19_day3_rep2.png,processed data,15998,6df4dbac6370141cefe01cdda37cc5c66d70437c7a3d52da06d65331c6d7838e,Processed 128 x 128 dye-grid image
processed_data/dye_grids/beef/beef_portion19_day3_rep3.png,processed data,15448,d004e3e96cef6fa39dd9ae10e0e2c58058d0096b7bf7c1521f73cdcf19419594,Processed 128 x 128 dye-grid image
processed_data/dye_grids/beef/beef_portion19_day4_rep1.png,processed data,15542,38964589fcdfa1006491c85a50eaa1096f2492ebcf9fc10de9a5fe9d50e39117,Processed 128 x 128 dye-grid image
processed_data/dye_grids/beef/beef_portion19_day4_rep2.png,processed data,16289,a796c9fa70774c77310c73dbf55181ea02c3cf2fedca0e2055977875c2c1c57f,Processed 128 x 128 dye-grid image
processed_data/dye_grids/beef/beef_portion19_day4_rep3.png,processed data,16093,77cb11b11a9560516eac597d43494e6879121d5699c58436c7a9986080e1d80f,Processed 128 x 128 dye-grid image
processed_data/dye_grids/beef/beef_portion19_day5_rep1.png,processed data,14172,0ef8772ddaa4066abc05d72450a220ebf4ce1ef2fcbddc187bfebc1a599df4e9,Processed 128 x 128 dye-grid image
processed_data/dye_grids/beef/beef_portion19_day5_rep2.png,processed data,15051,575351e71a969775ef8f7ed6bb3d99b939d92518b32a9090874a975c6d9ae77d,Processed 128 x 128 dye-grid image
processed_data/dye_grids/beef/beef_portion19_day5_rep3.png,processed data,14221,3f3097eb0cb4e40ba91fc082e1420801973a7fe9685e7ed7b917478c71158d41,Processed 128 x 128 dye-grid image
processed_data/dye_grids/beef/beef_portion19_day6_rep1.png,processed data,14781,011e6203a73cd016072a32d28230e08d15aaa30c40fbc3cea26df5854a2f6728,Processed 128 x 128 dye-grid image
processed_data/dye_grids/beef/beef_portion19_day6_rep2.png,processed data,14303,b8fbb245043defe6ba062c04398c1c226b557e45c81424c7c46424ebd098e098,Processed 128 x 128 dye-grid image
processed_data/dye_grids/beef/beef_portion19_day6_rep3.png,processed data,14459,6079b8d0dd770d3254803469dc61c3d35ff9296a4be643243324ea14ba57b6d9,Processed 128 x 128 dye-grid image
processed_data/dye_grids/beef/beef_portion20_day0_rep1.png,processed data,16350,95aa5c67880f7bd1b5a829c046743955e61b0fd00e028b31b42bb2b1c8c84f06,Processed 128 x 128 dye-grid image
processed_data/dye_grids/beef/beef_portion20_day0_rep2.png,processed data,15807,a89cd9acfd19ae5fdcc925ce4a3424fa4e4d452dd4f0777588b13a993f68ebc7,Processed 128 x 128 dye-grid image
processed_data/dye_grids/beef/beef_portion20_day0_rep3.png,processed data,16433,ab5761d286eb9c599fdf2db8bbbc8a4dddf0927c21d37a51c50108eb3ba7dbd8,Processed 128 x 128 dye-grid image
processed_data/dye_grids/beef/beef_portion20_day1_rep1.png,processed data,15211,4172abc30e0d0639fdfaf350b9a4c90ba35b4b0a6cc6261a573caf05f55f1886,Processed 128 x 128 dye-grid image
processed_data/dye_grids/beef/beef_portion20_day1_rep2.png,processed data,16494,6fc660e62a9c5cd4d80d47bd4feca2c3c013164abc5be4e8ecd824dcab7d8e9b,Processed 128 x 128 dye-grid image
processed_data/dye_grids/beef/beef_portion20_day1_rep3.png,processed data,15732,76cb441de3ffa89f7114cbef4dab51dca8b194c8b0bb3752861ca34ff78d640e,Processed 128 x 128 dye-grid image
processed_data/dye_grids/beef/beef_portion20_day2_rep1.png,processed data,14955,35cad5d0c72f91258ff5fa5a98ba2822b41a2e9c0f15c00476db77a44a532b59,Processed 128 x 128 dye-grid image
processed_data/dye_grids/beef/beef_portion20_day2_rep2.png,processed data,14512,132920d42d1b35d1033bfbefcafd5ffbd22b1bfc970b74415ce296fa44493dcf,Processed 128 x 128 dye-grid image
processed_data/dye_grids/beef/beef_portion20_day2_rep3.png,processed data,14702,8435c54e0a49be26faf95185caa2f431417bd45c5ff2b1a9c9ceef4083efc052,Processed 128 x 128 dye-grid image
processed_data/dye_grids/beef/beef_portion20_day3_rep1.png,processed data,15785,80979f09c6699aeac6df3117d6e6550674e8c496cc6d7eb3a048a06d1e1f58dc,Processed 128 x 128 dye-grid image
processed_data/dye_grids/beef/beef_portion20_day3_rep2.png,processed data,15700,77b1b6b14b48daa192cedb3e0c960889a820badf59bb9303533df4dd67da25dd,Processed 128 x 128 dye-grid image
processed_data/dye_grids/beef/beef_portion20_day3_rep3.png,processed data,16086,ec50838f2ad480275c93dc503d0a68db05cee749a23cd1c3ff9953fadcbef20e,Processed 128 x 128 dye-grid image
processed_data/dye_grids/beef/beef_portion20_day4_rep1.png,processed data,15781,1becbad321d4737a87751b48ca3f58cdd89cf37448477d4acaa64e4a2fee62cb,Processed 128 x 128 dye-grid image
processed_data/dye_grids/beef/beef_portion20_day4_rep2.png,processed data,16167,215ce261d8ddca295c371d3a81819bb1f52bb25699a29d2159489425ac1f1d92,Processed 128 x 128 dye-grid image
processed_data/dye_grids/beef/beef_portion20_day4_rep3.png,processed data,16113,6c5ca1c0c4b113973e8e46b8f9d56ad7846ebdb9d394eae332906088f2b4a7ae,Processed 128 x 128 dye-grid image
processed_data/dye_grids/beef/beef_portion20_day5_rep1.png,processed data,16189,fb242f747a8fa5fddff9157a5b291de3450ce7ebc3c0020fedfa0977ed0e0a8f,Processed 128 x 128 dye-grid image
processed_data/dye_grids/beef/beef_portion20_day5_rep2.png,processed data,15602,22788b87950dfc1fedc2931abbc06bc5bd815ec0f90897afa6d90ccd5fd23e01,Processed 128 x 128 dye-grid image
processed_data/dye_grids/beef/beef_portion20_day5_rep3.png,processed data,15381,54275e35b1d07847b157736882ee82e8fbc1bcad7982a201444f4e79a6059270,Processed 128 x 128 dye-grid image
processed_data/dye_grids/beef/beef_portion20_day6_rep1.png,processed data,14758,331346ec1bb6ad7c974f22401823de449e4692ca289a34b6314c43c28e76943a,Processed 128 x 128 dye-grid image
processed_data/dye_grids/beef/beef_portion20_day6_rep2.png,processed data,14377,487842c21d8f75eb34f6a2dc77de2fb39b52c38ef82df026b9c5162169d35f45,Processed 128 x 128 dye-grid image
processed_data/dye_grids/beef/beef_portion20_day6_rep3.png,processed data,14398,15dbb49691bf991b591a49f460d9ba642d641ff2573a24d814a1883c4950257a,Processed 128 x 128 dye-grid image
processed_data/dye_grids/beef/beef_portion21_day0_rep1.png,processed data,15972,b5cbaf36e26fd5c4c7386530eace219a8e62f5cba787161be665469fa0907d83,Processed 128 x 128 dye-grid image
processed_data/dye_grids/beef/beef_portion21_day0_rep2.png,processed data,16481,473e3b29074d3a2b94e58c18634d083aa3f81333d03e388c3b220b2ae7dddda8,Processed 128 x 128 dye-grid image
processed_data/dye_grids/beef/beef_portion21_day0_rep3.png,processed data,16001,4162aee12f1d4bacee0e291293a03c264a21f85da56a89bac618bb0c13727a5f,Processed 128 x 128 dye-grid image
processed_data/dye_grids/beef/beef_portion21_day1_rep1.png,processed data,14493,ff9dda3604645fff30a416e9afa1de526fc3f78c90cf1a5b8eeb43664ba770d3,Processed 128 x 128 dye-grid image
processed_data/dye_grids/beef/beef_portion21_day1_rep2.png,processed data,14834,8055e10e5d9a8fa1262933af9e132208cf44282c99da96ca1613954404079c94,Processed 128 x 128 dye-grid image
processed_data/dye_grids/beef/beef_portion21_day1_rep3.png,processed data,14952,e69a89da128e2ca88d3d3c8fdd73d58507e96fcdfd4020e559b7c801147f7fd4,Processed 128 x 128 dye-grid image
processed_data/dye_grids/beef/beef_portion21_day2_rep1.png,processed data,15272,b4bfe67a36d4435bde314eb9b27389b9c846b0bff60de0a26416fbf0e7b18972,Processed 128 x 128 dye-grid image
processed_data/dye_grids/beef/beef_portion21_day2_rep2.png,processed data,14741,f11fdfd4c7819dd989875dd6d0786a1426bb0bfcaec3bcd930cb188a064f4d26,Processed 128 x 128 dye-grid image
processed_data/dye_grids/beef/beef_portion21_day2_rep3.png,processed data,13947,3ffe91400c0fc7ed356761cef242cee7e73fa23efb54d856f2578b7decd3114f,Processed 128 x 128 dye-grid image
processed_data/dye_grids/beef/beef_portion21_day3_rep1.png,processed data,15492,0a503b7ee35226407c8bcc69f8b6e6b726c45a0675385d2112a9c82e28d39d54,Processed 128 x 128 dye-grid image
processed_data/dye_grids/beef/beef_portion21_day3_rep2.png,processed data,15345,f9092f1e31068b9809f416d07a76effcdb8b808e5fdd0ec9fbf6aa8f991f1d48,Processed 128 x 128 dye-grid image
processed_data/dye_grids/beef/beef_portion21_day3_rep3.png,processed data,15009,28cfe9d6d745523777b7b2d575d29f43ca43ff3704ab7d2f871b8a781bd20340,Processed 128 x 128 dye-grid image
processed_data/dye_grids/beef/beef_portion21_day4_rep1.png,processed data,16027,b8c9c9dbde357bfa59e8648e8e3f17b4869ca9d4a2a9f27951bc9f71c0b092cc,Processed 128 x 128 dye-grid image
processed_data/dye_grids/beef/beef_portion21_day4_rep2.png,processed data,16217,2d866a9ddcfa62af4df21dea304089267d8c957a77dcdbd066c17b630862c95c,Processed 128 x 128 dye-grid image
processed_data/dye_grids/beef/beef_portion21_day4_rep3.png,processed data,16072,92bac7cc3ee16dbd19dec0bdef2e2bab671ab533a1a630bf226a3e11da4a0a65,Processed 128 x 128 dye-grid image
processed_data/dye_grids/beef/beef_portion21_day5_rep1.png,processed data,15826,c303147da958ab50a8be0432d939e2b6097bac41c2fb23aa0e754988aee530ac,Processed 128 x 128 dye-grid image
processed_data/dye_grids/beef/beef_portion21_day5_rep2.png,processed data,15426,b9502a0ff71417ffc3b8c35b04d667bd04ed115d3709231ff158231a9c393f58,Processed 128 x 128 dye-grid image
processed_data/dye_grids/beef/beef_portion21_day5_rep3.png,processed data,15345,d3051751534c359641ec4eb69c565c397693279c25c76a60e47b0ed36ebb8565,Processed 128 x 128 dye-grid image
processed_data/dye_grids/beef/beef_portion21_day6_rep1.png,processed data,14206,80dc44f52e25f91b87439228c79fc0e2b049b9d04674d3a22aae4c6d38eed606,Processed 128 x 128 dye-grid image
processed_data/dye_grids/beef/beef_portion21_day6_rep2.png,processed data,15261,2951de90fc74f1111d533dd7befc82372a0b804ff4048721f2be31dd18f4041e,Processed 128 x 128 dye-grid image
processed_data/dye_grids/beef/beef_portion21_day6_rep3.png,processed data,14558,afb7d6352fb6625e4ddadeb16a9539384972b602ca0320f893010edd8ecf7943,Processed 128 x 128 dye-grid image
processed_data/dye_grids/beef/beef_portion22_day0_rep1.png,processed data,15468,89734e40123fe58fd44356e413e4147c723f7b7226e3f58d34ee8700e56f8a48,Processed 128 x 128 dye-grid image
processed_data/dye_grids/beef/beef_portion22_day0_rep2.png,processed data,14620,fa7b6aa64571e6980fe60c240041b41c6822ffb183d620b8fa9013d557bbd867,Processed 128 x 128 dye-grid image
processed_data/dye_grids/beef/beef_portion22_day0_rep3.png,processed data,16144,4ebe57cc7b9cff5fa0c8693451ed95aae9d88c55ee68608d0b8e8ac86d6e4a10,Processed 128 x 128 dye-grid image
processed_data/dye_grids/beef/beef_portion22_day1_rep1.png,processed data,17068,069707a5d79010562f4ad361da692f56f21c212067757e7ad2524ce242e126b2,Processed 128 x 128 dye-grid image
processed_data/dye_grids/beef/beef_portion22_day1_rep2.png,processed data,15759,c5295051eb172f21cc9bd9ba9f9381bde3a4aa247c686f78c4764d140dd88be5,Processed 128 x 128 dye-grid image
processed_data/dye_grids/beef/beef_portion22_day1_rep3.png,processed data,16115,bba3763afca2c543becb9a7b9e65835a9b8f432062c2922b1ffda0cbeba814b3,Processed 128 x 128 dye-grid image
processed_data/dye_grids/beef/beef_portion22_day2_rep1.png,processed data,14566,59c034d291aa4ad19a972495c753d65e057ff2066849e6df7928a2b71fbb7c40,Processed 128 x 128 dye-grid image
processed_data/dye_grids/beef/beef_portion22_day2_rep2.png,processed data,14136,5be4341b3e327533f00b192b244a88049fe22c3845e450d6864207c66e711657,Processed 128 x 128 dye-grid image
processed_data/dye_grids/beef/beef_portion22_day2_rep3.png,processed data,13857,e8d167cc171119734bc7ee63f1572492ce21f62824e538eb61f144b1bf388d17,Processed 128 x 128 dye-grid image
processed_data/dye_grids/beef/beef_portion22_day3_rep1.png,processed data,14228,4a736c205950e3edcac889f2f91cf344d6ef87a6d7c17cae6c490e0739f048b4,Processed 128 x 128 dye-grid image
processed_data/dye_grids/beef/beef_portion22_day3_rep2.png,processed data,14802,25243d43d457eec9310971dd921aea4ad865a2ae322e05b2f0aaf9fc4ea69c24,Processed 128 x 128 dye-grid image
processed_data/dye_grids/beef/beef_portion22_day3_rep3.png,processed data,15938,9cd7068b0f40e170f1a28742726c6c21b14f07887fc717731c685e5bdb25b106,Processed 128 x 128 dye-grid image
processed_data/dye_grids/beef/beef_portion22_day4_rep1.png,processed data,16979,a1442c6aa703a45384d2726d0d3ea7c0141be60e7fc90c1bbfc52eded77892c2,Processed 128 x 128 dye-grid image
processed_data/dye_grids/beef/beef_portion22_day4_rep2.png,processed data,16762,35795760bad8b5d6d4c1eb5c8a809f7d7381158a01e4ca3bf475cbcd885eb3d0,Processed 128 x 128 dye-grid image
processed_data/dye_grids/beef/beef_portion22_day4_rep3.png,processed data,17181,9d458bc1416d4f545eb756d4ebcde291808a17107ecf7c3117a4d4fb74836f6a,Processed 128 x 128 dye-grid image
processed_data/dye_grids/beef/beef_portion22_day5_rep1.png,processed data,13886,e522bb1d7bfc1140c79e135570cacbd3a6dd11f8bbe361b4573ebdfe756d3af6,Processed 128 x 128 dye-grid image
processed_data/dye_grids/beef/beef_portion22_day5_rep2.png,processed data,13266,7e583c08846050aee492701214a1e0f1b02adf882e7436ff85729cb9cfbd69c5,Processed 128 x 128 dye-grid image
processed_data/dye_grids/beef/beef_portion22_day5_rep3.png,processed data,13255,2e0ce307cb894ccd0bc28bd6457c8cd57a258b26f73de7d334315af76ea44e35,Processed 128 x 128 dye-grid image
processed_data/dye_grids/beef/beef_portion22_day6_rep1.png,processed data,14341,4e31aa103fc74822507ad5ebac4a0bde84dc9f5269759e5e3aebbd5c1ba9cd0c,Processed 128 x 128 dye-grid image
processed_data/dye_grids/beef/beef_portion22_day6_rep2.png,processed data,14989,8609bad1703f31070a5c0b94e1549b4201b2e389d802e597535b2702ad6af635,Processed 128 x 128 dye-grid image
processed_data/dye_grids/beef/beef_portion22_day6_rep3.png,processed data,14103,d23237d2f0a2d5b841a1b1e0888e618cf08ba9b61471f5fedb2b318b8622769f,Processed 128 x 128 dye-grid image
processed_data/dye_grids/beef/beef_portion23_day0_rep1.png,processed data,15575,32af4d28a44b34870eebd1f96a7195dc1651033526b1fc66a69a816c15a9a1a9,Processed 128 x 128 dye-grid image
processed_data/dye_grids/beef/beef_portion23_day0_rep2.png,processed data,16366,caf5213f37fc64d0a2ff6db7fecd625fc07d94d35c643e6163c6c130a973bfa8,Processed 128 x 128 dye-grid image
processed_data/dye_grids/beef/beef_portion23_day0_rep3.png,processed data,16011,2cd071b779093d051dbae187fdf38a14fccf6ed3236d73d109633fe296d0820f,Processed 128 x 128 dye-grid image
processed_data/dye_grids/beef/beef_portion23_day1_rep1.png,processed data,15107,d94f9429a504f00a3cdebdf8cb78fdb4fa954381bcfdc1178ca86803103fd3d8,Processed 128 x 128 dye-grid image
processed_data/dye_grids/beef/beef_portion23_day1_rep2.png,processed data,14673,5a509fd08b3a3903b9f4198b00af451e23e21af994bf99fe9f9cb986271ac230,Processed 128 x 128 dye-grid image
processed_data/dye_grids/beef/beef_portion23_day1_rep3.png,processed data,15516,1fc59c6f59b4acf9c8240e4d11b8d2b5ce1ad98e906a25e4145c282ffdb17546,Processed 128 x 128 dye-grid image
processed_data/dye_grids/beef/beef_portion23_day2_rep1.png,processed data,14156,195c20b7f5be46b9a40a46c8cc0d65c524f1ce04df61999685b726a86f92077d,Processed 128 x 128 dye-grid image
processed_data/dye_grids/beef/beef_portion23_day2_rep2.png,processed data,13788,5ff4a1c5b75e283a9e36da5b4cf7fb735ff32661f7ac6b9f2d12750c4976035c,Processed 128 x 128 dye-grid image
processed_data/dye_grids/beef/beef_portion23_day2_rep3.png,processed data,12904,d77930a350536c8ae1c861008f6a9303df57872a5b2fb64ef5a1d49d9ce993e2,Processed 128 x 128 dye-grid image
processed_data/dye_grids/beef/beef_portion23_day3_rep1.png,processed data,17022,f388e514f4c7e998ec5038b89f8a259f256691a883adb2bfcfdeb3f1e2b6abba,Processed 128 x 128 dye-grid image
processed_data/dye_grids/beef/beef_portion23_day3_rep2.png,processed data,16849,b3bff828baee21213cec656452b993cef79f82bd6845d728d29dd251175bb869,Processed 128 x 128 dye-grid image
processed_data/dye_grids/beef/beef_portion23_day3_rep3.png,processed data,15764,917beeb55b655cd76ac689f9a4ebb8e360b54d39d9052e899f5cb650a3fe0490,Processed 128 x 128 dye-grid image
processed_data/dye_grids/beef/beef_portion23_day4_rep1.png,processed data,14547,375b1ee23b7968017e064ecdf287a0b90c677c0ed85027a1af709e38347ceb96,Processed 128 x 128 dye-grid image
processed_data/dye_grids/beef/beef_portion23_day4_rep2.png,processed data,15860,0bf6510df76b696d03c9f5906d0d74288310069201c06da5d02fdb3bcbe962da,Processed 128 x 128 dye-grid image
processed_data/dye_grids/beef/beef_portion23_day4_rep3.png,processed data,15879,e9821e2a86481a95ca00e5326ce9db9c2729b5ffeebb709fa65ec35ef7ada523,Processed 128 x 128 dye-grid image
processed_data/dye_grids/beef/beef_portion23_day5_rep1.png,processed data,14836,babcffccd56f01ef9b97420119a530843a0be99bd54b7f424a235fde1299883e,Processed 128 x 128 dye-grid image
processed_data/dye_grids/beef/beef_portion23_day5_rep2.png,processed data,14883,6826cab3f15a249651f66b48eb969b2c5d0c5688825d53f2c0b89c1bea69d184,Processed 128 x 128 dye-grid image
processed_data/dye_grids/beef/beef_portion23_day5_rep3.png,processed data,14987,c9888f6507a37865b59625e256344a168afa59f4c3a377d781202d8adde25692,Processed 128 x 128 dye-grid image
processed_data/dye_grids/beef/beef_portion23_day6_rep1.png,processed data,11816,233c1c7bf6ef8826e92e3495d7af624b0a6ca7c9973960749f606cf651e0a80b,Processed 128 x 128 dye-grid image
processed_data/dye_grids/beef/beef_portion23_day6_rep2.png,processed data,12276,65a75183a2dfbc656561e83cc3657a21781e888aa066455f47f621547d1ebb04,Processed 128 x 128 dye-grid image
processed_data/dye_grids/beef/beef_portion23_day6_rep3.png,processed data,11030,d4f2cc7ad0ea9f161bcbbba60a70800d76dd6cd225b9583d35eddb4dc9275144,Processed 128 x 128 dye-grid image
processed_data/dye_grids/beef/beef_portion24_day0_rep1.png,processed data,15859,8ec1ee58b72fb0929e2e31b8ff405dc1d377fdcf20e032471936ef967a43642a,Processed 128 x 128 dye-grid image
processed_data/dye_grids/beef/beef_portion24_day0_rep2.png,processed data,16598,51b5620e1a6d053c7edd5b543cccb98f047c88011481ade8ed814d1befaae410,Processed 128 x 128 dye-grid image
processed_data/dye_grids/beef/beef_portion24_day0_rep3.png,processed data,16898,7a5f9a4b9e1e796af1d50e1c4cf0ff6e0eda7b65bd2a28873e526e0005655c32,Processed 128 x 128 dye-grid image
processed_data/dye_grids/beef/beef_portion24_day1_rep1.png,processed data,16845,913ca5b6dad661e181d493c96c4bf395327f4f0d1c36314bad4bced248b7a5d4,Processed 128 x 128 dye-grid image
processed_data/dye_grids/beef/beef_portion24_day1_rep2.png,processed data,17087,a153cd2f2343ad575c79993766bf8f9f95ad88989442636e645efe6155b20c2e,Processed 128 x 128 dye-grid image
processed_data/dye_grids/beef/beef_portion24_day1_rep3.png,processed data,17498,2e5bef9ca925300ee141cb023488b5776817be03a9848e3d2f3bc1358ee747b1,Processed 128 x 128 dye-grid image
processed_data/dye_grids/beef/beef_portion24_day2_rep1.png,processed data,15733,7bf716f152432e662bb20447d4cb53cd504a9816d309abb0ee357b5bb42a888e,Processed 128 x 128 dye-grid image
processed_data/dye_grids/beef/beef_portion24_day2_rep2.png,processed data,15376,215f5843f16a0c328e0c3a3dae9a4db5600af9bf5a7a133ed85e9290b478e2f2,Processed 128 x 128 dye-grid image
processed_data/dye_grids/beef/beef_portion24_day2_rep3.png,processed data,15780,838ddf9b7199dc02cb78e089a656a2542ca8cfa29d255ba45141ca23d14ec344,Processed 128 x 128 dye-grid image
processed_data/dye_grids/beef/beef_portion24_day3_rep1.png,processed data,15747,aba93441be22d6bb300087c6f04d0d5f736f24ff959c4718c7b127bfd9e1facd,Processed 128 x 128 dye-grid image
processed_data/dye_grids/beef/beef_portion24_day3_rep2.png,processed data,16385,c3632a5cc827ed547c7f3a1fabf3a4a6b9a271799ce645412f5e1e263152b689,Processed 128 x 128 dye-grid image
processed_data/dye_grids/beef/beef_portion24_day3_rep3.png,processed data,16267,dc589054ee9d488842a789dded4c2192ef26318a964fd24c5a5a9af8d21db8fa,Processed 128 x 128 dye-grid image
processed_data/dye_grids/beef/beef_portion24_day4_rep1.png,processed data,16567,6f176e6b49238a4d8d859cf4ae55eb4b8d598f22a8db97425b19ef318b342ea1,Processed 128 x 128 dye-grid image
processed_data/dye_grids/beef/beef_portion24_day4_rep2.png,processed data,16334,cd1301d2788359e92cb224095884f4f907e999a0f7a00b36076261f083211009,Processed 128 x 128 dye-grid image
processed_data/dye_grids/beef/beef_portion24_day4_rep3.png,processed data,15471,90a2d81007ebb360be14610dc46921c17bbdd6c3c2249fc31584e1416af2f747,Processed 128 x 128 dye-grid image
processed_data/dye_grids/beef/beef_portion24_day5_rep1.png,processed data,15484,a19db36ebc74b7783ed046972a7157263c5b6b9802e5aa9e43903f5114daf2a7,Processed 128 x 128 dye-grid image
processed_data/dye_grids/beef/beef_portion24_day5_rep2.png,processed data,14615,5d09885907fb5068228a898438a620ac1027e93216440b15c10c6185a14d746c,Processed 128 x 128 dye-grid image
processed_data/dye_grids/beef/beef_portion24_day5_rep3.png,processed data,15026,3b8252d228d5b059b8394003a1341bac0139f05a2eb4a22975bd426837d61681,Processed 128 x 128 dye-grid image
processed_data/dye_grids/beef/beef_portion24_day6_rep1.png,processed data,14744,b61dc51daf9b55c0abc87c236c198011245cc7e251a883976a9ed4f005d8cd21,Processed 128 x 128 dye-grid image
processed_data/dye_grids/beef/beef_portion24_day6_rep2.png,processed data,14747,a8846377ef01680b9ccbaf5c26f2a5d97c5679ae0ba8c061cb07ec64174d5cac,Processed 128 x 128 dye-grid image
processed_data/dye_grids/beef/beef_portion24_day6_rep3.png,processed data,15434,8c8a829c4f1370989cc9d3629438981bf03fe702fd596461bcd125e0f4386521,Processed 128 x 128 dye-grid image
processed_data/dye_grids/beef/beef_portion25_day0_rep1.png,processed data,17400,6dbc6863da0db26443855a54a8010b0a2fcdc158261fc65a4dfe3dee27042b6a,Processed 128 x 128 dye-grid image
processed_data/dye_grids/beef/beef_portion25_day0_rep2.png,processed data,16794,a48b6c2f82ffdc28946a36b0f52eebda8ba017ae79c440181d4c1a05deed6242,Processed 128 x 128 dye-grid image
processed_data/dye_grids/beef/beef_portion25_day0_rep3.png,processed data,15743,46e6d54f25113193a843f0c3142ce96c39c7b6ca99392b8beec80d2b25973e2f,Processed 128 x 128 dye-grid image
processed_data/dye_grids/beef/beef_portion25_day1_rep1.png,processed data,14184,06d8254153c6e589af8a39b8e0794d62f00d0a2187b81a87e23f1ca712498dd5,Processed 128 x 128 dye-grid image
processed_data/dye_grids/beef/beef_portion25_day1_rep2.png,processed data,15210,d104ab8df922e4267cea80327c67add1cb33da4482d0001e00b40230e9a98f2e,Processed 128 x 128 dye-grid image
processed_data/dye_grids/beef/beef_portion25_day1_rep3.png,processed data,15549,fb5719c05335a4f3ebc8fd04a0cde5d7d26d2160f76887838c73ef6096120b04,Processed 128 x 128 dye-grid image
processed_data/dye_grids/beef/beef_portion25_day2_rep1.png,processed data,14481,7db785c26c20fdb5abe1f64667270bae1d2d481007cea1cab070484507173220,Processed 128 x 128 dye-grid image
processed_data/dye_grids/beef/beef_portion25_day2_rep2.png,processed data,14775,e3f345805194cacf0b3f6228294afb7ef3a08126df8fae08a8d2730d90e72093,Processed 128 x 128 dye-grid image
processed_data/dye_grids/beef/beef_portion25_day2_rep3.png,processed data,15020,91d929c4f4bc9ec49d1f2ff5a86282a123be6b5f344ec13f45a0d6f345f355a2,Processed 128 x 128 dye-grid image
processed_data/dye_grids/beef/beef_portion25_day3_rep1.png,processed data,15217,08a0c73c6f4277098311e73101828313e895b420b61805d16689a370578f9527,Processed 128 x 128 dye-grid image
processed_data/dye_grids/beef/beef_portion25_day3_rep2.png,processed data,14743,b147ecf32e85277dd6ed0e196f6e5817b991354accedf960f1aaf84ab17a0ba0,Processed 128 x 128 dye-grid image
processed_data/dye_grids/beef/beef_portion25_day3_rep3.png,processed data,15013,bd6e3d24b926975f172b356f5f4311baba2d45da110856482db1b13bc24fed2c,Processed 128 x 128 dye-grid image
processed_data/dye_grids/beef/beef_portion25_day4_rep1.png,processed data,16728,aaaf387c1b21aeb6fca03197e9e1a7b469418b5f27e05e940b96398f3839a6ae,Processed 128 x 128 dye-grid image
processed_data/dye_grids/beef/beef_portion25_day4_rep2.png,processed data,16604,a1a4c3e97037032db197cc29911dbd282ed10e2ab0e78d1c843f85492e34407f,Processed 128 x 128 dye-grid image
processed_data/dye_grids/beef/beef_portion25_day4_rep3.png,processed data,16340,99d443f3936caa5cd9f1174d0de928edc1b51ecb14701515e614289b51f5c2b3,Processed 128 x 128 dye-grid image
processed_data/dye_grids/beef/beef_portion25_day5_rep1.png,processed data,15137,7d0ed072af220c529cdbd55873922d5ba577cbb0c4e9a796d8bdba0915ca2360,Processed 128 x 128 dye-grid image
processed_data/dye_grids/beef/beef_portion25_day5_rep2.png,processed data,15105,591dc71f02a0419c98792e1558829fe2bd43b0384d4e915221649404f18663f1,Processed 128 x 128 dye-grid image
processed_data/dye_grids/beef/beef_portion25_day5_rep3.png,processed data,15886,8009f67d11a8112de87d180773f0f5c6e53f24cc5761d1753a36734df4ed8251,Processed 128 x 128 dye-grid image
processed_data/dye_grids/beef/beef_portion25_day6_rep1.png,processed data,13318,60f413c75f0329e8ed16d08a20c22bdfbea69a18cf099fc6874bee5359fa5e0f,Processed 128 x 128 dye-grid image
processed_data/dye_grids/beef/beef_portion25_day6_rep2.png,processed data,13989,84c1086b47384c64ccbdcbad09b5b1ffed677af74c53227a00e33f0ab080f445,Processed 128 x 128 dye-grid image
processed_data/dye_grids/beef/beef_portion25_day6_rep3.png,processed data,14001,f5c6bd6e88a57d36481fee17628545c0e7a68ad65a95aba7c758434f7d629b19,Processed 128 x 128 dye-grid image
processed_data/dye_grids/beef/beef_portion26_day0_rep1.png,processed data,15713,b96c86e69cb212051c00466d4f19c90784418ef09f18c5d78ab581369a31fa35,Processed 128 x 128 dye-grid image
processed_data/dye_grids/beef/beef_portion26_day0_rep2.png,processed data,15341,3a0d8443c1db25662611e1a11779e463279e424181ad554259fc7890bea833e2,Processed 128 x 128 dye-grid image
processed_data/dye_grids/beef/beef_portion26_day0_rep3.png,processed data,16048,10884a5c2107a3e422885fc3c787275d81e788cd330d52b0857b3a960cf6d4d1,Processed 128 x 128 dye-grid image
processed_data/dye_grids/beef/beef_portion26_day1_rep1.png,processed data,15465,be559949c392b94778134bc1db3e54f2b1ad466dd2e73f41595e3d802665b1ef,Processed 128 x 128 dye-grid image
processed_data/dye_grids/beef/beef_portion26_day1_rep2.png,processed data,14447,7f301f6c4ac253cac90285be3267b3c03f1cd7b392b247d3c608fefa22d0c2a3,Processed 128 x 128 dye-grid image
processed_data/dye_grids/beef/beef_portion26_day1_rep3.png,processed data,15466,b811c3e8c8dc01617e2e508d5fd6d635b2d27ce277eaa285dea605cd804057ac,Processed 128 x 128 dye-grid image
processed_data/dye_grids/beef/beef_portion26_day2_rep1.png,processed data,14129,8b8f476e2a32854949bf41f471a14005bfc5b4515e2f73897a319fb78532e927,Processed 128 x 128 dye-grid image
processed_data/dye_grids/beef/beef_portion26_day2_rep2.png,processed data,14962,6ea21a6b9d336e376c26ff069bcfc48b8e744410b4429404a01a4bd022932bf5,Processed 128 x 128 dye-grid image
processed_data/dye_grids/beef/beef_portion26_day2_rep3.png,processed data,13671,78cb55241475d22a4b6293a3adc96bb92b2863222f574a8d76ad722b03a60add,Processed 128 x 128 dye-grid image
processed_data/dye_grids/beef/beef_portion26_day3_rep1.png,processed data,17070,57392c4bb496a66caa0a5e2ce4a8d23ed45a61201b1e92ccf0acf8d1f8af2716,Processed 128 x 128 dye-grid image
processed_data/dye_grids/beef/beef_portion26_day3_rep2.png,processed data,16696,1d6a4c0fbc2c11963e02a60950f8a0ae0f04fb6aa45ea2f976588c77e310af44,Processed 128 x 128 dye-grid image
processed_data/dye_grids/beef/beef_portion26_day3_rep3.png,processed data,15857,e4c6003e641b284fd0b25fbeae6daee7fb026fa921415c0ab456d6061e41edbb,Processed 128 x 128 dye-grid image
processed_data/dye_grids/beef/beef_portion26_day4_rep1.png,processed data,18269,ac0a5bd87618fe795bc68f8e13c0adfcbbefa5a1985bb87245dd48b2086ff41c,Processed 128 x 128 dye-grid image
processed_data/dye_grids/beef/beef_portion26_day4_rep2.png,processed data,17047,2c1f1f97b4ce510b63d219f75853d1291750864820fe6b422d612c1249cc9d70,Processed 128 x 128 dye-grid image
processed_data/dye_grids/beef/beef_portion26_day4_rep3.png,processed data,18030,2363bd9eb4e931ece6a2af6de8874c068dbbcf011bf89efe8c26b92b7b51b0a0,Processed 128 x 128 dye-grid image
processed_data/dye_grids/beef/beef_portion26_day5_rep1.png,processed data,16253,cb3861e9c2d9c260b55cf7e45b5d32dda7e44731fb1b9cd181dd3a427ceaf79e,Processed 128 x 128 dye-grid image
processed_data/dye_grids/beef/beef_portion26_day5_rep2.png,processed data,16001,072ca802444a31bebe9ef7abba6772ab18d90d11f23e4365c6009341613237bc,Processed 128 x 128 dye-grid image
processed_data/dye_grids/beef/beef_portion26_day5_rep3.png,processed data,16339,55c54f84581d84842294bb4b2dd5d3a200e2722cc13d4e25d509fe1b4f83fe3e,Processed 128 x 128 dye-grid image
processed_data/dye_grids/beef/beef_portion26_day6_rep1.png,processed data,14690,8fb0313986400d0b2c77c973a940c3a868e8ec4849043319fca7f6b5a0194780,Processed 128 x 128 dye-grid image
processed_data/dye_grids/beef/beef_portion26_day6_rep2.png,processed data,14574,4a24b3487fdb3de5294ea61e20e82441b98b201ef683d2feab0c0d5a310ab20b,Processed 128 x 128 dye-grid image
processed_data/dye_grids/beef/beef_portion26_day6_rep3.png,processed data,14308,36f1952ed44293549d28a8ee5310aca8854f20197c1e1c0bb557a4448b1aeff1,Processed 128 x 128 dye-grid image
processed_data/dye_grids/beef/beef_portion27_day0_rep1.png,processed data,9639,022c64a35b582b506105a095253d810327e8d491a1d26754d0109f7089a8ff1a,Processed 128 x 128 dye-grid image
processed_data/dye_grids/beef/beef_portion27_day0_rep2.png,processed data,16475,cf506fbb833762a6b61261d3052692713ff05aede6823440777208d9109b97ef,Processed 128 x 128 dye-grid image
processed_data/dye_grids/beef/beef_portion27_day0_rep3.png,processed data,15567,0df64290b9e90a422f8b40e2978c5738bad2dec70c019c306c9549d14017c122,Processed 128 x 128 dye-grid image
processed_data/dye_grids/beef/beef_portion27_day1_rep1.png,processed data,17774,9069d45e8803205426e4a3d6101dcb25b468706ac4228903cecbfc1006b6a53a,Processed 128 x 128 dye-grid image
processed_data/dye_grids/beef/beef_portion27_day1_rep2.png,processed data,16946,942a80f8944eed4819f23e342b334f1e799641df879cbf385f6d98975065d60e,Processed 128 x 128 dye-grid image
processed_data/dye_grids/beef/beef_portion27_day1_rep3.png,processed data,17070,3950f778d79f0abe4fdeb683bbc401da1613beed47b742fca977e087c9576b25,Processed 128 x 128 dye-grid image
processed_data/dye_grids/beef/beef_portion27_day2_rep1.png,processed data,15041,ab88426a7ac069f2260b876ab1e32429dc880a794bf2e4421ab5fed2dcdd5398,Processed 128 x 128 dye-grid image
processed_data/dye_grids/beef/beef_portion27_day2_rep2.png,processed data,15522,9de85265805953a43455e01c32b26caa95e1f9cd97f0815bac6cb1edb32f21af,Processed 128 x 128 dye-grid image
processed_data/dye_grids/beef/beef_portion27_day2_rep3.png,processed data,15153,3d2aee680f0e2ac412024d6e0fa7f0d73f4479c3e39b1477a10c1a7a2c3c7db8,Processed 128 x 128 dye-grid image
processed_data/dye_grids/beef/beef_portion27_day3_rep1.png,processed data,17559,7357acfc7c7df5f3fcb52d6789769a93526ebc05edd2182fd3ffcf07bad7ec34,Processed 128 x 128 dye-grid image
processed_data/dye_grids/beef/beef_portion27_day3_rep2.png,processed data,17354,9b699ac36e6c921584a6e0bf9653229d20550bbff3fef8c8555fa8b69512922b,Processed 128 x 128 dye-grid image
processed_data/dye_grids/beef/beef_portion27_day3_rep3.png,processed data,17318,3ff9669b2afbb1ed9014af1e8906b5cc78ebb4d73057c1c29ad0b6ef11645f70,Processed 128 x 128 dye-grid image
processed_data/dye_grids/beef/beef_portion27_day4_rep1.png,processed data,16480,c5f935c68e6618d640ad96c0e88ccc62648bfc24fb0907457212022de68a4b32,Processed 128 x 128 dye-grid image
processed_data/dye_grids/beef/beef_portion27_day4_rep2.png,processed data,16277,a544263c97025ff1f16965f16b74b51d338717e8d55a14266bd219886709415d,Processed 128 x 128 dye-grid image
processed_data/dye_grids/beef/beef_portion27_day4_rep3.png,processed data,16171,4b0fa76720592439645da042a62f52a306d21aa4ef1dbd9b9c55917408193642,Processed 128 x 128 dye-grid image
processed_data/dye_grids/beef/beef_portion27_day5_rep1.png,processed data,15034,401be966e9c3d745528a04a808080aa170d3757bf9f18264bd0ead88b5359ad8,Processed 128 x 128 dye-grid image
processed_data/dye_grids/beef/beef_portion27_day5_rep2.png,processed data,14883,d96603d318e9ba6f14cbacf734a055efaeed603c36c2e0348e8d939130e0cff7,Processed 128 x 128 dye-grid image
processed_data/dye_grids/beef/beef_portion27_day5_rep3.png,processed data,15225,6354085e71955d5d616661cc65b37e80f324dc9a0748378730f7a08630609c36,Processed 128 x 128 dye-grid image
processed_data/dye_grids/beef/beef_portion27_day6_rep1.png,processed data,14755,cff0139d959a272817396b606fc5bb8e3f93dfc461672699c103130938e700f7,Processed 128 x 128 dye-grid image
processed_data/dye_grids/beef/beef_portion27_day6_rep2.png,processed data,15106,485da6ad4bcc248123a62eb5df3b47330191b139b988c71d838d36dd5dcae12a,Processed 128 x 128 dye-grid image
processed_data/dye_grids/beef/beef_portion27_day6_rep3.png,processed data,14298,f5f95622025997cc6a0fb7b2bd7e0d9efd4efae2c2ce6c23a32944b22d20675e,Processed 128 x 128 dye-grid image
processed_data/dye_grids/beef/beef_portion28_day0_rep1.png,processed data,15285,98d0bc9bcd88f53d0d589d8015dec16f5c15ded16dc1ae8a879a7e4059f30e4b,Processed 128 x 128 dye-grid image
processed_data/dye_grids/beef/beef_portion28_day0_rep2.png,processed data,15874,91a6c27fde79027683f7e79ea8e1f506fdbf397ad26bcbad20b8e06fcd1025ad,Processed 128 x 128 dye-grid image
processed_data/dye_grids/beef/beef_portion28_day0_rep3.png,processed data,15474,d0586a335bbf21f6b58be4721cde364b9693a926feab051cb5b44cef23831b29,Processed 128 x 128 dye-grid image
processed_data/dye_grids/beef/beef_portion28_day1_rep1.png,processed data,15406,e16bcd52f89b2282b507791ec2d5440e76df99403fe0a0492d2afc00501312bb,Processed 128 x 128 dye-grid image
processed_data/dye_grids/beef/beef_portion28_day1_rep2.png,processed data,17203,b71fd27478bad14d826dd98203cfe6b1df53fe8b32f1768b916426b1a5430e10,Processed 128 x 128 dye-grid image
processed_data/dye_grids/beef/beef_portion28_day1_rep3.png,processed data,15110,f410ea3345378430e689f4a4983cd516ccd7f798f572fadec96631cb971f27c8,Processed 128 x 128 dye-grid image
processed_data/dye_grids/beef/beef_portion28_day2_rep1.png,processed data,13999,d5c8b26dbc3f5999836bb67935137a030c5a54bbcd7c4ca87a816b8a22c0e25b,Processed 128 x 128 dye-grid image
processed_data/dye_grids/beef/beef_portion28_day2_rep2.png,processed data,15398,c5dd3f0af9fe9a9b2c80a7f40d3bf6fee9bf03477356c66b9770fa57ad74489b,Processed 128 x 128 dye-grid image
processed_data/dye_grids/beef/beef_portion28_day2_rep3.png,processed data,15465,7c0b9bae51c53ca2b8ea9b4082295fc89be9918c62cc303cf6be01001b18284d,Processed 128 x 128 dye-grid image
processed_data/dye_grids/beef/beef_portion28_day3_rep1.png,processed data,16852,ee892b45b5446a0c3d92340ee20976547d4999e2de80479a282bf65787cd3c41,Processed 128 x 128 dye-grid image
processed_data/dye_grids/beef/beef_portion28_day3_rep2.png,processed data,16630,a0c182f1fc982fe3c6564c5958a4d2f2bc5502eb769818f00a1469039503d58d,Processed 128 x 128 dye-grid image
processed_data/dye_grids/beef/beef_portion28_day3_rep3.png,processed data,16739,411ef943bc16f95ff733359f9d2c8d83692515587d87b8bb3278a03ba53d0afa,Processed 128 x 128 dye-grid image
processed_data/dye_grids/beef/beef_portion28_day4_rep1.png,processed data,17049,ae6ba367d2a50ae4ef83e065fcdd7a72363b85c385a095cd09687be222f23951,Processed 128 x 128 dye-grid image
processed_data/dye_grids/beef/beef_portion28_day4_rep2.png,processed data,16928,2e48f68d9c4ef71e79ccbe4a248ab5a9e55118375c7b89044e966d93b5b52fdb,Processed 128 x 128 dye-grid image
processed_data/dye_grids/beef/beef_portion28_day4_rep3.png,processed data,17194,b5612307430e6c63cbe4af51d6ea48f999d6163a0198c2de5b1d3c3846a73d0d,Processed 128 x 128 dye-grid image
processed_data/dye_grids/beef/beef_portion28_day5_rep1.png,processed data,15851,c90156ae9d70e2ab69702773b845e1df67392308cccfef715f59e43592aa463d,Processed 128 x 128 dye-grid image
processed_data/dye_grids/beef/beef_portion28_day5_rep2.png,processed data,16491,5c2e6514c06a68920e31cfffe69f6e1dc4f394f85a854856dea5fc37fbaca4f8,Processed 128 x 128 dye-grid image
processed_data/dye_grids/beef/beef_portion28_day5_rep3.png,processed data,16205,80bc33fcbd2864b3f227291dda1239c4770f00f60a53f34dc636fb720681f26b,Processed 128 x 128 dye-grid image
processed_data/dye_grids/beef/beef_portion28_day6_rep1.png,processed data,13918,745577df51e289bae4f82989f5a3d2c1dd3d885932b2e94209c3010099f9307a,Processed 128 x 128 dye-grid image
processed_data/dye_grids/beef/beef_portion28_day6_rep2.png,processed data,14628,ab65d12be27a0ce87d7fad24b20486eb4268e9a5aadb158faff252fe4e07d450,Processed 128 x 128 dye-grid image
processed_data/dye_grids/beef/beef_portion28_day6_rep3.png,processed data,14124,18f37de633a0e5fb15acb7db4cffbe60523fb593a25ee1c07398c7c26b5f6644,Processed 128 x 128 dye-grid image
processed_data/dye_grids/beef/beef_portion29_day0_rep1.png,processed data,17387,c6b1c2afb2fcf09070be32b02f7d92696632bf1056f45de717e2427b96c8627b,Processed 128 x 128 dye-grid image
processed_data/dye_grids/beef/beef_portion29_day0_rep2.png,processed data,16590,46567f10fb20f7b6616045a8e5be88a59a05d84dbd0540aca71052a2df9108fe,Processed 128 x 128 dye-grid image
processed_data/dye_grids/beef/beef_portion29_day0_rep3.png,processed data,16546,39bb6e05cefb88d68f4c119e8b1969318bcb0cfbeabc0e00124387dfca816443,Processed 128 x 128 dye-grid image
processed_data/dye_grids/beef/beef_portion29_day1_rep1.png,processed data,15262,64fd15f5f4eb1264a03d84b366d408252748f2698ab263adb3a4f01707c20943,Processed 128 x 128 dye-grid image
processed_data/dye_grids/beef/beef_portion29_day1_rep2.png,processed data,16155,b7ebd357211080cf87f748eb8b98c1aa29cac92db6e179ef608219672de447ca,Processed 128 x 128 dye-grid image
processed_data/dye_grids/beef/beef_portion29_day1_rep3.png,processed data,15474,c122766d4ec5c05cdefb80d10e4b1c760ae4ae1b32590f0e2d156c5e08bdf0d5,Processed 128 x 128 dye-grid image
processed_data/dye_grids/beef/beef_portion29_day2_rep1.png,processed data,14822,edf935ba1b2088f480cdc698c03538eb7205114c3595172275271f3fd84438df,Processed 128 x 128 dye-grid image
processed_data/dye_grids/beef/beef_portion29_day2_rep2.png,processed data,15615,b05461f9a9b7c0b1bd3af53eeac50b9fabcab9f5c7b02f3348fa3f3050e3b52a,Processed 128 x 128 dye-grid image
processed_data/dye_grids/beef/beef_portion29_day2_rep3.png,processed data,15781,35651b06fbc2a3172b75c9d7e48bd4e6ad559bf7045066051ba499b791ffd52a,Processed 128 x 128 dye-grid image
processed_data/dye_grids/beef/beef_portion29_day3_rep1.png,processed data,16412,0be7ea2719b534640688d334f90a0d31e41c6b5643f45bf6ac443bde7e230388,Processed 128 x 128 dye-grid image
processed_data/dye_grids/beef/beef_portion29_day3_rep2.png,processed data,16149,bac0a41a32467a91c3e38dd78ac51037bfc3ed23903c0d631e7e627c5c7d271a,Processed 128 x 128 dye-grid image
processed_data/dye_grids/beef/beef_portion29_day3_rep3.png,processed data,15810,bda7f9a469e5a960fb1692f705378ad9c7d56c3c6e2e6fac8c3bf545c757c67c,Processed 128 x 128 dye-grid image
processed_data/dye_grids/beef/beef_portion29_day4_rep1.png,processed data,16558,61dfb9c739e294cede06ca0d353673aa45fe2919661170a96f80779b2349e136,Processed 128 x 128 dye-grid image
processed_data/dye_grids/beef/beef_portion29_day4_rep2.png,processed data,17142,93d887cab84c875da57038dac830d74a26c234f2e53713f6aa382695c90f50d7,Processed 128 x 128 dye-grid image
processed_data/dye_grids/beef/beef_portion29_day4_rep3.png,processed data,16634,eb43757d1d73fa20712f63c6a88bcde159e533ac8df5fecda181be362a2582a8,Processed 128 x 128 dye-grid image
processed_data/dye_grids/beef/beef_portion29_day5_rep1.png,processed data,15901,80c56e3d7a484a098035f26aca3a579d6f1c078169d285632445270e003c31af,Processed 128 x 128 dye-grid image
processed_data/dye_grids/beef/beef_portion29_day5_rep2.png,processed data,16374,8eb6e6dd15e7a3ed8dca44e8a9567142a21c893e5c3721dea3fcc6bcfdd64323,Processed 128 x 128 dye-grid image
processed_data/dye_grids/beef/beef_portion29_day5_rep3.png,processed data,16881,954b19fa3f45b6fe5c1c5a75aab1b72cd0b881e6a85cacefd99e252813b5228e,Processed 128 x 128 dye-grid image
processed_data/dye_grids/beef/beef_portion29_day6_rep1.png,processed data,15046,4f4846022eacc95d327ddefd5ceac0a98d0453e94096ff2a651d161f2489b977,Processed 128 x 128 dye-grid image
processed_data/dye_grids/beef/beef_portion29_day6_rep2.png,processed data,15448,ace8f576387ebdacdda3a98adf530c9120025a6fe82f65602ed88a1cae49ce6e,Processed 128 x 128 dye-grid image
processed_data/dye_grids/beef/beef_portion29_day6_rep3.png,processed data,15648,3492d0eca9483aca7acea316ca1a455f7389aef1125b4dfcd55913cea462b725,Processed 128 x 128 dye-grid image
processed_data/dye_grids/beef/beef_portion30_day0_rep1.png,processed data,16498,301f178c6046c6eca9f9aae26bb4a0e96a085277ec5b1f348a3701ad62e631c5,Processed 128 x 128 dye-grid image
processed_data/dye_grids/beef/beef_portion30_day0_rep2.png,processed data,14454,de0d7a52f3878307fa6942c8e8ed9598ac81870c69b218fbfe77c1fab9861ab4,Processed 128 x 128 dye-grid image
processed_data/dye_grids/beef/beef_portion30_day0_rep3.png,processed data,16733,cabccfc1bd5635f4202a7e108ee278fb99a28614aaeeb708a505583d86f38a87,Processed 128 x 128 dye-grid image
processed_data/dye_grids/beef/beef_portion30_day1_rep1.png,processed data,16242,951c553998ab444d0c3deb43ba9dcf0d2fe5a9652d7bf8cf11c2ca511d1edf53,Processed 128 x 128 dye-grid image
processed_data/dye_grids/beef/beef_portion30_day1_rep2.png,processed data,16979,98f9cfc0c99244c8fefbad70aa213826cbfef7911fd333ebbe0e6d72ebc0b3c3,Processed 128 x 128 dye-grid image
processed_data/dye_grids/beef/beef_portion30_day1_rep3.png,processed data,16782,d4e470c9587101643f1e683c41a76db9a5ec7bb81fd580e3bd3913e46dfa7e2d,Processed 128 x 128 dye-grid image
processed_data/dye_grids/beef/beef_portion30_day2_rep1.png,processed data,14004,f6fe732a3e230c248f758330ebbcabe85dccb94cc03da81ab35d1cebb036cd07,Processed 128 x 128 dye-grid image
processed_data/dye_grids/beef/beef_portion30_day2_rep2.png,processed data,15309,400d0409fc2675c1c4e579d77aeeadbceb492b32099cc54b9115f3ec76aa1eb7,Processed 128 x 128 dye-grid image
processed_data/dye_grids/beef/beef_portion30_day2_rep3.png,processed data,15730,3596118be19117e0a02a6d1432a3797efa494170e08a90c63274dfba979d6d98,Processed 128 x 128 dye-grid image
processed_data/dye_grids/beef/beef_portion30_day3_rep1.png,processed data,14874,a8677112c1387f8f360d6cf5d37ca09d92d499f2e258817c55217398d83becab,Processed 128 x 128 dye-grid image
processed_data/dye_grids/beef/beef_portion30_day3_rep2.png,processed data,14791,6daf9b7718151c9edbec1b26090d264a0b81fec2c2af4b7df2a58af64cefc528,Processed 128 x 128 dye-grid image
processed_data/dye_grids/beef/beef_portion30_day3_rep3.png,processed data,14257,8195fc213fabec27f2f30fd63d7bdb8db2edf42c5ab83c77cc2ca325e5721c86,Processed 128 x 128 dye-grid image
processed_data/dye_grids/beef/beef_portion30_day4_rep1.png,processed data,17181,014c46906ffb8bcc7745e4f03bedbc3b1999eaed3fe2414c5b213b6b944f2163,Processed 128 x 128 dye-grid image
processed_data/dye_grids/beef/beef_portion30_day4_rep2.png,processed data,16392,f8c86f68a96a47e0cd78e6faaf8bfc7f056c6fa09966c266dabf43900a6cfbae,Processed 128 x 128 dye-grid image
processed_data/dye_grids/beef/beef_portion30_day4_rep3.png,processed data,15244,58064b866d0a072a0f85148585adc4ad011b85cc8d97094e863f0aaa2ffcfea5,Processed 128 x 128 dye-grid image
processed_data/dye_grids/beef/beef_portion30_day5_rep1.png,processed data,15597,0cdcdcd9b18c8a495c7ebef95a520e8f6b3ee235c99084d8b9cad1016c2e0e77,Processed 128 x 128 dye-grid image
processed_data/dye_grids/beef/beef_portion30_day5_rep2.png,processed data,14223,21a41a0f718539bdc2194e7e563c4ec6c2cd1c10abe2861eb6b422df3ede587a,Processed 128 x 128 dye-grid image
processed_data/dye_grids/beef/beef_portion30_day5_rep3.png,processed data,14479,547a1df1f72a2d294bd96b70def55eda3279fcb795b05987442785a7e0a16c6e,Processed 128 x 128 dye-grid image
processed_data/dye_grids/beef/beef_portion30_day6_rep1.png,processed data,15034,ed38734e35ccad16a49fbd55961746075f474ca736c4334ec859a4019c904183,Processed 128 x 128 dye-grid image
processed_data/dye_grids/beef/beef_portion30_day6_rep2.png,processed data,16105,20a53c0ba9f10062a50b361e3789b8c8682f8c243f00ee5ac50a0d984a00d572,Processed 128 x 128 dye-grid image
processed_data/dye_grids/beef/beef_portion30_day6_rep3.png,processed data,14840,4e79bbe42e455e1d9fc56a97c363f0cefc71091c9c7a002f0de23842d74e63a0,Processed 128 x 128 dye-grid image
processed_data/dye_grids/beef/beef_portion31_day0_rep1.png,processed data,17109,d96b9789424da348915733b1b905e123d5d59c1a8d24f913ad1efaee84b4dbfd,Processed 128 x 128 dye-grid image
processed_data/dye_grids/beef/beef_portion31_day0_rep2.png,processed data,16494,359075362fab4c7bf67f0b8e704d2d034c3e344b685e4aec2d260a5c9fa00c74,Processed 128 x 128 dye-grid image
processed_data/dye_grids/beef/beef_portion31_day0_rep3.png,processed data,16590,f6c073e2930837f40e308eae31356516aefea85ee8ba2f20fc5c1ad518a6e4a7,Processed 128 x 128 dye-grid image
processed_data/dye_grids/beef/beef_portion31_day1_rep1.png,processed data,18569,d39d1700ba215d78dcc2144179e68ad3093f5f49468b767983ccaee2bbbdf3fe,Processed 128 x 128 dye-grid image
processed_data/dye_grids/beef/beef_portion31_day1_rep2.png,processed data,18220,615327f76e6f3143b69f645d5b4755628d54a5a6ea289203eef6daf9ddc09f92,Processed 128 x 128 dye-grid image
processed_data/dye_grids/beef/beef_portion31_day1_rep3.png,processed data,17207,0610322bfa20d4e85c3396ab583e1bb263ee3a80d1c13b7d431b6267124e2866,Processed 128 x 128 dye-grid image
processed_data/dye_grids/beef/beef_portion31_day2_rep1.png,processed data,14602,a2af90e74cf80f35c89d9d93b2a0a0fb072768137be026362b4d9fb43dc8cb18,Processed 128 x 128 dye-grid image
processed_data/dye_grids/beef/beef_portion31_day2_rep2.png,processed data,15524,0e03c24844ce5c5d661ea5d2b0abf94e3d4a8ae54443ba0804249853ec5e3979,Processed 128 x 128 dye-grid image
processed_data/dye_grids/beef/beef_portion31_day2_rep3.png,processed data,14383,aa23e7307fe2c6d49bcaf445eb11052852d2be4a48af4c0d8aa355b12ef1f37f,Processed 128 x 128 dye-grid image
processed_data/dye_grids/beef/beef_portion31_day3_rep1.png,processed data,13910,79d11f30e4d3a422eb6e3f3476697e5e2c3a550a6c57aa72c8ba6a1f0333c9da,Processed 128 x 128 dye-grid image
processed_data/dye_grids/beef/beef_portion31_day3_rep2.png,processed data,14879,0a80204829f2f02af3be647533b4563a4b4b8f64eec67070a2cd758ca7e026fd,Processed 128 x 128 dye-grid image
processed_data/dye_grids/beef/beef_portion31_day3_rep3.png,processed data,16547,9d7078baa9f47b4d1592b5404a8c1f0bacd49138f46a92218e64a2f206c715d0,Processed 128 x 128 dye-grid image
processed_data/dye_grids/beef/beef_portion31_day4_rep1.png,processed data,16334,5720b7ea6e31855f1ade02b3fcbea3a02be896d3ee76aa07238761b1a9fa07b3,Processed 128 x 128 dye-grid image
processed_data/dye_grids/beef/beef_portion31_day4_rep2.png,processed data,16856,36e6df6170240ecc0dd96698572716730d7a3c275c372b156571d2749e1eb154,Processed 128 x 128 dye-grid image
processed_data/dye_grids/beef/beef_portion31_day4_rep3.png,processed data,16815,80c60774075b6b23545756dc2ccfb3f94a474313aa2acc4c436a8e35a7c8d381,Processed 128 x 128 dye-grid image
processed_data/dye_grids/beef/beef_portion31_day5_rep1.png,processed data,17586,1c68bca54dd36e3fbab6771d983afa7013d03f9c71a579b2f667da6f9def27b5,Processed 128 x 128 dye-grid image
processed_data/dye_grids/beef/beef_portion31_day5_rep2.png,processed data,15669,7d6062da5776f711696ff91008cf766d1e5b18967530343402b5ddeb4ccdecb9,Processed 128 x 128 dye-grid image
processed_data/dye_grids/beef/beef_portion31_day5_rep3.png,processed data,16979,51757d95aec82328fa7121151a2d74dde381acaa0f363bc4fbd652b0a658b401,Processed 128 x 128 dye-grid image
processed_data/dye_grids/beef/beef_portion31_day6_rep1.png,processed data,15807,eeb91ca4bf8258cb72223be7d94b802e34e35522d3365b3a476f1bd287151439,Processed 128 x 128 dye-grid image
processed_data/dye_grids/beef/beef_portion31_day6_rep2.png,processed data,16349,2126e1847cf249392aba295e26de23cac62a20785b4183727dd6dae2fec480a2,Processed 128 x 128 dye-grid image
processed_data/dye_grids/beef/beef_portion31_day6_rep3.png,processed data,15441,5eacab294ec0aa630884f8d593eb3659b117a31a9e5167a42138fc5c6cd4c493,Processed 128 x 128 dye-grid image
processed_data/dye_grids/beef/beef_portion32_day0_rep1.png,processed data,16476,3ca092a4d6216ba56e24b9033d69ac775beea7b1f46ad0b105ddad7362642f56,Processed 128 x 128 dye-grid image
processed_data/dye_grids/beef/beef_portion32_day0_rep2.png,processed data,16778,b80719fbe513175c2c9cd01aace4e9a9c6304628868c3f3349de04199dcd4fa9,Processed 128 x 128 dye-grid image
processed_data/dye_grids/beef/beef_portion32_day0_rep3.png,processed data,16713,1218fc7ea534b5b4c07761a5a7576b0e1523a6a5387a3a918007b44ac6b673b1,Processed 128 x 128 dye-grid image
processed_data/dye_grids/beef/beef_portion32_day1_rep1.png,processed data,14905,8a0e60ec4e71b47adb9a9b30040d5362f6c1ae5c57d8e4ed43ed905ab31162a7,Processed 128 x 128 dye-grid image
processed_data/dye_grids/beef/beef_portion32_day1_rep2.png,processed data,16569,c413253d750390b23e38adce6073f2dba7ce5b06c8fc9f4c9b19a5534ec82f61,Processed 128 x 128 dye-grid image
processed_data/dye_grids/beef/beef_portion32_day1_rep3.png,processed data,16134,55a26c40dc5c8bdfe47ae5964607ec4407ef0ccef8ea252801a9779e00e495ae,Processed 128 x 128 dye-grid image
processed_data/dye_grids/beef/beef_portion32_day2_rep1.png,processed data,14503,a037d539e3cbba8793f3d4729f54f5604b0dd5e0943308ba82e93a6a3a6366dc,Processed 128 x 128 dye-grid image
processed_data/dye_grids/beef/beef_portion32_day2_rep2.png,processed data,15108,3f9cf44ebdea6a1117d75c5a2280f7e6973393e97178fb85562a5f9ce5d4de67,Processed 128 x 128 dye-grid image
processed_data/dye_grids/beef/beef_portion32_day2_rep3.png,processed data,14720,41709beff9508943b459a411d571587d17b70fef25167cd393e07e96a6dc8c2c,Processed 128 x 128 dye-grid image
processed_data/dye_grids/beef/beef_portion32_day3_rep1.png,processed data,16998,8f0f8ff5f7d56a8336ec052d992ed7545f81fa313b1b73f6594a30f767c54281,Processed 128 x 128 dye-grid image
processed_data/dye_grids/beef/beef_portion32_day3_rep2.png,processed data,15923,6c4b46f08d6cfc4fe29909b850a7a147eebd84ca78a17718ba41813b056e7847,Processed 128 x 128 dye-grid image
processed_data/dye_grids/beef/beef_portion32_day3_rep3.png,processed data,16228,4d1f079371274f29724e37efdc11850eb9825405bd04a68008fabaa49d117234,Processed 128 x 128 dye-grid image
processed_data/dye_grids/beef/beef_portion32_day4_rep1.png,processed data,15900,fcae163631ca5d95d22639eaec7b1938a116d77c7d1aaae1cac45d3a1731c8a2,Processed 128 x 128 dye-grid image
processed_data/dye_grids/beef/beef_portion32_day4_rep2.png,processed data,16495,802913ae2fc6b5c3eeb194eb1c8c8a5fe048f4043184661a14089ba5aacbc04e,Processed 128 x 128 dye-grid image
processed_data/dye_grids/beef/beef_portion32_day4_rep3.png,processed data,16378,6234c0587805a7bb448d15140ea5d4653822bcc97ece13d52e9acf247d869d40,Processed 128 x 128 dye-grid image
processed_data/dye_grids/beef/beef_portion32_day5_rep1.png,processed data,14125,86866d844fdb84b69480e6b134923fc53106b898cd4ce01664cf30d19fdff399,Processed 128 x 128 dye-grid image
processed_data/dye_grids/beef/beef_portion32_day5_rep2.png,processed data,13615,4fc327cf6374e1164016d34ad037c11de8a2063224741d319e589eca32ca43c8,Processed 128 x 128 dye-grid image
processed_data/dye_grids/beef/beef_portion32_day5_rep3.png,processed data,14027,4ac073fc35adac66a5d96dcf2004c8e690fb7d4feb15e850b2def5626793daef,Processed 128 x 128 dye-grid image
processed_data/dye_grids/beef/beef_portion32_day6_rep1.png,processed data,14199,cf6c8c3e43ce5bb5dcf7cfb821f322a8ff972d347a0ffe295de7d197c69a1079,Processed 128 x 128 dye-grid image
processed_data/dye_grids/beef/beef_portion32_day6_rep2.png,processed data,14325,bd23e0b39104a36312ef50949b9429c616e75c39a9b404414a51ffe370cf79db,Processed 128 x 128 dye-grid image
processed_data/dye_grids/beef/beef_portion32_day6_rep3.png,processed data,14427,62ddc353898c329c412041df6e3eb033648cf5c2f0813d1aca0143941d343834,Processed 128 x 128 dye-grid image
processed_data/dye_grids/beef/beef_portion33_day0_rep1.png,processed data,16229,ab6f82088ae6d77803f2a4cbb6243a531165a1a94de4f941c4da86b1788c4cb6,Processed 128 x 128 dye-grid image
processed_data/dye_grids/beef/beef_portion33_day0_rep2.png,processed data,17381,b5e08fd9bac6e80ebc27b0d5804ce908eaa2935d904c7e3e9d3bcdffdd9def43,Processed 128 x 128 dye-grid image
processed_data/dye_grids/beef/beef_portion33_day0_rep3.png,processed data,17170,e1b65e8022d3811ad22d6ca411e103e7b8bd3cf8ecac431d09a6449805bec015,Processed 128 x 128 dye-grid image
processed_data/dye_grids/beef/beef_portion33_day1_rep1.png,processed data,15393,584f6d26e52e4ef322675c5a4aecbb6456a7a3f55cb3063c41b7dd9061b9188b,Processed 128 x 128 dye-grid image
processed_data/dye_grids/beef/beef_portion33_day1_rep2.png,processed data,15556,43e20356aa13d433ee413c9d1b14fc09686a7159b71383e2a96f9906d63652e2,Processed 128 x 128 dye-grid image
processed_data/dye_grids/beef/beef_portion33_day1_rep3.png,processed data,16254,de1c78514e2e4cdea43348b55fda1b7dafae1cf1f2719f2cec491ee69908f8fe,Processed 128 x 128 dye-grid image
processed_data/dye_grids/beef/beef_portion33_day2_rep1.png,processed data,13834,e4b36c2aac5a05d9c1445261e46c08f5f2028967bc1c7880adb9ace5269fe403,Processed 128 x 128 dye-grid image
processed_data/dye_grids/beef/beef_portion33_day2_rep2.png,processed data,14456,c2c8aee010d8ba24d1c232a4441f3cb4380a71875a8eb1f2c4b4a67610a5de9e,Processed 128 x 128 dye-grid image
processed_data/dye_grids/beef/beef_portion33_day2_rep3.png,processed data,14708,4fcdec4eaa57a1bef78b81b6e9105f4d88734d06e12b5d1cccb4d8e419132012,Processed 128 x 128 dye-grid image
processed_data/dye_grids/beef/beef_portion33_day3_rep1.png,processed data,14141,2955f02b1da87e144cfe7bd2fc6f0ad478828a33bba7d2cb72f03dcaa81409b3,Processed 128 x 128 dye-grid image
processed_data/dye_grids/beef/beef_portion33_day3_rep2.png,processed data,14553,748a4182a5dd442092a9a76c2faa660a2edf9ad4974502e58b00360ec66ef711,Processed 128 x 128 dye-grid image
processed_data/dye_grids/beef/beef_portion33_day3_rep3.png,processed data,14593,57fe4b9e502af934d9675b6401af6addad0b0ef91ad2ebf4c24018d854ffd35d,Processed 128 x 128 dye-grid image
processed_data/dye_grids/beef/beef_portion33_day4_rep1.png,processed data,16266,5ddba4ed6eb7cd4f3516d6d65a8dd7cbb1a00b1cea071395fdf52aa16d1d6fe7,Processed 128 x 128 dye-grid image
processed_data/dye_grids/beef/beef_portion33_day4_rep2.png,processed data,16142,c21e2798e7da21aabcb4514c9cf4f61baf535aaab27600cf778a6493fd3a1251,Processed 128 x 128 dye-grid image
processed_data/dye_grids/beef/beef_portion33_day4_rep3.png,processed data,16873,17b2d1a4ece1f4903f6cd6e11f0e10a372746c148504309ac63324f227d2b7de,Processed 128 x 128 dye-grid image
processed_data/dye_grids/beef/beef_portion33_day5_rep1.png,processed data,16259,15c669d01815b2419540a6c6ca58ceb95f09027269fcdba10f989d6193b41771,Processed 128 x 128 dye-grid image
processed_data/dye_grids/beef/beef_portion33_day5_rep2.png,processed data,15756,c56688020e3c61e035914dcb6ffb44cb696d1fd7cd776633a584339d6e3fd75f,Processed 128 x 128 dye-grid image
processed_data/dye_grids/beef/beef_portion33_day5_rep3.png,processed data,15912,6e57b339cdbd8fc7da1691fee1bfc7b1ac5c04549199bcba9160e464bb7b26a9,Processed 128 x 128 dye-grid image
processed_data/dye_grids/beef/beef_portion33_day6_rep1.png,processed data,14700,0bfb61b139e8d27b6eecb95e262f7ffea225f64a254f0d5d48f368873586833e,Processed 128 x 128 dye-grid image
processed_data/dye_grids/beef/beef_portion33_day6_rep2.png,processed data,15501,554d5becdca3945e90a6530ad41414c6eb87bb5fbdde7ae361fca1135e07bc00,Processed 128 x 128 dye-grid image
processed_data/dye_grids/beef/beef_portion33_day6_rep3.png,processed data,14672,1e84d6820f8f9c6ee8c2f013835879048037692fa2a839d5f3621f2448c52324,Processed 128 x 128 dye-grid image
processed_data/dye_grids/beef/beef_portion34_day0_rep1.png,processed data,16546,47035719f2c67f4c058a21b82d1eceea139c603e15bd708a253dbbafade26b28,Processed 128 x 128 dye-grid image
processed_data/dye_grids/beef/beef_portion34_day0_rep2.png,processed data,16856,44527f726cefbc585ada08bc0da327d52d25b20258c6f87c60aa5b23db7691b7,Processed 128 x 128 dye-grid image
processed_data/dye_grids/beef/beef_portion34_day0_rep3.png,processed data,16904,25c482efa8bb0b86069b24db9a28ff60e26db716a0d8c81bc4028d517a686e4f,Processed 128 x 128 dye-grid image
processed_data/dye_grids/beef/beef_portion34_day1_rep1.png,processed data,16625,8fa3c9fec5def125b5fcd50488900288b0befa611122b5a4a5dba6c1f13b6e97,Processed 128 x 128 dye-grid image
processed_data/dye_grids/beef/beef_portion34_day1_rep2.png,processed data,16903,53adbef972144814ba1533fc11694fda2c3015417721850abf44273386427347,Processed 128 x 128 dye-grid image
processed_data/dye_grids/beef/beef_portion34_day1_rep3.png,processed data,16767,a22aa5f4b643092c474f49eec9b3f70769ea3067334aabd007005af066acc40b,Processed 128 x 128 dye-grid image
processed_data/dye_grids/beef/beef_portion34_day2_rep1.png,processed data,15961,5099e2c0eda557fe7ef15346c00415da53af07e7372c2b606d2cd82b4855adbd,Processed 128 x 128 dye-grid image
processed_data/dye_grids/beef/beef_portion34_day2_rep2.png,processed data,15067,e085632dae8fcbec9a600aa354a05518996a7ff6ca68062f7e78c2aeb76be3b6,Processed 128 x 128 dye-grid image
processed_data/dye_grids/beef/beef_portion34_day2_rep3.png,processed data,15738,21643c995dd39d9721f299eedd2819062d72f161364d51c136a16e4c425be09a,Processed 128 x 128 dye-grid image
processed_data/dye_grids/beef/beef_portion34_day3_rep1.png,processed data,15654,33b8649772c28b7144f7caa7fbc39d7f55b679072473aabf9b14d11457431452,Processed 128 x 128 dye-grid image
processed_data/dye_grids/beef/beef_portion34_day3_rep2.png,processed data,15520,67c488564052ef96a3f28f757fab5d1cc3948c07b0625fd2855957317fa425b8,Processed 128 x 128 dye-grid image
processed_data/dye_grids/beef/beef_portion34_day3_rep3.png,processed data,14626,ee13277107fbc0201f9e7b5f85ad1130a8d5191128f43b6b56cd89be2bd14dd1,Processed 128 x 128 dye-grid image
processed_data/dye_grids/beef/beef_portion34_day4_rep1.png,processed data,16960,15c5f30d134348845e67cb29a0f13e3c11a4ce1c3528ab05dd30d0ee508d376b,Processed 128 x 128 dye-grid image
processed_data/dye_grids/beef/beef_portion34_day4_rep2.png,processed data,16594,9ee9f15f2d3b4428cb9d159f4ca00d510c69bcb56d436754d386dfb07d5f97df,Processed 128 x 128 dye-grid image
processed_data/dye_grids/beef/beef_portion34_day4_rep3.png,processed data,17230,9b015c07fc2726d6edddc181970085368e10651962fe4a27f1b6e4c3f03efa59,Processed 128 x 128 dye-grid image
processed_data/dye_grids/beef/beef_portion34_day5_rep1.png,processed data,14843,b104b7f602e5566b4412bbefbd45b1b26e71a59b4e55ab656c8e773a1d9e0c5c,Processed 128 x 128 dye-grid image
processed_data/dye_grids/beef/beef_portion34_day5_rep2.png,processed data,16213,96926cd96386772b2297ccdc056ecf086da587dcc4dc1126549cab4f9c91463f,Processed 128 x 128 dye-grid image
processed_data/dye_grids/beef/beef_portion34_day5_rep3.png,processed data,15326,4632a920c1eb08b56cdb9e5db93dded22abfd5f8bf768deac422e163950a0a81,Processed 128 x 128 dye-grid image
processed_data/dye_grids/beef/beef_portion34_day6_rep1.png,processed data,15448,f739caa579c40f90e29e322ea348565c2a994ea3fd01c021e3c40ded9587a390,Processed 128 x 128 dye-grid image
processed_data/dye_grids/beef/beef_portion34_day6_rep2.png,processed data,16529,5687ec37f8a8dd45c7536cb025507a56ffe51af4035883a4000661637e39339c,Processed 128 x 128 dye-grid image
processed_data/dye_grids/beef/beef_portion34_day6_rep3.png,processed data,15871,00bfaedfe87452ced3de149c51191b9dece6f54e708864eef2ad45bca625ca98,Processed 128 x 128 dye-grid image
processed_data/dye_grids/beef/beef_portion35_day0_rep1.png,processed data,16673,7e3b57e327e6b6478563ed01f7b8950911f2912bcc7f152c1a8cec258821bd81,Processed 128 x 128 dye-grid image
processed_data/dye_grids/beef/beef_portion35_day0_rep2.png,processed data,17422,22c86467b2d8cadda445cd18d97c607fa144ff239400a89b7b38b5c0bd33ce7c,Processed 128 x 128 dye-grid image
processed_data/dye_grids/beef/beef_portion35_day0_rep3.png,processed data,17173,c27e73dfe5e48a13a9d7e59b76ffca5f70e1a288d2ec2143678ca3b7be1cc40a,Processed 128 x 128 dye-grid image
processed_data/dye_grids/beef/beef_portion35_day1_rep1.png,processed data,16581,36a9972cef7fff6e1a5fd7d67c1b9db8fe64d701063ffcd67f77c6ad37217c83,Processed 128 x 128 dye-grid image
processed_data/dye_grids/beef/beef_portion35_day1_rep2.png,processed data,16691,df30498105c01ac6d697f51637fedc6822fec1955a4d6be0ab10f3885fe27d07,Processed 128 x 128 dye-grid image
processed_data/dye_grids/beef/beef_portion35_day1_rep3.png,processed data,16082,fc8ca711b480263e736d0031e175fcafaa3e078b191621d5e3e5e341883f949f,Processed 128 x 128 dye-grid image
processed_data/dye_grids/beef/beef_portion35_day2_rep1.png,processed data,13853,7a42ec74b9437156b0451470ad48518f393bb5ed837a7d42914f4fd12aff0f1e,Processed 128 x 128 dye-grid image
processed_data/dye_grids/beef/beef_portion35_day2_rep2.png,processed data,13263,c1ce2e7fb46418d5d80100425c6ac1efb46394183c5dc2e204eecaf7ce98868d,Processed 128 x 128 dye-grid image
processed_data/dye_grids/beef/beef_portion35_day2_rep3.png,processed data,13871,d4f236371c99661af15f89fc3802a3d2969df2744512e26fae49f3815752ab4c,Processed 128 x 128 dye-grid image
processed_data/dye_grids/beef/beef_portion35_day3_rep1.png,processed data,16561,0242ea4ad0001f6a34143439646fbbabcb2b22ff8472b5fe72de87b95fb10ad8,Processed 128 x 128 dye-grid image
processed_data/dye_grids/beef/beef_portion35_day3_rep2.png,processed data,17073,e930b8ef4bd3e570e0e6cf6824769efcac82f757eca363ed3f6f4354c594b972,Processed 128 x 128 dye-grid image
processed_data/dye_grids/beef/beef_portion35_day3_rep3.png,processed data,16525,b474dafb67b4a6d4c117920c00c37d1c94b4e2cff86190fcbfd623479f1033ab,Processed 128 x 128 dye-grid image
processed_data/dye_grids/beef/beef_portion35_day4_rep1.png,processed data,15894,982e7d6c9ffe02d23a12377a8e225e7f797186a19a4070a3e426bd67b06ccba1,Processed 128 x 128 dye-grid image
processed_data/dye_grids/beef/beef_portion35_day4_rep2.png,processed data,16211,8b7f5e5f0b3a2a8c849c6d9c2c18ddea19e03141aa3cdc70320952c843cbe991,Processed 128 x 128 dye-grid image
processed_data/dye_grids/beef/beef_portion35_day4_rep3.png,processed data,16207,aa1b56aaf0093a2baa839ae32e7faf16ffda0d18ffd2d1050aa13fc211e1d790,Processed 128 x 128 dye-grid image
processed_data/dye_grids/beef/beef_portion35_day5_rep1.png,processed data,15702,ca91a594c7f289c73feb26a14e45a6d7b01f32f54453b69f54ca84698cc0ecbc,Processed 128 x 128 dye-grid image
processed_data/dye_grids/beef/beef_portion35_day5_rep2.png,processed data,15596,38f681b8e3f9123bfb6cb3274511286c00dd71d4a30b7ab2cd1d4b84fc8bd7dc,Processed 128 x 128 dye-grid image
processed_data/dye_grids/beef/beef_portion35_day5_rep3.png,processed data,15066,5513f0adac98cbe6b86a075e8af2eb23758fbb033d7bda4203ca80185b1cf419,Processed 128 x 128 dye-grid image
processed_data/dye_grids/beef/beef_portion35_day6_rep1.png,processed data,15067,bf209035d982b1cb3ba81b7e0e89fe4c577e3f635719d871665e9706db67889d,Processed 128 x 128 dye-grid image
processed_data/dye_grids/beef/beef_portion35_day6_rep2.png,processed data,15347,a65be319bd0df8c63fdbbfdacb0d476cf109508de06b83a46190a0dc1a79ee0f,Processed 128 x 128 dye-grid image
processed_data/dye_grids/beef/beef_portion35_day6_rep3.png,processed data,14832,5df7773cde5149803500fe92dc1ba7399c4470b281594d08b9434d169d31273d,Processed 128 x 128 dye-grid image
processed_data/dye_grids/beef/beef_portion36_day0_rep1.png,processed data,17500,e3f73b69a6ce514e121e89062db76ad8f131ec9321e1e5889b5518b06b4a1c57,Processed 128 x 128 dye-grid image
processed_data/dye_grids/beef/beef_portion36_day0_rep2.png,processed data,17139,47c646d50416ea72cf5d91e03986609c3973483bf8dd988579824ff1047a2f01,Processed 128 x 128 dye-grid image
processed_data/dye_grids/beef/beef_portion36_day0_rep3.png,processed data,15436,745e2d681f04aba401fd6cb47f97bd50f68fb3bb28ea9bceafb501e7afb5104e,Processed 128 x 128 dye-grid image
processed_data/dye_grids/beef/beef_portion36_day1_rep1.png,processed data,15655,c969fad46212274841a56a5473074fea9b6801c950377c0c8df04d52d34eb6f8,Processed 128 x 128 dye-grid image
processed_data/dye_grids/beef/beef_portion36_day1_rep2.png,processed data,15440,8a21aea8844b039e70cc92ac0d7e28f6fb0b74ace7b0e9426211600ff6253db1,Processed 128 x 128 dye-grid image
processed_data/dye_grids/beef/beef_portion36_day1_rep3.png,processed data,15118,2d81ce60d7ed9e986e7485fd8624d22ffa1a97b697162290c25d4e528cee209e,Processed 128 x 128 dye-grid image
processed_data/dye_grids/beef/beef_portion36_day2_rep1.png,processed data,13833,90a85346dffdf6dcd7bfd0b3581d5a72780ab5bed36bd7d832cab02d9769f6ab,Processed 128 x 128 dye-grid image
processed_data/dye_grids/beef/beef_portion36_day2_rep2.png,processed data,14285,df640960abedbda4f3b7223758e2a532a742837f8e348d9adfb7809db0de8c89,Processed 128 x 128 dye-grid image
processed_data/dye_grids/beef/beef_portion36_day2_rep3.png,processed data,14208,441f7068b961fa04ec06aca5dd4ca84e8f9501b54b94559d1d87f858cc2f82c9,Processed 128 x 128 dye-grid image
processed_data/dye_grids/beef/beef_portion36_day3_rep1.png,processed data,15709,6869c3d6e0ceeb0feedad2aaf5a6b15cbdfe243baa7752a7aef98fb98dd6c6c9,Processed 128 x 128 dye-grid image
processed_data/dye_grids/beef/beef_portion36_day3_rep2.png,processed data,15027,a181aa13f61204b6069106bf2eb69d5b9f4a1f6f502e63fbc9a736cbfb57df73,Processed 128 x 128 dye-grid image
processed_data/dye_grids/beef/beef_portion36_day3_rep3.png,processed data,15733,4b40c13fb7386045d9a34b029975c587076cbeccabc03300523bc8f535fb3506,Processed 128 x 128 dye-grid image
processed_data/dye_grids/beef/beef_portion36_day4_rep1.png,processed data,17089,becc1df5af208b30af097df57b26b7d1ba0147676a8fa9f76419b6152f809b0a,Processed 128 x 128 dye-grid image
processed_data/dye_grids/beef/beef_portion36_day4_rep2.png,processed data,17831,66fa285ec00ed8211b016e3fc7cac3efffcf42a35438abb645c58e6298c3daab,Processed 128 x 128 dye-grid image
processed_data/dye_grids/beef/beef_portion36_day4_rep3.png,processed data,17106,7efb91053fa2cdfc0b5a1e687a859c9b2079c009e007a96d8478585aa4a69549,Processed 128 x 128 dye-grid image
processed_data/dye_grids/beef/beef_portion36_day5_rep1.png,processed data,15927,9d285524dc0a415942d4f509ee9c2b26aa1e076c60a2c6c050862999064dc0f9,Processed 128 x 128 dye-grid image
processed_data/dye_grids/beef/beef_portion36_day5_rep2.png,processed data,16941,aa5c444ffe9fc1adc7fdb75c59016d45a1e376c966a7991fdc95726c5347e248,Processed 128 x 128 dye-grid image
processed_data/dye_grids/beef/beef_portion36_day5_rep3.png,processed data,16931,29e6c4f3d70a13b8c1efd5db99f80ee0bb8243deebf75514125d670099470362,Processed 128 x 128 dye-grid image
processed_data/dye_grids/beef/beef_portion36_day6_rep1.png,processed data,14830,47e7ce44d028428a2fd33a1fd2dd4f00d07fc695dff5d24d1e89d3b06562a44d,Processed 128 x 128 dye-grid image
processed_data/dye_grids/beef/beef_portion36_day6_rep2.png,processed data,14328,50ab3d3da7305c01793d79d9f75579cafc06acbbce36138bbdc60bb9660ad756,Processed 128 x 128 dye-grid image
processed_data/dye_grids/beef/beef_portion36_day6_rep3.png,processed data,14111,1f5885ba6357114cf4852b14336f0126526aef337e09bc0e5c227ca96abf7a4d,Processed 128 x 128 dye-grid image
processed_data/dye_grids/beef/beef_portion37_day0_rep1.png,processed data,16941,57e39ebadba28ca9be7511b5e9e5a78820aaec775ce312db2f9c5b4bb05aff9f,Processed 128 x 128 dye-grid image
processed_data/dye_grids/beef/beef_portion37_day0_rep2.png,processed data,17097,e1eae004fd5a1fcc1c837827c3ed2aded108f8dfb83c115d9ea3cde1fbddcb27,Processed 128 x 128 dye-grid image
processed_data/dye_grids/beef/beef_portion37_day0_rep3.png,processed data,18703,7bf309123f8863f21b532ccfaa526a02532cbbb3299acc845ec49a90b8a5a936,Processed 128 x 128 dye-grid image
processed_data/dye_grids/beef/beef_portion37_day1_rep1.png,processed data,15882,cca94ab9cebcb928e98f48a80aa37b202ba0ded24eb61fb0db10b9183153affb,Processed 128 x 128 dye-grid image
processed_data/dye_grids/beef/beef_portion37_day1_rep2.png,processed data,15562,3e59d5adcb5006cfff3bf3d68abe2b913cc55ed2cb5036118248f645bfc014db,Processed 128 x 128 dye-grid image
processed_data/dye_grids/beef/beef_portion37_day1_rep3.png,processed data,16194,5b2a7ccab39bdee2d62daf04d2296b65ac7203b46565e2d6e3ad276692f8a0a5,Processed 128 x 128 dye-grid image
processed_data/dye_grids/beef/beef_portion37_day2_rep1.png,processed data,14840,0ac25ed712f605282459b87b34bd7fa1f28c7ed8dcedaa58ee1fb15f1f313c1a,Processed 128 x 128 dye-grid image
processed_data/dye_grids/beef/beef_portion37_day2_rep2.png,processed data,14055,d357567185bb2d50bd7b024e3aeee91f4dedb70b5f35bb0fd86212e0c30d94ed,Processed 128 x 128 dye-grid image
processed_data/dye_grids/beef/beef_portion37_day2_rep3.png,processed data,13770,b4ad890ba61e4912a51df3a0c5b9ef3023c38722afc251b0c5da786c31c3ae69,Processed 128 x 128 dye-grid image
processed_data/dye_grids/beef/beef_portion37_day3_rep1.png,processed data,16565,f8e2035a3c74c21bef04be962c162746a6e664fe83c995afe26864e441930871,Processed 128 x 128 dye-grid image
processed_data/dye_grids/beef/beef_portion37_day3_rep2.png,processed data,16558,18d3391885275eb742f648ac6accb5e9e5a45c3a46ba7c6d58285752947bb7e8,Processed 128 x 128 dye-grid image
processed_data/dye_grids/beef/beef_portion37_day3_rep3.png,processed data,16029,03331e7598e784578ceb7efb85c46dfb30ae367989ef638ee96111bfd1d36a7e,Processed 128 x 128 dye-grid image
processed_data/dye_grids/beef/beef_portion37_day4_rep1.png,processed data,16363,88192d8423cdd0f4e72e1c98d1e0f24c7dcdad7fcbe0e265122e24499901b386,Processed 128 x 128 dye-grid image
processed_data/dye_grids/beef/beef_portion37_day4_rep2.png,processed data,16617,07f68e24027eeb375534778fcf63976b9ae1bd8af4b6c7335c190fb15c35a9a1,Processed 128 x 128 dye-grid image
processed_data/dye_grids/beef/beef_portion37_day4_rep3.png,processed data,16111,7796bde03d04836d16923c1156c4b9d378269507d26fac950e8f8009154052cf,Processed 128 x 128 dye-grid image
processed_data/dye_grids/beef/beef_portion37_day5_rep1.png,processed data,14461,eb6c48eaf954eca73205e945af077dddf092078b56e41d88e8e957803405260c,Processed 128 x 128 dye-grid image
processed_data/dye_grids/beef/beef_portion37_day5_rep2.png,processed data,14333,09f65066459cb7b1d2aaedd4320f8ce97dd80bbb3e6b41b80fee974ce45416ef,Processed 128 x 128 dye-grid image
processed_data/dye_grids/beef/beef_portion37_day5_rep3.png,processed data,14699,f8bfeb4e62be2da4f5a9549caa49908b2551f3f328a38425988a16124229ee94,Processed 128 x 128 dye-grid image
processed_data/dye_grids/beef/beef_portion37_day6_rep1.png,processed data,13520,44ea80a3402d016eaf790e21edb785ef3c60e8fe8f4555d365f733d2f3d062b9,Processed 128 x 128 dye-grid image
processed_data/dye_grids/beef/beef_portion37_day6_rep2.png,processed data,13675,a7536ae2d2e02a7eb2a1e7968676c7f85162262de30739a0c309484babafbba3,Processed 128 x 128 dye-grid image
processed_data/dye_grids/beef/beef_portion37_day6_rep3.png,processed data,14352,9c0cabc9a3919c9a55ca0fc0b278f2a828b0519f2f005798a395db6de78500f5,Processed 128 x 128 dye-grid image
processed_data/dye_grids/beef/beef_portion38_day0_rep1.png,processed data,15907,86d525b43a68cfa3139b1f67387bf96b906e05b773fe6d47f0b9cfbf6881410d,Processed 128 x 128 dye-grid image
processed_data/dye_grids/beef/beef_portion38_day0_rep2.png,processed data,16288,56e6ca04be9c3e40edb54146e52769582d7ba46adf6b91ea560f188a67b8b917,Processed 128 x 128 dye-grid image
processed_data/dye_grids/beef/beef_portion38_day0_rep3.png,processed data,16705,97214689a2d27356feb4260d3e40069e7d4bcce36972690b8541cb26c82b6b09,Processed 128 x 128 dye-grid image
processed_data/dye_grids/beef/beef_portion38_day1_rep1.png,processed data,14521,0f807456401d2bd4437c1aede4bed0a27629b1df22da2e7d89303ff2f263db97,Processed 128 x 128 dye-grid image
processed_data/dye_grids/beef/beef_portion38_day1_rep2.png,processed data,14982,0084115cea306d5e17e1ab6994815e2972277b2b37fe414ffe087970a5e02cbf,Processed 128 x 128 dye-grid image
processed_data/dye_grids/beef/beef_portion38_day1_rep3.png,processed data,13659,829c14ebcb75d9e9081bc099aa89a2f982025ebda43a48ac4d7212d2e4dba14b,Processed 128 x 128 dye-grid image
processed_data/dye_grids/beef/beef_portion38_day2_rep1.png,processed data,14414,cb716fccd5496e6e48619472420f03a5ae30c75f2ce76e536a91fb38cbcd00ae,Processed 128 x 128 dye-grid image
processed_data/dye_grids/beef/beef_portion38_day2_rep2.png,processed data,14676,cdc942104f0194ab4acf8507e034d83134207dbc616f4ee6b74e2033c0885070,Processed 128 x 128 dye-grid image
processed_data/dye_grids/beef/beef_portion38_day2_rep3.png,processed data,13441,c13bedd8cc87c927bab5140bcd026f1316fc24f2b0134ec8e2c17cba28fd12be,Processed 128 x 128 dye-grid image
processed_data/dye_grids/beef/beef_portion38_day3_rep1.png,processed data,16851,27cc52016842aa6306abc899bf728b36adce575cfa36faf522e16cd3b646b076,Processed 128 x 128 dye-grid image
processed_data/dye_grids/beef/beef_portion38_day3_rep2.png,processed data,16908,f746900063cb1d01c9281630a0594a20fbf3e38ec3eca164e73ac97715e4bffe,Processed 128 x 128 dye-grid image
processed_data/dye_grids/beef/beef_portion38_day3_rep3.png,processed data,17047,cacc27d091c9ed134112681e38599bf266d4851812eb03b4a46a4762938f1b64,Processed 128 x 128 dye-grid image
processed_data/dye_grids/beef/beef_portion38_day4_rep1.png,processed data,16267,969dd89a69cd910852afcfdc9d0e9680e2b309c111b2f60da24bee2158d05b2a,Processed 128 x 128 dye-grid image
processed_data/dye_grids/beef/beef_portion38_day4_rep2.png,processed data,15432,abc87e9f46d7787a954b37ede59f5cf415dc41b2be3deffb959032413cae225c,Processed 128 x 128 dye-grid image
processed_data/dye_grids/beef/beef_portion38_day4_rep3.png,processed data,16094,e4c63772d1682d02f2cc907194a04525e60f765093877611430db5681aa64697,Processed 128 x 128 dye-grid image
processed_data/dye_grids/beef/beef_portion38_day5_rep1.png,processed data,14575,9f0cfbc53e885d2e3b8d86c105ce16b58805505a97af615e973a8f074b148917,Processed 128 x 128 dye-grid image
processed_data/dye_grids/beef/beef_portion38_day5_rep2.png,processed data,14839,db42d1f12d21c029625b51dcc5f422278c99246e15b768152a9c6f434175e084,Processed 128 x 128 dye-grid image
processed_data/dye_grids/beef/beef_portion38_day5_rep3.png,processed data,14481,045d496bf5da680e32ba8acc736e5881677f05bc868209d144804237c41daafc,Processed 128 x 128 dye-grid image
processed_data/dye_grids/beef/beef_portion38_day6_rep1.png,processed data,12274,5489403e619f4213b2b8bb77aa96b81685a1bc3467a611ae35bc9fabd32d6443,Processed 128 x 128 dye-grid image
processed_data/dye_grids/beef/beef_portion38_day6_rep2.png,processed data,13463,234c4a32cfa29cccae4512b250175a2454ca150e55783ac3adc53beaf8fad701,Processed 128 x 128 dye-grid image
processed_data/dye_grids/beef/beef_portion38_day6_rep3.png,processed data,13217,2ad3415641fdb5b3fbc707ef703779bc9cebe9c1616d4fa3dfebda6459434df5,Processed 128 x 128 dye-grid image
processed_data/dye_grids/beef/beef_portion39_day0_rep1.png,processed data,16473,550947e657d8c944297997aded4007163e76be32347a187e152a68252461f116,Processed 128 x 128 dye-grid image
processed_data/dye_grids/beef/beef_portion39_day0_rep2.png,processed data,16298,f3df511ef7d187def645380c1b16da3b6d5db48d18e2ab3213aa02e5c85491ba,Processed 128 x 128 dye-grid image
processed_data/dye_grids/beef/beef_portion39_day0_rep3.png,processed data,16871,e959e58439ee5ebb08218f1b4874dace43eee6eb6a8f955e285ca4b5ef8594b2,Processed 128 x 128 dye-grid image
processed_data/dye_grids/beef/beef_portion39_day1_rep1.png,processed data,16223,219d046aec0aad0039710d40158af3a441ef3309528a49509e96e712c5634557,Processed 128 x 128 dye-grid image
processed_data/dye_grids/beef/beef_portion39_day1_rep2.png,processed data,16617,fa199b22ea597b152d4dda00dd5b58d45da0f866e0ac41612ff324c7e07bda6e,Processed 128 x 128 dye-grid image
processed_data/dye_grids/beef/beef_portion39_day1_rep3.png,processed data,16493,175515afeeb22dc6b60046ecd96487eb9146b991557d5577c655128f30953dd9,Processed 128 x 128 dye-grid image
processed_data/dye_grids/beef/beef_portion39_day2_rep1.png,processed data,15059,8870a00326e8721908f32cc4704de453b039e8566ad424b85156d036ae692afa,Processed 128 x 128 dye-grid image
processed_data/dye_grids/beef/beef_portion39_day2_rep2.png,processed data,13690,3c50c52aab531744945581e522b1a652ce5c4f4183835c550d6dc0eeca1ad30c,Processed 128 x 128 dye-grid image
processed_data/dye_grids/beef/beef_portion39_day2_rep3.png,processed data,14101,aa8c36803ab75636ac6d6a351fdf6118e37f2cb40571841ea2377f2730eda683,Processed 128 x 128 dye-grid image
processed_data/dye_grids/beef/beef_portion39_day3_rep1.png,processed data,15925,90a7bca6848f42b6eecec7c250f5167c4073138449a01560b75486ef56234d79,Processed 128 x 128 dye-grid image
processed_data/dye_grids/beef/beef_portion39_day3_rep2.png,processed data,14624,a9a444a9897d04e7fbf4306e1b969f06d96a62bdc31683e35e519d4332cc28b1,Processed 128 x 128 dye-grid image
processed_data/dye_grids/beef/beef_portion39_day3_rep3.png,processed data,15969,eb05ffc75bb0a1162fc64364b94ab5ab9c1b2e16c9983127b6b24354e579e3ca,Processed 128 x 128 dye-grid image
processed_data/dye_grids/beef/beef_portion39_day4_rep1.png,processed data,16862,c698082f42019e7a9afc265015af00e22afe35a5bf03b0e02c968b26733157cf,Processed 128 x 128 dye-grid image
processed_data/dye_grids/beef/beef_portion39_day4_rep2.png,processed data,17353,00ee4036cb429575a596e6be7d8006087974464ee797dba16c5ab74a2fdec7a1,Processed 128 x 128 dye-grid image
processed_data/dye_grids/beef/beef_portion39_day4_rep3.png,processed data,16703,5a11c6141b2e4a52f52480dff09c2535ddd5b44d7d77f43b892fd2a0863038c6,Processed 128 x 128 dye-grid image
processed_data/dye_grids/beef/beef_portion39_day5_rep1.png,processed data,16843,aa5f5b584afe2a4f9e422cabbf98e5d7d6148cbdc72b58c1fece65f7f29fa7a1,Processed 128 x 128 dye-grid image
processed_data/dye_grids/beef/beef_portion39_day5_rep2.png,processed data,16218,7242ebcf229c5489859b8f476cc6a65a0e89176119add7900369097cb9c617f7,Processed 128 x 128 dye-grid image
processed_data/dye_grids/beef/beef_portion39_day5_rep3.png,processed data,16498,341c557b3318670fb3d94cc17fa1ec65847d64f0af414c30af9dc3b28abd77ba,Processed 128 x 128 dye-grid image
processed_data/dye_grids/beef/beef_portion39_day6_rep1.png,processed data,13128,72c4a8067740661a84e519a67b2bced259d5e58d0da29571e2a8a9c162348507,Processed 128 x 128 dye-grid image
processed_data/dye_grids/beef/beef_portion39_day6_rep2.png,processed data,12978,2ffec4310c746d03e621a75ce87dd0fa1417f5fb276dd260d360baa457d9ce67,Processed 128 x 128 dye-grid image
processed_data/dye_grids/beef/beef_portion39_day6_rep3.png,processed data,13619,be38edccb5af68bddaaf47e2496880baabba6adee7cdac22fab9de03d443cc93,Processed 128 x 128 dye-grid image
processed_data/dye_grids/beef/beef_portion40_day0_rep1.png,processed data,16944,7131c55dc868ce1c081b1aaf440848c87f8182dcbee17649d32aec81966e8b69,Processed 128 x 128 dye-grid image
processed_data/dye_grids/beef/beef_portion40_day0_rep2.png,processed data,18069,956d3949f8eda0c8f636751b592c312f3e1f2fbd3b712aa3bc01546d86bd8b0e,Processed 128 x 128 dye-grid image
processed_data/dye_grids/beef/beef_portion40_day0_rep3.png,processed data,17518,56e78ecb13c6463a9abc88fcd8d780d82a660af118d518465fffb0d25d328c99,Processed 128 x 128 dye-grid image
processed_data/dye_grids/beef/beef_portion40_day1_rep1.png,processed data,16625,dd82f347a397144be74acd9a13b9a39a2bde5ca85de8a133e23e54a08b500306,Processed 128 x 128 dye-grid image
processed_data/dye_grids/beef/beef_portion40_day1_rep2.png,processed data,16235,0709f256389e2cf74ba2a724b9a919807383543bcb18e6a8b79a583a653fecae,Processed 128 x 128 dye-grid image
processed_data/dye_grids/beef/beef_portion40_day1_rep3.png,processed data,15926,4f9bc21b55a9fdaa6e8c4e56166ec67bc6af7a77c0d69549dd102a74340a59d6,Processed 128 x 128 dye-grid image
processed_data/dye_grids/beef/beef_portion40_day2_rep1.png,processed data,16063,4ac9276a1beb486d2fc17cd8a21d2245c27518ec1f909e0182de8ae7d29335d6,Processed 128 x 128 dye-grid image
processed_data/dye_grids/beef/beef_portion40_day2_rep2.png,processed data,15657,6e271480381200dd3df1e9355973c8e0ee2a65c5277fe36520b702cdb3894004,Processed 128 x 128 dye-grid image
processed_data/dye_grids/beef/beef_portion40_day2_rep3.png,processed data,15226,31c0ac5b7f540b3ce5b7bb26212eaa7816b5270b7b2970653fc8ca5bb806b9d7,Processed 128 x 128 dye-grid image
processed_data/dye_grids/beef/beef_portion40_day3_rep1.png,processed data,15314,1cd029abe740bee5fc43bc5a40e8598ffa7e8d219ef2d49e220fcef15861852e,Processed 128 x 128 dye-grid image
processed_data/dye_grids/beef/beef_portion40_day3_rep2.png,processed data,14546,c0585016ed341d91ed44d8ed09a423f2a179ee8fc679b01df279f588529a0405,Processed 128 x 128 dye-grid image
processed_data/dye_grids/beef/beef_portion40_day3_rep3.png,processed data,15451,f7e89a6df3b9056965cc30b7cb0d25bad5bf87d977b2ee4789c4b8fec1b226d2,Processed 128 x 128 dye-grid image
processed_data/dye_grids/beef/beef_portion40_day4_rep1.png,processed data,16992,9e518b5e6a272a810249f99e8999a4ebe4db00e6ea958c9fef167d879561090f,Processed 128 x 128 dye-grid image
processed_data/dye_grids/beef/beef_portion40_day4_rep2.png,processed data,16099,08e3a0d72a861a765e524aa29eeaae9117bc04b93d55169fad80d86b929bba1b,Processed 128 x 128 dye-grid image
processed_data/dye_grids/beef/beef_portion40_day4_rep3.png,processed data,16951,0488b3412571e15c8eda49d308b53d00077daf454c5a082a60606222dfeb0663,Processed 128 x 128 dye-grid image
processed_data/dye_grids/beef/beef_portion40_day5_rep1.png,processed data,14490,50e79edbc906b37af7496ef8fb9ca251b695ad78de39d8664f329120a4a4ed89,Processed 128 x 128 dye-grid image
processed_data/dye_grids/beef/beef_portion40_day5_rep2.png,processed data,15031,20d6fda5b1247cb08c6cc7e327ca012fde59aee87282516603b974adb804d3cb,Processed 128 x 128 dye-grid image
processed_data/dye_grids/beef/beef_portion40_day5_rep3.png,processed data,14204,124c36f465a0a7f3422f090a3523a857aa30b554a96cae2bfd71c37a4d890eba,Processed 128 x 128 dye-grid image
processed_data/dye_grids/beef/beef_portion40_day6_rep1.png,processed data,14594,0a39b8379850ce4b4c9935b9428bb3854e7415ddfcac814428c47593b7764dfd,Processed 128 x 128 dye-grid image
processed_data/dye_grids/beef/beef_portion40_day6_rep2.png,processed data,14998,9378fd05a4c127b79c434e4e19e1a785c22fa60f7b9d5cebefbb7a82a6923382,Processed 128 x 128 dye-grid image
processed_data/dye_grids/beef/beef_portion40_day6_rep3.png,processed data,14547,ec58396dd9c7156a254b2ec2b8f9a2b92a808ccd0f2e4d6ff7722d5f76144d46,Processed 128 x 128 dye-grid image
processed_data/dye_grids/pork/pork_portion01_day0_rep1.png,processed data,19030,d5b3514749cfa89c74c51fb1670f7a1b9549310c198818825e5a2f0a9195b6ec,Processed 128 x 128 dye-grid image
processed_data/dye_grids/pork/pork_portion01_day0_rep2.png,processed data,18405,c55fb154399fa2141fb3c4944fc1abc029683b665ca14c149044049f5650de8c,Processed 128 x 128 dye-grid image
processed_data/dye_grids/pork/pork_portion01_day0_rep3.png,processed data,18276,30ceb27d6efb64fa1ba058f70ba19db775487847d52dc86d0340222b6243191a,Processed 128 x 128 dye-grid image
processed_data/dye_grids/pork/pork_portion01_day1_rep1.png,processed data,17680,f227d88c79a30c9aec0b088af4ec0a71564665710906611ec7e24dd84ab6a4f1,Processed 128 x 128 dye-grid image
processed_data/dye_grids/pork/pork_portion01_day1_rep2.png,processed data,17779,c10d659e4fc9cdb31e075c146516cafdad1c65e26fa5cbc14d104572f2cef498,Processed 128 x 128 dye-grid image
processed_data/dye_grids/pork/pork_portion01_day1_rep3.png,processed data,17722,e91c227d7b50b847770bc1623d7b641d5590dcf26ebf8ac65b4c9a94098a1e9f,Processed 128 x 128 dye-grid image
processed_data/dye_grids/pork/pork_portion01_day2_rep1.png,processed data,17468,eea59d13239bb9f249c60c0ff4d9419767586877306fb7c63a3e286c05d3a480,Processed 128 x 128 dye-grid image
processed_data/dye_grids/pork/pork_portion01_day2_rep2.png,processed data,17776,5fde7482426328f1779200edb4ddab1085a6816d1852678354d9281b8b9211f2,Processed 128 x 128 dye-grid image
processed_data/dye_grids/pork/pork_portion01_day2_rep3.png,processed data,17106,93351b1bcf55ec6a7d982ba82d53ac35cdab5bb1be80dcaadd403b372ddcdc19,Processed 128 x 128 dye-grid image
processed_data/dye_grids/pork/pork_portion01_day3_rep1.png,processed data,19510,029042334f5864e4397c389e1edd6b5fcea0d31c56d32e74bc54209c994c9c88,Processed 128 x 128 dye-grid image
processed_data/dye_grids/pork/pork_portion01_day3_rep2.png,processed data,19729,e7b15ea1049819da03470559d202ffc408875224ac5d89e83d0485857dcd452a,Processed 128 x 128 dye-grid image
processed_data/dye_grids/pork/pork_portion01_day3_rep3.png,processed data,19696,a4d9a32b3b0497b222e567668b76ec7ffb4bd1c317245ebce566b4fdbe552fd5,Processed 128 x 128 dye-grid image
processed_data/dye_grids/pork/pork_portion01_day4_rep1.png,processed data,18474,b31b19f656d049238d5bedb908d48d64067b754878f5d7db401b8ab9d2e7b972,Processed 128 x 128 dye-grid image
processed_data/dye_grids/pork/pork_portion01_day4_rep2.png,processed data,18778,32a7b768643f016bc1bb221eaaff4a4fe6274dbdec1277d44b117eff2574127e,Processed 128 x 128 dye-grid image
processed_data/dye_grids/pork/pork_portion01_day4_rep3.png,processed data,18296,8a78297c918cb55b5c08f4422b3bc0d77fa6da87afe830f5adfbb84e0c9c6923,Processed 128 x 128 dye-grid image
processed_data/dye_grids/pork/pork_portion01_day5_rep1.png,processed data,18743,215283beb593a16760f4affebdff5985b615082af96b9d43c8e2c210a0bf007e,Processed 128 x 128 dye-grid image
processed_data/dye_grids/pork/pork_portion01_day5_rep2.png,processed data,18271,7f9f9d223977da038ecb6c53c465b8a14d235d8f4b905b09fc6d1f1fe455ec8b,Processed 128 x 128 dye-grid image
processed_data/dye_grids/pork/pork_portion01_day5_rep3.png,processed data,18737,a940ebf5867fe56fe6c72fc7cd76923d34e8f4c0635a5a6d46ce2f2c7ec2aeca,Processed 128 x 128 dye-grid image
processed_data/dye_grids/pork/pork_portion01_day6_rep1.png,processed data,17979,0376248c3ef47234f44c09b40b728cce91546990434c1eb7021a73022a14c01d,Processed 128 x 128 dye-grid image
processed_data/dye_grids/pork/pork_portion01_day6_rep2.png,processed data,17894,6d1669f2fd3b1da4c348065a27f394e1b63b5ede0661cb9c9403f39ae70fb424,Processed 128 x 128 dye-grid image
processed_data/dye_grids/pork/pork_portion01_day6_rep3.png,processed data,17445,ec9a68915daffd28db18c5879eee983da84f5ad2d7bf6fe4963f2cf7cc9ee229,Processed 128 x 128 dye-grid image
processed_data/dye_grids/pork/pork_portion02_day0_rep1.png,processed data,16454,f33e153b3653263e890d245170d3aee4a240ef8d827cc637850f4acbff64ec01,Processed 128 x 128 dye-grid image
processed_data/dye_grids/pork/pork_portion02_day0_rep2.png,processed data,17343,28583a07bda31fc2940382f494bae86ed6fc707693798b542b0b52db2711d8c0,Processed 128 x 128 dye-grid image
processed_data/dye_grids/pork/pork_portion02_day0_rep3.png,processed data,16572,13c71fccefdc2e7b17c655754a8676bae94903ee50b0c7c56b4f85faf4d92f8d,Processed 128 x 128 dye-grid image
processed_data/dye_grids/pork/pork_portion02_day1_rep1.png,processed data,16287,279bdc99344a4b9cb5efe31df675bcbbc54d5ce2ae5729cf640a746067ce5625,Processed 128 x 128 dye-grid image
processed_data/dye_grids/pork/pork_portion02_day1_rep2.png,processed data,16358,d2765ce20511dd1608f6c08ad9d9c6f04e7223dacdd546d248136ce46b18ea7a,Processed 128 x 128 dye-grid image
processed_data/dye_grids/pork/pork_portion02_day1_rep3.png,processed data,16457,c5ac84de1719e04964c411da169970b091df29928c9ca6fd24be219892d39db7,Processed 128 x 128 dye-grid image
processed_data/dye_grids/pork/pork_portion02_day2_rep1.png,processed data,16180,a26dd9695140a035ec8e7638c4026d3542d8309989ed2e23089aeb5e9120b908,Processed 128 x 128 dye-grid image
processed_data/dye_grids/pork/pork_portion02_day2_rep2.png,processed data,16081,040df52e532921876369a09d5c22bd51820c313c8abcaef6396116d4da739689,Processed 128 x 128 dye-grid image
processed_data/dye_grids/pork/pork_portion02_day2_rep3.png,processed data,16156,60888ccb2b89135885ea15d314718c8b3d9617d3437501051fdd708e05656d39,Processed 128 x 128 dye-grid image
processed_data/dye_grids/pork/pork_portion02_day3_rep1.png,processed data,17442,0f9fc1e82cffabc17a2f918df9c82d3496abf4deb2582a109e94cd9f420dc679,Processed 128 x 128 dye-grid image
processed_data/dye_grids/pork/pork_portion02_day3_rep2.png,processed data,17203,e874b9cd6cfeebd42b523eb6948a21611fce77848831ce16758589730ae8210f,Processed 128 x 128 dye-grid image
processed_data/dye_grids/pork/pork_portion02_day3_rep3.png,processed data,17080,858a863ca3cf4fa12fa6acd5d8fc094d90414e62e659e8ae951ebdead8d95ed8,Processed 128 x 128 dye-grid image
processed_data/dye_grids/pork/pork_portion02_day4_rep1.png,processed data,17108,6350e83b1c7c60d83f8ef9953ba2eac549ab8ce54d4e1c2f022ce8b7c35a97d2,Processed 128 x 128 dye-grid image
processed_data/dye_grids/pork/pork_portion02_day4_rep2.png,processed data,16575,b6303ec04ff98c94716d0e7f5eb13f41577f26e1cef1abb43feb5f88b40ab5d3,Processed 128 x 128 dye-grid image
processed_data/dye_grids/pork/pork_portion02_day4_rep3.png,processed data,16431,c9aad4ab4300f5a85759b7eb2169fb03e2f68124512f0a23be4ff0a804f70bb0,Processed 128 x 128 dye-grid image
processed_data/dye_grids/pork/pork_portion02_day5_rep1.png,processed data,19135,85821bf0c27b1e6fb2aa63d921b23acf97b78496a972581968e1510229a3279d,Processed 128 x 128 dye-grid image
processed_data/dye_grids/pork/pork_portion02_day5_rep2.png,processed data,18422,a012403e1dfac5e292fbc8162d34894710b2b0019455f503e9f8d6e90eb4f0e9,Processed 128 x 128 dye-grid image
processed_data/dye_grids/pork/pork_portion02_day5_rep3.png,processed data,19177,b19ed6abaee8085b4f38476743f408ab6eed884e003c81a064b7a37a0488e434,Processed 128 x 128 dye-grid image
processed_data/dye_grids/pork/pork_portion02_day6_rep1.png,processed data,18480,5c528f00b22f8f13408b8408c7c1e817921db6d2fc1fef150c3c307a725cd478,Processed 128 x 128 dye-grid image
processed_data/dye_grids/pork/pork_portion02_day6_rep2.png,processed data,18979,a4857e5b77a3071bfed5a84d43e9933e839ee12cc431aabf6fd12a2615eaeccd,Processed 128 x 128 dye-grid image
processed_data/dye_grids/pork/pork_portion02_day6_rep3.png,processed data,18523,a7ade8d1cbd637c0309557c41f96d4a829839773a22fd05a1e8ba59837bce0df,Processed 128 x 128 dye-grid image
processed_data/dye_grids/pork/pork_portion03_day0_rep1.png,processed data,19036,7bf9ae64ced6f65a7a1e8a6a625530c23f9a2fc250d81f0e4e1f791ab9d74392,Processed 128 x 128 dye-grid image
processed_data/dye_grids/pork/pork_portion03_day0_rep2.png,processed data,19788,4a5b7b04348f6614b93370cfdcc0e5004480c955485e2c9ada4672aad401c53b,Processed 128 x 128 dye-grid image
processed_data/dye_grids/pork/pork_portion03_day0_rep3.png,processed data,18849,0fe5163a61765b0adaeb71595371948f084afb9f152399259d059e1b953d170e,Processed 128 x 128 dye-grid image
processed_data/dye_grids/pork/pork_portion03_day1_rep1.png,processed data,17755,9da0be777bfe525be85717f73fac9e6f79a34710aef11277fc8078fe7e03b0b4,Processed 128 x 128 dye-grid image
processed_data/dye_grids/pork/pork_portion03_day1_rep2.png,processed data,17426,371ea7b856c817515552110884ea50fe4e4b5c658ed6351747d708d0d534484a,Processed 128 x 128 dye-grid image
processed_data/dye_grids/pork/pork_portion03_day1_rep3.png,processed data,17140,a4ffd6b31304ad668b2432810dd4fdf40686f1df6aeee348bab2bad93178c5d5,Processed 128 x 128 dye-grid image
processed_data/dye_grids/pork/pork_portion03_day2_rep1.png,processed data,16468,833044440ae3faf583f60260950fe2c84d4ad2fa5f184d52a8de40eeff2979f2,Processed 128 x 128 dye-grid image
processed_data/dye_grids/pork/pork_portion03_day2_rep2.png,processed data,16549,fadddaef809c257390af138bbb6a2c70ed75da0c514d26dc7a7714428f702df0,Processed 128 x 128 dye-grid image
processed_data/dye_grids/pork/pork_portion03_day2_rep3.png,processed data,16932,cf2fdafca5890442ea065389592b6e18cce1e2fda4f67d2afd3751f0d9b9e955,Processed 128 x 128 dye-grid image
processed_data/dye_grids/pork/pork_portion03_day3_rep1.png,processed data,19171,57f97acf6aa302ed6175a75d84de68962564293a3719ac2a1e6b2f83afb1e0b7,Processed 128 x 128 dye-grid image
processed_data/dye_grids/pork/pork_portion03_day3_rep2.png,processed data,18901,7b20c7ab118c01181e31bae42e025495eb8b862a98fb0b39f7a290695d57da6e,Processed 128 x 128 dye-grid image
processed_data/dye_grids/pork/pork_portion03_day3_rep3.png,processed data,18889,830584f193ab761433b2ebb80ea63084f5b03b2e722c5b26899f15f7b82c0a04,Processed 128 x 128 dye-grid image
processed_data/dye_grids/pork/pork_portion03_day4_rep1.png,processed data,18605,dc178871a1528c983321a86157d5320a3b36ce8d1fa7d4f2e9274fb6440e2a0e,Processed 128 x 128 dye-grid image
processed_data/dye_grids/pork/pork_portion03_day4_rep2.png,processed data,18383,5f67779f0fe5f1f4951e974cf913d991f2e8c9fb8c510a1d8fdbddc402edea2d,Processed 128 x 128 dye-grid image
processed_data/dye_grids/pork/pork_portion03_day4_rep3.png,processed data,18402,9bb50c6c6380e9380bd40fe2f9c9862356c66f6f81f0b554a5c3ca582032e22c,Processed 128 x 128 dye-grid image
processed_data/dye_grids/pork/pork_portion03_day5_rep1.png,processed data,20000,2726de0649696b3adf50ad0afd2bdce08b41cd1748af8040ea81120befcfbcf5,Processed 128 x 128 dye-grid image
processed_data/dye_grids/pork/pork_portion03_day5_rep2.png,processed data,19005,c4ff50cd0682df27b7e6c9baf19ff25d46c2d7fc86878691d676b9fb0a0e38c1,Processed 128 x 128 dye-grid image
processed_data/dye_grids/pork/pork_portion03_day5_rep3.png,processed data,19274,8f108459c893137d1291ac4ffe2919ec37627f5da098b4e381984c90aea01a54,Processed 128 x 128 dye-grid image
processed_data/dye_grids/pork/pork_portion03_day6_rep1.png,processed data,17819,481654c0ee4838e651d8122ab09801bf13874f64e6cd251dcb5f87b883f28b33,Processed 128 x 128 dye-grid image
processed_data/dye_grids/pork/pork_portion03_day6_rep2.png,processed data,18291,ba656828b3b0dfbbcdb5c58a133d8c34b3e45afa1e3135130f0394b73c39cb3f,Processed 128 x 128 dye-grid image
processed_data/dye_grids/pork/pork_portion03_day6_rep3.png,processed data,17275,cf87f751b26b7acee5cd855b91f82c38d602fab65329867aa8354e69503cd0eb,Processed 128 x 128 dye-grid image
processed_data/dye_grids/pork/pork_portion04_day0_rep1.png,processed data,18507,a0437a39382db9026b23a12a01849b89ac8dec38c4981d362a1a26a54e597486,Processed 128 x 128 dye-grid image
processed_data/dye_grids/pork/pork_portion04_day0_rep2.png,processed data,19456,0237d796c5ccb2ea008f3652f2aefaf199d8178855246bf8adb85068cd2fe22a,Processed 128 x 128 dye-grid image
processed_data/dye_grids/pork/pork_portion04_day0_rep3.png,processed data,18861,89e7318af7e30a2a5e5e6fbcbab22ee30e6dd89fd7d131fa8d4d725daa6899a2,Processed 128 x 128 dye-grid image
processed_data/dye_grids/pork/pork_portion04_day1_rep1.png,processed data,18428,186708796915c35b3f682be8f336ded5f58a9297b1d68e39bb124ac11bbe6011,Processed 128 x 128 dye-grid image
processed_data/dye_grids/pork/pork_portion04_day1_rep2.png,processed data,18813,59fd76e3348623d795c0216307c651cbb04bc5b4f81581db5e135cae4be89231,Processed 128 x 128 dye-grid image
processed_data/dye_grids/pork/pork_portion04_day1_rep3.png,processed data,19004,54bb6cee5781ba2f4ca2ae54bc35d26c7f233c1ec198a0305f82158d7f29fd16,Processed 128 x 128 dye-grid image
processed_data/dye_grids/pork/pork_portion04_day2_rep1.png,processed data,18505,bd1842361fb4620caf8245b8767cf17512623fb71abb485ae3d3a54a04079ecc,Processed 128 x 128 dye-grid image
processed_data/dye_grids/pork/pork_portion04_day2_rep2.png,processed data,18481,3ed1b4503fc8492dcbb6258c4254c57613752e1e0e31285ab79291d60d101e86,Processed 128 x 128 dye-grid image
processed_data/dye_grids/pork/pork_portion04_day2_rep3.png,processed data,18321,ee4080efcc550aa1cec7713fcdc5484d63b79b6a639b627a61e46364d2bf70de,Processed 128 x 128 dye-grid image
processed_data/dye_grids/pork/pork_portion04_day3_rep1.png,processed data,20089,17fd5a9a7a33a555cb2b116cdbc93edbbc277bd1b875ab01a0d253344bfda596,Processed 128 x 128 dye-grid image
processed_data/dye_grids/pork/pork_portion04_day3_rep2.png,processed data,19366,1c247e13b10b3c55065f0e27a944a6a781bc05ecfd690c6df27ed199800933e2,Processed 128 x 128 dye-grid image
processed_data/dye_grids/pork/pork_portion04_day3_rep3.png,processed data,19709,20c354897e4aa5d742dbfeac36706e02142f108f8adc4c2aa6db9dfe32a8f6b1,Processed 128 x 128 dye-grid image
processed_data/dye_grids/pork/pork_portion04_day4_rep1.png,processed data,18338,0b1754a3b1014db88c69b5806975097128bdf638f63bf5edd64f663dab591df9,Processed 128 x 128 dye-grid image
processed_data/dye_grids/pork/pork_portion04_day4_rep2.png,processed data,17882,c9f7c2291fc3bfe6a77f44a917826fe9ec1f43896dae75cee077466365ff7153,Processed 128 x 128 dye-grid image
processed_data/dye_grids/pork/pork_portion04_day4_rep3.png,processed data,18104,78800cd2e3764c34915af007743ab3212419033d158b546deb85abdae2c45c0f,Processed 128 x 128 dye-grid image
processed_data/dye_grids/pork/pork_portion04_day5_rep1.png,processed data,19582,68244ae841740257d2aac524a732fdc6770c500c49d3deefe19a17446398ff58,Processed 128 x 128 dye-grid image
processed_data/dye_grids/pork/pork_portion04_day5_rep2.png,processed data,18684,6ce8af6f78894d39b7288e2156cb5c6b18070bf1b6ffb4e67687a1f3d67c11f9,Processed 128 x 128 dye-grid image
processed_data/dye_grids/pork/pork_portion04_day5_rep3.png,processed data,19292,c6cde7113c064adde2f635931b40cbf4efa5679477169d56cacabbe82019a3ad,Processed 128 x 128 dye-grid image
processed_data/dye_grids/pork/pork_portion04_day6_rep1.png,processed data,16934,1014eb9f8618faf5fd964737b4944a9f5f6b5fa62d931296250759133f80118b,Processed 128 x 128 dye-grid image
processed_data/dye_grids/pork/pork_portion04_day6_rep2.png,processed data,17211,ffc5b2654c2c0bfaf3a8217af71ac2cca65110b5ef99aaf97e83839a6430f909,Processed 128 x 128 dye-grid image
processed_data/dye_grids/pork/pork_portion04_day6_rep3.png,processed data,17023,b3bcf1e1d7e74fdf339603e6ba588c9fcc873329e80f05d40ce69b24bb2b4a4a,Processed 128 x 128 dye-grid image
processed_data/dye_grids/pork/pork_portion05_day0_rep1.png,processed data,18009,26e6fbabedf09ccefac23ee5116ffa533a956e24d22093fb9f65d9211092888b,Processed 128 x 128 dye-grid image
processed_data/dye_grids/pork/pork_portion05_day0_rep2.png,processed data,18465,5e2b7802dcfd907c1426ede24b0c5284cca1587215de074e942e32da4e8e2038,Processed 128 x 128 dye-grid image
processed_data/dye_grids/pork/pork_portion05_day0_rep3.png,processed data,16889,ab74796bc4e2b91f0aac46ca8007f0dc206d88cce2c7c7f9d7a901ed44d5ba5d,Processed 128 x 128 dye-grid image
processed_data/dye_grids/pork/pork_portion05_day1_rep1.png,processed data,18217,413210f8f601fdf6af1c62dc52fee225abfc3fcf1da37143adb3423512786a13,Processed 128 x 128 dye-grid image
processed_data/dye_grids/pork/pork_portion05_day1_rep2.png,processed data,19039,b583cb99966944d7fdeea6f9e5e2e9d028539291239a84e49b9042faf15f025e,Processed 128 x 128 dye-grid image
processed_data/dye_grids/pork/pork_portion05_day1_rep3.png,processed data,18316,333b24897954629339556070941a63cf3cc8e1e24a760af0cfd2c2977727126a,Processed 128 x 128 dye-grid image
processed_data/dye_grids/pork/pork_portion05_day2_rep1.png,processed data,18863,abd8532c3aad2e329acfbc0b67eb7bcc45a7a1bbbeb9fc079bb25eda5f3e8c1a,Processed 128 x 128 dye-grid image
processed_data/dye_grids/pork/pork_portion05_day2_rep2.png,processed data,18422,1bc3b35cbaaee383d2ca7bb8112eb6f16afaad9526ecb1b2b33f3d573db0f8c6,Processed 128 x 128 dye-grid image
processed_data/dye_grids/pork/pork_portion05_day2_rep3.png,processed data,18607,4377f56ad36769983f8b72c9fa6b71f7fe84dde19a85b3fce8b2cb4a8af10ede,Processed 128 x 128 dye-grid image
processed_data/dye_grids/pork/pork_portion05_day3_rep1.png,processed data,18899,96d672af4438088faca950920b877810ce9cbd3305312d0848f07b1a29105572,Processed 128 x 128 dye-grid image
processed_data/dye_grids/pork/pork_portion05_day3_rep2.png,processed data,18134,706fa7655e16a2e962f8e1c1582b0b96d2c8fd05382506115eb3da7ca69eb58f,Processed 128 x 128 dye-grid image
processed_data/dye_grids/pork/pork_portion05_day3_rep3.png,processed data,18786,96bf87cffd57f3aa7f73e87737e9e4959f39b1205b994a8d6f677c7773d5679b,Processed 128 x 128 dye-grid image
processed_data/dye_grids/pork/pork_portion05_day4_rep1.png,processed data,19139,49c3f6a8d1b2e21305f7a8136dba6a94c4483861cc1bea03e55e2471f9e8c616,Processed 128 x 128 dye-grid image
processed_data/dye_grids/pork/pork_portion05_day4_rep2.png,processed data,19639,fed5d3ba17a26f990714b6aa529540b2b79a7ce80491d16212d73fa22273efe2,Processed 128 x 128 dye-grid image
processed_data/dye_grids/pork/pork_portion05_day4_rep3.png,processed data,19044,e6cb6e3f95f9cc0d54b7e3ade19e7d4d04727046b35604d9f08b87d3d9dda2c3,Processed 128 x 128 dye-grid image
processed_data/dye_grids/pork/pork_portion05_day5_rep1.png,processed data,20424,945e6860fd2855c7da0053cdd673876ca8d38a8046272821c5d1c206ea04acb6,Processed 128 x 128 dye-grid image
processed_data/dye_grids/pork/pork_portion05_day5_rep2.png,processed data,19962,8f607885d56244a5608cc22aa8788fe6aec902956a8bc18c43c93b62b52bd41a,Processed 128 x 128 dye-grid image
processed_data/dye_grids/pork/pork_portion05_day5_rep3.png,processed data,20296,cf1ce853beac0b1ac8136a6ff739622ba1944539f2589c1a180b16188b81ed52,Processed 128 x 128 dye-grid image
processed_data/dye_grids/pork/pork_portion05_day6_rep1.png,processed data,18398,3c12a9d57d0e11e0350dc0c659341513f5f4b08fd0cd201087421e63e9231bde,Processed 128 x 128 dye-grid image
processed_data/dye_grids/pork/pork_portion05_day6_rep2.png,processed data,18423,c5a7cc21c6c15dd5a2e7201101950ce856af61889d80b238dc0c86b55d97f6f1,Processed 128 x 128 dye-grid image
processed_data/dye_grids/pork/pork_portion05_day6_rep3.png,processed data,18135,a31803d0ebe3dba501385ea5a042e881255d98fadbeeef310cab2d10530f573a,Processed 128 x 128 dye-grid image
processed_data/dye_grids/pork/pork_portion06_day0_rep1.png,processed data,18566,1af3ef0a2d86366cd3e49fcfc0e5127a1d31efde905fc16c86770cc57c55ed9d,Processed 128 x 128 dye-grid image
processed_data/dye_grids/pork/pork_portion06_day0_rep2.png,processed data,19101,9f03aca752cc32b8bb88fb6737baaaed498d1545d7bfc721013b7a4f89309916,Processed 128 x 128 dye-grid image
processed_data/dye_grids/pork/pork_portion06_day0_rep3.png,processed data,18871,a58ab3384fe571c453094e99c4a4f9fe91964f0ebaa6f6244dc3e868550ca6b3,Processed 128 x 128 dye-grid image
processed_data/dye_grids/pork/pork_portion06_day1_rep1.png,processed data,18608,f2bb90f577c4e4347fedef9a9a9a2a670c25c97af2a2a1aa02e13f923a65f11e,Processed 128 x 128 dye-grid image
processed_data/dye_grids/pork/pork_portion06_day1_rep2.png,processed data,18257,ae5e573184909b556f1baada1b6cdf22588e3b834e3a659f275fb9f77a80e86e,Processed 128 x 128 dye-grid image
processed_data/dye_grids/pork/pork_portion06_day1_rep3.png,processed data,18650,27c0df05502f6ee6928fe9fba1d1a29218e8fcac4fa8d760ff2dc40343e4bd25,Processed 128 x 128 dye-grid image
processed_data/dye_grids/pork/pork_portion06_day2_rep1.png,processed data,18056,23b0a03107b02ac963378e3526ca10c5d6de19e0b4dfab39741d5a7bd66747be,Processed 128 x 128 dye-grid image
processed_data/dye_grids/pork/pork_portion06_day2_rep2.png,processed data,19273,cddbc3f50f53047fb6444dc03407001139bfc0bb59c91cd77bcd306665f45bb6,Processed 128 x 128 dye-grid image
processed_data/dye_grids/pork/pork_portion06_day2_rep3.png,processed data,18972,b563b589cb91ea6b8435a16ec63db1ed6d60eb8f9e46c8c432360ed4594e8d4f,Processed 128 x 128 dye-grid image
processed_data/dye_grids/pork/pork_portion06_day3_rep1.png,processed data,19570,eea8b7551d8ef56a8003ff1cf0d52f2f9b432543136b7c41db5b86b934f5f4ae,Processed 128 x 128 dye-grid image
processed_data/dye_grids/pork/pork_portion06_day3_rep2.png,processed data,19248,afb3acbd331e49252d5175915c9b0eee51fa606360a1f35780f638e98dd45d8d,Processed 128 x 128 dye-grid image
processed_data/dye_grids/pork/pork_portion06_day3_rep3.png,processed data,19851,4ddded475442761a2381b7492a772b8146a1805fffef05c8530bb2c0210e1102,Processed 128 x 128 dye-grid image
processed_data/dye_grids/pork/pork_portion06_day4_rep1.png,processed data,17803,b9a22ccdbb82564de872b521af59f00f77dd922d9c39069d2d073ab9c2cda8a9,Processed 128 x 128 dye-grid image
processed_data/dye_grids/pork/pork_portion06_day4_rep2.png,processed data,17796,0045a08f37bd6466c1fa69038148625288c8ecb05219dcc910db0e001773a330,Processed 128 x 128 dye-grid image
processed_data/dye_grids/pork/pork_portion06_day4_rep3.png,processed data,18105,eb04d71d50d85439ed26e2a090025400bbeaf600fc36e48e9bbc1ac464fbd6c6,Processed 128 x 128 dye-grid image
processed_data/dye_grids/pork/pork_portion06_day5_rep1.png,processed data,18425,9a70aa3e876000ce2bba1490fe47e72c57859b034a07eb48892b05d20ce8ee08,Processed 128 x 128 dye-grid image
processed_data/dye_grids/pork/pork_portion06_day5_rep2.png,processed data,18691,ed85331a2a61261e0f44adda6fbafaa1b60e7c6b43a8fdcb79922602ee5aaee9,Processed 128 x 128 dye-grid image
processed_data/dye_grids/pork/pork_portion06_day5_rep3.png,processed data,19125,918eaf507588991fce86aaf7cf47a7bb3ff2f8d64336df63c1693fad1aee0fdf,Processed 128 x 128 dye-grid image
processed_data/dye_grids/pork/pork_portion06_day6_rep1.png,processed data,17826,9f84b07fac1e64cf1e083c7061f5b2f53ffecec67a2faf3ffca430d38fe45e56,Processed 128 x 128 dye-grid image
processed_data/dye_grids/pork/pork_portion06_day6_rep2.png,processed data,17362,0d81f5297e14db855e0e5f6c3ac93f7c4069510e9d18a789fc249362b844ef53,Processed 128 x 128 dye-grid image
processed_data/dye_grids/pork/pork_portion06_day6_rep3.png,processed data,17693,cc9708f0ac2afe2c986b23e64ba29b2ff36f869edce723862a0cafcfa57d0668,Processed 128 x 128 dye-grid image
processed_data/dye_grids/pork/pork_portion07_day0_rep1.png,processed data,16401,6038849e47daae854d6a62fe4551ec292bdf6509d451d5a91eaebd451df3fb2c,Processed 128 x 128 dye-grid image
processed_data/dye_grids/pork/pork_portion07_day0_rep2.png,processed data,18143,0de78c7f183bf897a914969260f293b453b4f718a9e0f6f38e87c51a80208731,Processed 128 x 128 dye-grid image
processed_data/dye_grids/pork/pork_portion07_day0_rep3.png,processed data,17601,add23d834847e3b4bf7a546bcb05d5e98ec0998bad5b12df2f549f1f6b998b08,Processed 128 x 128 dye-grid image
processed_data/dye_grids/pork/pork_portion07_day1_rep1.png,processed data,16225,58c2ba05081cc4414b98499e91217c28422a9b98c2ea7354742acf2ed8331578,Processed 128 x 128 dye-grid image
processed_data/dye_grids/pork/pork_portion07_day1_rep2.png,processed data,17692,988dd61837284ec3c7e95e59b17a3f9a0d5898453383dcfa4d14c75155536db0,Processed 128 x 128 dye-grid image
processed_data/dye_grids/pork/pork_portion07_day1_rep3.png,processed data,16315,5a6064f5d177c94666f11f3e4bb9c479f131b446d616b69c0a97a0610728f51f,Processed 128 x 128 dye-grid image
processed_data/dye_grids/pork/pork_portion07_day2_rep1.png,processed data,17414,c5135dc3bbfc33195d354157ccc94b725c77bfeff483ffad158581ed25a0390e,Processed 128 x 128 dye-grid image
processed_data/dye_grids/pork/pork_portion07_day2_rep2.png,processed data,17214,875c7f466e0a354010baa6146b6e83dc40115c9e5808f66af7d3e67f357b65d9,Processed 128 x 128 dye-grid image
processed_data/dye_grids/pork/pork_portion07_day2_rep3.png,processed data,16992,b12adcc907e581f349ca50fc7ee1895280eb255e7a02b36ef350f06ea5e79c01,Processed 128 x 128 dye-grid image
processed_data/dye_grids/pork/pork_portion07_day3_rep1.png,processed data,18249,28e266c09b0d305ae80c31217574e3065f6defcb8e2fc2250d77d44817c233ff,Processed 128 x 128 dye-grid image
processed_data/dye_grids/pork/pork_portion07_day3_rep2.png,processed data,18161,cf55ac8900181326aa40bb82ae4bf8c0cb2209704aa7691b9b91c908ba8b7005,Processed 128 x 128 dye-grid image
processed_data/dye_grids/pork/pork_portion07_day3_rep3.png,processed data,17867,44346110310390e2a81849b93ec559c1525aaa212d6b325d15b993e89957376a,Processed 128 x 128 dye-grid image
processed_data/dye_grids/pork/pork_portion07_day4_rep1.png,processed data,18196,efd4935aba9f1745e62b82ad821a16b47ced2d771547c790b866f4ed5b1e11f8,Processed 128 x 128 dye-grid image
processed_data/dye_grids/pork/pork_portion07_day4_rep2.png,processed data,18384,92371e7377778754314dfdc65077849d141b44259662e8cef321961f98bb30b2,Processed 128 x 128 dye-grid image
processed_data/dye_grids/pork/pork_portion07_day4_rep3.png,processed data,18437,60f84cbea9087d7a3774fcb35288fad37c655ed00c0204d6928e911a7226effd,Processed 128 x 128 dye-grid image
processed_data/dye_grids/pork/pork_portion07_day5_rep1.png,processed data,19195,a270a4da4bbbb4fed6755dcd96ac15e138af82dc43199bddbac770e0be012501,Processed 128 x 128 dye-grid image
processed_data/dye_grids/pork/pork_portion07_day5_rep2.png,processed data,18141,39dd3cfadd4fac6ef1a1d991c85fd2532af7eebf6828f524e15404f1bec99c19,Processed 128 x 128 dye-grid image
processed_data/dye_grids/pork/pork_portion07_day5_rep3.png,processed data,18555,36840110a6ee0123fe034cb6f9b0163c58f81d40b998d1630dee1ef6534f1839,Processed 128 x 128 dye-grid image
processed_data/dye_grids/pork/pork_portion07_day6_rep1.png,processed data,18215,888b40ad711925029e0da4e4345060f1e607a7244bf7bb4e671ec14271b92450,Processed 128 x 128 dye-grid image
processed_data/dye_grids/pork/pork_portion07_day6_rep2.png,processed data,18353,c6a4b2060d4139ee4e0c64b1ea7e63f678302dd99756d308253075b93d5eed54,Processed 128 x 128 dye-grid image
processed_data/dye_grids/pork/pork_portion07_day6_rep3.png,processed data,17920,f95fb84fbe8f59be412822bd42640b6fa793d4dc864aa80db74b433637651ff5,Processed 128 x 128 dye-grid image
processed_data/dye_grids/pork/pork_portion08_day0_rep1.png,processed data,17717,ec02f2a347e5714b61850e9d08791cfbc1add467cc39d3521c8c85bc31413ed3,Processed 128 x 128 dye-grid image
processed_data/dye_grids/pork/pork_portion08_day0_rep2.png,processed data,18906,109333f3618a48e176755c7b521f1b497c2d3cfd355049d8c3e6cab9e460e685,Processed 128 x 128 dye-grid image
processed_data/dye_grids/pork/pork_portion08_day0_rep3.png,processed data,19724,cba4c2ff32eae7f13103269c69381b75269e8cc1418137922c7fe97400a1632d,Processed 128 x 128 dye-grid image
processed_data/dye_grids/pork/pork_portion08_day1_rep1.png,processed data,17605,6cdd670872fd050cb265a39e79754e5a1b611109b99d0d755fa28899815b6938,Processed 128 x 128 dye-grid image
processed_data/dye_grids/pork/pork_portion08_day1_rep2.png,processed data,18801,cddb895133c2ed01e87a49608431c9e21288c8400f73c6a135a2b83eee10aca9,Processed 128 x 128 dye-grid image
processed_data/dye_grids/pork/pork_portion08_day1_rep3.png,processed data,18343,0eec4f27d965899538bbfd4c45c408e6fe76f7c845039ad351f7908500d8f252,Processed 128 x 128 dye-grid image
processed_data/dye_grids/pork/pork_portion08_day2_rep1.png,processed data,18341,1711aec45890fdb0b417bb13302c4ba0d19a27a6aae2843cea0f19ff03b484ec,Processed 128 x 128 dye-grid image
processed_data/dye_grids/pork/pork_portion08_day2_rep2.png,processed data,17012,dd9c65633648cc028d8d4f3fd72962c72a73a38972378360b5d4244e84472ad6,Processed 128 x 128 dye-grid image
processed_data/dye_grids/pork/pork_portion08_day2_rep3.png,processed data,18144,9f66af3c38d23041fdabbafb9c7a7e2da7510fcad908c79b0f179c4436afd18c,Processed 128 x 128 dye-grid image
processed_data/dye_grids/pork/pork_portion08_day3_rep1.png,processed data,19606,1d60c0c9d08c273647a01f370e9b8542bb40c2628f0de9170d17b63c4ee1f741,Processed 128 x 128 dye-grid image
processed_data/dye_grids/pork/pork_portion08_day3_rep2.png,processed data,18906,32d2fcae524b305c50e239be9cbe81520f2045cac55fb3ede75a4baf17d9e0c1,Processed 128 x 128 dye-grid image
processed_data/dye_grids/pork/pork_portion08_day3_rep3.png,processed data,18757,060a174b4f11652861e370973a4fd05b1a8b3086022a54399918154e30465544,Processed 128 x 128 dye-grid image
processed_data/dye_grids/pork/pork_portion08_day4_rep1.png,processed data,18672,a85a6fdd8777bdf9a142b1ce32996c214d011a9209119ef2d529661ac29e14df,Processed 128 x 128 dye-grid image
processed_data/dye_grids/pork/pork_portion08_day4_rep2.png,processed data,18631,0305e8045b8d0ed169d128f5519ef16f40679480f3ff3375c46bf70ee5a9e7b5,Processed 128 x 128 dye-grid image
processed_data/dye_grids/pork/pork_portion08_day4_rep3.png,processed data,18597,d366240003e54d477730ff2aaacf73820b20fc288a4948fad8e2d5dad7ddc845,Processed 128 x 128 dye-grid image
processed_data/dye_grids/pork/pork_portion08_day5_rep1.png,processed data,19988,84bb26f3f5108bcd97ca84b89478cdf69b58bb759d4b1c35a2e786aa430ea4a8,Processed 128 x 128 dye-grid image
processed_data/dye_grids/pork/pork_portion08_day5_rep2.png,processed data,18893,b5e2882fe43dd6ab6abf6a9dddfe5a9184ddf4cc478ad6c43e7ff3781d0805e4,Processed 128 x 128 dye-grid image
processed_data/dye_grids/pork/pork_portion08_day5_rep3.png,processed data,18949,1e213261f9edb5cb05e3886a9f0955129a13a3059e2904e2e0352e0ab533b6ef,Processed 128 x 128 dye-grid image
processed_data/dye_grids/pork/pork_portion08_day6_rep1.png,processed data,18470,851950f2c35310fa50a567280fdf98b8e419f38919cb92874cb8410cdbeac2a9,Processed 128 x 128 dye-grid image
processed_data/dye_grids/pork/pork_portion08_day6_rep2.png,processed data,18249,5ee1b5dc76ac95c99e15d87bb27f67297354ea07e859eff1b192bba8ae5e6017,Processed 128 x 128 dye-grid image
processed_data/dye_grids/pork/pork_portion08_day6_rep3.png,processed data,18128,3945330bc72dbe06ad91b777d2c41f39583b1e76b939445be2c72ed81f71c55b,Processed 128 x 128 dye-grid image
processed_data/dye_grids/pork/pork_portion09_day0_rep1.png,processed data,16717,9feedb54876bef3af4069c29a80c3767c8a909b77e0aeafee6c13ab26babcc4a,Processed 128 x 128 dye-grid image
processed_data/dye_grids/pork/pork_portion09_day0_rep2.png,processed data,17325,8df35ca836ace519494095f8ed4808fc335925a081a9ccc4dd249d161369627a,Processed 128 x 128 dye-grid image
processed_data/dye_grids/pork/pork_portion09_day0_rep3.png,processed data,17391,60219192d0c904a7cb0f2457d38a101b2bdc8d6d5c991a55c8357ece62f4b913,Processed 128 x 128 dye-grid image
processed_data/dye_grids/pork/pork_portion09_day1_rep1.png,processed data,15313,6625360354214b3ba6da7f9cb3899af63f92bb6f5979ca977d019b5b7a98f89b,Processed 128 x 128 dye-grid image
processed_data/dye_grids/pork/pork_portion09_day1_rep2.png,processed data,15653,f63c867a8a8689d68258546bda2e28d2a794d896d27cbbe18a274295c995f2ca,Processed 128 x 128 dye-grid image
processed_data/dye_grids/pork/pork_portion09_day1_rep3.png,processed data,15364,9f62951635bf3986b50ab20ea81b5e0d23327c1e34aad566eea159f2f283b6b3,Processed 128 x 128 dye-grid image
processed_data/dye_grids/pork/pork_portion09_day2_rep1.png,processed data,16320,2d8310d58e2bfce692d28785a5a430c627737224bbfbfcbc680c805c655bdd29,Processed 128 x 128 dye-grid image
processed_data/dye_grids/pork/pork_portion09_day2_rep2.png,processed data,16246,474fa7194ed2e314deb3fd2ae56d0c7e1079a0c30ab801c7614210deb1b90b82,Processed 128 x 128 dye-grid image
processed_data/dye_grids/pork/pork_portion09_day2_rep3.png,processed data,15876,bc9d95ba43b1b07e4e1c209fd11e62b08a3e67f78bb95a8d4fc8aa71f2d99855,Processed 128 x 128 dye-grid image
processed_data/dye_grids/pork/pork_portion09_day3_rep1.png,processed data,17897,1b5c40b050997ac0a8179f9f2c3b29225dad7a88d606270fbdaa7e6d312c1b6b,Processed 128 x 128 dye-grid image
processed_data/dye_grids/pork/pork_portion09_day3_rep2.png,processed data,17044,e5c8406fd12daa4ea672118c592082bb0d4944438dffedbb4ff46d9a28a9fd12,Processed 128 x 128 dye-grid image
processed_data/dye_grids/pork/pork_portion09_day3_rep3.png,processed data,16284,1988ba265dded96392dfd307b36e9ce51030ba14109a7c04d3ef632d6f89a837,Processed 128 x 128 dye-grid image
processed_data/dye_grids/pork/pork_portion09_day4_rep1.png,processed data,17116,182cb6e00ac4e2189a427ddfb57476058fe8b72dd12bcfaee5fad0056769e554,Processed 128 x 128 dye-grid image
processed_data/dye_grids/pork/pork_portion09_day4_rep2.png,processed data,16555,4717d3186f1f00778d43d6a3fc3c0ce74ae46ec534898617ecc75191ff23d06e,Processed 128 x 128 dye-grid image
processed_data/dye_grids/pork/pork_portion09_day4_rep3.png,processed data,16400,b0699fcb3e1d718a09d420c08d292e4a746b0ecc63a0b78b58b25fbeda4ed6e7,Processed 128 x 128 dye-grid image
processed_data/dye_grids/pork/pork_portion09_day5_rep1.png,processed data,18638,9c7488e8ceae2a6def7200ed8534be71a014a766e9f93f10979d3c1d8feba492,Processed 128 x 128 dye-grid image
processed_data/dye_grids/pork/pork_portion09_day5_rep2.png,processed data,17788,6f7444c51cae5add2777fc476c66045281a2faf80ab969e73f1a8e0fffec4a6c,Processed 128 x 128 dye-grid image
processed_data/dye_grids/pork/pork_portion09_day5_rep3.png,processed data,19135,8ba0005f853975938bed5261413a074601191ee0bfbc4743023afb3d9567881d,Processed 128 x 128 dye-grid image
processed_data/dye_grids/pork/pork_portion09_day6_rep1.png,processed data,16402,78b7ef0fc5eb667320f5a85d7635a8408da51ae79c2331f745c70691b8f329ee,Processed 128 x 128 dye-grid image
processed_data/dye_grids/pork/pork_portion09_day6_rep2.png,processed data,16342,6183e40d402d08b661f1df8db12c1c8f150a5b8a51e76fa2588d847894441e63,Processed 128 x 128 dye-grid image
processed_data/dye_grids/pork/pork_portion09_day6_rep3.png,processed data,16102,915e6f219d7a4572e6c680082ac9033d7ac5fe8a54a18382e72db8381a53228c,Processed 128 x 128 dye-grid image
processed_data/dye_grids/pork/pork_portion10_day0_rep1.png,processed data,14634,398746629577e4e6a8358966e952fe901a4effdb4895dbb8ac015e607e059995,Processed 128 x 128 dye-grid image
processed_data/dye_grids/pork/pork_portion10_day0_rep2.png,processed data,15046,05199070dea3d55ef854cdb88ba0639c480cc197b1fd95cb3fa9272d83ff88e4,Processed 128 x 128 dye-grid image
processed_data/dye_grids/pork/pork_portion10_day0_rep3.png,processed data,15312,525e34cce800c8160fbe8da69ae43da38f3f7546f38114b1ec749b2c77a3da42,Processed 128 x 128 dye-grid image
processed_data/dye_grids/pork/pork_portion10_day1_rep1.png,processed data,15094,4f9eec15ab797b1ae07fbc40ebcfd0d1fec11b26cbbd8dda18a2b6ebe5e1c75b,Processed 128 x 128 dye-grid image
processed_data/dye_grids/pork/pork_portion10_day1_rep2.png,processed data,14810,1939df3da9ca399fa2a4d9a0219d7f404c4535f9a4218a663bbf5f5f8aaf7521,Processed 128 x 128 dye-grid image
processed_data/dye_grids/pork/pork_portion10_day1_rep3.png,processed data,15204,5df119f8dbb9c2225261aed485724580a0dca3a38bfaa1e3fa08bf6d58cbe1d9,Processed 128 x 128 dye-grid image
processed_data/dye_grids/pork/pork_portion10_day2_rep1.png,processed data,15402,5df61c767e6b3c7a60f5db2401fe67183447c9d9533c6b286a69bcc617207947,Processed 128 x 128 dye-grid image
processed_data/dye_grids/pork/pork_portion10_day2_rep2.png,processed data,14760,b621fa96401bf48d45b0a1beee20c2f05d5faf48951f7f646988a59bb21a9f4c,Processed 128 x 128 dye-grid image
processed_data/dye_grids/pork/pork_portion10_day2_rep3.png,processed data,14628,92017047d682eb4932282394966ff5ae713753b7c76e2880cb84ada79e843353,Processed 128 x 128 dye-grid image
processed_data/dye_grids/pork/pork_portion10_day3_rep1.png,processed data,16605,9f40f9c4a146fe08f5f228877a8db3a75187a50a25eafcbb34eb06783d436bbd,Processed 128 x 128 dye-grid image
processed_data/dye_grids/pork/pork_portion10_day3_rep2.png,processed data,16481,6590d7d89d7448600dd6b4b911407ae186aaba5227f6eb4a054981cc344cc7b2,Processed 128 x 128 dye-grid image
processed_data/dye_grids/pork/pork_portion10_day3_rep3.png,processed data,16304,98e3b8568f69d517839137c9a20ed04a42790e3cd5be8677e9aada778f6f6b64,Processed 128 x 128 dye-grid image
processed_data/dye_grids/pork/pork_portion10_day4_rep1.png,processed data,17079,61f2474ac846b5dd37b32e16a1bf778f880cfaebfb1cbd11aeef2e33d6d6ad9b,Processed 128 x 128 dye-grid image
processed_data/dye_grids/pork/pork_portion10_day4_rep2.png,processed data,17185,561acea4a671468be344c6326808ad8a04137e2da9f1a6a2cdfc0fde640ef03e,Processed 128 x 128 dye-grid image
processed_data/dye_grids/pork/pork_portion10_day4_rep3.png,processed data,16723,221347b0cde88a5793543cc06165c78feff40b889aeb940f30428b5cd1c85dcc,Processed 128 x 128 dye-grid image
processed_data/dye_grids/pork/pork_portion10_day5_rep1.png,processed data,18380,48a1548042141d7ae8c815e0e3a305d0db2b2b0e71d57ba95d0a9d3beff32b07,Processed 128 x 128 dye-grid image
processed_data/dye_grids/pork/pork_portion10_day5_rep2.png,processed data,17571,2b13dbd83cb19972b78a6db87b19680d1c07fd8b1da10bca4672070312486382,Processed 128 x 128 dye-grid image
processed_data/dye_grids/pork/pork_portion10_day5_rep3.png,processed data,18275,57268124c33640d4e249f61c0961302612dc7a201599519a67690ac36b78f4f7,Processed 128 x 128 dye-grid image
processed_data/dye_grids/pork/pork_portion10_day6_rep1.png,processed data,16014,074fd86b45908561681ace8f6790d4e6bd7931de1292d4b7adebf48166286198,Processed 128 x 128 dye-grid image
processed_data/dye_grids/pork/pork_portion10_day6_rep2.png,processed data,15598,e244baa41bcf6c4c99e769fdb4e5c2eae90f28901e24ed12369e6551ede5a052,Processed 128 x 128 dye-grid image
processed_data/dye_grids/pork/pork_portion10_day6_rep3.png,processed data,15532,62f7f29caebc4bb55b77bedbc615f36274e7897220e8b74885d75ef28165c3f0,Processed 128 x 128 dye-grid image
processed_data/dye_grids/pork/pork_portion11_day0_rep1.png,processed data,17466,b66a787e19adb4d69d8058b72f060a0b01fb381a8ef1cc8f03659f7d42a4410c,Processed 128 x 128 dye-grid image
processed_data/dye_grids/pork/pork_portion11_day0_rep2.png,processed data,18337,ee378f7cee24431362dfef63591e844060c98ad0fe874c069df8f5667a6e3223,Processed 128 x 128 dye-grid image
processed_data/dye_grids/pork/pork_portion11_day0_rep3.png,processed data,17699,90847c54be127b76a706922342d185f073776e75cdddc179cb7cb88ac6234d13,Processed 128 x 128 dye-grid image
processed_data/dye_grids/pork/pork_portion11_day1_rep1.png,processed data,18110,3413ce0cfe517562f56fc8c95c6b817f59a082fdbaea68f5131f4f47af09a511,Processed 128 x 128 dye-grid image
processed_data/dye_grids/pork/pork_portion11_day1_rep2.png,processed data,18207,29ead43f91230623302ab5993d6d4c57dfdb3ee40ec2d57ce195e48063fc7013,Processed 128 x 128 dye-grid image
processed_data/dye_grids/pork/pork_portion11_day1_rep3.png,processed data,18152,4cda5268c273c57f1e4423548dfab545651949b263eef236487892114632a84f,Processed 128 x 128 dye-grid image
processed_data/dye_grids/pork/pork_portion11_day2_rep1.png,processed data,17864,a09a19f3c50e8f153b790f9f6b6279d972393d6363f2a7b7b781ec991d665abc,Processed 128 x 128 dye-grid image
processed_data/dye_grids/pork/pork_portion11_day2_rep2.png,processed data,18117,7aaef2d5707fb24e16bca2a3820946fff652e92cbfa47dbb2cfbf4b0f9a34c12,Processed 128 x 128 dye-grid image
processed_data/dye_grids/pork/pork_portion11_day2_rep3.png,processed data,17417,feed395bce5189342ec397717150ca8a6285f252132a698d3fde71568b5dd9cb,Processed 128 x 128 dye-grid image
processed_data/dye_grids/pork/pork_portion11_day3_rep1.png,processed data,18183,8a65dccae3f7e722d9ca9c5adb24a4a7ea3a8b587fb4ea832f4542ec5c81d857,Processed 128 x 128 dye-grid image
processed_data/dye_grids/pork/pork_portion11_day3_rep2.png,processed data,18649,9fce94751de6344c3c13bdef3c9d8d41e3201de3e287b85ab9ab0d63a0d2b354,Processed 128 x 128 dye-grid image
processed_data/dye_grids/pork/pork_portion11_day3_rep3.png,processed data,18830,e7dabe2d5839ac1d54288bfc5a758b5d986a05f6fbfca39bc37d10249344fb26,Processed 128 x 128 dye-grid image
processed_data/dye_grids/pork/pork_portion11_day4_rep1.png,processed data,17490,3e1deced4b4dbdb5b1b850dfe0d31f2ab338f6c10b606bc5b95a70983a67dfce,Processed 128 x 128 dye-grid image
processed_data/dye_grids/pork/pork_portion11_day4_rep2.png,processed data,17285,d6f7d9ef79d07deec8266e536495100cb49902c36ed106870e4bb01ff021b5f9,Processed 128 x 128 dye-grid image
processed_data/dye_grids/pork/pork_portion11_day4_rep3.png,processed data,17234,48ea741bd60bb78db932eb6e15cd59cfa07b86e04bb25ea7948cbf0d22fa0b48,Processed 128 x 128 dye-grid image
processed_data/dye_grids/pork/pork_portion11_day5_rep1.png,processed data,20144,b28978dbfe66632ad36515c990d8319f83a371c471e8792868ab6c674386099a,Processed 128 x 128 dye-grid image
processed_data/dye_grids/pork/pork_portion11_day5_rep2.png,processed data,20240,3b8348bb5b888e1f649e1f28a510711bf098f30648d524dfa93af17c612c01eb,Processed 128 x 128 dye-grid image
processed_data/dye_grids/pork/pork_portion11_day5_rep3.png,processed data,20425,da3f93e3a651997243bf13a4f71762b519e1e9e5981d6bc494bf42a1f1291c29,Processed 128 x 128 dye-grid image
processed_data/dye_grids/pork/pork_portion11_day6_rep1.png,processed data,18180,383ea8e3a1cdb41436da432af023be82650f1175cfcc61e2b9639740cbb5d4bc,Processed 128 x 128 dye-grid image
processed_data/dye_grids/pork/pork_portion11_day6_rep2.png,processed data,18065,a717fcdd6700316ec4b6b163802df41ca15107d0c27a3e7d48fcd11cf4c228b8,Processed 128 x 128 dye-grid image
processed_data/dye_grids/pork/pork_portion11_day6_rep3.png,processed data,17486,4d45b231e816ca4bb400ccb5958090080dd8348b753af4da19c95edc3f762e11,Processed 128 x 128 dye-grid image
processed_data/dye_grids/pork/pork_portion12_day0_rep1.png,processed data,19859,bb45218edae05bde555fcec131c563721f8b99d13554c59712e949c93eb5867b,Processed 128 x 128 dye-grid image
processed_data/dye_grids/pork/pork_portion12_day0_rep2.png,processed data,19934,0c1d55b51731386da4c555c78b7a43b52ee1b677b7708afc43dcf3c5f4787ff9,Processed 128 x 128 dye-grid image
processed_data/dye_grids/pork/pork_portion12_day0_rep3.png,processed data,19205,18369ee8941ca4752dd88f14565375ba88cc0c9261f441bd199486949da54241,Processed 128 x 128 dye-grid image
processed_data/dye_grids/pork/pork_portion12_day1_rep1.png,processed data,18776,f4f4a9d53bd30252b00955ba2630793ff45ba7bebbdffaec95e40f98dc2e9013,Processed 128 x 128 dye-grid image
processed_data/dye_grids/pork/pork_portion12_day1_rep2.png,processed data,18975,d5b0900d90c3469b42bacdfe461defb2326725176f3d75b8195eb4d47f61a714,Processed 128 x 128 dye-grid image
processed_data/dye_grids/pork/pork_portion12_day1_rep3.png,processed data,18968,06bc7ef9dc73b113a7f2c3c4872f3aae28d466f5b96a8ef31bd1e0fd395e62a0,Processed 128 x 128 dye-grid image
processed_data/dye_grids/pork/pork_portion12_day2_rep1.png,processed data,18799,c3488b7d43ec3093afb83affc9e18e14405a98fd244f6d4a2ec6efccd5673ad3,Processed 128 x 128 dye-grid image
processed_data/dye_grids/pork/pork_portion12_day2_rep2.png,processed data,18788,aa3a1ba3efd0e7f38bc8621292318dce13395a6a01f15bb6ec6489f4e130a469,Processed 128 x 128 dye-grid image
processed_data/dye_grids/pork/pork_portion12_day2_rep3.png,processed data,18529,4cfabed3e0bfc48c580c3b1f1a8cf00ef9e593d080cfddf6ea466c11bed5b845,Processed 128 x 128 dye-grid image
processed_data/dye_grids/pork/pork_portion12_day3_rep1.png,processed data,19243,6b2754f5dc3502961980e9a7a4500d023a5ce96a88e84c6b85a4c9f70b54fe7d,Processed 128 x 128 dye-grid image
processed_data/dye_grids/pork/pork_portion12_day3_rep2.png,processed data,19235,266abb2bc40a0b6ee6bccfaad6a888d66588e611cc2a831fe3109d63b97f8316,Processed 128 x 128 dye-grid image
processed_data/dye_grids/pork/pork_portion12_day3_rep3.png,processed data,19241,b01f0da9bc4cc38047856f701f4b612bbb4732babaf947b15975ebd497db69ea,Processed 128 x 128 dye-grid image
processed_data/dye_grids/pork/pork_portion12_day4_rep1.png,processed data,18933,ffe7101bb499ee2c0f364b19d8929e560b61d266d5c49dfa0fa17f799c0ff5b5,Processed 128 x 128 dye-grid image
processed_data/dye_grids/pork/pork_portion12_day4_rep2.png,processed data,19202,bdbbc4a9ab3d6012c2bcda9698ab7f6c6679c515a04e9291881634e4489c75be,Processed 128 x 128 dye-grid image
processed_data/dye_grids/pork/pork_portion12_day4_rep3.png,processed data,18940,4325fc76832fdd1871aae3d96f042e0988a3199e828c52bb9aac331cd99c0c0a,Processed 128 x 128 dye-grid image
processed_data/dye_grids/pork/pork_portion12_day5_rep1.png,processed data,19810,5f2826b6928b239b49f3d759464de6341596b713904dd19564a40d9b65d969a9,Processed 128 x 128 dye-grid image
processed_data/dye_grids/pork/pork_portion12_day5_rep2.png,processed data,20387,5a941705703ca1a0faddbc22bfc137e391c1e16154477984f3a79d4577e4ea8d,Processed 128 x 128 dye-grid image
processed_data/dye_grids/pork/pork_portion12_day5_rep3.png,processed data,20230,5c480e653786200aecdde8675bb2aa8b80e6d488d7413daa7c55c7fc147a701e,Processed 128 x 128 dye-grid image
processed_data/dye_grids/pork/pork_portion12_day6_rep1.png,processed data,19647,e71fdfcee6d9aa5b178ef3f7644157c6d1cb99e48a7092f3a6ec2504f9191a93,Processed 128 x 128 dye-grid image
processed_data/dye_grids/pork/pork_portion12_day6_rep2.png,processed data,20004,c446e51ec9fb7dcd2cdbe1400e5457e8baf8540e8e6fbabc29e336f23b7f6bf3,Processed 128 x 128 dye-grid image
processed_data/dye_grids/pork/pork_portion12_day6_rep3.png,processed data,19276,004cd516fa55f2cb45163308de79fb5b758414cee90febec856fd8b542536360,Processed 128 x 128 dye-grid image
processed_data/dye_grids/pork/pork_portion13_day0_rep1.png,processed data,17171,00dbd4949a5531ff857c0b2f642f766e994fe71ff2bb233bf6c9c077f6fdf107,Processed 128 x 128 dye-grid image
processed_data/dye_grids/pork/pork_portion13_day0_rep2.png,processed data,17853,e077826f210bf8e2e920c40bfb2ba0c33a909410b234fb90887414106f901871,Processed 128 x 128 dye-grid image
processed_data/dye_grids/pork/pork_portion13_day0_rep3.png,processed data,18261,58f1f6e464d9e9719ce9549f8fab113e33d6037bd8773b974dceb93379dc8f7f,Processed 128 x 128 dye-grid image
processed_data/dye_grids/pork/pork_portion13_day1_rep1.png,processed data,16795,19e54c3d7f666b5677a3aa54f367958b823cb63be6297d84105803296c059d3f,Processed 128 x 128 dye-grid image
processed_data/dye_grids/pork/pork_portion13_day1_rep2.png,processed data,16806,e89449a86fce8ea57bf5afd293e93e73656db838448d50042ec535e0deab889d,Processed 128 x 128 dye-grid image
processed_data/dye_grids/pork/pork_portion13_day1_rep3.png,processed data,16877,43072c284b78fe691164609d270ff64c7c4103241c96c88bca0634b6e042461c,Processed 128 x 128 dye-grid image
processed_data/dye_grids/pork/pork_portion13_day2_rep1.png,processed data,16740,68d58a61b44f3ac7235f0525835b5013f9050975e711a1a03df1e885f32f03af,Processed 128 x 128 dye-grid image
processed_data/dye_grids/pork/pork_portion13_day2_rep2.png,processed data,16521,a5f07b84c61a0a6cfcb0f428c8d071354ad915324815c5728dd09fd4800885ed,Processed 128 x 128 dye-grid image
processed_data/dye_grids/pork/pork_portion13_day2_rep3.png,processed data,16648,944c50a1ed4d40f0b363237eab7a915d5f670181a61399a715082fd90d93703b,Processed 128 x 128 dye-grid image
processed_data/dye_grids/pork/pork_portion13_day3_rep1.png,processed data,17463,f28040eed8f6be1988bd3e4f18d0f93daa34300a0ee6bc4441fd881bc0bcabb5,Processed 128 x 128 dye-grid image
processed_data/dye_grids/pork/pork_portion13_day3_rep2.png,processed data,17571,93e1ae632e31d2f7c63ea9e9df400ec095d2b93636f52b7e9adebfa1fbc98a1c,Processed 128 x 128 dye-grid image
processed_data/dye_grids/pork/pork_portion13_day3_rep3.png,processed data,17688,0fe5d12ecb933338d85de3f74000de62e9299bc73c6606ad531ac48cdc32707e,Processed 128 x 128 dye-grid image
processed_data/dye_grids/pork/pork_portion13_day4_rep1.png,processed data,17096,d64cb901bec483610c99db0f1b81b10dd93dd7176dc02e980844352f12e4337e,Processed 128 x 128 dye-grid image
processed_data/dye_grids/pork/pork_portion13_day4_rep2.png,processed data,17189,f15f598b091a91d729e25e871fb6d073385312ab473da0ff9afffa8d8434c467,Processed 128 x 128 dye-grid image
processed_data/dye_grids/pork/pork_portion13_day4_rep3.png,processed data,17047,d4140eed098274ea30ac3b811b966ba334fe5c7446081e7da60bc1c3b1daeb53,Processed 128 x 128 dye-grid image
processed_data/dye_grids/pork/pork_portion13_day5_rep1.png,processed data,19446,79a4558f35ef8529c911ec9f079265fbdf0089ea10fcb1690dd2bb53834508d5,Processed 128 x 128 dye-grid image
processed_data/dye_grids/pork/pork_portion13_day5_rep2.png,processed data,20606,d6fee03fd2951f76cc2651ba0df657fb93f21dd54f43d3708040dcb9667c8fcc,Processed 128 x 128 dye-grid image
processed_data/dye_grids/pork/pork_portion13_day5_rep3.png,processed data,20082,e88cfb7718c4786d87dda2fc0f5dac9cfabc02434b3acbeb58d19809ea20255b,Processed 128 x 128 dye-grid image
processed_data/dye_grids/pork/pork_portion13_day6_rep1.png,processed data,17835,bcc948d9d076f24c24330689fb445f93fa8004670eb82959989123cf8ba50749,Processed 128 x 128 dye-grid image
processed_data/dye_grids/pork/pork_portion13_day6_rep2.png,processed data,17372,b45c987dfd05ebbc6d3107c25897b0613509609a52c02d243aa0cd975f8f9d82,Processed 128 x 128 dye-grid image
processed_data/dye_grids/pork/pork_portion13_day6_rep3.png,processed data,16884,facd188a2d94034a717899fac07a859489204fab547cb84931bad6b9a1a956b1,Processed 128 x 128 dye-grid image
processed_data/dye_grids/pork/pork_portion14_day0_rep1.png,processed data,17363,f21c77d04d8266143dc31d3e92a02895f291a02a281442b11a23d7e2d91f2c21,Processed 128 x 128 dye-grid image
processed_data/dye_grids/pork/pork_portion14_day0_rep2.png,processed data,18210,d7a080151aa134025c784045392036f1e1fcea6d0e966da67ddd5732542e1887,Processed 128 x 128 dye-grid image
processed_data/dye_grids/pork/pork_portion14_day0_rep3.png,processed data,17534,8b1be3cbe63d7496e257c4af8eb79a8d5b8f7f0f0178f3d28d759ef5d9e3fb57,Processed 128 x 128 dye-grid image
processed_data/dye_grids/pork/pork_portion14_day1_rep1.png,processed data,17163,8433d4655c714a52e040acc3d98d353903444192ca40981e1dce6ed1dc394cc5,Processed 128 x 128 dye-grid image
processed_data/dye_grids/pork/pork_portion14_day1_rep2.png,processed data,17155,9a8b9a7d9d045a4a982352c4d6324f9b574b3f1accc1c293f7d545787bfcd02d,Processed 128 x 128 dye-grid image
processed_data/dye_grids/pork/pork_portion14_day1_rep3.png,processed data,17349,5012fe4163c07ae3123cd31b42419ba112703cff770c82f0bcb6924f6163b517,Processed 128 x 128 dye-grid image
processed_data/dye_grids/pork/pork_portion14_day2_rep1.png,processed data,16922,238d0e7ee54a06c25c5c59f313e1aa6f408f256121980621d6e3265c5e878bd1,Processed 128 x 128 dye-grid image
processed_data/dye_grids/pork/pork_portion14_day2_rep2.png,processed data,16755,beaed9f3df0915f237dbfa8e8662de49871e22479041040f8382ce0394978dfc,Processed 128 x 128 dye-grid image
processed_data/dye_grids/pork/pork_portion14_day2_rep3.png,processed data,16795,6c5b710f8a7be3de5ab72ef4b3af9b0d505f9cfe82faacc001f3265344ddfe5a,Processed 128 x 128 dye-grid image
processed_data/dye_grids/pork/pork_portion14_day3_rep1.png,processed data,17847,38ff7aa5d9379727b0faf48b56d3be7a6985606384b7c76beecfb17d365ff9ac,Processed 128 x 128 dye-grid image
processed_data/dye_grids/pork/pork_portion14_day3_rep2.png,processed data,17797,8e94062188b79e98a0da7ba2314a5649cacf3f565d6518a3dd9d18b041eb072e,Processed 128 x 128 dye-grid image
processed_data/dye_grids/pork/pork_portion14_day3_rep3.png,processed data,17506,79731254777c8a6e98071352085b959488bc28e4bde85405d28e814db03640bf,Processed 128 x 128 dye-grid image
processed_data/dye_grids/pork/pork_portion14_day4_rep1.png,processed data,17597,c9548c0988ee45ff2a4eb15cb111db3474360d0729ecce3ba9222ebd1e6286b2,Processed 128 x 128 dye-grid image
processed_data/dye_grids/pork/pork_portion14_day4_rep2.png,processed data,17422,cee705f93b00ce940873131f84fad9ebc1b092289729ca0d65e9a0157f29719f,Processed 128 x 128 dye-grid image
processed_data/dye_grids/pork/pork_portion14_day4_rep3.png,processed data,17609,fecaa84c02329f737d4e9a97f3b8877ccca1b86a92c415a693f8fc158545a863,Processed 128 x 128 dye-grid image
processed_data/dye_grids/pork/pork_portion14_day5_rep1.png,processed data,16835,77faa97b4241f5514d438b3cfd19aec7be914d911277803399e98d72b02de5d0,Processed 128 x 128 dye-grid image
processed_data/dye_grids/pork/pork_portion14_day5_rep2.png,processed data,17705,0049b273f8d911bc3727c52d27f029b9e426494edfe6a7520c66dfdb6d8cc22b,Processed 128 x 128 dye-grid image
processed_data/dye_grids/pork/pork_portion14_day5_rep3.png,processed data,17484,269aaa0e76483184ac3b1d0cb66c2e39592ce55fff0eb386344ea87e0b3cd96a,Processed 128 x 128 dye-grid image
processed_data/dye_grids/pork/pork_portion14_day6_rep1.png,processed data,17250,31ae055eebe010a369c14dee5506fc0bbd4ef50a66fa09082b717a37a82d1081,Processed 128 x 128 dye-grid image
processed_data/dye_grids/pork/pork_portion14_day6_rep2.png,processed data,17147,87e1f24c47743ce824d0edcb2cf3f1e2b21b42f0a1e43338648ac141dc50f869,Processed 128 x 128 dye-grid image
processed_data/dye_grids/pork/pork_portion14_day6_rep3.png,processed data,16507,a625f19f52a8eeee7119c35f0d6deda0bb47f63da7a6a8cb1531c901297132d7,Processed 128 x 128 dye-grid image
processed_data/dye_grids/pork/pork_portion15_day0_rep1.png,processed data,20529,669dae0911e4ee54987866d9cbee1ad28c0c5ef4526a6fea1b6fda3913ed1529,Processed 128 x 128 dye-grid image
processed_data/dye_grids/pork/pork_portion15_day0_rep2.png,processed data,19920,d00e1d0ccc1b99691841d8a43912400f81c9c1e60851e5647fd59e3eea6c3bc5,Processed 128 x 128 dye-grid image
processed_data/dye_grids/pork/pork_portion15_day0_rep3.png,processed data,19565,93b784580a586b80b46cce8b1846117c0f4e3257e70abdb69de40345daab1c8c,Processed 128 x 128 dye-grid image
processed_data/dye_grids/pork/pork_portion15_day1_rep1.png,processed data,19015,4fe1ec98260ecaf9a8b84daacc6ea4a1b1a005c2624a8ee7870383af9d837766,Processed 128 x 128 dye-grid image
processed_data/dye_grids/pork/pork_portion15_day1_rep2.png,processed data,19002,3816d21902f27b41f6e58ac3ff9774ee55dd8562468742a8abe3df45741c1aae,Processed 128 x 128 dye-grid image
processed_data/dye_grids/pork/pork_portion15_day1_rep3.png,processed data,19427,056f6c2dff0c7be012c8a825d43b1d82300c440c3ab74c530f07fa91dd5df3a3,Processed 128 x 128 dye-grid image
processed_data/dye_grids/pork/pork_portion15_day2_rep1.png,processed data,17858,0b7ab7f5ac7416f8cafe66b9a5d48a84da9ca83efbc43b198ee8f2b11599e61a,Processed 128 x 128 dye-grid image
processed_data/dye_grids/pork/pork_portion15_day2_rep2.png,processed data,18770,607acce6094061a10a208a862b4cc153aa7e5afff48946e2a07f1af6643d9551,Processed 128 x 128 dye-grid image
processed_data/dye_grids/pork/pork_portion15_day2_rep3.png,processed data,18032,bf241a11b88887b468746950faeadd1754b2a6ffcd76bc92b4478101af6f1aa5,Processed 128 x 128 dye-grid image
processed_data/dye_grids/pork/pork_portion15_day3_rep1.png,processed data,18503,fe5431d22196f635f5e1fd027759beedc27600e0c7e88580e8e424615aaef045,Processed 128 x 128 dye-grid image
processed_data/dye_grids/pork/pork_portion15_day3_rep2.png,processed data,18297,ea6aee4e773178e9773dc4278f03a78408e0a1da067e512f3527822749c7adc6,Processed 128 x 128 dye-grid image
processed_data/dye_grids/pork/pork_portion15_day3_rep3.png,processed data,18638,2f20d18f122852e073461f83fa60d4ccff2546ade6cab095063ecedef36148af,Processed 128 x 128 dye-grid image
processed_data/dye_grids/pork/pork_portion15_day4_rep1.png,processed data,18961,80ba1e0be035580d562117a21651d68add784cc59faf94ccbbccfbe0603443ce,Processed 128 x 128 dye-grid image
processed_data/dye_grids/pork/pork_portion15_day4_rep2.png,processed data,18969,75b3a7c565e2f9fb199725afc301ced7cd42c869785b1f988019201b188752fa,Processed 128 x 128 dye-grid image
processed_data/dye_grids/pork/pork_portion15_day4_rep3.png,processed data,19002,249ff0c1b45d2755f7658b68ec74871e5d0dff4cee2c9b7ce8ca319a8141996a,Processed 128 x 128 dye-grid image
processed_data/dye_grids/pork/pork_portion15_day5_rep1.png,processed data,19560,c63e764c6b081c1549f2daab33976c8c015f517a9d514577c813a0c5d8099b80,Processed 128 x 128 dye-grid image
processed_data/dye_grids/pork/pork_portion15_day5_rep2.png,processed data,19863,cf65463650b372678dd604e652014879f94faacff76d432dee896a33e423eeab,Processed 128 x 128 dye-grid image
processed_data/dye_grids/pork/pork_portion15_day5_rep3.png,processed data,19515,acd9fbfa8034a86f9c3c0847252424980793b154712dcbcd0128ebda732b9af1,Processed 128 x 128 dye-grid image
processed_data/dye_grids/pork/pork_portion15_day6_rep1.png,processed data,18811,3453db1fedc5c298eace24cb51c99db8edf6c5b2e349f6a3a53104093086ba78,Processed 128 x 128 dye-grid image
processed_data/dye_grids/pork/pork_portion15_day6_rep2.png,processed data,19021,1bd57afd6d97ed1badca8d988a398bef91046548e0963cdce1eafac50d912fb9,Processed 128 x 128 dye-grid image
processed_data/dye_grids/pork/pork_portion15_day6_rep3.png,processed data,18477,eb0393bb352c6e4757f703488458b75644ea4d5a3e790299f9db0861f4512c99,Processed 128 x 128 dye-grid image
processed_data/dye_grids/pork/pork_portion16_day0_rep1.png,processed data,20080,9036f7403a9d9a4216eb628ef39d84be78405d6f91a146b2a6dffaa068c7149d,Processed 128 x 128 dye-grid image
processed_data/dye_grids/pork/pork_portion16_day0_rep2.png,processed data,19404,64c7828ef8d026d4dbb113d15589f811240b3a46223f9b36e430c085d824d9a6,Processed 128 x 128 dye-grid image
processed_data/dye_grids/pork/pork_portion16_day0_rep3.png,processed data,19783,6e524bb073bcc33021235cff496b429e218ff15b25f808bed979ae380cd08f2c,Processed 128 x 128 dye-grid image
processed_data/dye_grids/pork/pork_portion16_day1_rep1.png,processed data,18040,73e05d72876b0e6916ec83626add7b2f3227fa3d908afd79d55199f1a080f3b1,Processed 128 x 128 dye-grid image
processed_data/dye_grids/pork/pork_portion16_day1_rep2.png,processed data,19378,48f85ee6ec815ca0b315428dc64e2e384a919177869313cff930eca5dcb5cb22,Processed 128 x 128 dye-grid image
processed_data/dye_grids/pork/pork_portion16_day1_rep3.png,processed data,18387,ba3e43676f6d2b8dc45ccdffc8cc76b19b2465585b24af5b2218597679d9c4a1,Processed 128 x 128 dye-grid image
processed_data/dye_grids/pork/pork_portion16_day2_rep1.png,processed data,19165,22e824348d62d5430efa02777fc8e78a4e0869578f70d9c67758ae036670f490,Processed 128 x 128 dye-grid image
processed_data/dye_grids/pork/pork_portion16_day2_rep2.png,processed data,18509,b7ba689fb9745ba869d777afc3f8e0f5f4ffa1aa70e73cce99c56b384ab249e7,Processed 128 x 128 dye-grid image
processed_data/dye_grids/pork/pork_portion16_day2_rep3.png,processed data,17917,653705ea3b2df1e03f7afd2163117cbbd7002b70dec59e26b666e25d6a2788d8,Processed 128 x 128 dye-grid image
processed_data/dye_grids/pork/pork_portion16_day3_rep1.png,processed data,18961,fafc761e0ec774ec0b49dd7251746421476f95e456f2b2d06013fe719423f7f9,Processed 128 x 128 dye-grid image
processed_data/dye_grids/pork/pork_portion16_day3_rep2.png,processed data,19292,7ddd2945ee742b802d404ca29b7fd4dca2769939df2056d5cf29c6069eaf1e2b,Processed 128 x 128 dye-grid image
processed_data/dye_grids/pork/pork_portion16_day3_rep3.png,processed data,19249,1471586c08b591a6b5b506021527541adcd39f27063e7bf4e7044e3b26d9b9c2,Processed 128 x 128 dye-grid image
processed_data/dye_grids/pork/pork_portion16_day4_rep1.png,processed data,18956,fd48145eaa86f2baa575eb9e7c7758160662f3b353840fa1b2ea4b203de94906,Processed 128 x 128 dye-grid image
processed_data/dye_grids/pork/pork_portion16_day4_rep2.png,processed data,18519,afb7a23b3b94571b0f8badc11347628eb5a071b210cdf198cb1687edb4e55908,Processed 128 x 128 dye-grid image
processed_data/dye_grids/pork/pork_portion16_day4_rep3.png,processed data,18667,cae9c8350a047c9be5bda7cd09c50b8a81172e65236262dd6c7ee59df667b5f3,Processed 128 x 128 dye-grid image
processed_data/dye_grids/pork/pork_portion16_day5_rep1.png,processed data,18874,9052ebf8d4cadfcbc0b2470361040450077150bfc5ddb4dafac6801056128f04,Processed 128 x 128 dye-grid image
processed_data/dye_grids/pork/pork_portion16_day5_rep2.png,processed data,19575,b98c69d9761c51afd036ae8531289a3b0559f288581fb555187cdc8ede9887b8,Processed 128 x 128 dye-grid image
processed_data/dye_grids/pork/pork_portion16_day5_rep3.png,processed data,19471,3a54e8fe9c26fae4248c1be3544f08f744aad681076f55ce87fa958749da4705,Processed 128 x 128 dye-grid image
processed_data/dye_grids/pork/pork_portion16_day6_rep1.png,processed data,19198,ddf48b5a74e09ccc46bb822d883b40d231dba551c72e376735cebb79866ca3ff,Processed 128 x 128 dye-grid image
processed_data/dye_grids/pork/pork_portion16_day6_rep2.png,processed data,18258,606ef78429fa802bebaa911797e1db6fd66fef9937b0b937bfb32ab91b9cb3ac,Processed 128 x 128 dye-grid image
processed_data/dye_grids/pork/pork_portion16_day6_rep3.png,processed data,18686,d00c161b0ccafce33c5e59787332b0dc9c416f4acc6c9c37c5b6b14c31672371,Processed 128 x 128 dye-grid image
processed_data/dye_grids/pork/pork_portion17_day0_rep1.png,processed data,17162,7fac32c067affd2c39615eacea509b64c0363e38795069f5509ebf22f7e07515,Processed 128 x 128 dye-grid image
processed_data/dye_grids/pork/pork_portion17_day0_rep2.png,processed data,17252,865695a1544de5db1eeba6bfe95e2e80dfc9e4eef24a1635ca58cb09e834b1dd,Processed 128 x 128 dye-grid image
processed_data/dye_grids/pork/pork_portion17_day0_rep3.png,processed data,16633,8e133f49de0a324125e4cd426216cf2979f50ff3f4c07e7ddcfa70eb7642fd0e,Processed 128 x 128 dye-grid image
processed_data/dye_grids/pork/pork_portion17_day1_rep1.png,processed data,15574,2e2597f3d85362c2f3a243e1d34ca78498edc796afd210d3f25eb7a872b9a18e,Processed 128 x 128 dye-grid image
processed_data/dye_grids/pork/pork_portion17_day1_rep2.png,processed data,15395,894fc67317c1d413597bb61f30b140bfde5dc8d57e60979c14cf24d464b9a458,Processed 128 x 128 dye-grid image
processed_data/dye_grids/pork/pork_portion17_day1_rep3.png,processed data,16876,1a0c04b4d89bc85a7228581334bf7b278c706859e98b058c3ebe3977175f5aa6,Processed 128 x 128 dye-grid image
processed_data/dye_grids/pork/pork_portion17_day2_rep1.png,processed data,15013,4f095d833161b57de99483c3726e19325f5885e8832c1b5ed23bd3fc05dcd2c8,Processed 128 x 128 dye-grid image
processed_data/dye_grids/pork/pork_portion17_day2_rep2.png,processed data,16053,b3ce543ca56cdb39b568accc120139896cfb0bf9d89dc1fc05c5ba573983da3b,Processed 128 x 128 dye-grid image
processed_data/dye_grids/pork/pork_portion17_day2_rep3.png,processed data,14721,75c7c0d2b13d4b776ead8b1981f1bed4b01972f1988e56411be93be8657c3f21,Processed 128 x 128 dye-grid image
processed_data/dye_grids/pork/pork_portion17_day3_rep1.png,processed data,16972,f790fd9c08dbded8d91070aa1c5abd631d756e6a3b4bcdd286ff055f8fc376e1,Processed 128 x 128 dye-grid image
processed_data/dye_grids/pork/pork_portion17_day3_rep2.png,processed data,16945,015a20a17b871fdd39a750d47391a0d6ae0011ce1a874ea3da1631a4ce1acb50,Processed 128 x 128 dye-grid image
processed_data/dye_grids/pork/pork_portion17_day3_rep3.png,processed data,17011,47f77994f43bdb320c09a2bd98f6f64f2416b854c6b2076a96fdac4369f1ad7a,Processed 128 x 128 dye-grid image
processed_data/dye_grids/pork/pork_portion17_day4_rep1.png,processed data,16968,0376f8887c16fd2f6ae6084cee27be95db1ae90bb28ce02dd8b37dec4ce03125,Processed 128 x 128 dye-grid image
processed_data/dye_grids/pork/pork_portion17_day4_rep2.png,processed data,17217,eeafadf381c5db05ab9c07ccf97397bac8352582a972e691b024f3e7337c4abc,Processed 128 x 128 dye-grid image
processed_data/dye_grids/pork/pork_portion17_day4_rep3.png,processed data,16996,e5d23878f11c8e1cb740881684e27041cbfe0a87475da38911f62c0adb3839af,Processed 128 x 128 dye-grid image
processed_data/dye_grids/pork/pork_portion17_day5_rep1.png,processed data,17749,935c98fd87e4698374e7123052fd88499d4f1c475e6a5967a5b5b02ee961d3bf,Processed 128 x 128 dye-grid image
processed_data/dye_grids/pork/pork_portion17_day5_rep2.png,processed data,18554,eefff577bb4645d9bdb7a862869e5e375077ad682022ce26bd673ee0ecbd10a4,Processed 128 x 128 dye-grid image
processed_data/dye_grids/pork/pork_portion17_day5_rep3.png,processed data,18133,8cb5d614b549b3a476e238fc4898057b6efbf27e1e6c8ce8b43254cc4d78cb2a,Processed 128 x 128 dye-grid image
processed_data/dye_grids/pork/pork_portion17_day6_rep1.png,processed data,17122,4c2bfc37d4831c923769033e5682c18c75f035eae7323b661a2f0d50b7ff53e8,Processed 128 x 128 dye-grid image
processed_data/dye_grids/pork/pork_portion17_day6_rep2.png,processed data,17031,786fc8d8acb18fd080d8a92b0c7420af3d6f3b918137f760f0348b380410bf71,Processed 128 x 128 dye-grid image
processed_data/dye_grids/pork/pork_portion17_day6_rep3.png,processed data,16514,8ec6f0a8bb5c6a5a4f7b28040e3d281a1a05d95869a59356b5e6c74993e47685,Processed 128 x 128 dye-grid image
processed_data/dye_grids/pork/pork_portion18_day0_rep1.png,processed data,15186,009a0c826a5a744a56dc0093b0ce6ccec02e4b839de013c7374d8e25780b2d07,Processed 128 x 128 dye-grid image
processed_data/dye_grids/pork/pork_portion18_day0_rep2.png,processed data,16306,da04d5e1e872edfbc17b8774d92f0c6d5ebbdb60063066cc332e2e0ae2e30724,Processed 128 x 128 dye-grid image
processed_data/dye_grids/pork/pork_portion18_day0_rep3.png,processed data,16013,2c875a44d8a347b652f946b2bbd6b729de6f307cd59850a78575ca2512cbdd28,Processed 128 x 128 dye-grid image
processed_data/dye_grids/pork/pork_portion18_day1_rep1.png,processed data,14222,efd558fddf6ced9f73a4ef03ee4aaa995fe49d23cdccf1763a3c8e5983b69b47,Processed 128 x 128 dye-grid image
processed_data/dye_grids/pork/pork_portion18_day1_rep2.png,processed data,14525,ea8079f93da2be320d6d808aaf3b4f156c95410e815bdce7d18d4e05175044ef,Processed 128 x 128 dye-grid image
processed_data/dye_grids/pork/pork_portion18_day1_rep3.png,processed data,14643,45c8c2b9cd7b8a272f01c9e9d13e3ce8b19585b9ca72348b467ca8febcb6f258,Processed 128 x 128 dye-grid image
processed_data/dye_grids/pork/pork_portion18_day2_rep1.png,processed data,14867,5a0fdcc836457a5cf032a7d69ef6f9b49fe7ce7a9d79dff1f2e324fb44eea1ce,Processed 128 x 128 dye-grid image
processed_data/dye_grids/pork/pork_portion18_day2_rep2.png,processed data,14725,e7c843c4eae0dfed1bcf5b835ad7901980caa1483ec7221b928d942c0281a349,Processed 128 x 128 dye-grid image
processed_data/dye_grids/pork/pork_portion18_day2_rep3.png,processed data,13708,9674c8f942485c98c24b10527edbfeea5a5a06452e77be1801be92205c1d8ab2,Processed 128 x 128 dye-grid image
processed_data/dye_grids/pork/pork_portion18_day3_rep1.png,processed data,15207,c1835eb4323a70050461862cc186d49aa33c99f7fcd3237a17a00a2f1fed4edb,Processed 128 x 128 dye-grid image
processed_data/dye_grids/pork/pork_portion18_day3_rep2.png,processed data,15515,47cdc845b32c6c41a988ca76c0822b4ec084a952bb70a36dfe78ed8eb7872502,Processed 128 x 128 dye-grid image
processed_data/dye_grids/pork/pork_portion18_day3_rep3.png,processed data,15344,434430dd86373856885af94f97abe5fa135cd24702b0497c2c0dd9ec8a8df6eb,Processed 128 x 128 dye-grid image
processed_data/dye_grids/pork/pork_portion18_day4_rep1.png,processed data,16525,bf692a230f13ee1fa9583e1c8af775f37b27709e105b681d1fba556bbd5197bd,Processed 128 x 128 dye-grid image
processed_data/dye_grids/pork/pork_portion18_day4_rep2.png,processed data,15837,57b5062fa3e00a3697a85cb79e514059cf0a81b4e86159327e9cd0fd840d4160,Processed 128 x 128 dye-grid image
processed_data/dye_grids/pork/pork_portion18_day4_rep3.png,processed data,15695,a77d23bdfc43e2f5a6e39f4b0d16b18735e463cbc4f9d00de6ac64107c226cf8,Processed 128 x 128 dye-grid image
processed_data/dye_grids/pork/pork_portion18_day5_rep1.png,processed data,16504,056d284b863d23d7dd6bc0fcd73bf9c6fad04e0358ba2ae96804daae26b0b6a6,Processed 128 x 128 dye-grid image
processed_data/dye_grids/pork/pork_portion18_day5_rep2.png,processed data,17666,ded2324a0ae67f1b9dd2d1026ca8cac27a3b4f125da37487d73803b0b324e588,Processed 128 x 128 dye-grid image
processed_data/dye_grids/pork/pork_portion18_day5_rep3.png,processed data,16975,4b354fc6ba7b4280bfe75ffefa73e0c869c614656cee7b624010f85f20122bd3,Processed 128 x 128 dye-grid image
processed_data/dye_grids/pork/pork_portion18_day6_rep1.png,processed data,15727,d5a2ea03fac40a7bf8e58a010369fabd12b31a10f527422313fcd3f5394d50bc,Processed 128 x 128 dye-grid image
processed_data/dye_grids/pork/pork_portion18_day6_rep2.png,processed data,15443,fd1bc2845808ae5772dd4fb3b11bfa8994ba6eea5d8357a1ef1a6780303128ed,Processed 128 x 128 dye-grid image
processed_data/dye_grids/pork/pork_portion18_day6_rep3.png,processed data,14988,d8be7eb5ecc6d86e74af186f3150800bf9cc64ca9a1be80f9d78566b5b3543bb,Processed 128 x 128 dye-grid image
processed_data/dye_grids/pork/pork_portion19_day0_rep1.png,processed data,16206,4859d1c4e13efc8ccb5f2fb66b91e4e5823f0043188b079ef2f924e14edcf403,Processed 128 x 128 dye-grid image
processed_data/dye_grids/pork/pork_portion19_day0_rep2.png,processed data,17499,5cf2a03e2e5da4a10cd95dccbedeeca5d2db38a6222c456a3a975c979824a010,Processed 128 x 128 dye-grid image
processed_data/dye_grids/pork/pork_portion19_day0_rep3.png,processed data,16257,68f09af056133060ca4e2f3af0b92ddc5640e9e026e98ba58fbc5384040dbaa4,Processed 128 x 128 dye-grid image
processed_data/dye_grids/pork/pork_portion19_day1_rep1.png,processed data,15737,2b7941657e5ad670b5d523370eaeb3bc265f2173e20c2843c4b249b078a6d910,Processed 128 x 128 dye-grid image
processed_data/dye_grids/pork/pork_portion19_day1_rep2.png,processed data,15980,088ad07420493a511570b0c27bb03732cec5deb35997e81e08660f9c4baf8a67,Processed 128 x 128 dye-grid image
processed_data/dye_grids/pork/pork_portion19_day1_rep3.png,processed data,16899,1345b222c43a1bf6b7f812d882207e49ae2c69129b0840225f3237a6dbe123dc,Processed 128 x 128 dye-grid image
processed_data/dye_grids/pork/pork_portion19_day2_rep1.png,processed data,16030,262f0fa4575f1f86d59776757182972a0e51e02c78dd474204aaa0a77e9ceece,Processed 128 x 128 dye-grid image
processed_data/dye_grids/pork/pork_portion19_day2_rep2.png,processed data,15545,ff40f61146c17efb29cf5cd8995005d7df890274323306484d362a67329e208f,Processed 128 x 128 dye-grid image
processed_data/dye_grids/pork/pork_portion19_day2_rep3.png,processed data,14675,79fa558993b2701af7c693e2a6dfb338635021880f04d5fffb9dcbead7b2b5ce,Processed 128 x 128 dye-grid image
processed_data/dye_grids/pork/pork_portion19_day3_rep1.png,processed data,16616,62930a8b5ea45e14bcdbc1f6a1e7d0cff96b5b0c5a0b790a5e458fd098c2d222,Processed 128 x 128 dye-grid image
processed_data/dye_grids/pork/pork_portion19_day3_rep2.png,processed data,16706,e6a4c9ee24bca852339e104cd57f10b948934a4eebc983d33d0716451f673d20,Processed 128 x 128 dye-grid image
processed_data/dye_grids/pork/pork_portion19_day3_rep3.png,processed data,16690,79c6a7d488fb90f8145c9cc40a8f37813b42b2bd3d8a4730c9b6bbb76562697d,Processed 128 x 128 dye-grid image
processed_data/dye_grids/pork/pork_portion19_day4_rep1.png,processed data,16620,2f8df5e4500db65b24d182c60316345f17e47586801323bae126996bea7579e3,Processed 128 x 128 dye-grid image
processed_data/dye_grids/pork/pork_portion19_day4_rep2.png,processed data,16986,0a2f9309552ade7dff4d643d27143743609d8479cd3f82d5806629d96651a312,Processed 128 x 128 dye-grid image
processed_data/dye_grids/pork/pork_portion19_day4_rep3.png,processed data,16617,f1213ab586cba01c5e859c706439e130025733ae9b111834602eb199cd9ca4ec,Processed 128 x 128 dye-grid image
processed_data/dye_grids/pork/pork_portion19_day5_rep1.png,processed data,17606,bfdd0850cbd0f88bb3233d9e7ca60433e55239fd60578a8da7670067f4128bb7,Processed 128 x 128 dye-grid image
processed_data/dye_grids/pork/pork_portion19_day5_rep2.png,processed data,18221,c618278a28b85887f3d5c3b96c11e98a382da7b6b1fb8f32cca744e50e287a39,Processed 128 x 128 dye-grid image
processed_data/dye_grids/pork/pork_portion19_day5_rep3.png,processed data,18751,117ed32a14013fe9f1e5f7adeeefc001d754e1a218b20b82b015df609bde19e3,Processed 128 x 128 dye-grid image
processed_data/dye_grids/pork/pork_portion19_day6_rep1.png,processed data,15969,1c42a4a147cfb631329c9192a890ade3d11c2666c3445eb14ca5e05ef87bbd6f,Processed 128 x 128 dye-grid image
processed_data/dye_grids/pork/pork_portion19_day6_rep2.png,processed data,15912,c1b54acfd75fb24bd0db72466e04ae1faf394d2e33c437540429cade6c31dfdf,Processed 128 x 128 dye-grid image
processed_data/dye_grids/pork/pork_portion19_day6_rep3.png,processed data,15378,633cf6e688c1ea1a54aa17e1adb49fb22c0c9fe45622402226f5d10b0e58f951,Processed 128 x 128 dye-grid image
processed_data/dye_grids/pork/pork_portion20_day0_rep1.png,processed data,17607,5826d5205e85ba31202c98bbdc0393fc37a1a11b7dc9ec9339994fea993bcede,Processed 128 x 128 dye-grid image
processed_data/dye_grids/pork/pork_portion20_day0_rep2.png,processed data,18120,9609d67a76af982382dc41e3f8768630a4581df06d2395596d7122a01d6dec02,Processed 128 x 128 dye-grid image
processed_data/dye_grids/pork/pork_portion20_day0_rep3.png,processed data,17494,41a794a52e1e2ba4a4b4655c7080ff8aa6ada2813326b14ec7793fcc432f7298,Processed 128 x 128 dye-grid image
processed_data/dye_grids/pork/pork_portion20_day1_rep1.png,processed data,15720,414fa1fb4ba3863598c0f01844311647ba6a4e2d543a9e08ef129f83e6b3b37e,Processed 128 x 128 dye-grid image
processed_data/dye_grids/pork/pork_portion20_day1_rep2.png,processed data,16012,7bbbae580bd998cf135d2f29385ce164fd9a67550368643d93ce6a99a5f4a94b,Processed 128 x 128 dye-grid image
processed_data/dye_grids/pork/pork_portion20_day1_rep3.png,processed data,15880,f28e9cbd441ac7c428a15df04c644b73a8d349e638a59261032689746b2a48b1,Processed 128 x 128 dye-grid image
processed_data/dye_grids/pork/pork_portion20_day2_rep1.png,processed data,16738,c52d844c2325c806823ecff4530d0e3d136623225959a045895e0413126ff481,Processed 128 x 128 dye-grid image
processed_data/dye_grids/pork/pork_portion20_day2_rep2.png,processed data,16637,cfdfa809a2af8280c8ad55098a84541c367494df9d7cf1a8ba743067772ae8f9,Processed 128 x 128 dye-grid image
processed_data/dye_grids/pork/pork_portion20_day2_rep3.png,processed data,15441,c6a340bcae6c4df6e365495c39a5c4c889042adf5a8b6d13af0f107a9891cd99,Processed 128 x 128 dye-grid image
processed_data/dye_grids/pork/pork_portion20_day3_rep1.png,processed data,17114,47049aa9523553485879f21ccc0d9dbddadba17ede554874e7c8c06b93838fee,Processed 128 x 128 dye-grid image
processed_data/dye_grids/pork/pork_portion20_day3_rep2.png,processed data,16964,931564cedf95a5f7e13c246da31356222987e5b8614b7aaf3e5bf490cb483658,Processed 128 x 128 dye-grid image
processed_data/dye_grids/pork/pork_portion20_day3_rep3.png,processed data,16998,9da20fc0b70ad3cce0ef6d4a0be0464fb5f99be11440628deb417d6bb5a1540b,Processed 128 x 128 dye-grid image
processed_data/dye_grids/pork/pork_portion20_day4_rep1.png,processed data,17292,c54cb4f949eafd690d266980c987c259fc9b41743ab386963dfc2de18325791f,Processed 128 x 128 dye-grid image
processed_data/dye_grids/pork/pork_portion20_day4_rep2.png,processed data,16925,4679b91f5fc44320f972e2a3d77c9ef547103ad308e3f4d6e1462d768ac73c47,Processed 128 x 128 dye-grid image
processed_data/dye_grids/pork/pork_portion20_day4_rep3.png,processed data,17120,1a04100dbdf6def7108b3cdef6bd83162a1da0c58a13cc740bea8f27ac2dcfa4,Processed 128 x 128 dye-grid image
processed_data/dye_grids/pork/pork_portion20_day5_rep1.png,processed data,16887,b8ae446354f6f5363b6635a99d2d9f4bbcdb968990b32075d8ca47a14a9fc5a8,Processed 128 x 128 dye-grid image
processed_data/dye_grids/pork/pork_portion20_day5_rep2.png,processed data,17787,d315ae2f3a9867a9fe957d677bee8e275a0fe51f362b1dce47b964d9bcffa438,Processed 128 x 128 dye-grid image
processed_data/dye_grids/pork/pork_portion20_day5_rep3.png,processed data,18174,f22f73b683762e583cd29f7beb053712a77b727d0a372bbd7bbd234e955c1ed1,Processed 128 x 128 dye-grid image
processed_data/dye_grids/pork/pork_portion20_day6_rep1.png,processed data,15821,8d5c471e13abed43de5621c7de5e8fc888a9f9836e9c22a13c00b56d4849901e,Processed 128 x 128 dye-grid image
processed_data/dye_grids/pork/pork_portion20_day6_rep2.png,processed data,15491,22105b50b029538b0e55cf55c76b1d2aff210b06deb07adb1a988a4725e65b54,Processed 128 x 128 dye-grid image
processed_data/dye_grids/pork/pork_portion20_day6_rep3.png,processed data,14672,06fdb16685f92c94b138135b6639c43e51f562966e70e6e9814a6527d4454bac,Processed 128 x 128 dye-grid image
processed_data/dye_grids/pork/pork_portion21_day0_rep1.png,processed data,20331,751d404829e090dc699103724987227cb8ee18c69821e422f33f9389071967c5,Processed 128 x 128 dye-grid image
processed_data/dye_grids/pork/pork_portion21_day0_rep2.png,processed data,20871,2bf9095ae3c3c7134d251d9a6f511098675966d5d0915f7bac3d8621ccedcb88,Processed 128 x 128 dye-grid image
processed_data/dye_grids/pork/pork_portion21_day0_rep3.png,processed data,19383,f9da1d9e30f7e688470f79b6692bab35cb4c7ec7de100aceef728ec29cea67ca,Processed 128 x 128 dye-grid image
processed_data/dye_grids/pork/pork_portion21_day1_rep1.png,processed data,19590,89933d80d2331520607f0a14c7300df4700d16d01352e9334bd7bc54b321e47b,Processed 128 x 128 dye-grid image
processed_data/dye_grids/pork/pork_portion21_day1_rep2.png,processed data,19388,c45d2b9f4b3d879bee00d9df1b4d48e498a2f4ee35b2b366d05e596c9f789ea5,Processed 128 x 128 dye-grid image
processed_data/dye_grids/pork/pork_portion21_day1_rep3.png,processed data,19280,8d82bb767dfd646d529c4f9b6afb9400388a78e916c15eac5415ca6697f88b14,Processed 128 x 128 dye-grid image
processed_data/dye_grids/pork/pork_portion21_day2_rep1.png,processed data,18888,e0e519887451980d72e19d95962464ab1769ba221beb3028d0de5e4985b18709,Processed 128 x 128 dye-grid image
processed_data/dye_grids/pork/pork_portion21_day2_rep2.png,processed data,17953,0255e3a414d1e821f37e3de51258fa7f6d8be5242a1a066ad3f50e8e1c185b01,Processed 128 x 128 dye-grid image
processed_data/dye_grids/pork/pork_portion21_day2_rep3.png,processed data,19014,7c8e3591dbdbbe3ed6611b4e6bb7f739b3a6e033e1882dbe273ef7873df32467,Processed 128 x 128 dye-grid image
processed_data/dye_grids/pork/pork_portion21_day3_rep1.png,processed data,18630,03ef4c44f11ab23c75bab0fe624b503186bf34d54617e63a56ea4d8d50e717d4,Processed 128 x 128 dye-grid image
processed_data/dye_grids/pork/pork_portion21_day3_rep2.png,processed data,19080,6b855c18bcb44e535742d7169c73a4d6f9693872110f162cdc598229adf34678,Processed 128 x 128 dye-grid image
processed_data/dye_grids/pork/pork_portion21_day3_rep3.png,processed data,19137,c4dc7877a9839a7b8dc56d67cabd78d2bc7f81e27d4d1c05e7a4e572128e58a8,Processed 128 x 128 dye-grid image
processed_data/dye_grids/pork/pork_portion21_day4_rep1.png,processed data,17518,47fb2c34b98da9a5b61cc041ceba76a5e58f40aa86aeb475f77a44f593165b44,Processed 128 x 128 dye-grid image
processed_data/dye_grids/pork/pork_portion21_day4_rep2.png,processed data,18264,37caaef1707ea7d90d84da20509287828666a678770e1e16fd31e86851f6200c,Processed 128 x 128 dye-grid image
processed_data/dye_grids/pork/pork_portion21_day4_rep3.png,processed data,18318,6a2a85b4ef0a9297188983094db3899104ec3bf8455c0a8aada90f168ab1e40d,Processed 128 x 128 dye-grid image
processed_data/dye_grids/pork/pork_portion21_day5_rep1.png,processed data,20476,5d46b843e694f62adda0b260afbd0e1ba45b690c230213a5f9ded513053babe9,Processed 128 x 128 dye-grid image
processed_data/dye_grids/pork/pork_portion21_day5_rep2.png,processed data,20279,5d9cc2ea46ed1bd87220e4dbd2d19d3ebacab007b0fcc55ed7077732df1157ce,Processed 128 x 128 dye-grid image
processed_data/dye_grids/pork/pork_portion21_day5_rep3.png,processed data,20179,393bb386922af9aa78f4f700f2e2039bfe306171f6e834a51f41e21cc14d44d1,Processed 128 x 128 dye-grid image
processed_data/dye_grids/pork/pork_portion21_day6_rep1.png,processed data,17086,bd832b4f7c7e9b9306035580f4a42fbc6fd49718ff7229c7515247f2ef979816,Processed 128 x 128 dye-grid image
processed_data/dye_grids/pork/pork_portion21_day6_rep2.png,processed data,18136,103ee49d629a968827cdbcc3da281a82d77801f84154abe56d7140f05d9e3730,Processed 128 x 128 dye-grid image
processed_data/dye_grids/pork/pork_portion21_day6_rep3.png,processed data,18018,3923e488cb5537788a03943991a740e699cc9bdcc08f70b192e0a59eb7a8e6ba,Processed 128 x 128 dye-grid image
processed_data/dye_grids/pork/pork_portion22_day0_rep1.png,processed data,17586,fbf4c792a423dad5fcc7d789dacdbd79af10719a556edff93e58eb1db6cac94a,Processed 128 x 128 dye-grid image
processed_data/dye_grids/pork/pork_portion22_day0_rep2.png,processed data,18753,1d8c8c3a5c29fc281c73ab3f0c273b87d2ebec387c05891b2780262011084ecf,Processed 128 x 128 dye-grid image
processed_data/dye_grids/pork/pork_portion22_day0_rep3.png,processed data,18862,08d85cef122277917c4f2aaee8de195094800379aa059e4c62d987433731e271,Processed 128 x 128 dye-grid image
processed_data/dye_grids/pork/pork_portion22_day1_rep1.png,processed data,16444,a88db55d1a947af7a7bcf3cc8f7571aff135a53c7a9cd173aca56930046ca76f,Processed 128 x 128 dye-grid image
processed_data/dye_grids/pork/pork_portion22_day1_rep2.png,processed data,16392,a8dfacf49f0b6169de7b2b9a0682f16b1a39065887260b53d026b3489fb69e67,Processed 128 x 128 dye-grid image
processed_data/dye_grids/pork/pork_portion22_day1_rep3.png,processed data,16229,6ff04e4a71188d403734eca29e22a9dbbe59195cd1bccefc4ddf9f3ba5b1f6ab,Processed 128 x 128 dye-grid image
processed_data/dye_grids/pork/pork_portion22_day2_rep1.png,processed data,16661,3977ac8c3ce20bba5467bafd42196402a7a61afb1efbb1167f3f26f55199b9ab,Processed 128 x 128 dye-grid image
processed_data/dye_grids/pork/pork_portion22_day2_rep2.png,processed data,16594,81e8c3b9db8deb2af5230590d24e6774ed835afede907329bec68dff2000da6f,Processed 128 x 128 dye-grid image
processed_data/dye_grids/pork/pork_portion22_day2_rep3.png,processed data,16688,ff188235d35293e327cb59f10309fcd3c8e9cd3cd864e41e11b09ec7198bb16b,Processed 128 x 128 dye-grid image
processed_data/dye_grids/pork/pork_portion22_day3_rep1.png,processed data,15893,5b81b342c02f59bc732c4ebd8d6ee64df85b749fffaeb1070119e580877e5560,Processed 128 x 128 dye-grid image
processed_data/dye_grids/pork/pork_portion22_day3_rep2.png,processed data,17127,eff84a205300a47f8709b79031dc4a6d45fd369fd8611c100c1680397ec65512,Processed 128 x 128 dye-grid image
processed_data/dye_grids/pork/pork_portion22_day3_rep3.png,processed data,16601,33e3aa9dca2b83a2e079c586508cb64cc4690f99dc1daf8354addc8f3e065c8d,Processed 128 x 128 dye-grid image
processed_data/dye_grids/pork/pork_portion22_day4_rep1.png,processed data,16750,9bfd28d093780cae9db344d1f55f37212508e71427db3be87900bae3372b3419,Processed 128 x 128 dye-grid image
processed_data/dye_grids/pork/pork_portion22_day4_rep2.png,processed data,17633,d72828b36bff44953e52538a88aed83704f9060ff45cff78d43741b8f1badf22,Processed 128 x 128 dye-grid image
processed_data/dye_grids/pork/pork_portion22_day4_rep3.png,processed data,17598,8c9ca36f66cd27e4a4e531e35214f91a7b6edc94b15084352edfa2f287ad63cb,Processed 128 x 128 dye-grid image
processed_data/dye_grids/pork/pork_portion22_day5_rep1.png,processed data,19017,b1c96e185177aac2343fb124d73dda973fec99382a4cde4806149941530a1397,Processed 128 x 128 dye-grid image
processed_data/dye_grids/pork/pork_portion22_day5_rep2.png,processed data,19295,3dc03374579fc46f11ea1867c64081d7bf13162fff4720dea76dddc40aff9ba2,Processed 128 x 128 dye-grid image
processed_data/dye_grids/pork/pork_portion22_day5_rep3.png,processed data,19503,3389011d20292e8d6eab75218400bb7135b43a7b271453c9b1d8ea30130e3f98,Processed 128 x 128 dye-grid image
processed_data/dye_grids/pork/pork_portion22_day6_rep1.png,processed data,17474,d4cb67bf3c437eab4bda031c81d90f875cb2ad7c6c7ad993bdff266872e99e9d,Processed 128 x 128 dye-grid image
processed_data/dye_grids/pork/pork_portion22_day6_rep2.png,processed data,18412,9448959307e1711ad5fccc39ea31da35538cd37919a6c778971cd208e0e9ff84,Processed 128 x 128 dye-grid image
processed_data/dye_grids/pork/pork_portion22_day6_rep3.png,processed data,17683,7c8a57672d0484c0ef5b2feebe496ec3594cfc282b7b6c1f23c9a18b4390b6fa,Processed 128 x 128 dye-grid image
processed_data/dye_grids/pork/pork_portion23_day0_rep1.png,processed data,19064,93d8d4c95e5013140ab53a9cf8abccd5e4a2d1b9a67eb4ce117d8dbe3376abdd,Processed 128 x 128 dye-grid image
processed_data/dye_grids/pork/pork_portion23_day0_rep2.png,processed data,19086,fa3c661310f79396f1a8aebad1a4caf0d90019ff65c4e6e517ee9372d09bec39,Processed 128 x 128 dye-grid image
processed_data/dye_grids/pork/pork_portion23_day0_rep3.png,processed data,18709,86f5c6648ba174f4a3fba94c0013b6df0cd34197f0299b19a746849409140e33,Processed 128 x 128 dye-grid image
processed_data/dye_grids/pork/pork_portion23_day1_rep1.png,processed data,17010,c7836e724d8e48e614c999c33cb2e58f6741d21cb4bff447154bd62f86cd579d,Processed 128 x 128 dye-grid image
processed_data/dye_grids/pork/pork_portion23_day1_rep2.png,processed data,17006,2a98ab2896f6bc3e9b4da412a80952d7b762add1f8683fc4df30473e11a5eb2a,Processed 128 x 128 dye-grid image
processed_data/dye_grids/pork/pork_portion23_day1_rep3.png,processed data,17541,d4ae7698810968b7ba8b8433e7356d4354a94f9a9d837eaa9f72a212160417dc,Processed 128 x 128 dye-grid image
processed_data/dye_grids/pork/pork_portion23_day2_rep1.png,processed data,16785,4efc3c2b4bc00f59e439acf067b7ccc60af704e03aedf1ad6031c3feb7770a22,Processed 128 x 128 dye-grid image
processed_data/dye_grids/pork/pork_portion23_day2_rep2.png,processed data,16741,eddb57591b356ca9aced0df966bd35029e2f530d4b2dd35d953cdd58e60ad481,Processed 128 x 128 dye-grid image
processed_data/dye_grids/pork/pork_portion23_day2_rep3.png,processed data,16584,74a1bab966c9bd855a3a7802fddb4adbd2f3596fef1755db9956f5426bfb407a,Processed 128 x 128 dye-grid image
processed_data/dye_grids/pork/pork_portion23_day3_rep1.png,processed data,16616,12bc3cdfb7eec4c378466bffa5d54943cbdd88e1e641cf5ff7bed0d3ef4e7acd,Processed 128 x 128 dye-grid image
processed_data/dye_grids/pork/pork_portion23_day3_rep2.png,processed data,17777,07c729261ddc6d19ec4d3070f34af589a4b0bf975ccf3930c760b738e4ae29c5,Processed 128 x 128 dye-grid image
processed_data/dye_grids/pork/pork_portion23_day3_rep3.png,processed data,17780,3ed07be6784e55cbc95730c65384d075fad073b2cf312a45b148d8f563bd669f,Processed 128 x 128 dye-grid image
processed_data/dye_grids/pork/pork_portion23_day4_rep1.png,processed data,16053,73b2ec10daab9f5c08059306039ef1b5b62ee54572b630f1217ac732afacd4e4,Processed 128 x 128 dye-grid image
processed_data/dye_grids/pork/pork_portion23_day4_rep2.png,processed data,16937,b20daae938f10bfb62392e5ae6922864ab2adbd238a4e930c11e80103a14f6b6,Processed 128 x 128 dye-grid image
processed_data/dye_grids/pork/pork_portion23_day4_rep3.png,processed data,16867,c3a246f7aaf58b7af121a4a1aaa4e099ee116ce6113767de7eb8b8f79252e6b9,Processed 128 x 128 dye-grid image
processed_data/dye_grids/pork/pork_portion23_day5_rep1.png,processed data,18541,d3318198d01314d6cd6c4306ce6d3a64f21c119063186ebc21c6ee4e3efdef65,Processed 128 x 128 dye-grid image
processed_data/dye_grids/pork/pork_portion23_day5_rep2.png,processed data,19654,835cbfbb71397d30e89f9c8afb92d2eaa82083e31fb736cc383662f33550ecff,Processed 128 x 128 dye-grid image
processed_data/dye_grids/pork/pork_portion23_day5_rep3.png,processed data,19131,950a755e7172c1c0bbdbd47729aeeae4d251c9f78e75c768a4987805848886c0,Processed 128 x 128 dye-grid image
processed_data/dye_grids/pork/pork_portion23_day6_rep1.png,processed data,17798,8fe8b5b607e73f02de670d5512bb7fc6c2a005953b5baa37849d941e4c25b131,Processed 128 x 128 dye-grid image
processed_data/dye_grids/pork/pork_portion23_day6_rep2.png,processed data,18472,56381d757b5120e3d55142cd2941d8e8bc73dfb09aa57a6f1f5d0f4f4fb68e70,Processed 128 x 128 dye-grid image
processed_data/dye_grids/pork/pork_portion23_day6_rep3.png,processed data,18693,5172591c81392fc85bb6a41a3febc69a78d293a4c46abb4c1272cd385d09f300,Processed 128 x 128 dye-grid image
processed_data/dye_grids/pork/pork_portion24_day0_rep1.png,processed data,19620,22c9135073a96e0707e8af0e6340bec258f6fbd9a7712593b98165fc85da84ec,Processed 128 x 128 dye-grid image
processed_data/dye_grids/pork/pork_portion24_day0_rep2.png,processed data,20545,e42ed5db37780abb42c32c7ae32c15f2ea131c8c9a30bafc0cf474c82998d600,Processed 128 x 128 dye-grid image
processed_data/dye_grids/pork/pork_portion24_day0_rep3.png,processed data,19101,38affc12d7b47e25bb8873e95218621e411a60ec86938ef802f813a88262a547,Processed 128 x 128 dye-grid image
processed_data/dye_grids/pork/pork_portion24_day1_rep1.png,processed data,17795,e4a99f451aa1bf4053440dd7321b7dd04df50584af7943e8ea23bb6b1c485656,Processed 128 x 128 dye-grid image
processed_data/dye_grids/pork/pork_portion24_day1_rep2.png,processed data,18142,dd235f13862a5f3e244a4f8e3eb3af9b202bc16587e857e7cc5be4febf1fde25,Processed 128 x 128 dye-grid image
processed_data/dye_grids/pork/pork_portion24_day1_rep3.png,processed data,18039,0c778485bea9c5197a0bcae589e6dcf4b0b8b56e74f4b442ea6d3a2640eb48a4,Processed 128 x 128 dye-grid image
processed_data/dye_grids/pork/pork_portion24_day2_rep1.png,processed data,16754,adb968fda19534a29f49e125af291fadbd8c3b7fc896aac8c541bfe0d3257fc1,Processed 128 x 128 dye-grid image
processed_data/dye_grids/pork/pork_portion24_day2_rep2.png,processed data,16897,4536ed28c509ce8e8e82f641c93eb70c6669aa58fb33954d2a5165fb819d2d49,Processed 128 x 128 dye-grid image
processed_data/dye_grids/pork/pork_portion24_day2_rep3.png,processed data,17117,a039f05dfe444154563851870a4a8d7f4d979f2ebdf77ac282b7ad46b0853a56,Processed 128 x 128 dye-grid image
processed_data/dye_grids/pork/pork_portion24_day3_rep1.png,processed data,17017,f724056d37912769f6a84dcec73b57311728186eae0f6b9f4c84982a7014e7d0,Processed 128 x 128 dye-grid image
processed_data/dye_grids/pork/pork_portion24_day3_rep2.png,processed data,17243,cb4869dbbdd1d1b899a4937155b2d2841f3a96028e22cad378bdbef5858757d8,Processed 128 x 128 dye-grid image
processed_data/dye_grids/pork/pork_portion24_day3_rep3.png,processed data,17552,f4a6ae4bed299dc5373f535f5415ff227db9201d2cb261b35b215e4452e85449,Processed 128 x 128 dye-grid image
processed_data/dye_grids/pork/pork_portion24_day4_rep1.png,processed data,16571,a1b7eb6234180af35ab92e7750b7342d301135d3cebe1d35090d3301ba9a93a5,Processed 128 x 128 dye-grid image
processed_data/dye_grids/pork/pork_portion24_day4_rep2.png,processed data,17506,a578c1b9fd60d2b4fb49dae2bc73eb5bab20078875a7febe24b6253699488216,Processed 128 x 128 dye-grid image
processed_data/dye_grids/pork/pork_portion24_day4_rep3.png,processed data,17411,54b6f4d2716c0307324e1b33e75df23c15d392985184e04db6aca1a8cd309eb3,Processed 128 x 128 dye-grid image
processed_data/dye_grids/pork/pork_portion24_day5_rep1.png,processed data,19297,df7d8dbf13df48f53fe3f644ba075b39429e56bbd71efcda52f4ee4e068c4b76,Processed 128 x 128 dye-grid image
processed_data/dye_grids/pork/pork_portion24_day5_rep2.png,processed data,19788,643afc69045f5ff8ca94abe3ba593cba4c63b444a9cd9cf1ae97c4f70913d61c,Processed 128 x 128 dye-grid image
processed_data/dye_grids/pork/pork_portion24_day5_rep3.png,processed data,19876,8e9dc9829d056ae1c0ed9ceccbe783fbef2c565823772349ae968f85bf1747c0,Processed 128 x 128 dye-grid image
processed_data/dye_grids/pork/pork_portion24_day6_rep1.png,processed data,15644,8775d5c65409fc0773a34adac631920fc167ec2c4c10fecd1f902ae09899f905,Processed 128 x 128 dye-grid image
processed_data/dye_grids/pork/pork_portion24_day6_rep2.png,processed data,16402,40a4ef610a586005f696aa96bc3d47546b77751c21bce24b6ee4d1a0780c8282,Processed 128 x 128 dye-grid image
processed_data/dye_grids/pork/pork_portion24_day6_rep3.png,processed data,16763,a0676c2b24b4361c6289b7c2c31d7fc8197ddafd777837c13d2bcc7dbcef78ec,Processed 128 x 128 dye-grid image
processed_data/dye_grids/pork/pork_portion25_day0_rep1.png,processed data,19488,69db28321dd4fa630ea6bab4d2b17444542be6c20d50b809cc467acdfdf978ef,Processed 128 x 128 dye-grid image
processed_data/dye_grids/pork/pork_portion25_day0_rep2.png,processed data,19072,dcff3734757509da1b7765faecd7590b7c8b6a840b81ff6fcfca6e605b957a21,Processed 128 x 128 dye-grid image
processed_data/dye_grids/pork/pork_portion25_day0_rep3.png,processed data,18281,de7c1682724567ef358f1c00a1002eeb696bd80f75e47bfb5c0836d8d9217692,Processed 128 x 128 dye-grid image
processed_data/dye_grids/pork/pork_portion25_day1_rep1.png,processed data,18660,9547ab0da8eae14dd4b551115aa9bdbc7cdbbb265e56c4d328eaffabdc61b079,Processed 128 x 128 dye-grid image
processed_data/dye_grids/pork/pork_portion25_day1_rep2.png,processed data,17991,5cc3d36098401639ba04eaa837f59667190c9c1da939db4a4b94fa9e3990605c,Processed 128 x 128 dye-grid image
processed_data/dye_grids/pork/pork_portion25_day1_rep3.png,processed data,18525,dce80a1a4e7c32d287f17bc7e31d37f31f00db7580238c0c9ce7eef6f86314fe,Processed 128 x 128 dye-grid image
processed_data/dye_grids/pork/pork_portion25_day2_rep1.png,processed data,17501,1b8a88ac5e95e754a670019fea76953cf2b62d126d5d5cbc9dfcc01eb7e6945c,Processed 128 x 128 dye-grid image
processed_data/dye_grids/pork/pork_portion25_day2_rep2.png,processed data,16702,b8927f8dc7ebc9b8db5233fa15870f4e5b7d2bf4d025ab6dff4ad18530e13e6c,Processed 128 x 128 dye-grid image
processed_data/dye_grids/pork/pork_portion25_day2_rep3.png,processed data,16997,fd6360b6e4bcea4dd6e09ec278adb61b1d54104a1c1679a3a755992986995168,Processed 128 x 128 dye-grid image
processed_data/dye_grids/pork/pork_portion25_day3_rep1.png,processed data,16077,5626fd00329ef584c0e7e2e6e9fa6317516ac9da6a27f9e2f28d2ea1b744b01e,Processed 128 x 128 dye-grid image
processed_data/dye_grids/pork/pork_portion25_day3_rep2.png,processed data,16595,0019aa3cf7a3b6e55ec0ca4d112e49861c3718a09233f80ab04075674537e459,Processed 128 x 128 dye-grid image
processed_data/dye_grids/pork/pork_portion25_day3_rep3.png,processed data,16720,0a0054e0e484afc9865c2d7b1705957c9bb52d96ba688bcc93349676d78b4c44,Processed 128 x 128 dye-grid image
processed_data/dye_grids/pork/pork_portion25_day4_rep1.png,processed data,17524,804131986ac13182b2fd94ed5f727a50faa5174e6bdfa6ed2cde90584d52c5ae,Processed 128 x 128 dye-grid image
processed_data/dye_grids/pork/pork_portion25_day4_rep2.png,processed data,17911,70af803348747850f838f9df621b4476653c08bfdea516018949e03df45b2c0e,Processed 128 x 128 dye-grid image
processed_data/dye_grids/pork/pork_portion25_day4_rep3.png,processed data,18317,40b4a4ce834d996adc1f09f2cac4cee5275633227daf06ca6fb2d70cea9c725e,Processed 128 x 128 dye-grid image
processed_data/dye_grids/pork/pork_portion25_day5_rep1.png,processed data,20265,d99873fe158b826263293bfae8c3d6e33afbb27f29ba9ad5ee97a754c239061d,Processed 128 x 128 dye-grid image
processed_data/dye_grids/pork/pork_portion25_day5_rep2.png,processed data,20738,38ccfc8813b6c79c32e0753b867dda9ce4ba55867f81fb267ac1c4722a965e9c,Processed 128 x 128 dye-grid image
processed_data/dye_grids/pork/pork_portion25_day5_rep3.png,processed data,20167,676b0a1b2636d211b8e51d9ebdfb31fb5b87e8e4d782d562e12939ba388066a7,Processed 128 x 128 dye-grid image
processed_data/dye_grids/pork/pork_portion25_day6_rep1.png,processed data,17655,08cc95ca0b1e9b3e7ac035055086284ae00c6367126806346c669017b9ac4f28,Processed 128 x 128 dye-grid image
processed_data/dye_grids/pork/pork_portion25_day6_rep2.png,processed data,18695,dd8028b5915f931ed1bbe398238a38f87ea01f636a397896f4b311ae7bafd662,Processed 128 x 128 dye-grid image
processed_data/dye_grids/pork/pork_portion25_day6_rep3.png,processed data,18440,a6386878c36d3e7c87a22505852455078869b7d1833c6ee91fa6e9ad9da3e730,Processed 128 x 128 dye-grid image
processed_data/dye_grids/pork/pork_portion26_day0_rep1.png,processed data,18199,89b1aa8d3c14ab386e828017b79a4126407b0a3dc40905fc1aa378d1148e9a03,Processed 128 x 128 dye-grid image
processed_data/dye_grids/pork/pork_portion26_day0_rep2.png,processed data,19116,50cdb7a463e3569021dd0ca38c146aeb3882cd0474f5b8d9545a348ff3d219ce,Processed 128 x 128 dye-grid image
processed_data/dye_grids/pork/pork_portion26_day0_rep3.png,processed data,17979,e8b80a3b574428f9ba28e0a97b2c3f502dcb7d14a572a03707f40be078d94c66,Processed 128 x 128 dye-grid image
processed_data/dye_grids/pork/pork_portion26_day1_rep1.png,processed data,17800,bd2a92a0f166ef75483dd2b17404d433bdf1aa0117f7df6008b233f77a2e57a9,Processed 128 x 128 dye-grid image
processed_data/dye_grids/pork/pork_portion26_day1_rep2.png,processed data,16844,992c11d0460bdc60eca06fc6caeeb6eb8165ad74df3665d3ab0aa89622ed60de,Processed 128 x 128 dye-grid image
processed_data/dye_grids/pork/pork_portion26_day1_rep3.png,processed data,16657,5b276b1884ab377e0f0c85df02c0e114c444d42ed2eb3ae0e1ae298f83f2e593,Processed 128 x 128 dye-grid image
processed_data/dye_grids/pork/pork_portion26_day2_rep1.png,processed data,16136,3bf69bd4eb629966d9b1e87d59ea92685004da4a8b9ea2149646ec86aec5f6fa,Processed 128 x 128 dye-grid image
processed_data/dye_grids/pork/pork_portion26_day2_rep2.png,processed data,17242,62c12139b6564df9a90009ab30d9ad7a456ebfcc9a983ae0a5e9b5598af0660b,Processed 128 x 128 dye-grid image
processed_data/dye_grids/pork/pork_portion26_day2_rep3.png,processed data,16234,7f6cae5d17677a88482fe3535ac43bfb87a5f9e4a27718a1dbd37ece880b4925,Processed 128 x 128 dye-grid image
processed_data/dye_grids/pork/pork_portion26_day3_rep1.png,processed data,17073,ddb52aa26eb9242fd509b873948ebbfc7ccdf608d3069f3bc56421e25f47595c,Processed 128 x 128 dye-grid image
processed_data/dye_grids/pork/pork_portion26_day3_rep2.png,processed data,17023,41978818a03f5583c9dd0898c7b5f2b97099ef354a35081254b370112b9e2538,Processed 128 x 128 dye-grid image
processed_data/dye_grids/pork/pork_portion26_day3_rep3.png,processed data,17530,2f903b11af78ee705c5bb62e3f980e3854230b346678ebfb13eba6da0d7b77cd,Processed 128 x 128 dye-grid image
processed_data/dye_grids/pork/pork_portion26_day4_rep1.png,processed data,16390,4290a1db99e9d24299df1bf34ed5ce98fa281810aa6c63aaf9d397bb41270d4b,Processed 128 x 128 dye-grid image
processed_data/dye_grids/pork/pork_portion26_day4_rep2.png,processed data,17362,abf8e92a3cc5eb6f95641ae3f6545bcf196829a21bcbc2dd2c52eb1e04f532a0,Processed 128 x 128 dye-grid image
processed_data/dye_grids/pork/pork_portion26_day4_rep3.png,processed data,17159,4b4f8d732acb46a1a22aa97f6a719a4b20f06288dcd7ecf4664bb1c9dccc64d1,Processed 128 x 128 dye-grid image
processed_data/dye_grids/pork/pork_portion26_day5_rep1.png,processed data,19185,34d31e0b7d0d7e303e517f811a920aa595c29efaade03962163ba3941f74207b,Processed 128 x 128 dye-grid image
processed_data/dye_grids/pork/pork_portion26_day5_rep2.png,processed data,20106,1782ea458254145aef4a32c0c406c3f982217f7981745196d9149ed789f5c339,Processed 128 x 128 dye-grid image
processed_data/dye_grids/pork/pork_portion26_day5_rep3.png,processed data,19592,ac08be7c7f75520ae494b4d6b4c842ff3f21fe5913c7950598680df47cf05133,Processed 128 x 128 dye-grid image
processed_data/dye_grids/pork/pork_portion26_day6_rep1.png,processed data,16650,24e2ee511603e5407404c2f1bfb6fb466d85c80d6b64f9b7084b069d8613c1b8,Processed 128 x 128 dye-grid image
processed_data/dye_grids/pork/pork_portion26_day6_rep2.png,processed data,17125,b8d1c0309359f3a53f70d27b1ca4eac96b5ac5a3d7bfc5ebaede85421f99d25b,Processed 128 x 128 dye-grid image
processed_data/dye_grids/pork/pork_portion26_day6_rep3.png,processed data,17101,ba58ddef1e88f525bba8f75fde8f6fa4bbed8901de0acc494f262b6045f2ae4e,Processed 128 x 128 dye-grid image
processed_data/dye_grids/pork/pork_portion27_day0_rep1.png,processed data,20183,e98bb555a0bb879f45f867b62f628bcec59232e87b8e2b17ea9c97724b6071fd,Processed 128 x 128 dye-grid image
processed_data/dye_grids/pork/pork_portion27_day0_rep2.png,processed data,19571,12b4915d8f8df6d56aa25f7bfb3bd8f5ab79481ecc82e21809cd1e763ceb7277,Processed 128 x 128 dye-grid image
processed_data/dye_grids/pork/pork_portion27_day0_rep3.png,processed data,19113,fe43f08d1b00a8c29008ba1808cf02f748abd06fe81454ec852ade3abbe21417,Processed 128 x 128 dye-grid image
processed_data/dye_grids/pork/pork_portion27_day1_rep1.png,processed data,18005,503170581b617b64c0c42e60c559a3829a75d0e77df9663d73eecfc9003f9269,Processed 128 x 128 dye-grid image
processed_data/dye_grids/pork/pork_portion27_day1_rep2.png,processed data,16710,450ea56e3b8597362c8b5a2ca1c0dfa9db8411d6835eb0bc5633d509b949f129,Processed 128 x 128 dye-grid image
processed_data/dye_grids/pork/pork_portion27_day1_rep3.png,processed data,16666,f5803c48de9cfdaecdbf2af12f085552123273f43392fea651a8da5631476492,Processed 128 x 128 dye-grid image
processed_data/dye_grids/pork/pork_portion27_day2_rep1.png,processed data,17448,22dd4c1454b7b2406443b191af3ab95b3d863ff0e384c918f1a14c7040e0a094,Processed 128 x 128 dye-grid image
processed_data/dye_grids/pork/pork_portion27_day2_rep2.png,processed data,17614,fb7ca6d09ec2eff44e93046ed18a2361ae1bea7614b7d7f1d7be06d71ded88fd,Processed 128 x 128 dye-grid image
processed_data/dye_grids/pork/pork_portion27_day2_rep3.png,processed data,17656,92d664a7e0a05b00b3e901e687a8b07ecdd8ccafefc215a1cb6853b2f9cf3bdc,Processed 128 x 128 dye-grid image
processed_data/dye_grids/pork/pork_portion27_day3_rep1.png,processed data,17416,94ba2cba6bd58aa6e58435cab07b026ead9f14ce70b31c14978907e6aa5040c1,Processed 128 x 128 dye-grid image
processed_data/dye_grids/pork/pork_portion27_day3_rep2.png,processed data,18134,6a6bdb0dceaa1d9e6aefef5793da3bb18d8053b7c8ea8b66d5d456250590853d,Processed 128 x 128 dye-grid image
processed_data/dye_grids/pork/pork_portion27_day3_rep3.png,processed data,18122,ce921bb5180a50bbb45e0bfa9805b9f555dd4b1181306ea543e0bb409de3f088,Processed 128 x 128 dye-grid image
processed_data/dye_grids/pork/pork_portion27_day4_rep1.png,processed data,17726,c4e1232ddbb09b8aac4b84a6ac5cd819b23941a753b688c23f8dafef26a1f168,Processed 128 x 128 dye-grid image
processed_data/dye_grids/pork/pork_portion27_day4_rep2.png,processed data,18094,432374322f40c51b5440362416c5eecb1298250cf472e2a5b2872932038c1932,Processed 128 x 128 dye-grid image
processed_data/dye_grids/pork/pork_portion27_day4_rep3.png,processed data,18284,06c0bd0a16877338bbc5719ee640543c917eb51c27a0f4278261110f3f02679b,Processed 128 x 128 dye-grid image
processed_data/dye_grids/pork/pork_portion27_day5_rep1.png,processed data,18961,08c9bf3dd8ae88b097bdec74e84042c15961bcce827aa141c53d42902623fe2c,Processed 128 x 128 dye-grid image
processed_data/dye_grids/pork/pork_portion27_day5_rep2.png,processed data,19520,4c89a61ccb415e920a036a557747cceaa065b2fa14c9ea9010145384330f0ba2,Processed 128 x 128 dye-grid image
processed_data/dye_grids/pork/pork_portion27_day5_rep3.png,processed data,18897,7316964e702f1f6995811d5f1d3dc03593c3ac97dd77f1544e2d14d0a44e6550,Processed 128 x 128 dye-grid image
processed_data/dye_grids/pork/pork_portion27_day6_rep1.png,processed data,17729,a01b759aa2ef1398b09d38fbec60d120edec703b9b77c0180b737f1f7bc491ea,Processed 128 x 128 dye-grid image
processed_data/dye_grids/pork/pork_portion27_day6_rep2.png,processed data,18028,7999459da859e778c4e9fd447c8cf5cd0e714564e6fe0963623cc84fab12763d,Processed 128 x 128 dye-grid image
processed_data/dye_grids/pork/pork_portion27_day6_rep3.png,processed data,18535,4c2507369afbae64a92b89e7466d26dcbf90ef22ed4cc4093c312d76dadc6f9c,Processed 128 x 128 dye-grid image
processed_data/dye_grids/pork/pork_portion28_day0_rep1.png,processed data,18796,d0b7c594e20340ce22eb4c3b88ab6a9ecf5c26995b132c4ab2d282f6b2281dec,Processed 128 x 128 dye-grid image
processed_data/dye_grids/pork/pork_portion28_day0_rep2.png,processed data,18661,c7785ddbd1cd450455e6b1922c26a25e34ca05c1c2bffebfc8a29399b7d9523f,Processed 128 x 128 dye-grid image
processed_data/dye_grids/pork/pork_portion28_day0_rep3.png,processed data,18900,e3445f42adeeb420c852918ef5774845cd1224ca495ceaccf8d7d54db2aab387,Processed 128 x 128 dye-grid image
processed_data/dye_grids/pork/pork_portion28_day1_rep1.png,processed data,16480,9b0f3a1aac06c96eb237e7dd48ea21aa2c2f31cd6a979481948f9aebcb1ef077,Processed 128 x 128 dye-grid image
processed_data/dye_grids/pork/pork_portion28_day1_rep2.png,processed data,16484,7afa1edcade5ddaaf2b4c8d3a0019f9da68384e3c2b1c252c398470bbceeef87,Processed 128 x 128 dye-grid image
processed_data/dye_grids/pork/pork_portion28_day1_rep3.png,processed data,16712,4a2ebd9b3db356ee24482f5e154021f3f80298c8b180c52e1e4d29c6c2aec0fe,Processed 128 x 128 dye-grid image
processed_data/dye_grids/pork/pork_portion28_day2_rep1.png,processed data,16817,861f5f02d27b462f30cd3e709d9d00a24529c50680613c583e9f68d80daff292,Processed 128 x 128 dye-grid image
processed_data/dye_grids/pork/pork_portion28_day2_rep2.png,processed data,16673,bbcbaa16ef13b1d1a56d105cf344bdaeef1cab71bad279f293c15c04805a6ab4,Processed 128 x 128 dye-grid image
processed_data/dye_grids/pork/pork_portion28_day2_rep3.png,processed data,16626,faa3128bf3cfb63bc8a0616dc0988b55b193c97eba17f67bfaa64bf95c450a04,Processed 128 x 128 dye-grid image
processed_data/dye_grids/pork/pork_portion28_day3_rep1.png,processed data,16305,4928d00e9d39cbe1e1d9341dcf2e4a03f547d3bf2c1ef34bd1eeccc7cf986e52,Processed 128 x 128 dye-grid image
processed_data/dye_grids/pork/pork_portion28_day3_rep2.png,processed data,17134,a2d714f69511b303642b96e4ba60bddcd7d4630a3d6fce9cfd3e9c15713ca460,Processed 128 x 128 dye-grid image
processed_data/dye_grids/pork/pork_portion28_day3_rep3.png,processed data,16696,ab25c08365a5e5ebb6cc2bdfa5e08ea81d60747793e5aeb90f7d9482214250c8,Processed 128 x 128 dye-grid image
processed_data/dye_grids/pork/pork_portion28_day4_rep1.png,processed data,16633,d7ecb44571eb2ee6408da35a8c8f50ff35e25d91bb6b8eb0bb97ff6e4ac2e95f,Processed 128 x 128 dye-grid image
processed_data/dye_grids/pork/pork_portion28_day4_rep2.png,processed data,17233,d639f1b52d2dca819b5f684a8272315888d36f5b7dc986127d431ba884ea5197,Processed 128 x 128 dye-grid image
processed_data/dye_grids/pork/pork_portion28_day4_rep3.png,processed data,17458,afd52151e9c1d7df41403b7bf2a18675b1da179e0e429783fccd463233d11c9f,Processed 128 x 128 dye-grid image
processed_data/dye_grids/pork/pork_portion28_day5_rep1.png,processed data,17148,8459cd0efd52c3ea5a50cb6d756849ab9212312d9626442f7608f234f949c796,Processed 128 x 128 dye-grid image
processed_data/dye_grids/pork/pork_portion28_day5_rep2.png,processed data,18253,684151e754ba7ad182623c70d3a6e3ed274dfc6e18abb7a0befbe4020e5b7d4a,Processed 128 x 128 dye-grid image
processed_data/dye_grids/pork/pork_portion28_day5_rep3.png,processed data,17753,780ce343e15655a7895f55aface4b3516b58c50a35a267f07530383c973ccf54,Processed 128 x 128 dye-grid image
processed_data/dye_grids/pork/pork_portion28_day6_rep1.png,processed data,15926,5e488a1b5e23e2830c7877d5bd8d25f4eb3d7d126a43aed3e5bdbcde048db637,Processed 128 x 128 dye-grid image
processed_data/dye_grids/pork/pork_portion28_day6_rep2.png,processed data,17285,f08eb91d400d3a31133aa12933d78658805d8f2381fec69105d08fdc5ed2a821,Processed 128 x 128 dye-grid image
processed_data/dye_grids/pork/pork_portion28_day6_rep3.png,processed data,17605,ce3cf4ad75d22f27dae79225c957918d8e8f766e7b36335db2b6ad9c7aca5ff0,Processed 128 x 128 dye-grid image
processed_data/dye_grids/pork/pork_portion29_day0_rep1.png,processed data,16724,fa3bdf4e60e48b80a6554b7e37af7a1e3ad37532672ace03a53519d256c2d879,Processed 128 x 128 dye-grid image
processed_data/dye_grids/pork/pork_portion29_day0_rep2.png,processed data,17074,08ce4349a921f2843a001a8df52b3ec9396acafa22bf92255cdb85c81e53ba56,Processed 128 x 128 dye-grid image
processed_data/dye_grids/pork/pork_portion29_day0_rep3.png,processed data,16509,3ea038353707e751ef802333d1b293871f6c73a6cd57adedf2611d020118152e,Processed 128 x 128 dye-grid image
processed_data/dye_grids/pork/pork_portion29_day1_rep1.png,processed data,16157,d5ecf63776a2ca4c7973f73d5ab5db3a6e51f0a61faaf0f84e22a3dd05c354a1,Processed 128 x 128 dye-grid image
processed_data/dye_grids/pork/pork_portion29_day1_rep2.png,processed data,15770,a9beeaf28d6ebe5ed113ef9a0816b25178e5c27047343838705ac0e543865fcd,Processed 128 x 128 dye-grid image
processed_data/dye_grids/pork/pork_portion29_day1_rep3.png,processed data,15859,24508da9a5a66554633fb52fac977264064d9efb8b7508d88a7e6c6d433b36a8,Processed 128 x 128 dye-grid image
processed_data/dye_grids/pork/pork_portion29_day2_rep1.png,processed data,15727,005e65752c7965e3845a2eafa773dd869082f8d6cf6e5a20971f2f930e601e1b,Processed 128 x 128 dye-grid image
processed_data/dye_grids/pork/pork_portion29_day2_rep2.png,processed data,15752,0abc2370c2bbfd34685b9326e50df741d100a1ad489cf24af55c3da795b8640a,Processed 128 x 128 dye-grid image
processed_data/dye_grids/pork/pork_portion29_day2_rep3.png,processed data,15792,6b991ef414344e682761080fbc2aae72048f7867db7165ec3d9a6039362786a9,Processed 128 x 128 dye-grid image
processed_data/dye_grids/pork/pork_portion29_day3_rep1.png,processed data,15410,69e89981b9f80600c91a561f6351d9cda7f67af41c123817273fa6e8542c52fd,Processed 128 x 128 dye-grid image
processed_data/dye_grids/pork/pork_portion29_day3_rep2.png,processed data,16669,e497e8bdef308bf7d4a706f527fce7f645798b5afe90210ce1e7acf0bf7e8727,Processed 128 x 128 dye-grid image
processed_data/dye_grids/pork/pork_portion29_day3_rep3.png,processed data,16035,adc882deddfd4ff3916dc43ecfd82eb3b5f915ae790cc83835991ff0f2b26843,Processed 128 x 128 dye-grid image
processed_data/dye_grids/pork/pork_portion29_day4_rep1.png,processed data,15795,07084c89f75e1b1191a0d42ad65b2de98a0d748ed19c6d94e8656a5c8163b519,Processed 128 x 128 dye-grid image
processed_data/dye_grids/pork/pork_portion29_day4_rep2.png,processed data,16237,34e912ef09c33f11c3a1b4d5ac320b869a6fcd37f1dd08219c9a5463cc085e5a,Processed 128 x 128 dye-grid image
processed_data/dye_grids/pork/pork_portion29_day4_rep3.png,processed data,16994,af77120dfd9e81c414eca62d1505c0d16ecbeff507e8033ec61e4d9eae85e564,Processed 128 x 128 dye-grid image
processed_data/dye_grids/pork/pork_portion29_day5_rep1.png,processed data,17555,66a01a6928d54b4e053cafded182b5c0801603a8ee29a7c651beecdc94d9a413,Processed 128 x 128 dye-grid image
processed_data/dye_grids/pork/pork_portion29_day5_rep2.png,processed data,17768,fd1e58aa518f0a2fd084d27ea3fcbad887833b187cfce5412d6e7a8a01cfdb0a,Processed 128 x 128 dye-grid image
processed_data/dye_grids/pork/pork_portion29_day5_rep3.png,processed data,17550,ce5efefd697a2a5ee7f372a8dcd60be11dfc0dc3db699380f0d4b456a05cfdf8,Processed 128 x 128 dye-grid image
processed_data/dye_grids/pork/pork_portion29_day6_rep1.png,processed data,17047,6eafaf94fc5d8d585e24bad2fcfb12d1fcba7a62de1dee1a1d23605e88e6541c,Processed 128 x 128 dye-grid image
processed_data/dye_grids/pork/pork_portion29_day6_rep2.png,processed data,17871,72c7d85bf4978c606667657824cd1617f09f38431b6db1812d21ef956306e086,Processed 128 x 128 dye-grid image
processed_data/dye_grids/pork/pork_portion29_day6_rep3.png,processed data,17999,cdbbdbb19167c5a8ccf97710da1caf85c54983a30cb1ba5ba9beb0a4cb8c929b,Processed 128 x 128 dye-grid image
processed_data/dye_grids/pork/pork_portion30_day0_rep1.png,processed data,18966,20b565a08b8acdab891c1fe20e5a4176ce45f68db726acc389a63345594ced1e,Processed 128 x 128 dye-grid image
processed_data/dye_grids/pork/pork_portion30_day0_rep2.png,processed data,19167,b9c20a5f6b8ae5656031fc4d7ea359ad7055e9906d53a3fa003e4d43442ec7b5,Processed 128 x 128 dye-grid image
processed_data/dye_grids/pork/pork_portion30_day0_rep3.png,processed data,18940,1aa8910c9d95f75a851a3ebc3a7a601ba3520bfb8604c19e6326058bbcdb2fa2,Processed 128 x 128 dye-grid image
processed_data/dye_grids/pork/pork_portion30_day1_rep1.png,processed data,16731,9319c1d7498eeac68d58b20fbd883fb3c66ad0012c5bc12f813bf9b616f2e6f8,Processed 128 x 128 dye-grid image
processed_data/dye_grids/pork/pork_portion30_day1_rep2.png,processed data,15966,1297fa2f05ecf2d0993511aad217cb58552bafd0cc8a322e5ca72ad013abe703,Processed 128 x 128 dye-grid image
processed_data/dye_grids/pork/pork_portion30_day1_rep3.png,processed data,16014,f1c5cb10f47fb4fcb266f8628ebec875bee6185213dd057602d34d0630b70a12,Processed 128 x 128 dye-grid image
processed_data/dye_grids/pork/pork_portion30_day2_rep1.png,processed data,16585,0078ecffd0ff2eae3ae29db8394260e3db270d409eabd305f90a21e4e7c8c04c,Processed 128 x 128 dye-grid image
processed_data/dye_grids/pork/pork_portion30_day2_rep2.png,processed data,16541,d300a29a998d9e3ab0a048c7dbb4db39b26625a5daeeefe7d63c933f47810e60,Processed 128 x 128 dye-grid image
processed_data/dye_grids/pork/pork_portion30_day2_rep3.png,processed data,16987,023aadfb077c9b66a53c9d4fd4be0ca34752260049263402400a50180c38d13e,Processed 128 x 128 dye-grid image
processed_data/dye_grids/pork/pork_portion30_day3_rep1.png,processed data,16738,f0a9fe5e49e4475ea9ec4df1511cda2ea58e8ff2b8b8efcfa7c7cf9dfebe79df,Processed 128 x 128 dye-grid image
processed_data/dye_grids/pork/pork_portion30_day3_rep2.png,processed data,18449,5461e49d9ba027a9424c17ed3721804ed7058ac286857c526177d670e81a730a,Processed 128 x 128 dye-grid image
processed_data/dye_grids/pork/pork_portion30_day3_rep3.png,processed data,17547,701ae87e60c3d2857412e35fdbd8bc539651b10a95d4c46cd4002549285d7524,Processed 128 x 128 dye-grid image
processed_data/dye_grids/pork/pork_portion30_day4_rep1.png,processed data,16393,8c81056cfb392651432bcd99f709bee4e71c939a46847d3862bbaaa8736e952f,Processed 128 x 128 dye-grid image
processed_data/dye_grids/pork/pork_portion30_day4_rep2.png,processed data,17133,63465ac488f290ccb08834345e1e33b078fa87b27a2eb5522633474b11e88e79,Processed 128 x 128 dye-grid image
processed_data/dye_grids/pork/pork_portion30_day4_rep3.png,processed data,17367,5c423eac7006d950eb2e3c2a3f228e8c50afbb0a481d01c9e0ba91e338eea7fd,Processed 128 x 128 dye-grid image
processed_data/dye_grids/pork/pork_portion30_day5_rep1.png,processed data,17940,b0b6b3dcd97aafe88de21ddb829a4cc0606cc5a7a85dd59db83315efb4355498,Processed 128 x 128 dye-grid image
processed_data/dye_grids/pork/pork_portion30_day5_rep2.png,processed data,18206,bdb4c2224f2511eee02220ebdf3ccf9101882c4529f9d2a2aba764b889fa6d81,Processed 128 x 128 dye-grid image
processed_data/dye_grids/pork/pork_portion30_day5_rep3.png,processed data,18180,36e70abb738da439a4ff40a493d7cf397c271d9d7af22d97dc91f46c83f34238,Processed 128 x 128 dye-grid image
processed_data/dye_grids/pork/pork_portion30_day6_rep1.png,processed data,16205,a5dd6a10404dd9b28825495ea2e22e76386590ec3cba6c522f2f02bc9ecc7f52,Processed 128 x 128 dye-grid image
processed_data/dye_grids/pork/pork_portion30_day6_rep2.png,processed data,17240,4823ddbfcdac0cecad565a5e6a675bdb7b31d621ae20ab0db3547217c36fb471,Processed 128 x 128 dye-grid image
processed_data/dye_grids/pork/pork_portion30_day6_rep3.png,processed data,17327,6cdc7248c0965b2109d181105f96b021a95481e358be05232ac93f22e9fb1610,Processed 128 x 128 dye-grid image
processed_data/dye_grids/pork/pork_portion31_day0_rep1.png,processed data,18701,f8fbd5616603499dd86f2d1c4311e7689994ad963d750aad0a3ff8a73a5af616,Processed 128 x 128 dye-grid image
processed_data/dye_grids/pork/pork_portion31_day0_rep2.png,processed data,19485,f16421be406761a6e9f062b29c0ca2339d61157ad379d33d93d4c19c6637760a,Processed 128 x 128 dye-grid image
processed_data/dye_grids/pork/pork_portion31_day0_rep3.png,processed data,19052,6cda16e23f8f6cd056e7ee6f75486de0921144694ab67f2b6aef5dd01601cae7,Processed 128 x 128 dye-grid image
processed_data/dye_grids/pork/pork_portion31_day1_rep1.png,processed data,18422,542f9026c4eca921a402db00bdc9c3bee32bf31849a12eb6509e7fef2d8bec5e,Processed 128 x 128 dye-grid image
processed_data/dye_grids/pork/pork_portion31_day1_rep2.png,processed data,18604,fe4404e769a74ba6fd5a277314c8191bc5e247f0f55b6322c957a2ae54e5b807,Processed 128 x 128 dye-grid image
processed_data/dye_grids/pork/pork_portion31_day1_rep3.png,processed data,18791,d6f4f7f997500f7fd94e01dc18659870e0080a4f5af6eb8c6528daf2ba3f61cf,Processed 128 x 128 dye-grid image
processed_data/dye_grids/pork/pork_portion31_day2_rep1.png,processed data,16279,aa7accdf1c773fb7973111757df7d724d28f1496ff8a4a63238984d726440690,Processed 128 x 128 dye-grid image
processed_data/dye_grids/pork/pork_portion31_day2_rep2.png,processed data,16496,9ed7c8ebfc14699ce60e6879b6f1c8c254b8e87120a8f42ac2b049b00d86dfa3,Processed 128 x 128 dye-grid image
processed_data/dye_grids/pork/pork_portion31_day2_rep3.png,processed data,15980,fab01d6a86f2a289a3d99633a411ce604c32e9180919c3046322f125101aeb73,Processed 128 x 128 dye-grid image
processed_data/dye_grids/pork/pork_portion31_day3_rep1.png,processed data,18955,7651c31193400b26c3093814ce746a3426a06da7caec99924668300fc99cff39,Processed 128 x 128 dye-grid image
processed_data/dye_grids/pork/pork_portion31_day3_rep2.png,processed data,19187,fd58b10efd305efb327e3b45b4a8ef49f352fefae148134d7d816433a72913eb,Processed 128 x 128 dye-grid image
processed_data/dye_grids/pork/pork_portion31_day3_rep3.png,processed data,19101,b391914e81df10759c35f5c99d58903e88e48a1a9ffc3a760f2e53355724e02d,Processed 128 x 128 dye-grid image
processed_data/dye_grids/pork/pork_portion31_day4_rep1.png,processed data,17903,1b2d12effbe107ee3a43865c93a83ff318175cf77fb3285e5bf4c3cf2abd8fce,Processed 128 x 128 dye-grid image
processed_data/dye_grids/pork/pork_portion31_day4_rep2.png,processed data,18182,d749f59577ccca50c6fb8dc1a1c84ca6f482f2864971b971968f461b0cc7926b,Processed 128 x 128 dye-grid image
processed_data/dye_grids/pork/pork_portion31_day4_rep3.png,processed data,17961,b9fd61939d417c6ab2562d347bcf208fbf75f42346ac13b7ee5576ea4dec56bd,Processed 128 x 128 dye-grid image
processed_data/dye_grids/pork/pork_portion31_day5_rep1.png,processed data,19901,f8253957daf7ad9e137f87389cfe2c548f490a317ea656c7830319f852620ba0,Processed 128 x 128 dye-grid image
processed_data/dye_grids/pork/pork_portion31_day5_rep2.png,processed data,19696,a667309c8333b514f4ccea21a2e6e38c6ffc9e5066107d47883ed5ee09500be0,Processed 128 x 128 dye-grid image
processed_data/dye_grids/pork/pork_portion31_day5_rep3.png,processed data,19585,1a5d5cc6798613dac223de4e11ada40dca019645a97368a82d737b96a49524c4,Processed 128 x 128 dye-grid image
processed_data/dye_grids/pork/pork_portion31_day6_rep1.png,processed data,18284,e27b0ea0b0d46735adf16ecad6a0b325545b55c0b6394bf7dc67e0c8e0c1e4df,Processed 128 x 128 dye-grid image
processed_data/dye_grids/pork/pork_portion31_day6_rep2.png,processed data,18348,01c6decbbb53f70783b369a54768e3cfba5adaa8deb8fb77133f95b45a202701,Processed 128 x 128 dye-grid image
processed_data/dye_grids/pork/pork_portion31_day6_rep3.png,processed data,18729,95361a8fef0155d062451310b7c4712e3a0abef609ec2d5315bdcf2baa7ba05d,Processed 128 x 128 dye-grid image
processed_data/dye_grids/pork/pork_portion32_day0_rep1.png,processed data,20147,b9ed0e482816ca5588361ea2d80122f061eed38602ceeebac59170f7b6e4816e,Processed 128 x 128 dye-grid image
processed_data/dye_grids/pork/pork_portion32_day0_rep2.png,processed data,20814,efae238e596fe66f03c588a607da535ca79c3b51e0d495041015838b9ba97dc3,Processed 128 x 128 dye-grid image
processed_data/dye_grids/pork/pork_portion32_day0_rep3.png,processed data,20177,6a939e2de1e90d8d2f7b2703090e63c72d668243ba7df272c1f5e9d19c3fe79c,Processed 128 x 128 dye-grid image
processed_data/dye_grids/pork/pork_portion32_day1_rep1.png,processed data,17163,2586de65149257b04371a370d8131d7a902b8b553d4ec2786f7aaf53aaa054b7,Processed 128 x 128 dye-grid image
processed_data/dye_grids/pork/pork_portion32_day1_rep2.png,processed data,17530,53be8d152ff747a436343a8108f403fbba3a1a3a9ecf6a9e34d672f95969f68e,Processed 128 x 128 dye-grid image
processed_data/dye_grids/pork/pork_portion32_day1_rep3.png,processed data,18133,c983c79e109ae1c8750c2ce97ef607babcb0ea773243826f502ddf9971b7edae,Processed 128 x 128 dye-grid image
processed_data/dye_grids/pork/pork_portion32_day2_rep1.png,processed data,15441,849505c3546c7db92224458e4f413f836db2e92409d6a4b523026a5a5ed3ce5f,Processed 128 x 128 dye-grid image
processed_data/dye_grids/pork/pork_portion32_day2_rep2.png,processed data,15803,19af4e887a7f417e95b2ffdc59972f4356af5f2238b69c9c9481e2e73fd8b204,Processed 128 x 128 dye-grid image
processed_data/dye_grids/pork/pork_portion32_day2_rep3.png,processed data,15744,c1e7602a06513f4b27ed3131f92d923788d9e7acb21306bb13e07bb1fb1de996,Processed 128 x 128 dye-grid image
processed_data/dye_grids/pork/pork_portion32_day3_rep1.png,processed data,17932,efc4e0980ea9fa40d29294e2022fd11ec1da64fc21db2219e41c6eb0807c5dae,Processed 128 x 128 dye-grid image
processed_data/dye_grids/pork/pork_portion32_day3_rep2.png,processed data,18236,7ba2ae0306fd592402f844ab232e3373a05c11ac0976cede7093892d43d90df8,Processed 128 x 128 dye-grid image
processed_data/dye_grids/pork/pork_portion32_day3_rep3.png,processed data,18369,093b04a58720f0e44e525fd40f0d37d1a5b6650183bffab9fb1663341b26cd33,Processed 128 x 128 dye-grid image
processed_data/dye_grids/pork/pork_portion32_day4_rep1.png,processed data,17277,d8d84427215db8243aa6844ac109af0f12d3b8c9ff8dbf46beb9075f21f4303b,Processed 128 x 128 dye-grid image
processed_data/dye_grids/pork/pork_portion32_day4_rep2.png,processed data,17737,c856ea7656f0cdbf0d3e908cec04518f57dd52a2e433f88a3905331ae9349216,Processed 128 x 128 dye-grid image
processed_data/dye_grids/pork/pork_portion32_day4_rep3.png,processed data,17931,0fa0bb5f69d9b2fa2270b3ccbbade980991a299fb190215440cd133aa3c5c1d1,Processed 128 x 128 dye-grid image
processed_data/dye_grids/pork/pork_portion32_day5_rep1.png,processed data,19224,715fc4308395f628d7399520b8c86c630c050dc252fb42c547a58a92ec6141bd,Processed 128 x 128 dye-grid image
processed_data/dye_grids/pork/pork_portion32_day5_rep2.png,processed data,19104,0f7befe061ade3b697a9703fd3d2784fcf6ce530e3029e3bb3be4fdb19337abf,Processed 128 x 128 dye-grid image
processed_data/dye_grids/pork/pork_portion32_day5_rep3.png,processed data,19887,3b701a884ac7f74f0b6902cebb93d15803bc8b8f45481ea150036a371702a9b2,Processed 128 x 128 dye-grid image
processed_data/dye_grids/pork/pork_portion32_day6_rep1.png,processed data,17743,2b4f68a5a7fe132403d2d27ee302716292b0f9c50ae6259c6ae94af56cb94dfc,Processed 128 x 128 dye-grid image
processed_data/dye_grids/pork/pork_portion32_day6_rep2.png,processed data,17691,29ef109ed52669e7189010c4e40c94b755bb472c3f823d19ece2474f176fe728,Processed 128 x 128 dye-grid image
processed_data/dye_grids/pork/pork_portion32_day6_rep3.png,processed data,18050,a8f01e709e51bd942a89291ed8832c22fa186400ac533b16d554448e5a27fa9b,Processed 128 x 128 dye-grid image
processed_data/dye_grids/pork/pork_portion33_day0_rep1.png,processed data,18623,a4ecfbf5f7dd1e85c2c8c9d915caa093267712807855ae861d611c437fe95aa6,Processed 128 x 128 dye-grid image
processed_data/dye_grids/pork/pork_portion33_day0_rep2.png,processed data,19373,61d464e3332d97edfc6d7bade8869b0b666f5fccdcf0b1ec7bcf6cf5ff4ad62c,Processed 128 x 128 dye-grid image
processed_data/dye_grids/pork/pork_portion33_day0_rep3.png,processed data,18975,2e418c384bc64951ab082b21ebefc34f505d8180892b0f561402cb412bf6439d,Processed 128 x 128 dye-grid image
processed_data/dye_grids/pork/pork_portion33_day1_rep1.png,processed data,18218,0fc5755d9866482af63ce0f3ac6357ac9e78bc42210dbe72deaf90ce4b16b2c1,Processed 128 x 128 dye-grid image
processed_data/dye_grids/pork/pork_portion33_day1_rep2.png,processed data,18797,5e3b74d71cacf3040a83282c694b155db8c58465e7e7f4bd914bc2fe8dc244de,Processed 128 x 128 dye-grid image
processed_data/dye_grids/pork/pork_portion33_day1_rep3.png,processed data,18982,c8534b88514f57b2a9f7a010532670385232f2c2a060385303655cd3c22cc715,Processed 128 x 128 dye-grid image
processed_data/dye_grids/pork/pork_portion33_day2_rep1.png,processed data,17166,dc85ead1ae7ba70146060d84ee2275a27500f5947bafc7d639be83da912d08bd,Processed 128 x 128 dye-grid image
processed_data/dye_grids/pork/pork_portion33_day2_rep2.png,processed data,17180,34972b674c8d8488e3a991c2993d27e22afbcb28a1195e27caa79792cbbefd67,Processed 128 x 128 dye-grid image
processed_data/dye_grids/pork/pork_portion33_day2_rep3.png,processed data,17426,472ed124117b7bcc9801d55b0d94261c97fde2e56c65e6129c8e26ceca83d391,Processed 128 x 128 dye-grid image
processed_data/dye_grids/pork/pork_portion33_day3_rep1.png,processed data,19066,4afc70ba5a7386eb030070f94e5216c8f238bf12c6442d92742b4a9846dbd3eb,Processed 128 x 128 dye-grid image
processed_data/dye_grids/pork/pork_portion33_day3_rep2.png,processed data,19722,ce472ca85efcc9ce10bf0098f5c814c60dd3dd1e4020bccd15475e018e564ca7,Processed 128 x 128 dye-grid image
processed_data/dye_grids/pork/pork_portion33_day3_rep3.png,processed data,19342,6488938a81a95ec2884de7912317cba14f64088de9271ab78e3f7d0c75eb34f1,Processed 128 x 128 dye-grid image
processed_data/dye_grids/pork/pork_portion33_day4_rep1.png,processed data,17021,5293c48234fb7381a0498468c6d7928e6927b8e5cf9163f9cb1d0a7f659652dc,Processed 128 x 128 dye-grid image
processed_data/dye_grids/pork/pork_portion33_day4_rep2.png,processed data,17600,0fc87624d62817a24a7253f074236f94236edd8a2ba562b5240976dd1582df24,Processed 128 x 128 dye-grid image
processed_data/dye_grids/pork/pork_portion33_day4_rep3.png,processed data,17505,2918a809d85c614b021db5d1599c590d4c544ab05886e1e2727ba7bb37072ea3,Processed 128 x 128 dye-grid image
processed_data/dye_grids/pork/pork_portion33_day5_rep1.png,processed data,20018,287d247d4a1be0ac4da15182a4528769f46224d9b3a35defa8f0265c03f2a57c,Processed 128 x 128 dye-grid image
processed_data/dye_grids/pork/pork_portion33_day5_rep2.png,processed data,19504,180fddd386ca0d1221ddb4ad6eed70366e809f3a0e870e5d15dd63d7244c390e,Processed 128 x 128 dye-grid image
processed_data/dye_grids/pork/pork_portion33_day5_rep3.png,processed data,19256,bf2b2f9d889b9fcf3847941913c3021ded0facc71d20d56b40eb01e37b1919b4,Processed 128 x 128 dye-grid image
processed_data/dye_grids/pork/pork_portion33_day6_rep1.png,processed data,18107,1d35824279c3200578c32eadf2b11f903ab3f2663e0ecdbd4f411282786c2fc8,Processed 128 x 128 dye-grid image
processed_data/dye_grids/pork/pork_portion33_day6_rep2.png,processed data,18367,32b6cc2825a03c9d66c5c7c75c31fc3ce7058c414c8da1bf5fd5e3173ff6cf3b,Processed 128 x 128 dye-grid image
processed_data/dye_grids/pork/pork_portion33_day6_rep3.png,processed data,18357,54681459d131ea7112f1507f88a1cc63f6bed488d2064c5b29832db922b91843,Processed 128 x 128 dye-grid image
processed_data/dye_grids/pork/pork_portion34_day0_rep1.png,processed data,21184,d9d1fa0629b7a8e7fc2cacdeba535aea95b4bea4d1b81048c0c2afc9b4132b99,Processed 128 x 128 dye-grid image
processed_data/dye_grids/pork/pork_portion34_day0_rep2.png,processed data,21532,4f306f8147ae29f47daadf6fe88367c376d1d2d7474e2d21a3c86dcd2ad1ad99,Processed 128 x 128 dye-grid image
processed_data/dye_grids/pork/pork_portion34_day0_rep3.png,processed data,21218,1f70ec74e4abcf5999a7d569c8b244d62216806b9415fe9d02345c2eb8b8b300,Processed 128 x 128 dye-grid image
processed_data/dye_grids/pork/pork_portion34_day1_rep1.png,processed data,20451,30652d4d1b35e09437bb17537fcd8590a352c050d507d6095b2ea89d7deb477e,Processed 128 x 128 dye-grid image
processed_data/dye_grids/pork/pork_portion34_day1_rep2.png,processed data,19768,cadad86d4d41d2ded90ab1858e760e83334ec13a36e2a9985f750523310e3883,Processed 128 x 128 dye-grid image
processed_data/dye_grids/pork/pork_portion34_day1_rep3.png,processed data,20091,9c2e00887c010a6c2ec383a89e5a315b918ee0657cabc9c66f08619f9b7036b8,Processed 128 x 128 dye-grid image
processed_data/dye_grids/pork/pork_portion34_day2_rep1.png,processed data,17870,8c2304c1261ce246e784f89967f18bb39e17ba759c4d8f428e48f74f4849bd30,Processed 128 x 128 dye-grid image
processed_data/dye_grids/pork/pork_portion34_day2_rep2.png,processed data,17978,f48d13fcd66b409874d14ad6d69da3673c612c43a22a904184c3fa0aa69d9e25,Processed 128 x 128 dye-grid image
processed_data/dye_grids/pork/pork_portion34_day2_rep3.png,processed data,17708,1dbbc7e99dc8e7cef8c94c0a1bd724b46d57f0a0fce6a81ac91d1fe220f4bb35,Processed 128 x 128 dye-grid image
processed_data/dye_grids/pork/pork_portion34_day3_rep1.png,processed data,20080,f2c638024b2fb977f6b83f31ac7aafc5913cd4d9981e809f49555e3693844342,Processed 128 x 128 dye-grid image
processed_data/dye_grids/pork/pork_portion34_day3_rep2.png,processed data,20431,7362b2e69774289474fba24034c12a91d57dbae495758e96237657824b8d1c2a,Processed 128 x 128 dye-grid image
processed_data/dye_grids/pork/pork_portion34_day3_rep3.png,processed data,20051,02d28491424f1fc2970a7e535e8896993ea9ef6b0c2b2fb540b2650de158b595,Processed 128 x 128 dye-grid image
processed_data/dye_grids/pork/pork_portion34_day4_rep1.png,processed data,18596,eb0c57f08fe2185fb7a4995c027a07f364160229c71a23ca32a1ed683f547750,Processed 128 x 128 dye-grid image
processed_data/dye_grids/pork/pork_portion34_day4_rep2.png,processed data,19035,33d6c0412932837751d3169325fe3524c4fae61eb2d130a51b5b6abcc1e70194,Processed 128 x 128 dye-grid image
processed_data/dye_grids/pork/pork_portion34_day4_rep3.png,processed data,19254,72074fe0d907d3b02133831cd1044aabea80dda94d55192484b5b6f4014df080,Processed 128 x 128 dye-grid image
processed_data/dye_grids/pork/pork_portion34_day5_rep1.png,processed data,20392,2f634f6c5bfeb9e3f21da99275e95500c3a4a9710fcf0128a10a7720b804fcd8,Processed 128 x 128 dye-grid image
processed_data/dye_grids/pork/pork_portion34_day5_rep2.png,processed data,20280,ab94c4ea9158729da081e4db663a38d137c6f6162b8132dab870483b23d79189,Processed 128 x 128 dye-grid image
processed_data/dye_grids/pork/pork_portion34_day5_rep3.png,processed data,20172,3944b0b181de22eef171dda888ec9c3457dd7128aa42dafe4456490b6be32218,Processed 128 x 128 dye-grid image
processed_data/dye_grids/pork/pork_portion34_day6_rep1.png,processed data,19026,d802304f6a3b6e660784b0172fc9a362c293b9c13b32d3abf11e208c19c843b4,Processed 128 x 128 dye-grid image
processed_data/dye_grids/pork/pork_portion34_day6_rep2.png,processed data,18837,29b84e0933eb55e3f4d580dbbfe6717b66fb646bb85ec7d6c205a3ab3d8b08a0,Processed 128 x 128 dye-grid image
processed_data/dye_grids/pork/pork_portion34_day6_rep3.png,processed data,19147,5a5061db3c3af24d2e2d2f0306cd776e49280b4891f86d65d5bb2bb5b67449f2,Processed 128 x 128 dye-grid image
processed_data/dye_grids/pork/pork_portion35_day0_rep1.png,processed data,20271,ad9f5b1d33ed2d5be6604eab0609985b5daece114f5fe4514d02e83102144885,Processed 128 x 128 dye-grid image
processed_data/dye_grids/pork/pork_portion35_day0_rep2.png,processed data,21019,73c7f41ce2b12c90d080aceba1e9f5c38b46fed7ca73c2be9739d3761eac0799,Processed 128 x 128 dye-grid image
processed_data/dye_grids/pork/pork_portion35_day0_rep3.png,processed data,20655,55744575b905eaf85e64c421106157f1b9bb28b6263162d4bedc6c366edf3fd4,Processed 128 x 128 dye-grid image
processed_data/dye_grids/pork/pork_portion35_day1_rep1.png,processed data,18893,f98f196f2baa19846d059fec6cc4b1712ee99e0a4b1524c40d29e9c60df74a20,Processed 128 x 128 dye-grid image
processed_data/dye_grids/pork/pork_portion35_day1_rep2.png,processed data,19025,1c006453679c3f3a59349badc6af048b490d5d4454c6782b2440f2e057f09005,Processed 128 x 128 dye-grid image
processed_data/dye_grids/pork/pork_portion35_day1_rep3.png,processed data,19114,3ccc5bf8a34aa0406805483c3d1edef0991dd3f015cce08dffb08470ad82408c,Processed 128 x 128 dye-grid image
processed_data/dye_grids/pork/pork_portion35_day2_rep1.png,processed data,17376,abb62aa0fde2d2ea705424e56db58dad794d9372f68135a25f910be0c1267a6a,Processed 128 x 128 dye-grid image
processed_data/dye_grids/pork/pork_portion35_day2_rep2.png,processed data,17797,4c7d7befb35ad0164bce7ddacf9118e36fa83d28fb57bef6d4cd80b792a60c00,Processed 128 x 128 dye-grid image
processed_data/dye_grids/pork/pork_portion35_day2_rep3.png,processed data,17091,2f8276330b785919ff9a9a680841ef85b3136cc8448e564602bb5bfe1cf0091a,Processed 128 x 128 dye-grid image
processed_data/dye_grids/pork/pork_portion35_day3_rep1.png,processed data,17492,eb2a525e873d2c2a4d7b066fc015b1d077101204dd95cc87bd7742344bacd404,Processed 128 x 128 dye-grid image
processed_data/dye_grids/pork/pork_portion35_day3_rep2.png,processed data,17793,274775495aca91e2463b6102181975c877dbf9b7a428b5cbde241f2d0d0152b9,Processed 128 x 128 dye-grid image
processed_data/dye_grids/pork/pork_portion35_day3_rep3.png,processed data,17662,08efde14db43f3332319a2e72fee74203ed6d4bfb38f1ee87f5a1c7f3d30e135,Processed 128 x 128 dye-grid image
processed_data/dye_grids/pork/pork_portion35_day4_rep1.png,processed data,18510,5389ad98e85593344c1bfd34508038dfc491a2ba4e624aa5543e5eeebe153131,Processed 128 x 128 dye-grid image
processed_data/dye_grids/pork/pork_portion35_day4_rep2.png,processed data,19166,8aebf6872131d31584244487612c249f5f6b74c0bc8cbd586f66253ccda293d2,Processed 128 x 128 dye-grid image
processed_data/dye_grids/pork/pork_portion35_day4_rep3.png,processed data,19293,ae0e814a1e46666be27c1b4a394e508fabf9876281d04b61a74d8d4b1cf58d2e,Processed 128 x 128 dye-grid image
processed_data/dye_grids/pork/pork_portion35_day5_rep1.png,processed data,21258,9d9815d3c99f385f6ddbd9d304b2b6ac048b80d14f99766490bd1e68e277a321,Processed 128 x 128 dye-grid image
processed_data/dye_grids/pork/pork_portion35_day5_rep2.png,processed data,20834,8ed4cacd7a24710de3ab4d85b4a84db48f44b011b32188a54ba2092d6a23fd0d,Processed 128 x 128 dye-grid image
processed_data/dye_grids/pork/pork_portion35_day5_rep3.png,processed data,20871,34d9f19b47e643372b82258633c845a4074e679767f151bc05ddb5644a9cd7e9,Processed 128 x 128 dye-grid image
processed_data/dye_grids/pork/pork_portion35_day6_rep1.png,processed data,18739,beb513ef4e1db9b87ace6b9c22163c5ae49bd42c938653e51b5ab694191a4ffb,Processed 128 x 128 dye-grid image
processed_data/dye_grids/pork/pork_portion35_day6_rep2.png,processed data,18572,4ea069880853509e7964e6665342c3b7f074e3f16807fb7fcc3030a89291753a,Processed 128 x 128 dye-grid image
processed_data/dye_grids/pork/pork_portion35_day6_rep3.png,processed data,18946,53b5c989cd837cbe3dcb1bd11fc3d8b0318156574f13a6fcc500d422a074dbe4,Processed 128 x 128 dye-grid image
processed_data/dye_grids/pork/pork_portion36_day0_rep1.png,processed data,19444,b92572aa7f42d61d025f01fa4b6894eeca9b7972f626c7ce955c72098228665e,Processed 128 x 128 dye-grid image
processed_data/dye_grids/pork/pork_portion36_day0_rep2.png,processed data,19982,6168230ccb67da58e5e168bb151548c5ad62eb4d2b3d5338b0a1590d0285aef3,Processed 128 x 128 dye-grid image
processed_data/dye_grids/pork/pork_portion36_day0_rep3.png,processed data,19396,3a121c4348d99fa48166a3113393c70ff0d95293eee0926bb97ebf6d02d4f0c6,Processed 128 x 128 dye-grid image
processed_data/dye_grids/pork/pork_portion36_day1_rep1.png,processed data,18834,23a7b84f93e0db4f1ebae974faf536579aa13da0d8fc5fdeabae92e950d2b268,Processed 128 x 128 dye-grid image
processed_data/dye_grids/pork/pork_portion36_day1_rep2.png,processed data,19362,e4e3ca6136aa7c2227109d63f4d79a70144004758a493a79650a3979961af292,Processed 128 x 128 dye-grid image
processed_data/dye_grids/pork/pork_portion36_day1_rep3.png,processed data,19978,8e7f5c7b19b53b24a05a6e4a42fa0724e75206d0be24b0508ec6591d9de422ba,Processed 128 x 128 dye-grid image
processed_data/dye_grids/pork/pork_portion36_day2_rep1.png,processed data,18334,e09aca909c0575a80da0c3d1912e9f60c1088a8936249c269f987f33dd1c2621,Processed 128 x 128 dye-grid image
processed_data/dye_grids/pork/pork_portion36_day2_rep2.png,processed data,18930,55e232c788dc3323f185b0deb301eee534a97fabf2f663b2655db28bbfa76fa3,Processed 128 x 128 dye-grid image
processed_data/dye_grids/pork/pork_portion36_day2_rep3.png,processed data,18339,879f1e10037d2bd660c994140c92be3b9cb15e2e49c3ce0875f76f27d4ca73c7,Processed 128 x 128 dye-grid image
processed_data/dye_grids/pork/pork_portion36_day3_rep1.png,processed data,18893,626cdf0d9600af1081288841ff5321e8f5c4a021ae069abec367e5269f705cc3,Processed 128 x 128 dye-grid image
processed_data/dye_grids/pork/pork_portion36_day3_rep2.png,processed data,18757,36f2dee8c97380c40e11a0fc87fdda72b1b5f90404e7567ff4963485c3220a94,Processed 128 x 128 dye-grid image
processed_data/dye_grids/pork/pork_portion36_day3_rep3.png,processed data,18802,068f1c305ec0206736d984dd83d4dec91cb9c605a9288c5cad8726d362d2724e,Processed 128 x 128 dye-grid image
processed_data/dye_grids/pork/pork_portion36_day4_rep1.png,processed data,17875,44144047a155d2012fed79aafb2d49b18c3ecd02cf2437634009a69d26af0891,Processed 128 x 128 dye-grid image
processed_data/dye_grids/pork/pork_portion36_day4_rep2.png,processed data,18233,b496331369c8701e99744e2480d4d2e6f737773720ec0aad6cba87b4f3583c96,Processed 128 x 128 dye-grid image
processed_data/dye_grids/pork/pork_portion36_day4_rep3.png,processed data,17673,906dccd73268c75892872af43eab4b89a6edce3534f0f2c8c4d1a2b95f9200f6,Processed 128 x 128 dye-grid image
processed_data/dye_grids/pork/pork_portion36_day5_rep1.png,processed data,19526,c0e5549938adea498a5f499c13a14cf111eb246303c10d7b0f51cd894c3d6c79,Processed 128 x 128 dye-grid image
processed_data/dye_grids/pork/pork_portion36_day5_rep2.png,processed data,19359,eebbb56b09783fb5cfbbb674c15e4982dc45466e97d3d2a33b55f145a6e4bc88,Processed 128 x 128 dye-grid image
processed_data/dye_grids/pork/pork_portion36_day5_rep3.png,processed data,19076,9fdf024765d976dba4285a6dff03fb6b8546c80003247c7c885a93eb5a371e78,Processed 128 x 128 dye-grid image
processed_data/dye_grids/pork/pork_portion36_day6_rep1.png,processed data,18891,b0ea414ed07c92af819418a41093bc2e3df4a445827c037694742cd827517452,Processed 128 x 128 dye-grid image
processed_data/dye_grids/pork/pork_portion36_day6_rep2.png,processed data,19272,93d953c518e5820902c9cb25e5aed82d60dee8041fb955ac3a9874a8bee67a46,Processed 128 x 128 dye-grid image
processed_data/dye_grids/pork/pork_portion36_day6_rep3.png,processed data,19090,663bee6a20da4cd1a9109369326188bb739f9f66f59b2b7359fb09afb90b60b9,Processed 128 x 128 dye-grid image
processed_data/dye_grids/pork/pork_portion37_day0_rep1.png,processed data,20734,d9fdb84195caf641526bc0f143a6ddad9b1acee3e5bf313be69b3ea5008f183b,Processed 128 x 128 dye-grid image
processed_data/dye_grids/pork/pork_portion37_day0_rep2.png,processed data,21536,4856b97268523e51abeb059141a621f77ecf92ab4a399fdc8cee481e5cf95e74,Processed 128 x 128 dye-grid image
processed_data/dye_grids/pork/pork_portion37_day0_rep3.png,processed data,21118,6b12d10e983856ee0fc4c7c537b6bf72ac95e70d5f3e3a535205265346aebb2a,Processed 128 x 128 dye-grid image
processed_data/dye_grids/pork/pork_portion37_day1_rep1.png,processed data,18598,d01c2e9401c861bae2f52a8a551d0c8c561f88d7ece2f83ecf20b1f5e803228a,Processed 128 x 128 dye-grid image
processed_data/dye_grids/pork/pork_portion37_day1_rep2.png,processed data,19169,53c84e0c413fa74f0a920bd0fb39a070e1eaafd079f0ae65d23319802f814cfa,Processed 128 x 128 dye-grid image
processed_data/dye_grids/pork/pork_portion37_day1_rep3.png,processed data,19353,4446d61abe8acfbfd2cdeeb3254b799d5dc50e6c56d98fe70f38e5d3f236cc00,Processed 128 x 128 dye-grid image
processed_data/dye_grids/pork/pork_portion37_day2_rep1.png,processed data,19207,67e4135c74b7e8be63c1f3f8ac6ecc609c7328bfb3ffb2869452119f48ca5690,Processed 128 x 128 dye-grid image
processed_data/dye_grids/pork/pork_portion37_day2_rep2.png,processed data,18924,bc6b1e15cec73d21732321b12176d28ff29730721de2667b58f561ef0f2049b0,Processed 128 x 128 dye-grid image
processed_data/dye_grids/pork/pork_portion37_day2_rep3.png,processed data,18830,62d7c7625fd68843f5cfba3fc4755f097a7d74cef321c54e79b2fbea94294348,Processed 128 x 128 dye-grid image
processed_data/dye_grids/pork/pork_portion37_day3_rep1.png,processed data,18220,e3c2cebacdcb23e3469047280d5b79e0781d7fcd3ce7c1db97e464492d0d680c,Processed 128 x 128 dye-grid image
processed_data/dye_grids/pork/pork_portion37_day3_rep2.png,processed data,18441,0d97c6a50b084f32ed83b2ecc35e0a67e08a0b61e73f442ecbdcb6cffb1fbebe,Processed 128 x 128 dye-grid image
processed_data/dye_grids/pork/pork_portion37_day3_rep3.png,processed data,19022,d2795794185a14734fe15a785d8ddc013d4226f173281b90ef750d156d8cdfcb,Processed 128 x 128 dye-grid image
processed_data/dye_grids/pork/pork_portion37_day4_rep1.png,processed data,18266,55d483028d2bfcf40d3ef9ad4f2af50896648858c6c77a7fee3e23855d9f0635,Processed 128 x 128 dye-grid image
processed_data/dye_grids/pork/pork_portion37_day4_rep2.png,processed data,19057,c5b631978d86014b384e6c7c7da5d471009fee980e7196f5d8e2262c0a9b305a,Processed 128 x 128 dye-grid image
processed_data/dye_grids/pork/pork_portion37_day4_rep3.png,processed data,18740,fe71869dafc9c5f8c00bba6f2625ba302b51e3d76bc0bcbc450b5d9307c2aa6c,Processed 128 x 128 dye-grid image
processed_data/dye_grids/pork/pork_portion37_day5_rep1.png,processed data,19156,0c8d51ca71ceec30be6ad9b7ba978a170e923fa5a81937be4f929f7472b5d4df,Processed 128 x 128 dye-grid image
processed_data/dye_grids/pork/pork_portion37_day5_rep2.png,processed data,18996,f6242daff238a91d2205e686e5c50a6cb2990e4aa373ec0b154c377cc6dc2dad,Processed 128 x 128 dye-grid image
processed_data/dye_grids/pork/pork_portion37_day5_rep3.png,processed data,18926,73581af605128a742533702b92795741e83d3032eb3429f3ff0a1bc786b290ac,Processed 128 x 128 dye-grid image
processed_data/dye_grids/pork/pork_portion37_day6_rep1.png,processed data,18398,62b90d4e71133a957f87822cd5083df0e8ee3bd3337816acf6fdd18341f5b24b,Processed 128 x 128 dye-grid image
processed_data/dye_grids/pork/pork_portion37_day6_rep2.png,processed data,18596,7bd4fd3ada18cfdd1a2e7fdbaf054240cbe7b83f7346d83253ceb8f412c663ad,Processed 128 x 128 dye-grid image
processed_data/dye_grids/pork/pork_portion37_day6_rep3.png,processed data,18536,02f06aefcb1d4da880d56ea0d805b883fefaba678b7602563feb4bfdc87e8195,Processed 128 x 128 dye-grid image
processed_data/dye_grids/pork/pork_portion38_day0_rep1.png,processed data,18951,2b2b4832e8f87b25c802bc00e8f86fa2ecbb995c05c894c0a6e7a1591dd4a9e6,Processed 128 x 128 dye-grid image
processed_data/dye_grids/pork/pork_portion38_day0_rep2.png,processed data,19470,531452f2b2c77efcbab6d622052ba56ab7f67fdbfe79d785b73ef3e31ccbc1ae,Processed 128 x 128 dye-grid image
processed_data/dye_grids/pork/pork_portion38_day0_rep3.png,processed data,19139,e092476bd560c977d48d6be5046e4252b1e60c6c2cd40ef18f6b40ca3219e7cd,Processed 128 x 128 dye-grid image
processed_data/dye_grids/pork/pork_portion38_day1_rep1.png,processed data,15722,fccbbf566443a07912f5ac27fa50120098c132ae816e2fa5241c50a881e39cea,Processed 128 x 128 dye-grid image
processed_data/dye_grids/pork/pork_portion38_day1_rep2.png,processed data,14944,cd7d8bf9a567c052acacc01e04f6715ccb1ad7412eb708662aa10cf2ba58c1e7,Processed 128 x 128 dye-grid image
processed_data/dye_grids/pork/pork_portion38_day1_rep3.png,processed data,16313,97e39a231b693b02b58f3529c6639f905db5feb567f1fcd5e29b4ad341c702f5,Processed 128 x 128 dye-grid image
processed_data/dye_grids/pork/pork_portion38_day2_rep1.png,processed data,15949,22409bacbba62279576e64b37deda4e7870f324665fa35855e95f0f75fffe410,Processed 128 x 128 dye-grid image
processed_data/dye_grids/pork/pork_portion38_day2_rep2.png,processed data,16210,3c15650ac2141da6fe06519080bde31d3925e3a54944234c656afbf54fd05b9e,Processed 128 x 128 dye-grid image
processed_data/dye_grids/pork/pork_portion38_day2_rep3.png,processed data,15846,7cd81a55d2a9adda62cb06c01ee31895272fc845b888da1b96536dff2f9fc6bb,Processed 128 x 128 dye-grid image
processed_data/dye_grids/pork/pork_portion38_day3_rep1.png,processed data,16257,995b4929164117aafed4dbcc42cb4175bad392e49d395823e8219ecbabafc67d,Processed 128 x 128 dye-grid image
processed_data/dye_grids/pork/pork_portion38_day3_rep2.png,processed data,15464,a6862ffc04a23613c116ce80b14db594929dbb191eb1b92dc7ad36d5d2c124ab,Processed 128 x 128 dye-grid image
processed_data/dye_grids/pork/pork_portion38_day3_rep3.png,processed data,15562,b50ac773f20025dbed9eeb8de0df6a456b7b0ad7b0faa226497a69d28b976d3f,Processed 128 x 128 dye-grid image
processed_data/dye_grids/pork/pork_portion38_day4_rep1.png,processed data,15988,3893bbd2501b575c6ee9026941972420becc5a296c6ed490a98e6095d92b99e8,Processed 128 x 128 dye-grid image
processed_data/dye_grids/pork/pork_portion38_day4_rep2.png,processed data,16540,3a3ffcc6b77cb19b3dafd1751466d3bad2d2201045713150def266ba66bbec92,Processed 128 x 128 dye-grid image
processed_data/dye_grids/pork/pork_portion38_day4_rep3.png,processed data,16559,e01a3b772807278391e56be6dd2603ce783c137add7fda55f2bf50d318fb3c52,Processed 128 x 128 dye-grid image
processed_data/dye_grids/pork/pork_portion38_day5_rep1.png,processed data,18297,472215a2e6e54e2aa189de05a69af373b75deaa1c23e5aaf4978235dff8e5205,Processed 128 x 128 dye-grid image
processed_data/dye_grids/pork/pork_portion38_day5_rep2.png,processed data,18526,4762c03aebc81089b936645c47662aac5a29f04204c1dddd0a1ebb6ca08b6b2f,Processed 128 x 128 dye-grid image
processed_data/dye_grids/pork/pork_portion38_day5_rep3.png,processed data,18120,448e09bedfbf937b597af74a68484e8ddd38dca4a24b198e8c2cd6430464c3e0,Processed 128 x 128 dye-grid image
processed_data/dye_grids/pork/pork_portion38_day6_rep1.png,processed data,17617,6b7d62bdc755f1aff667b01294c76df02eda58640fe7d292359dac19e99ee42c,Processed 128 x 128 dye-grid image
processed_data/dye_grids/pork/pork_portion38_day6_rep2.png,processed data,17602,b9f8a936ac0318dc7c340ef237a182665ec62852b22752a4bd9333515205acd6,Processed 128 x 128 dye-grid image
processed_data/dye_grids/pork/pork_portion38_day6_rep3.png,processed data,17451,f82f6593e193cea79cde394e234eb3488a155eb478bbe740a256c1f8db50a032,Processed 128 x 128 dye-grid image
processed_data/dye_grids/pork/pork_portion39_day0_rep1.png,processed data,19374,adac0ba9b7320fb803a69ba416e0af55ee379272c2ed07af3bae57b1bf5659b3,Processed 128 x 128 dye-grid image
processed_data/dye_grids/pork/pork_portion39_day0_rep2.png,processed data,19844,15faa8fd145ca6fcf61dfd041e8c331ea1ebe82cebe21c5bd24af860612ed32c,Processed 128 x 128 dye-grid image
processed_data/dye_grids/pork/pork_portion39_day0_rep3.png,processed data,19189,15dfe3c579dda5ff9f289a10e57f8f283f26a687df8f8816bf918c7da1eaa841,Processed 128 x 128 dye-grid image
processed_data/dye_grids/pork/pork_portion39_day1_rep1.png,processed data,17168,80bd2d47234d2aa337a26276c0b0e4f6d54d8ccf8122b18655aadfb09b5114bb,Processed 128 x 128 dye-grid image
processed_data/dye_grids/pork/pork_portion39_day1_rep2.png,processed data,17768,47724bab076f06010c59b5399c0ad467e9fcd4ce14154ba27774bc8466f19fa3,Processed 128 x 128 dye-grid image
processed_data/dye_grids/pork/pork_portion39_day1_rep3.png,processed data,17985,9db4f08caa92ad776ab78e1b100c745c4d1384187cd90a2e2e013d9705e317f9,Processed 128 x 128 dye-grid image
processed_data/dye_grids/pork/pork_portion39_day2_rep1.png,processed data,17928,781ca2218728e63fba91c4a28ad1739f3e083a8c8035c4028e162776bbd61b71,Processed 128 x 128 dye-grid image
processed_data/dye_grids/pork/pork_portion39_day2_rep2.png,processed data,18059,080507dca94ae8f365cb4f347e329398d22f0b695702666b83e85b54d4b41c3e,Processed 128 x 128 dye-grid image
processed_data/dye_grids/pork/pork_portion39_day2_rep3.png,processed data,17995,d651da3a77c73f9dae22772d56ac3a5ca3d2f21ed3389672d1f1bdd64f7336b5,Processed 128 x 128 dye-grid image
processed_data/dye_grids/pork/pork_portion39_day3_rep1.png,processed data,16550,b425414e59731738433c625ef12ae7c608e11dc8a908b157cd4c257a59dbb30c,Processed 128 x 128 dye-grid image
processed_data/dye_grids/pork/pork_portion39_day3_rep2.png,processed data,16390,cc1b48979e9911d7c006ceac0c1f4067e495cb301613e14ffeb893ccacd4ab44,Processed 128 x 128 dye-grid image
processed_data/dye_grids/pork/pork_portion39_day3_rep3.png,processed data,16579,32a40edb16830a0e041719d816d3d2e84919f3d066e0e3f3afed8a04adcab226,Processed 128 x 128 dye-grid image
processed_data/dye_grids/pork/pork_portion39_day4_rep1.png,processed data,16960,1b58023ac8f65033687f8bd8ed2fdc721bc979eb98ba748559e9255c6ad8295c,Processed 128 x 128 dye-grid image
processed_data/dye_grids/pork/pork_portion39_day4_rep2.png,processed data,17411,d43629259590056975007b5e76442f108338d39d9ee2585f981e3b0c8b520477,Processed 128 x 128 dye-grid image
processed_data/dye_grids/pork/pork_portion39_day4_rep3.png,processed data,17667,10b95bac0be0566b1cdb15fc558979f68d6b4511f424f714956affbddf375804,Processed 128 x 128 dye-grid image
processed_data/dye_grids/pork/pork_portion39_day5_rep1.png,processed data,17811,6ee9cf2228df6f7b06d9bb8c713bdde7b1b5841b69abb1d85348e8d90e8360ad,Processed 128 x 128 dye-grid image
processed_data/dye_grids/pork/pork_portion39_day5_rep2.png,processed data,18003,e85c13a98559e0a391b84362bc25e057ffa8aa8d29a720eefd78a9cb6955427f,Processed 128 x 128 dye-grid image
processed_data/dye_grids/pork/pork_portion39_day5_rep3.png,processed data,17730,792f54c044cd3e50e5d72bfd1bc94d6d269d70ccd8202ad3499e5734577add72,Processed 128 x 128 dye-grid image
processed_data/dye_grids/pork/pork_portion39_day6_rep1.png,processed data,17623,bbbf15f73dbeee36386fe695bf856257423e6aaa5d461c673242b68c426712c4,Processed 128 x 128 dye-grid image
processed_data/dye_grids/pork/pork_portion39_day6_rep2.png,processed data,17134,d1a6b6c8ca233a74b48d02f533fb0104718b6e12c404dad683f58b0621223fa1,Processed 128 x 128 dye-grid image
processed_data/dye_grids/pork/pork_portion39_day6_rep3.png,processed data,17587,1cebf59eed4749b40026f93b744f3efb52f4a821cb7d02b1081146988b4369cc,Processed 128 x 128 dye-grid image
processed_data/dye_grids/pork/pork_portion40_day0_rep1.png,processed data,17460,302f79935f009dcf0eafc2256a216b41b28286a34d31a58a78b8ac00ed617185,Processed 128 x 128 dye-grid image
processed_data/dye_grids/pork/pork_portion40_day0_rep2.png,processed data,18178,f54c5c4ebfe3b3f83a55dad1b4ea46ccac7016edae4d5ba7b668d82dccb19d1b,Processed 128 x 128 dye-grid image
processed_data/dye_grids/pork/pork_portion40_day0_rep3.png,processed data,17402,e4506c8bfd8e91d3f6bb2e449b20472cad40f606785aaaeb9fc577aeb395ee45,Processed 128 x 128 dye-grid image
processed_data/dye_grids/pork/pork_portion40_day1_rep1.png,processed data,15411,22b31813bf918d492e4d58ff11112b1d29c804906a8f7ad7da79113d7c1efff6,Processed 128 x 128 dye-grid image
processed_data/dye_grids/pork/pork_portion40_day1_rep2.png,processed data,16424,0795707743656c0b6077268802bbdb671867fa60c39dcfc15712edd10018aa3c,Processed 128 x 128 dye-grid image
processed_data/dye_grids/pork/pork_portion40_day1_rep3.png,processed data,15925,bf6e275dc2139dcf2d9ea8fae561db27967bcc200a30a4ef40fb22f446d1c9ea,Processed 128 x 128 dye-grid image
processed_data/dye_grids/pork/pork_portion40_day2_rep1.png,processed data,16803,d0042f0c772b3081ed8213ae799ebc56380c56f4b726e3df4f06d555df62a19d,Processed 128 x 128 dye-grid image
processed_data/dye_grids/pork/pork_portion40_day2_rep2.png,processed data,17024,2e769c6770ef1cc200332d441cd2c793d7686c514a4046936af1da80533507ee,Processed 128 x 128 dye-grid image
processed_data/dye_grids/pork/pork_portion40_day2_rep3.png,processed data,16874,b143a156ef028e5e294d4e313f90eafae1ba31ab744706c1456ff011e3331ec8,Processed 128 x 128 dye-grid image
processed_data/dye_grids/pork/pork_portion40_day3_rep1.png,processed data,15898,08b573ba8fda5d10187da16c22d76b0e497272475d62cdb03d5e921f096fdd07,Processed 128 x 128 dye-grid image
processed_data/dye_grids/pork/pork_portion40_day3_rep2.png,processed data,16116,502d825048751fc294d9b54097dd99dca9fd2b6a987c51505eb3eea389a81df6,Processed 128 x 128 dye-grid image
processed_data/dye_grids/pork/pork_portion40_day3_rep3.png,processed data,16222,4bc0e155aef7f78616a3b35307cc4d3edb816f9bdb7cbf60f79ea392de8e6963,Processed 128 x 128 dye-grid image
processed_data/dye_grids/pork/pork_portion40_day4_rep1.png,processed data,15930,9c2c473fef9f54d3e02ec6faabfef99d8e1a77f9d6edc18f72a2869fa16ba769,Processed 128 x 128 dye-grid image
processed_data/dye_grids/pork/pork_portion40_day4_rep2.png,processed data,15916,39477afe8a917df2c171c2ad92ff478aa03a3ba1e65cd955bfb3a9de8bef2e3c,Processed 128 x 128 dye-grid image
processed_data/dye_grids/pork/pork_portion40_day4_rep3.png,processed data,16650,c119359ca579bafb778f54244cb735d6e10be2a9d20995ef7185cfbb5ac3124b,Processed 128 x 128 dye-grid image
processed_data/dye_grids/pork/pork_portion40_day5_rep1.png,processed data,17529,063aea3d057c5abecb0b38ad0d74291250e745f5c3a665e7b610ef1db2a912ef,Processed 128 x 128 dye-grid image
processed_data/dye_grids/pork/pork_portion40_day5_rep2.png,processed data,17128,ef6a19dbde4ae4ec5b65dc86b9477950839cd06238319d5d6abd9d4e6f079bab,Processed 128 x 128 dye-grid image
processed_data/dye_grids/pork/pork_portion40_day5_rep3.png,processed data,17353,13cf8c2b8331f6da3b8076036574302b2271482812c2cb461295416b1e1ae7d4,Processed 128 x 128 dye-grid image
processed_data/dye_grids/pork/pork_portion40_day6_rep1.png,processed data,16488,cd3bcf3dd8e8c8dad0334d18b93529ff37627beafbd9e6910d6006c1238a89c2,Processed 128 x 128 dye-grid image
processed_data/dye_grids/pork/pork_portion40_day6_rep2.png,processed data,16126,cdd4dc1ed3415316a0df731e7ec1748473ec98689074ee4bd5cf4f7c7fc9c846,Processed 128 x 128 dye-grid image
processed_data/dye_grids/pork/pork_portion40_day6_rep3.png,processed data,16442,4c825203a3369db50b8e7045c996643983a29f545e19d51c04aef6b6594fa238,Processed 128 x 128 dye-grid image
processed_data/features/beef_features_78d.csv,processed data,790362,bacdd89ddb51ced0c27e7ff9934629bf98e885b91999c7d316578aa674099981,"Public identifiers, labels, and verified 78-dimensional features"
processed_data/features/pork_features_78d.csv,processed data,770311,b3e24496c928e1d029b86fb58fce6aade061986ee86c549b47b24d494dc70d17,"Public identifiers, labels, and verified 78-dimensional features"
README.md,documentation,5011,41f075c5920d52effdc41bb09a4f8c8fe88bda16cf3e3a7e338fc4b9464d0a52,Documentation or environment metadata
results/image_level_metrics/cv_fold_metrics.csv,results,4833,d1c7cb0cfeb2be1546ec79c19dfc7ec3f4febbac057c0fb5984e1363f09c4902,Recalculated result table
results/image_level_metrics/cv_mean_sample_sd.csv,results,2380,75f6e82bbca5d7fbb3b2e2407331a254883b2445e5a3093ca9d9442c663b26ca,Recalculated result table
results/image_level_metrics/fixed_test_metrics.csv,results,1239,1a88226752d4c9d28963e4e2239806aa299a75f7d8611e3a6d2ebb950085e800,Recalculated result table
results/portion_day_analysis/portion_day_aggregated_predictions.csv,results,472749,620fba98733a4534487c8d4fb63c3cf1d510a47af057f135fb416bbc654c756a,De-identified saved class probabilities and labels
results/portion_day_analysis/portion_day_confusion_matrices.csv,results,7884,2be6ee86b90427a4b21468319f33354cd229ffdb423b7d305e6dbfea9c8e530b,Recalculated result table
results/portion_day_analysis/portion_day_cv_fold_metrics.csv,results,5341,826997fa226c00061f5b7177b5e8e008f7b87d09acafec16de193afcd8c01d69,Recalculated result table
results/portion_day_analysis/portion_day_cv_mean_sample_sd.csv,results,2352,06f91569c53b5534f1cd3f277934268a7abf8d24323890ce785267057b9fc3fa,Recalculated result table
results/portion_day_analysis/portion_day_fixed_test_metrics.csv,results,1366,b6c999959c87fc818f0c9f40ff8cdb72d96f627e392eae6deb6da2248996fe05,Recalculated result table
results/portion_day_analysis/technical_replicate_consistency.csv,results,3458,92d8978aab18f45a26b021b2871b8b509cf364a1635ce3f071ccc4085f547b33,Recalculated result table
validation/validate_release.py,validation,9461,33a27463d28ea3cf91c32c0c3ee6ef26509d68fd08555f943599ca9ee0ad89d6,Executable public pipeline or validation code
