dataset,public_image_id,portion_id,storage_day,technical_replicate,label_name,label,feature_00,feature_01,feature_02,feature_03,feature_04,feature_05,feature_06,feature_07,feature_08,feature_09,feature_10,feature_11,feature_12,feature_13,feature_14,feature_15,feature_16,feature_17,feature_18,feature_19,feature_20,feature_21,feature_22,feature_23,feature_24,feature_25,feature_26,feature_27,feature_28,feature_29,feature_30,feature_31,feature_32,feature_33,feature_34,feature_35,feature_36,feature_37,feature_38,feature_39,feature_40,feature_41,feature_42,feature_43,feature_44,feature_45,feature_46,feature_47,feature_48,feature_49,feature_50,feature_51,feature_52,feature_53,feature_54,feature_55,feature_56,feature_57,feature_58,feature_59,feature_60,feature_61,feature_62,feature_63,feature_64,feature_65,feature_66,feature_67,feature_68,feature_69,feature_70,feature_71,feature_72,feature_73,feature_74,feature_75,feature_76,feature_77
beef,beef_portion01_day0_rep1,beef_portion01,0,1,Fresh,0,0.5749559,0.3220767,0.19626115,0.028477598,0.031976357,0.03653733,0.053436115,0.6588355,0.5749559,0.003179699,0.049428172,0.028477598,0.42319536,0.09970303,0.120747164,0.030334864,0.0050175046,0.007831487,0.7533969,0.49330485,0.0066123037,0.023450943,0.031207226,0.019989157,0.10651823,0.9901647,0.7533969,0.0041242074,0.025620183,0.023450943,0.5864855,0.08189895,0.250945,0.026450755,0.007390341,0.008759488,0.15629697,0.2553138,0.23131803,0.035854187,0.03532958,0.03624363,0.45741352,0.3927157,0.2553138,0.013062865,0.05720936,0.03532958,0.25339538,0.95942235,0.10571368,0.039444488,0.0031841255,0.30329707,0.4958746,0.43383458,0.06132156,0.023341613,0.024764089,0.045492094,0.14092976,0.8777176,0.4958746,0.0029547613,0.08588462,0.023341613,0.46992186,0.56453663,0.19073017,0.02425257,0.49435014,0.006774558,0.20959993,0.87645614,0.47238892,0.9497834,0.50015205,0.45830804
beef,beef_portion01_day0_rep2,beef_portion01,0,2,Fresh,0,0.5959144,0.36743072,0.2700233,0.028328935,0.036089133,0.03695221,0.048056338,0.54653656,0.5959144,0.0034686562,0.04367408,0.028328935,0.4605305,0.088355675,0.09705678,0.03303162,0.0076702884,0.0065887216,0.7689624,0.5251736,0.03693631,0.020942459,0.022708692,0.041857302,0.10912538,0.9509551,0.7689624,0.0032651557,0.052838106,0.020942459,0.61114615,0.07229327,0.25263146,0.020616982,0.004134735,0.008613314,0.16977057,0.27017227,0.25194356,0.034855757,0.035065174,0.035611086,0.46742028,0.37526995,0.27017227,0.006426585,0.04922377,0.035065174,0.2701901,0.95965356,0.4500932,0.038705982,0.0027327358,0.49711937,0.50140107,0.44359592,0.100975655,0.023194013,0.026250757,0.04059952,0.14076331,0.7994606,0.50140107,0.0035441874,0.07386557,0.023194013,0.4788226,0.6530007,0.18194956,0.025368517,0.47356716,0.0066769198,0.21713258,0.959179,0.571284,0.97090185,0.5997721,0.45767295
beef,beef_portion01_day0_rep3,beef_portion01,0,3,Fresh,0,0.60013074,0.37225524,0.27354902,0.02980642,0.03713409,0.039674215,0.048681706,0.54401636,0.60013074,0.0032203754,0.04696189,0.02980642,0.4651186,0.0877303,0.097434826,0.034056097,0.0075971363,0.0074178763,0.7723244,0.52389234,0.03676992,0.020125382,0.022315942,0.040337145,0.108199745,0.95108116,0.7723244,0.0037929052,0.05113099,0.020125382,0.6114875,0.0743997,0.25295871,0.019961333,0.004544616,0.00923125,0.16724563,0.2673406,0.2499286,0.032759503,0.033866405,0.03425488,0.46865726,0.37724805,0.26734197,0.009184024,0.04531554,0.033864073,0.26712236,0.95977867,0.46344912,0.037192617,0.0032860297,0.49775022,0.49917048,0.44086164,0.087516345,0.024509637,0.025628261,0.048706453,0.14103387,0.8264817,0.49917048,0.003707447,0.09094333,0.024509637,0.47627303,0.61295897,0.18486834,0.025174586,0.4847192,0.00830614,0.21398422,0.9662491,0.5325732,0.9730311,0.55943304,0.49156398
beef,beef_portion02_day0_rep1,beef_portion02,0,1,Fresh,0,0.56130797,0.3474084,0.26505053,0.024983814,0.03377718,0.037171334,0.044482067,0.5276836,0.56130797,0.004007324,0.049364854,0.024983814,0.43578413,0.08408953,0.086727686,0.030327262,0.0074310685,0.007629979,0.69768345,0.4457289,0.032539867,0.04120589,0.07165737,0.052166402,0.10139565,0.95493853,0.69768345,0.009038297,0.06940027,0.04120589,0.539434,0.082981415,0.23038474,0.057570677,0.020319743,0.011552034,0.21884699,0.29824415,0.2613168,0.0482897,0.03986096,0.040012352,0.42037585,0.27229923,0.29824415,0.0127484985,0.0660327,0.03986096,0.3036331,0.96533793,0.011706567,0.045006353,0.0053306855,0.0025487505,0.4650711,0.3627256,0.008191299,0.020859037,0.024038892,0.015128195,0.12742525,0.9817116,0.4650711,0.0032113327,0.029557066,0.020859037,0.4094,0.020720428,0.18612964,0.02345068,0.0043573324,0.0055882917,0.1771493,0.8942543,0.12079948,0.9391354,0.15081045,0.9663914
beef,beef_portion02_day0_rep2,beef_portion02,0,2,Fresh,0,0.56429905,0.35161003,0.27129197,0.023926314,0.03161021,0.036833663,0.04348018,0.5189828,0.56429905,0.0039364067,0.049071196,0.023926314,0.4397096,0.08358118,0.085135885,0.028703129,0.0062994957,0.008377994,0.70154285,0.4489696,0.03949502,0.041276764,0.07445456,0.058074515,0.10098549,0.9457071,0.70154285,0.009301428,0.07717998,0.041276764,0.5428483,0.083070815,0.22979984,0.05930713,0.021431576,0.0113210175,0.2053008,0.28689778,0.24977624,0.042232383,0.03559658,0.03658556,0.42239514,0.2890335,0.28689778,0.010331802,0.058225457,0.03559658,0.2907529,0.9641533,0.011732188,0.04029082,0.004536817,0.0019752844,0.46094126,0.35680407,0.004908885,0.018894613,0.020978676,0.0074601574,0.12669018,0.98826367,0.46094126,0.0031972853,0.015865706,0.018894613,0.40389547,0.022006404,0.18530072,0.020609459,0.004094223,0.0057500405,0.17766686,0.8960934,0.12291095,0.9420254,0.15816738,0.9646596
beef,beef_portion02_day0_rep3,beef_portion02,0,3,Fresh,0,0.56093735,0.346762,0.26103872,0.023824887,0.033273645,0.03792009,0.04573714,0.534403,0.56093735,0.004186522,0.05235032,0.023824887,0.43514213,0.08401923,0.08873894,0.029651651,0.0074986457,0.008933544,0.7049142,0.45452622,0.040362697,0.039697498,0.07344799,0.058105297,0.101833835,0.94465417,0.7049142,0.009155292,0.077161655,0.039697498,0.54736483,0.0816077,0.23108752,0.05820587,0.021394474,0.010813245,0.21175472,0.28934819,0.25454468,0.039522115,0.03513012,0.036217067,0.42359185,0.27152222,0.28934819,0.005357467,0.048206694,0.03513012,0.29431757,0.96567893,0.011169375,0.039420843,0.0039704503,0.0016759145,0.46403402,0.36176953,0.0058536534,0.018868225,0.021471804,0.010623328,0.12757394,0.9865036,0.46403402,0.0032023846,0.02162696,0.018868225,0.4083591,0.020754566,0.18638323,0.020816159,0.0042494126,0.0052949116,0.1812812,0.8961988,0.11939076,0.94550455,0.1581903,0.9677745
beef,beef_portion03_day0_rep1,beef_portion03,0,1,Fresh,0,0.5762526,0.33602974,0.2389406,0.019599719,0.021219805,0.021289483,0.04696651,0.5839603,0.5762526,0.001429504,0.024373775,0.019599719,0.43299448,0.09499084,0.10111083,0.020497333,0.0033794844,0.0029767123,0.73907775,0.5061618,0.0038645288,0.016929504,0.02294883,0.00478039,0.11200112,0.99372864,0.73907775,0.0031250182,0.0071323887,0.016929504,0.5898244,0.06871424,0.25129676,0.019388478,0.005885369,0.0056953263,0.15202494,0.2417322,0.20363021,0.020609222,0.021942042,0.02384849,0.42704004,0.3714684,0.2417322,0.01734908,0.037129655,0.021942042,0.2388978,0.96041375,0.014359347,0.024535993,0.0028414389,0.048045926,0.45282406,0.36922193,0.02713086,0.023998091,0.025555952,0.02459172,0.13183497,0.9405695,0.45282406,0.0030981833,0.050005384,0.023998091,0.4107575,0.0114336135,0.18076354,0.025512435,0.0043046875,0.0049609724,0.21872789,0.8911544,0.1175621,0.9871255,0.20080078,0.9786672
beef,beef_portion03_day0_rep2,beef_portion03,0,2,Fresh,0,0.58136,0.33990312,0.2478415,0.01895128,0.019867714,0.019608848,0.044018637,0.5722035,0.58136,0.0022187773,0.022947239,0.01895128,0.4377089,0.09574877,0.09825877,0.019402621,0.0034895032,0.0040160916,0.7475684,0.51438963,0.0036868963,0.017505653,0.023722438,0.0043497183,0.11253599,0.99392724,0.7475684,0.0031417743,0.006515632,0.017505653,0.5976351,0.06825847,0.2538009,0.020080646,0.0059210635,0.006017883,0.14779797,0.23736581,0.20285097,0.018526457,0.019893913,0.022126123,0.43372908,0.37717414,0.23736581,0.0140968645,0.039595418,0.019893913,0.23418716,0.9609387,0.009443741,0.022354668,0.0033925786,0.004825145,0.45536172,0.37197506,0.037025232,0.02381148,0.026852455,0.031565078,0.13129182,0.9196751,0.45536172,0.0034122907,0.06384221,0.02381148,0.41361853,0.03167989,0.17892508,0.02633618,0.1392012,0.005106692,0.22477868,0.8932317,0.1057933,0.9943253,0.20200612,0.96147877
beef,beef_portion03_day0_rep3,beef_portion03,0,3,Fresh,0,0.58016104,0.33901083,0.24798478,0.018749109,0.02002972,0.021097114,0.04364191,0.5710924,0.58016104,0.0019226182,0.025346326,0.018749109,0.43667874,0.0957569,0.0977287,0.019415723,0.0033920752,0.0043248665,0.74647135,0.5079537,0.0037426737,0.016772745,0.02138787,0.0047372566,0.111496866,0.99393004,0.74647135,0.0028195505,0.007035124,0.016772745,0.59313333,0.07113356,0.2526899,0.01827656,0.0048640124,0.005510143,0.14757654,0.23543188,0.1982759,0.018536521,0.019987186,0.021239292,0.42774114,0.373083,0.23543188,0.013339533,0.03940451,0.019987186,0.23204058,0.96102947,0.011789407,0.022411317,0.0035709555,0.018608639,0.45249623,0.36434746,0.03234662,0.021285182,0.021358082,0.027843501,0.12951878,0.92903686,0.45249623,0.0023820465,0.05768811,0.021285182,0.4071032,0.014174146,0.17815162,0.021665804,0.0029196048,0.004900547,0.22157915,0.8932855,0.11831443,0.99011904,0.20834474,0.9771685
beef,beef_portion04_day0_rep1,beef_portion04,0,1,Fresh,0,0.5377802,0.30685484,0.22242361,0.028555183,0.032132268,0.032916185,0.042252075,0.58671,0.5377802,0.004728553,0.04062899,0.028555183,0.40161335,0.09329319,0.093859285,0.030940894,0.0052169138,0.0059517943,0.73483133,0.52082604,0.0042710947,0.029749215,0.039912082,0.0055724713,0.115823455,0.99319065,0.73483133,0.005112169,0.008215055,0.029749215,0.59771484,0.05923919,0.25285837,0.033891656,0.010252089,0.010232735,0.1514132,0.23843104,0.20274757,0.03701755,0.03297663,0.027118485,0.42765984,0.37102228,0.23843104,0.03167528,0.0705517,0.03297663,0.23557436,0.9616218,0.019284137,0.03705871,0.0030435033,0.08985553,0.45015383,0.37349868,0.042507384,0.03759511,0.039155982,0.051421694,0.13334128,0.9106038,0.45015383,0.0026118578,0.09246609,0.03759511,0.41287902,0.012093685,0.17642996,0.039141607,0.061262198,0.006926117,0.25474727,0.88720065,0.116353735,0.9999985,0.20549521,0.9786396
beef,beef_portion04_day0_rep2,beef_portion04,0,2,Fresh,0,0.5392371,0.30576152,0.21983586,0.02855595,0.032141767,0.031868704,0.042754292,0.59221274,0.5392371,0.00461425,0.040288705,0.02855595,0.40119228,0.094428234,0.09536005,0.03070416,0.005746924,0.006279404,0.7356267,0.5173194,0.0046877726,0.030977523,0.040968884,0.005794683,0.114852,0.99253553,0.7356267,0.005178474,0.008506782,0.030977523,0.59573466,0.06149409,0.25230655,0.034953546,0.0100802835,0.010531059,0.14766446,0.23542193,0.20112386,0.03371701,0.03210896,0.026802285,0.43216404,0.3775542,0.23542193,0.030010302,0.061101913,0.03210896,0.23213185,0.9614515,0.122505784,0.035725668,0.0035555433,0.31145546,0.44657934,0.36790243,0.03605974,0.039198406,0.040228654,0.048224658,0.13262765,0.9240428,0.44657934,0.0022283606,0.08067139,0.039198406,0.40765887,0.009484205,0.17673232,0.04023743,0.0034691137,0.0060556843,0.25211823,0.883769,0.1178081,0.97927445,0.2092582,0.9695318
beef,beef_portion04_day0_rep3,beef_portion04,0,3,Fresh,0,0.5385034,0.30717006,0.22957197,0.028219542,0.03154914,0.031446386,0.03932506,0.5737979,0.5385034,0.003919287,0.03823191,0.028219542,0.40211427,0.093853936,0.090032205,0.03027866,0.0048618503,0.0057164235,0.7323584,0.5080611,0.004539169,0.028235001,0.03450077,0.005796633,0.11332404,0.9928138,0.7323584,0.004408758,0.00849207,0.028235001,0.5888491,0.06483722,0.2505078,0.029967675,0.008519919,0.009046598,0.14479686,0.23258217,0.20532615,0.030715939,0.026876101,0.024544913,0.44487867,0.38137177,0.23258217,0.023663497,0.06547,0.026876101,0.22947536,0.96247977,0.17807338,0.030607974,0.0031659913,0.3741441,0.4475873,0.3672667,0.05053481,0.03690697,0.038855378,0.04619913,0.13078804,0.8912578,0.4475873,0.0028761583,0.082510084,0.03690697,0.4078283,0.010606192,0.17266633,0.038862564,0.004304268,0.0052869306,0.24791993,0.88998103,0.11743609,0.96961766,0.20437427,0.9684536
beef,beef_portion05_day0_rep1,beef_portion05,0,1,Fresh,0,0.5707807,0.33291006,0.2332778,0.023224538,0.024699837,0.028669598,0.04748234,0.5903958,0.5707807,0.002709297,0.036464076,0.023224538,0.42938817,0.093986034,0.10225,0.02364745,0.0039319014,0.0063124467,0.73746145,0.47893155,0.0042601,0.015378105,0.020041002,0.0053772996,0.105901204,0.99314487,0.73746145,0.003056044,0.007965802,0.015378105,0.572548,0.08247607,0.2470368,0.016910797,0.005623028,0.0048701623,0.16321456,0.22812326,0.20079991,0.029605199,0.02924163,0.031851318,0.42765847,0.2866473,0.22812326,0.02433226,0.044776574,0.02924163,0.22827658,0.97076637,0.035407297,0.033223476,0.0036039806,0.1590709,0.49192363,0.41574818,0.11663268,0.02623786,0.025468146,0.043522276,0.13100238,0.76439464,0.49192363,0.003210809,0.078671694,0.02623786,0.4565909,0.0066469847,0.16773719,0.026277566,0.0019969528,0.009340959,0.20393732,0.9020297,0.11250187,0.97589415,0.15963873,0.9995823
beef,beef_portion05_day0_rep2,beef_portion05,0,2,Fresh,0,0.5829538,0.3426771,0.24107715,0.023515092,0.024679495,0.027715174,0.047934752,0.5854766,0.5829538,0.0026943563,0.03344732,0.023515092,0.43979546,0.094302915,0.10327269,0.023980655,0.0038228314,0.005782781,0.7361739,0.4771409,0.004271978,0.018321637,0.022407373,0.005273457,0.105748855,0.9931379,0.7361739,0.0032093793,0.007826515,0.018321637,0.5709808,0.08284417,0.2465917,0.019405605,0.005461493,0.005722463,0.16542357,0.23147541,0.19588043,0.03110243,0.029527714,0.03156403,0.40694967,0.28772494,0.23147541,0.01629222,0.05394036,0.029527714,0.23147383,0.9690601,0.013475862,0.033723377,0.0043624192,0.0037388008,0.49211836,0.4137947,0.09815173,0.026368035,0.025740929,0.045184713,0.13179772,0.80184335,0.49211836,0.0028005703,0.08406136,0.026368035,0.4550916,0.0072982428,0.17401625,0.026445631,0.002474535,0.010124319,0.19463101,0.9036933,0.11317436,0.9772342,0.15621999,1.000382
beef,beef_portion05_day0_rep3,beef_portion05,0,3,Fresh,0,0.5816295,0.34159747,0.24553812,0.0231136,0.025045717,0.02591028,0.045949724,0.57676727,0.5816295,0.0028255251,0.030358331,0.0231136,0.43861577,0.09458621,0.100204624,0.023848508,0.0045101494,0.0048658876,0.73582804,0.47641054,0.0043816944,0.018308,0.023106547,0.0053979047,0.10546331,0.99298453,0.73582804,0.0031356518,0.007959297,0.018308,0.5704828,0.08305236,0.24647112,0.01981296,0.005634687,0.0058224406,0.16333495,0.22954355,0.19835299,0.029385943,0.028360374,0.02869219,0.4191912,0.29062933,0.22954355,0.0063442546,0.04372817,0.028360374,0.22940446,0.96936065,0.010904488,0.032296672,0.0027864664,0.0019538114,0.49173084,0.41011932,0.095331974,0.025683047,0.02539411,0.04253471,0.13041379,0.8072408,0.49173084,0.0033404685,0.078531094,0.025683047,0.45217165,0.009040528,0.17429003,0.025782792,0.0034238163,0.009121756,0.19727094,0.9038663,0.113975756,0.9784521,0.15711583,0.9992671
beef,beef_portion06_day0_rep1,beef_portion06,0,1,Fresh,0,0.60053855,0.38188392,0.29363593,0.028181141,0.027272806,0.025474738,0.04606691,0.50989544,0.60053855,0.0042268136,0.026321596,0.028181141,0.4719797,0.08385386,0.089052044,0.027227687,0.004163092,0.0056069456,0.73226005,0.48051265,0.0043775975,0.020780854,0.03800858,0.0053659123,0.10698536,0.9929493,0.73226005,0.006160116,0.007925042,0.020780854,0.57192683,0.07946538,0.246553,0.02936606,0.013202927,0.008223046,0.15193725,0.23984137,0.19431858,0.022422785,0.024222432,0.025981676,0.41162866,0.3673732,0.23984137,0.016550718,0.039940845,0.024222432,0.23655455,0.9593859,0.016981885,0.02712257,0.003343792,0.018987043,0.4973324,0.4073089,0.010134857,0.01846497,0.018659327,0.021237403,0.13371092,0.9790704,0.4973324,0.0023388348,0.041302294,0.01846497,0.45074126,0.01156597,0.19838147,0.01870324,0.0029112496,0.007002454,0.18658842,0.90949184,0.13277626,0.96924585,0.14702642,0.9885061
beef,beef_portion06_day0_rep2,beef_portion06,0,2,Fresh,0,0.6032428,0.38094625,0.29093486,0.027477354,0.026622213,0.024932906,0.0462906,0.5165579,0.6032428,0.0037956992,0.0254119,0.027477354,0.4722054,0.08525548,0.09077896,0.026555276,0.004111607,0.00507532,0.73413926,0.48019445,0.00448613,0.021836055,0.039675333,0.005449499,0.10655368,0.99275964,0.73413926,0.006414197,0.00796947,0.021836055,0.5723639,0.08040226,0.24677548,0.030735055,0.013652595,0.008728393,0.15562925,0.23640932,0.18702601,0.022966996,0.024180193,0.024916433,0.39530736,0.34239718,0.23640932,0.019049361,0.042301517,0.024180193,0.23368889,0.9614366,0.01977476,0.02719023,0.0033515343,0.004085092,0.4995547,0.4076291,0.008667825,0.019298894,0.019964522,0.019415038,0.13327947,0.98205805,0.4995547,0.0023191744,0.037378963,0.019298894,0.45128953,0.012359893,0.19904087,0.020026833,0.0028034896,0.007323967,0.18544593,0.9108376,0.13218124,0.9707995,0.1468583,0.9900671
beef,beef_portion06_day0_rep3,beef_portion06,0,3,Fresh,0,0.5988288,0.38010374,0.29105246,0.030343926,0.029500518,0.02879367,0.046579644,0.5131881,0.5988288,0.004020569,0.029194271,0.030343926,0.4701987,0.08392912,0.08979064,0.029315209,0.004976983,0.004482689,0.7332139,0.47911897,0.0049379813,0.022089805,0.037302088,0.0065923794,0.10647123,0.99215126,0.7332139,0.0058454555,0.009272849,0.022089805,0.57133347,0.08060346,0.24640113,0.029422794,0.012323843,0.008237278,0.15020546,0.23795865,0.19058684,0.026381789,0.027238859,0.029310001,0.40819836,0.37111664,0.23795865,0.01677898,0.044907082,0.027238859,0.23425117,0.95891374,0.017966688,0.030796507,0.0032934763,0.0050271833,0.4986221,0.40797794,0.0093013635,0.017493976,0.017834041,0.016010405,0.13365212,0.9808719,0.4986221,0.0018263477,0.029754056,0.017493976,0.45134082,0.011739986,0.19905566,0.017766489,0.002897501,0.0044821273,0.18645683,0.90908086,0.13230923,0.96810937,0.14622588,0.9884631
beef,beef_portion07_day0_rep1,beef_portion07,0,1,Fresh,0,0.5549536,0.3417854,0.23912999,0.025035312,0.024623541,0.025617836,0.052332778,0.5677312,0.5549536,0.0032369287,0.037690282,0.025035312,0.42934874,0.08271485,0.09827632,0.023746321,0.0072719436,0.006835019,0.709742,0.501127,0.0045688357,0.021407863,0.04301845,0.005641789,0.11531411,0.99249,0.709742,0.008024017,0.008554904,0.021407863,0.5777356,0.058487028,0.24618453,0.032430753,0.017221313,0.009136502,0.16176678,0.25935125,0.23688643,0.02819297,0.02382926,0.02411089,0.45961893,0.3787784,0.25935125,0.010786393,0.059017934,0.02382926,0.25848138,0.96050555,0.20000547,0.027171018,0.0036913252,0.39787424,0.48022702,0.39322764,0.06148134,0.026143366,0.029885449,0.05002143,0.13050237,0.87360054,0.48022702,0.002591578,0.09810934,0.026143366,0.43631163,0.01210867,0.17919938,0.028945921,0.005672834,0.009237056,0.21090871,0.9000339,0.107620895,0.95796305,0.16321367,0.9651493
beef,beef_portion07_day0_rep2,beef_portion07,0,2,Fresh,0,0.5601028,0.34253594,0.24122831,0.018878309,0.022549776,0.023845617,0.05114828,0.5682659,0.5601028,0.00232437,0.029687973,0.018878309,0.43170312,0.08468888,0.098389305,0.021117296,0.0047287126,0.0039915964,0.7107087,0.50200415,0.0036293408,0.01619211,0.03573366,0.004738984,0.11542377,0.9939655,0.7107087,0.0071656764,0.007332021,0.01619211,0.57853705,0.0584364,0.2466447,0.026013236,0.015761418,0.0071002594,0.15912643,0.25447327,0.22585084,0.024886973,0.021770349,0.020717356,0.44714049,0.37642023,0.25447327,0.012935559,0.050495967,0.021770349,0.25295874,0.9597713,0.067559585,0.024715714,0.0023490528,0.23968215,0.47912338,0.3884812,0.050803233,0.023458576,0.026535187,0.046817742,0.12975371,0.8949816,0.47912338,0.0027543365,0.092672065,0.023458576,0.43257183,0.013941697,0.18124716,0.025711829,0.005392423,0.008811659,0.21030706,0.89368296,0.10895569,0.9749242,0.16601947,0.96942216
beef,beef_portion07_day0_rep3,beef_portion07,0,3,Fresh,0,0.5597755,0.34451246,0.23686503,0.020536864,0.025036823,0.023956845,0.053536534,0.5760969,0.5597755,0.0036512795,0.028771242,0.020536864,0.43245623,0.08320024,0.10143522,0.023126168,0.005381113,0.003353759,0.7110582,0.49886236,0.0040657865,0.01730833,0.03476877,0.0050984877,0.11454926,0.9933062,0.7110582,0.006825607,0.007850586,0.01730833,0.5766556,0.060274675,0.24609417,0.02582326,0.01468832,0.007182436,0.16487537,0.26186907,0.23313598,0.029324615,0.025016224,0.024907535,0.44799033,0.37311125,0.26186907,0.011158522,0.061247237,0.025016224,0.26094374,0.9593119,0.03453059,0.028421367,0.0035527889,0.16816285,0.48064545,0.3873722,0.044865016,0.024661606,0.02762776,0.0454391,0.12916507,0.9078249,0.48064545,0.0027918452,0.0889421,0.024661606,0.43203622,0.015123951,0.18300223,0.026836108,0.0050349333,0.008445463,0.20553651,0.8952455,0.10624376,0.9760641,0.16411567,0.9709827
beef,beef_portion08_day0_rep1,beef_portion08,0,1,Fresh,0,0.56950605,0.34017432,0.2219381,0.027558416,0.02877885,0.028043903,0.055022743,0.609846,0.56950605,0.0017807911,0.031794667,0.027558416,0.43315592,0.08889912,0.110358045,0.02817769,0.0036889575,0.0030406509,0.7567063,0.52862674,0.006693394,0.024167603,0.033221196,0.019567508,0.11407818,0.99019486,0.7567063,0.004099624,0.024680998,0.024167603,0.6092984,0.06494129,0.2567362,0.027819607,0.00871492,0.008420935,0.19913854,0.29020986,0.24383482,0.03902574,0.03714405,0.037448425,0.4137049,0.3169045,0.29020986,0.008274022,0.04796085,0.03714405,0.29210204,0.95884776,0.016117614,0.040526364,0.0038001726,0.0032103204,0.5175727,0.42965886,0.010328204,0.021596884,0.02289577,0.017078757,0.13567525,0.97997814,0.5175727,0.0023451434,0.030934563,0.021596884,0.47245088,0.015466331,0.20555677,0.02244246,0.08042225,0.0055101397,0.2302753,0.88633406,0.1264882,0.97856,0.15425417,0.9789696
beef,beef_portion08_day0_rep2,beef_portion08,0,2,Fresh,0,0.5705308,0.33753157,0.22057767,0.02564565,0.028117776,0.028572813,0.05379291,0.6129705,0.5705308,0.0026273017,0.034411635,0.02564565,0.43207783,0.09069413,0.11055734,0.026941441,0.0043634335,0.004191648,0.762888,0.5314213,0.007107049,0.026179973,0.034694508,0.019200493,0.11362018,0.9896838,0.762888,0.0040559815,0.023947116,0.026179973,0.612969,0.06612121,0.25801557,0.029420033,0.00851712,0.0088155735,0.19696835,0.2872744,0.24436846,0.030189496,0.030154446,0.029336683,0.42013675,0.31593525,0.2872744,0.008667914,0.036666058,0.030154446,0.2893367,0.9597799,0.014131387,0.033152908,0.002969384,0.0032263373,0.5162147,0.4262927,0.009948787,0.020703105,0.021272698,0.01655742,0.13490856,0.9805961,0.5162147,0.0022539955,0.030360369,0.020703105,0.46948606,0.011008313,0.20478837,0.020876585,0.0319427,0.0053401575,0.23466863,0.8859927,0.12895228,0.98124576,0.1626589,0.98436344
beef,beef_portion08_day0_rep3,beef_portion08,0,3,Fresh,0,0.57164335,0.3376874,0.22023623,0.02771197,0.029771391,0.029413812,0.053980496,0.61442333,0.57164335,0.0023319446,0.034572054,0.02771197,0.43258724,0.091092944,0.11107206,0.028790826,0.0042080577,0.0038779052,0.76243985,0.5306436,0.007937489,0.026022837,0.034874193,0.019761486,0.11350204,0.9886173,0.76243985,0.0039701145,0.024739133,0.026022837,0.6123223,0.066369146,0.25769627,0.029555224,0.008163427,0.008749641,0.1984713,0.2901275,0.24235146,0.031086294,0.031135507,0.031048303,0.41163272,0.3175896,0.2901275,0.007962685,0.037511073,0.031135507,0.29196185,0.9583662,0.016710963,0.03428066,0.0026781545,0.0030346527,0.51584697,0.42690405,0.00689133,0.020776838,0.021106414,0.008835487,0.13547045,0.98614645,0.51584697,0.0022309632,0.01671613,0.020776838,0.46993348,0.010087581,0.20550928,0.02086929,0.02615966,0.005956176,0.2332694,0.8836529,0.12990381,0.9779384,0.16175804,0.9831333
beef,beef_portion09_day0_rep1,beef_portion09,0,1,Fresh,0,0.5825212,0.3465233,0.24490206,0.03076437,0.03866142,0.041498076,0.048399057,0.5800763,0.5825212,0.0034479676,0.05434584,0.03076437,0.4422702,0.09240853,0.10225942,0.03532027,0.007890109,0.008178146,0.74553925,0.50661916,0.005064629,0.039543495,0.0604185,0.006350167,0.11057565,0.9921632,0.74553925,0.008127197,0.009038746,0.039543495,0.59217554,0.07158022,0.25219056,0.049610343,0.015914576,0.01465854,0.17525811,0.25313032,0.20818205,0.023330633,0.022126142,0.021733824,0.40123996,0.3076677,0.25313032,0.011713015,0.04622505,0.022126142,0.25351748,0.963628,0.017203083,0.024731614,0.0036995434,0.0025255776,0.5081699,0.40299067,0.023422109,0.019598939,0.019979136,0.02507257,0.12857299,0.95331544,0.5081699,0.0023359675,0.04715917,0.019598939,0.45136696,0.019143136,0.19616164,0.019508624,0.0035110381,0.005851101,0.21303704,0.89548063,0.119449556,0.9826788,0.16036192,0.9814388
beef,beef_portion09_day0_rep2,beef_portion09,0,2,Fresh,0,0.584893,0.34857452,0.24822941,0.03177437,0.03992287,0.044288464,0.04792456,0.5761834,0.584893,0.003370663,0.059358664,0.03177437,0.44442785,0.09247422,0.10154019,0.03629906,0.008463961,0.0095202215,0.75738865,0.52470744,0.0054098032,0.03941005,0.06466029,0.0067172,0.11276328,0.9916464,0.75738865,0.008995541,0.009150329,0.03941005,0.6071985,0.067306094,0.25665236,0.052038632,0.01847337,0.015168241,0.17321795,0.25512457,0.2115492,0.02278781,0.02418636,0.023575425,0.40963915,0.32105651,0.25512457,0.008747762,0.037244946,0.02418636,0.25509605,0.9626076,0.015711129,0.026545178,0.003467275,0.0027924518,0.5078972,0.4036521,0.021117853,0.019852556,0.019283742,0.022922397,0.12908244,0.9577514,0.5078972,0.002800263,0.04297166,0.019852556,0.45142394,0.018604973,0.1968366,0.019051375,0.0037991381,0.0055425107,0.22624654,0.8946202,0.12077673,0.9917629,0.17382586,0.98106676
beef,beef_portion09_day0_rep3,beef_portion09,0,3,Fresh,0,0.5827356,0.34060127,0.2374536,0.03491354,0.04389046,0.04748362,0.04809457,0.59370726,0.5827356,0.003318369,0.06238082,0.03491354,0.4381959,0.095176406,0.104852416,0.039846964,0.008477134,0.0092589855,0.7566973,0.5193254,0.0053852894,0.03989552,0.06507956,0.0065105213,0.11164624,0.9917563,0.7566973,0.008992431,0.009093296,0.03989552,0.6035957,0.06984859,0.25575978,0.052434348,0.01840453,0.015369622,0.17643033,0.2606337,0.21291535,0.02328549,0.023016065,0.02378431,0.40413296,0.32364187,0.2606337,0.007691595,0.034272477,0.023016065,0.26059964,0.9608792,0.017843727,0.025767906,0.0025790741,0.0023784349,0.50999075,0.40638646,0.018970016,0.01995243,0.020533258,0.022229409,0.12964123,0.9622992,0.50999075,0.002586217,0.041677564,0.01995243,0.45404878,0.01810316,0.19814013,0.020011146,0.003943687,0.0055198926,0.22532557,0.88800466,0.122041784,0.9839643,0.16840988,0.97916085
beef,beef_portion10_day0_rep1,beef_portion10,0,1,Fresh,0,0.53780645,0.30999008,0.20130962,0.03248653,0.03425442,0.035332143,0.051826295,0.6263978,0.53780645,0.003717664,0.04621292,0.03248653,0.4021746,0.09046737,0.10671117,0.03380088,0.004088545,0.005966169,0.71676487,0.46835664,0.0045405156,0.018054247,0.029197032,0.0057152356,0.10656577,0.99263823,0.71676487,0.0048274305,0.008585056,0.018054247,0.55925995,0.07892394,0.24233566,0.02318557,0.009716412,0.006614537,0.21321282,0.2951033,0.25556678,0.0311851,0.031108495,0.028954083,0.41820693,0.2786264,0.2951033,0.0112743825,0.03499501,0.031108495,0.29967058,0.9633272,0.012929289,0.03410874,0.0027697121,0.0031301857,0.49835056,0.42815214,0.122136585,0.02846905,0.029358493,0.044706605,0.13411504,0.75667053,0.49835056,0.0023355228,0.07996544,0.02846905,0.46710214,0.06933472,0.16985475,0.029414464,0.2466245,0.007311219,0.20785347,0.8838475,0.09300154,0.94983315,0.11763715,0.9229743
beef,beef_portion10_day0_rep2,beef_portion10,0,2,Fresh,0,0.54372287,0.31387708,0.20894668,0.029202133,0.030824013,0.03239135,0.050410636,0.615797,0.54372287,0.0034957705,0.04186432,0.029202133,0.4071048,0.091345355,0.10478179,0.030269172,0.004445406,0.005894051,0.71855366,0.4691056,0.004430506,0.017632747,0.02886984,0.005178035,0.10642451,0.9927383,0.71855366,0.004750478,0.007850789,0.017632747,0.56030494,0.0793176,0.24270438,0.023132928,0.009333964,0.006613966,0.21690762,0.2987595,0.26153234,0.02959485,0.029625824,0.027255513,0.4228697,0.27474752,0.2987595,0.012453472,0.03083548,0.029625824,0.30385283,0.9635832,0.011504434,0.032339733,0.0022162646,0.003824775,0.50741696,0.43521285,0.1377577,0.027446412,0.032171976,0.040615983,0.13276985,0.72972316,0.50741696,0.004127519,0.069398254,0.027446412,0.47523078,0.14576524,0.16712762,0.030807206,0.34504357,0.006745219,0.20648873,0.8832669,0.107189916,0.9492874,0.13177536,0.8499501
beef,beef_portion10_day0_rep3,beef_portion10,0,3,Fresh,0,0.5443012,0.31205922,0.21099406,0.030750362,0.032104935,0.03267108,0.04865621,0.6126044,0.5443012,0.00370676,0.041121125,0.030750362,0.4060648,0.092706256,0.10322555,0.031700384,0.0041058282,0.005408505,0.7211397,0.473163,0.0039065215,0.016741175,0.03021679,0.0047168666,0.10703751,0.99352646,0.7211397,0.0052169296,0.007234067,0.016741175,0.5638199,0.07830476,0.24381173,0.023361426,0.010828364,0.006616768,0.21077688,0.2917546,0.25391537,0.029840624,0.029580625,0.02747176,0.42052278,0.2784698,0.2917546,0.011047489,0.034577414,0.029580625,0.29638943,0.96374136,0.012357702,0.03252714,0.0027868818,0.002944,0.5035698,0.4303664,0.12259479,0.02533599,0.029345006,0.048422262,0.13315775,0.75776744,0.5035698,0.0041668313,0.088290185,0.02533599,0.47019577,0.11941948,0.1706052,0.02824927,0.31549487,0.010781938,0.21179834,0.8826029,0.09678013,0.95346105,0.12575807,0.8764305
beef,beef_portion11_day0_rep1,beef_portion11,0,1,Fresh,0,0.55971205,0.3209124,0.2197679,0.022639323,0.024344077,0.02652087,0.04805806,0.60636353,0.55971205,0.0025082866,0.03458122,0.022639323,0.41730338,0.095078826,0.104063034,0.023425028,0.0037409246,0.005822869,0.75351566,0.5124291,0.008188188,0.025131397,0.039102033,0.0150227,0.11074731,0.98820275,0.75351566,0.0052529685,0.01889996,0.025131397,0.5983221,0.07193542,0.2537755,0.03171211,0.011110492,0.0082971295,0.2086736,0.30008718,0.242497,0.034291923,0.03628175,0.040959224,0.39074078,0.30805865,0.30008718,0.028957486,0.040048644,0.03628175,0.30223238,0.956662,0.02285508,0.03953747,0.0034560282,0.0067200083,0.55002284,0.47355795,0.11025383,0.041145585,0.04331038,0.06940693,0.13565443,0.80526066,0.55002284,0.0038106618,0.11364308,0.041145585,0.5135342,0.23960249,0.19129497,0.042204138,0.42207113,0.00955775,0.23604494,0.8730187,0.19431126,0.96111107,0.19800265,0.7662864
beef,beef_portion11_day0_rep2,beef_portion11,0,2,Fresh,0,0.5662272,0.3266522,0.22742663,0.02161593,0.02257497,0.023671579,0.04741186,0.59711933,0.5662272,0.0025639317,0.029710826,0.02161593,0.42325515,0.09518592,0.1027946,0.021852002,0.0040329727,0.0049321665,0.7545378,0.506416,0.0070796264,0.023426123,0.03615061,0.013056044,0.10926591,0.98958904,0.7545378,0.0049106926,0.016732465,0.023426123,0.59490246,0.07552819,0.2532089,0.029357811,0.010416118,0.00794408,0.19776747,0.2857435,0.2227868,0.030337514,0.034714885,0.040600087,0.3748952,0.31254616,0.2857435,0.034708954,0.035764918,0.034714885,0.28675386,0.9571155,0.026418386,0.037711993,0.0037728942,0.007827046,0.5450166,0.46369934,0.08860906,0.038822275,0.039529126,0.06498741,0.13507162,0.842112,0.5450166,0.003426104,0.10966178,0.038822275,0.50515497,0.094420575,0.19529755,0.038781073,0.2832388,0.009620178,0.22907136,0.87600714,0.12355146,0.9610336,0.10846777,0.9057934
beef,beef_portion11_day0_rep3,beef_portion11,0,3,Fresh,0,0.56736386,0.3266624,0.22587071,0.021140268,0.021471309,0.022842871,0.047604363,0.60055804,0.56736386,0.002270285,0.029772662,0.021140268,0.4237905,0.09566376,0.10383118,0.021176081,0.00339738,0.005642143,0.75653166,0.51232785,0.0070514902,0.024768775,0.039111026,0.013589737,0.11030583,0.9898204,0.75653166,0.0052311574,0.017166812,0.024768775,0.5991934,0.073365316,0.2544,0.031634063,0.011041003,0.00847452,0.20940804,0.29830706,0.23555386,0.030972099,0.034489807,0.04158898,0.37676257,0.30288008,0.29830706,0.034836207,0.03483348,0.034489807,0.3004548,0.9570833,0.025971878,0.03744346,0.0035725306,0.008085378,0.55429095,0.47241557,0.10510691,0.040271334,0.042854685,0.0703687,0.1344479,0.8158778,0.55429095,0.0035381173,0.11544255,0.040271334,0.51367253,0.11753427,0.1931839,0.041664317,0.31323937,0.010072908,0.23223774,0.87368035,0.12861183,0.96040696,0.11407071,0.88219285
beef,beef_portion12_day0_rep1,beef_portion12,0,1,Fresh,0,0.5582427,0.33395356,0.2268031,0.033085153,0.036330964,0.035772804,0.051684756,0.5941283,0.5582427,0.0030873576,0.04346791,0.033085153,0.42485908,0.08767133,0.10362414,0.03508493,0.0050996686,0.0048155794,0.7205453,0.45784432,0.0045361933,0.02383469,0.022366129,0.005797301,0.10352928,0.9927062,0.7205453,0.0027381575,0.008655298,0.02383469,0.5540669,0.086244196,0.24135038,0.021094687,0.0054200296,0.006516885,0.16740696,0.25239402,0.20457694,0.022931326,0.02149407,0.021756656,0.40447205,0.33756033,0.25239402,0.0061628716,0.042409036,0.02149407,0.25125188,0.96051353,0.018170072,0.024284221,0.0031953808,0.001933937,0.45456266,0.38416427,0.00448057,0.026825095,0.029008592,0.0061655263,0.13863079,0.98916525,0.45456266,0.0037245734,0.013522796,0.026825095,0.4220055,0.13038042,0.18953276,0.028531833,0.32940304,0.00873648,0.18885235,0.8940332,0.09598177,0.9517633,0.1485708,0.8646635
beef,beef_portion12_day0_rep2,beef_portion12,0,2,Fresh,0,0.5581131,0.3324225,0.22828999,0.03288541,0.0355252,0.03586441,0.0504346,0.5913152,0.5581131,0.002593626,0.043530777,0.03288541,0.42390752,0.08846083,0.102306426,0.034518544,0.0050936164,0.004441293,0.72253823,0.4570358,0.0048314873,0.022838037,0.023983082,0.005979972,0.10304847,0.9922383,0.72253823,0.0031735979,0.008873147,0.022838037,0.55433965,0.087485306,0.24152686,0.021643769,0.0061897393,0.0066480935,0.16760467,0.25318056,0.2064261,0.022524545,0.022582948,0.023029905,0.40733725,0.33860013,0.25318056,0.0066379453,0.0381169,0.022582948,0.2520391,0.96056813,0.01747207,0.02525795,0.003067717,0.0023782551,0.4593749,0.39178914,0.012192049,0.035450526,0.042666543,0.033298053,0.1394799,0.9749742,0.4593749,0.0048191817,0.057844855,0.035450526,0.4289005,0.24318625,0.18968704,0.040717468,0.4223596,0.009782401,0.19077688,0.8929203,0.17776461,0.95071536,0.2065554,0.75866646
beef,beef_portion12_day0_rep3,beef_portion12,0,3,Fresh,0,0.5529269,0.32464176,0.21814303,0.03686343,0.0402987,0.04042599,0.05107947,0.6066499,0.5529269,0.0032435933,0.05062941,0.03686343,0.41711834,0.0899052,0.10467822,0.038934663,0.0059661577,0.005317599,0.7230604,0.45820597,0.005084093,0.022392869,0.022609899,0.0058129393,0.10320514,0.9918226,0.7230604,0.0030005393,0.008593188,0.022392869,0.55516565,0.087138355,0.24175346,0.020655138,0.0060953666,0.0063130795,0.16686597,0.25149018,0.20231189,0.021940026,0.021235306,0.021965543,0.40154108,0.33711377,0.25149018,0.0069331913,0.036610983,0.021235306,0.25013936,0.9599366,0.018870268,0.024012255,0.0030899476,0.0019559395,0.45590848,0.38344875,0.004555108,0.02591389,0.028914606,0.0062457663,0.13787514,0.9889239,0.45590848,0.003614319,0.013691447,0.02591389,0.4217846,0.09311805,0.18954496,0.02833323,0.2808464,0.008622481,0.19456191,0.890056,0.08505563,0.95104927,0.14335965,0.8999813
beef,beef_portion13_day0_rep1,beef_portion13,0,1,Fresh,0,0.5560652,0.3226396,0.22052743,0.026514025,0.02946295,0.03139534,0.048902158,0.60306877,0.5560652,0.003034495,0.039061107,0.026514025,0.41737533,0.09247703,0.103388295,0.028203659,0.004433397,0.005548414,0.7523337,0.52994496,0.004975626,0.018627172,0.023209043,0.0060393764,0.11517939,0.9922282,0.7523337,0.0030715554,0.00845358,0.018627172,0.60886544,0.06219088,0.25665072,0.019908115,0.0063961595,0.0058402414,0.21696429,0.297148,0.23537754,0.03199978,0.028842457,0.026219523,0.36820385,0.2732298,0.297148,0.029676244,0.04136622,0.028842457,0.3009348,0.96087134,0.026282536,0.031892765,0.0034646508,0.0065227803,0.54777443,0.4827801,0.13370506,0.041664083,0.05228661,0.11355853,0.13875653,0.76402754,0.54777443,0.0036652647,0.17961298,0.041664083,0.5201112,0.4613932,0.18198252,0.049057182,0.4948703,0.029315766,0.24713373,0.87955236,0.39093587,0.9775056,0.41571042,0.5672382
beef,beef_portion13_day0_rep2,beef_portion13,0,2,Fresh,0,0.5573002,0.32364175,0.21867006,0.028531145,0.029753478,0.033007804,0.049730353,0.6074177,0.5573002,0.00354544,0.041864917,0.028531145,0.4184778,0.09235397,0.10500546,0.028934076,0.005168439,0.0065900404,0.75549364,0.53111583,0.0041331896,0.018328397,0.023290379,0.0054374454,0.11499993,0.99351436,0.75549364,0.002959143,0.007738981,0.018328397,0.6105931,0.062942535,0.25745127,0.020124944,0.0055798828,0.0060372977,0.22741485,0.30614832,0.23995876,0.033681553,0.030759828,0.027941242,0.35588104,0.26267946,0.30614832,0.028886799,0.04034888,0.030759828,0.31085047,0.960739,0.028798707,0.033741165,0.0037562593,0.0059914575,0.5376801,0.47101012,0.11516709,0.022766475,0.027588697,0.062127944,0.13831082,0.7874746,0.5376801,0.002265473,0.10983675,0.022766475,0.50876576,0.45937192,0.18726654,0.026299171,0.49691367,0.013158423,0.24700817,0.87834144,0.38680872,0.97373825,0.41527215,0.56182873
beef,beef_portion13_day0_rep3,beef_portion13,0,3,Fresh,0,0.5638103,0.32873726,0.22336543,0.028606445,0.03187645,0.034228824,0.049787972,0.6038335,0.5638103,0.0029172443,0.041970484,0.028606445,0.42430973,0.09263001,0.105215825,0.030306773,0.004759437,0.0056034815,0.7558649,0.53175956,0.0046724137,0.017553119,0.02303057,0.005445061,0.1150958,0.9926668,0.7558649,0.0029403572,0.00771965,0.017553119,0.6111516,0.06277535,0.25748172,0.01952437,0.005981054,0.0058019706,0.21298695,0.29861534,0.2334777,0.02843139,0.028126094,0.025476504,0.37125954,0.28740424,0.29861534,0.01749431,0.036151372,0.028126094,0.30132705,0.95806354,0.027732946,0.030538095,0.003911752,0.005337704,0.5377789,0.47212893,0.11697938,0.022248212,0.02669008,0.059920955,0.13858831,0.7837214,0.5377789,0.0024293868,0.10586953,0.022248212,0.5095108,0.53078026,0.1871451,0.025328439,0.49736705,0.012834575,0.24287051,0.87755543,0.45381415,0.9748419,0.48405236,0.501322
beef,beef_portion14_day0_rep1,beef_portion14,0,1,Fresh,0,0.54573065,0.3157368,0.22458558,0.026481811,0.027405886,0.02668476,0.04521002,0.587652,0.54573065,0.0051458534,0.034447253,0.026481811,0.4097666,0.09212703,0.0969319,0.02703936,0.0035702367,0.0076081622,0.72904235,0.5024692,0.0051327692,0.028303405,0.0416777,0.006332814,0.1124418,0.99190694,0.72904235,0.00656574,0.009094515,0.028303405,0.5844204,0.06638072,0.2491568,0.033767708,0.013892773,0.009812481,0.21041106,0.30499232,0.25233993,0.02491732,0.022457507,0.024074716,0.4044407,0.31026858,0.30499232,0.021918822,0.03646175,0.022457507,0.307593,0.95675313,0.020163206,0.024779856,0.003178361,0.0321837,0.5391832,0.4708412,0.07784118,0.027880955,0.0350976,0.0739004,0.14018206,0.85912156,0.5391832,0.002800666,0.12859811,0.027880955,0.5084116,0.40744936,0.19812517,0.032733224,0.48841155,0.013368487,0.23310776,0.87402016,0.34554172,0.9601221,0.35314217,0.61133724
beef,beef_portion14_day0_rep2,beef_portion14,0,2,Fresh,0,0.5427172,0.30931422,0.2152743,0.026388707,0.026027828,0.026640689,0.04584298,0.60227054,0.5427172,0.0054161074,0.037581325,0.026388707,0.4044015,0.093692124,0.09966081,0.02610875,0.0031940907,0.009421357,0.7311861,0.4992561,0.0054192357,0.03007131,0.043025635,0.0070080324,0.11131179,0.9915992,0.7311861,0.006043503,0.009996273,0.03007131,0.5830683,0.06896448,0.24893008,0.035627306,0.012385683,0.010400004,0.21221375,0.30315933,0.24567036,0.026607858,0.02301315,0.02385915,0.3917908,0.30051687,0.30315933,0.020195644,0.038481712,0.02301315,0.30590558,0.95725405,0.022470005,0.025654621,0.0035267202,0.005486696,0.54006946,0.4684455,0.06954141,0.029005136,0.035020363,0.07349672,0.13939351,0.8752951,0.54006946,0.0022403293,0.12655815,0.029005136,0.50693107,0.35499313,0.20001446,0.03312216,0.47606996,0.012960612,0.23412518,0.87258184,0.29809624,0.9576856,0.30000335,0.6592811
beef,beef_portion14_day0_rep3,beef_portion14,0,3,Fresh,0,0.54272854,0.3114258,0.2161637,0.02626419,0.027187727,0.027228907,0.04638238,0.60090715,0.54272854,0.005340671,0.03664027,0.02626419,0.40569398,0.09257716,0.099724084,0.026876274,0.0037600228,0.008357825,0.729901,0.49998868,0.0052692406,0.027567144,0.041742466,0.0065279272,0.11174693,0.99177366,0.729901,0.0064118393,0.009336796,0.027567144,0.5831646,0.06807101,0.24890286,0.033769805,0.013541626,0.009753373,0.21608831,0.3080514,0.25161052,0.026177477,0.024348022,0.024084536,0.39602813,0.29898357,0.3080514,0.017934777,0.030719707,0.024348022,0.3111187,0.95704734,0.021598957,0.026727518,0.0026616538,0.0055972147,0.53625476,0.4629308,0.057470366,0.026591053,0.030047232,0.06493352,0.13929316,0.895792,0.53625476,0.0022926554,0.113947585,0.026591053,0.5017719,0.25544822,0.20200196,0.028932422,0.4338319,0.011513561,0.2331323,0.8731304,0.2149854,0.95705533,0.209606,0.74908954
beef,beef_portion15_day0_rep1,beef_portion15,0,1,Fresh,0,0.52672297,0.2545078,0.14873154,0.019943757,0.020077405,0.020885805,0.044933602,0.7168144,0.52672297,0.0029407172,0.029789265,0.019943757,0.3637811,0.11288203,0.11928004,0.019865066,0.0029787503,0.0042010746,0.6929811,0.44984314,0.0044916933,0.023152016,0.026789343,0.0056019444,0.10580663,0.99255276,0.6929811,0.0039952546,0.008582713,0.023152016,0.5399825,0.07815783,0.2359159,0.023649395,0.0073218006,0.0071331263,0.19026053,0.27627975,0.23673473,0.024946287,0.024715515,0.026023572,0.42181772,0.3116453,0.27627975,0.01328186,0.0345213,0.024715515,0.27817237,0.96166515,0.013385352,0.027287118,0.0033211764,0.026405457,0.46606386,0.39097625,0.0068531395,0.021473225,0.024419414,0.010438824,0.13753168,0.9841805,0.46606386,0.0030240074,0.020916294,0.021473225,0.42986006,0.04777969,0.1919484,0.02388764,0.19911605,0.006554716,0.21414162,0.8596367,0.11783647,0.9479713,0.122404754,0.9434408
beef,beef_portion15_day0_rep2,beef_portion15,0,2,Fresh,0,0.5234073,0.26131105,0.1468976,0.020086998,0.020088395,0.021495353,0.04865027,0.7184251,0.5234073,0.003347407,0.032137703,0.020086998,0.36639985,0.107956946,0.12105228,0.019651828,0.0041161035,0.005187667,0.6954696,0.4535378,0.0045542135,0.021300515,0.02381619,0.0057626097,0.106403716,0.99244016,0.6954696,0.0039927587,0.008990021,0.021300515,0.543096,0.07731405,0.23683411,0.020794895,0.008084849,0.0062946174,0.18502524,0.27139968,0.22888766,0.025421347,0.02519892,0.0261453,0.41637787,0.3189235,0.27139968,0.012013393,0.035990566,0.02519892,0.27255082,0.961351,0.01428243,0.027891567,0.0025603515,0.0032147502,0.4649301,0.39068922,0.006727843,0.020785037,0.02456109,0.009549456,0.13780046,0.98443145,0.4649301,0.0032177854,0.019505296,0.020785037,0.42930853,0.078624144,0.19174862,0.023757434,0.25838065,0.006361408,0.21346182,0.8651525,0.09907516,0.9509181,0.122401014,0.9139332
beef,beef_portion15_day0_rep3,beef_portion15,0,3,Fresh,0,0.5273339,0.25522628,0.1430989,0.020848671,0.020711407,0.023077631,0.04667401,0.72798955,0.5273339,0.0038604853,0.0343092,0.020848671,0.36472535,0.1126377,0.122554325,0.020740505,0.002526173,0.005867092,0.69505334,0.4459036,0.0043653063,0.026174247,0.029068537,0.0056160856,0.10449071,0.9927616,0.69505334,0.0037594715,0.008580811,0.026174247,0.5382011,0.081188545,0.23565465,0.026396995,0.0060658003,0.008111966,0.18485618,0.27068573,0.22748372,0.02491681,0.024527023,0.025590574,0.4150037,0.31766894,0.27068573,0.009246472,0.034381375,0.024527023,0.2717944,0.96128577,0.014891808,0.027288012,0.002757273,0.0031696279,0.46850067,0.39420754,0.006570497,0.021130871,0.024242518,0.009722074,0.13787746,0.98482186,0.46850067,0.0032847007,0.019686915,0.021130871,0.43292952,0.111410856,0.19296011,0.02354981,0.30572844,0.006441568,0.20946257,0.860483,0.09803207,0.9456637,0.11755134,0.88315356
beef,beef_portion16_day0_rep1,beef_portion16,0,1,Fresh,0,0.54684156,0.30366293,0.1793606,0.029639242,0.030676723,0.034914523,0.05424069,0.6723625,0.54684156,0.0032718969,0.04857266,0.029639242,0.40169033,0.09672859,0.11908382,0.03052958,0.0038110842,0.0076568606,0.75059223,0.5276224,0.0040147128,0.014332402,0.014696092,0.004769544,0.114974014,0.99355346,0.75059223,0.0021301594,0.006959298,0.014332402,0.60688686,0.06261783,0.2561888,0.013211794,0.004513761,0.004131016,0.2261962,0.31866935,0.25532806,0.034855198,0.031429682,0.029307062,0.38384464,0.29228756,0.31866935,0.016484957,0.04133575,0.031429682,0.32210183,0.95565116,0.02529598,0.034608215,0.0029652787,0.0043703704,0.5395765,0.45095682,0.09317237,0.026699187,0.034976147,0.075115465,0.13166305,0.83138496,0.5395765,0.003488472,0.13043003,0.026699187,0.4942432,0.06125841,0.18906611,0.03285304,0.21803245,0.0142450975,0.24913236,0.86768574,0.121332966,0.96536136,0.13113314,0.9254143
beef,beef_portion16_day0_rep2,beef_portion16,0,2,Fresh,0,0.55006844,0.3055573,0.18163139,0.02873404,0.02953525,0.03295786,0.05428936,0.6699396,0.55006844,0.003474202,0.04545436,0.02873404,0.40425986,0.097241655,0.11900191,0.029168407,0.0037193096,0.0071458593,0.75190955,0.5296554,0.0037449324,0.014095791,0.014319953,0.0044598402,0.11515332,0.99391824,0.75190955,0.0020156053,0.0065831924,0.014095791,0.6085213,0.06209495,0.2567105,0.013096521,0.0036699055,0.0041187136,0.23784238,0.32860345,0.26147836,0.033864867,0.029784605,0.028067118,0.37471035,0.27812073,0.32860345,0.017928174,0.039110225,0.029784605,0.3329296,0.9560292,0.027610406,0.03275847,0.0035136072,0.0045465124,0.5396653,0.44630343,0.089708336,0.023891332,0.02931568,0.067091025,0.13001709,0.83660036,0.5396653,0.0031840422,0.1169048,0.023891332,0.49103343,0.015463707,0.18961148,0.028032932,0.057997033,0.0131529085,0.24884067,0.86657745,0.13857487,0.96309716,0.14310886,0.9674216
beef,beef_portion16_day0_rep3,beef_portion16,0,3,Fresh,0,0.55007195,0.3021033,0.17463307,0.02940283,0.03127576,0.037392918,0.054325014,0.6830061,0.55007195,0.0038149264,0.053308688,0.02940283,0.40173757,0.09875162,0.121910416,0.030549677,0.00419029,0.008943128,0.7541997,0.5273774,0.0038379615,0.013645854,0.014901296,0.004795862,0.11444001,0.9938994,0.7541997,0.001933887,0.006988256,0.013645854,0.6078579,0.06438092,0.2566777,0.013240437,0.0042715413,0.0040355218,0.23230591,0.3242092,0.25489217,0.034562077,0.030301288,0.029374389,0.37248522,0.2855681,0.3242092,0.015973069,0.04092053,0.030301288,0.32796046,0.9553152,0.028821815,0.03347593,0.0034547595,0.0041296803,0.53415114,0.43899328,0.06790845,0.023689987,0.026687166,0.062723234,0.13058773,0.8755906,0.53415114,0.0030828204,0.11094208,0.023689987,0.48399097,0.013206476,0.19390841,0.025962135,0.018782524,0.01162129,0.24865466,0.8647599,0.13880672,0.96126205,0.14799264,0.96910673
beef,beef_portion17_day0_rep1,beef_portion17,0,1,Fresh,0,0.5645968,0.33683595,0.23134837,0.025738876,0.025331598,0.02570863,0.050789922,0.5893249,0.5645968,0.0029744662,0.028494295,0.025738876,0.428882,0.088963285,0.10302968,0.025349658,0.0034077417,0.0045835795,0.73417693,0.47337374,0.0057048,0.026500309,0.036653373,0.0075679678,0.10493274,0.99113894,0.73417693,0.0048033493,0.01051228,0.026500309,0.5681237,0.08404366,0.24553715,0.030713264,0.009399218,0.008907184,0.17458065,0.24871406,0.21093613,0.026313944,0.029218404,0.029911617,0.41179293,0.29774863,0.24871406,0.016855076,0.0459526,0.029218404,0.2494356,0.9659081,0.013512569,0.032137685,0.004890158,0.004041166,0.5169787,0.4364388,0.034131885,0.018001553,0.023461444,0.04741461,0.1369631,0.9340018,0.5169787,0.0031122759,0.089116365,0.018001553,0.47769275,0.1426863,0.20053136,0.021400508,0.34062812,0.009902169,0.19930086,0.8995813,0.1215534,0.9659619,0.11679999,0.87451214
beef,beef_portion17_day0_rep2,beef_portion17,0,2,Fresh,0,0.5658756,0.3365781,0.23062174,0.027435359,0.026369207,0.029667128,0.050687186,0.5918085,0.5658756,0.0039173956,0.035806764,0.027435359,0.4292491,0.08964365,0.10367788,0.026557444,0.0042790226,0.0064083193,0.7324223,0.4673052,0.005628195,0.025275743,0.031430405,0.0071006003,0.103778996,0.99121773,0.7324223,0.003916438,0.010015671,0.025275743,0.5637625,0.0864055,0.24441144,0.027233135,0.007045918,0.008030841,0.17842935,0.2527264,0.21432011,0.028054165,0.030432886,0.032660924,0.4093169,0.29416406,0.2527264,0.021890933,0.044424154,0.030432886,0.25393292,0.9658658,0.024520084,0.033621807,0.004066143,0.10134266,0.5171592,0.43473396,0.026528692,0.018994015,0.020494971,0.039025366,0.13671781,0.948328,0.5171592,0.0027078849,0.073382825,0.018994015,0.47638214,0.05586711,0.20235676,0.019566901,0.21538578,0.008965294,0.1947056,0.89708805,0.11445479,0.9580172,0.101668656,0.9535235
beef,beef_portion17_day0_rep3,beef_portion17,0,3,Fresh,0,0.562531,0.33417135,0.23200227,0.026858946,0.025886642,0.025542261,0.0494955,0.5868756,0.562531,0.0028090638,0.027753135,0.026858946,0.42707524,0.08963375,0.10156444,0.02609417,0.003353497,0.004356713,0.7305808,0.46790707,0.005433076,0.025906963,0.031758636,0.0066273557,0.10426779,0.99148256,0.7305808,0.003878718,0.00952282,0.025906963,0.5635886,0.08526845,0.24423118,0.027616534,0.00715681,0.008177074,0.17593095,0.24747454,0.20980681,0.0277258,0.028384015,0.030282794,0.40857193,0.28976497,0.24747454,0.018986305,0.04637303,0.028384015,0.24856265,0.966891,0.020930601,0.031701278,0.004144486,0.083574794,0.5164991,0.43169874,0.018029284,0.018046742,0.018962765,0.029116526,0.13637903,0.964535,0.5164991,0.002615005,0.055426892,0.018046742,0.47397232,0.040825475,0.20383056,0.018208507,0.17837475,0.007231595,0.19750635,0.8988597,0.12263744,0.96247745,0.10788175,0.9704943
beef,beef_portion18_day0_rep1,beef_portion18,0,1,Fresh,0,0.5798741,0.3526842,0.2509658,0.012901333,0.015289857,0.018334627,0.04973308,0.56547105,0.5798741,0.0026188167,0.024173476,0.012901333,0.44512343,0.08835567,0.099789396,0.014196804,0.0035452174,0.0049304087,0.7403111,0.5156378,0.004737104,0.024019359,0.034584004,0.012523152,0.113848805,0.9925682,0.7403111,0.00551781,0.01731998,0.024019359,0.59624803,0.06435294,0.252848,0.027708793,0.012466452,0.0081159845,0.24027416,0.33496743,0.30098984,0.031113254,0.024458203,0.02294927,0.43716556,0.28357452,0.33496743,0.021085098,0.045352656,0.024458203,0.34126797,0.9602566,0.03821711,0.027232157,0.0034464488,0.17068236,0.5274696,0.4607909,0.08523029,0.038405437,0.047799718,0.07915149,0.13950332,0.84367007,0.5274696,0.0049200123,0.13752957,0.038405437,0.49815485,0.38864484,0.19178079,0.044957437,0.48305526,0.016261874,0.21642946,0.8802206,0.31850955,0.9558894,0.34426257,0.6123196
beef,beef_portion18_day0_rep2,beef_portion18,0,2,Fresh,0,0.5840882,0.35680422,0.25715074,0.0132017685,0.015294923,0.018853212,0.04914572,0.5581089,0.5840882,0.0027767199,0.024831133,0.0132017685,0.44942248,0.08833934,0.098409556,0.014275328,0.0036352754,0.005190804,0.7371671,0.5201184,0.012357802,0.04557546,0.04025206,0.037740882,0.11489079,0.97922087,0.7371671,0.0062279194,0.066302,0.04557546,0.59821886,0.060812693,0.25080183,0.03652456,0.016557796,0.020029237,0.23397505,0.33019644,0.30134654,0.046601854,0.032199726,0.033617754,0.4439333,0.2953674,0.3302099,0.036141906,0.067973435,0.032249555,0.33619168,0.95803666,0.2430837,0.036756277,0.050702818,0.42271626,0.5285088,0.4617167,0.0875447,0.037232175,0.04645359,0.074651785,0.13927841,0.8391385,0.5285088,0.0051240404,0.13027179,0.037232175,0.49908775,0.40649214,0.19180846,0.04350725,0.48653027,0.015106133,0.21475913,0.8888899,0.3352778,0.93473446,0.36441937,0.5773783
beef,beef_portion18_day0_rep3,beef_portion18,0,3,Fresh,0,0.58290493,0.35312814,0.2544565,0.01302766,0.0153299365,0.017860407,0.048384704,0.5618004,0.58290493,0.0029148376,0.02448076,0.01302766,0.44688812,0.08976091,0.09843773,0.014139475,0.0039813602,0.0054768417,0.7438996,0.5137716,0.0039174957,0.026242103,0.03573012,0.005140676,0.11281632,0.99367064,0.7438996,0.0055819317,0.0076083383,0.026242103,0.5961498,0.066958465,0.25319803,0.029147185,0.0122441305,0.008643404,0.24277686,0.3352476,0.3021629,0.030353198,0.02506404,0.023602374,0.43735918,0.27637523,0.3352476,0.01898496,0.042283595,0.02506404,0.34201473,0.96111345,0.047253974,0.027597459,0.0033781885,0.1937763,0.52208424,0.44965914,0.06868666,0.034081817,0.042339806,0.06944206,0.13794233,0.8718786,0.52208424,0.004644262,0.12396339,0.034081817,0.4885788,0.26211178,0.19392392,0.039706912,0.43422735,0.014802009,0.2162169,0.8791323,0.20139651,0.9521085,0.23058568,0.7291066
beef,beef_portion19_day0_rep1,beef_portion19,0,1,Fresh,0,0.5310015,0.2967775,0.1769993,0.023469707,0.027970357,0.032952737,0.05435505,0.6663766,0.5310015,0.0033583774,0.051334903,0.023469707,0.39101115,0.09344507,0.115130775,0.026166763,0.0056415517,0.008761675,0.72226197,0.47144106,0.0064339517,0.028230622,0.03745822,0.010476476,0.10623723,0.9902075,0.72226197,0.004548968,0.013758286,0.028230622,0.56302196,0.07971526,0.24331708,0.031901896,0.008817203,0.008912173,0.21688265,0.3000918,0.2641775,0.02584586,0.024747014,0.027571913,0.42376173,0.27671558,0.3000918,0.021968085,0.04359292,0.024747014,0.30528167,0.9638981,0.01342501,0.026989684,0.004597015,0.052932378,0.5400308,0.47292048,0.12095649,0.029185718,0.02952015,0.0564472,0.13796704,0.77832663,0.5400308,0.0022679165,0.09658411,0.029185718,0.5106609,0.40975058,0.18656237,0.029528448,0.49131748,0.010383736,0.21496037,0.8805579,0.34564102,0.9492417,0.33894852,0.61582196
beef,beef_portion19_day0_rep2,beef_portion19,0,2,Fresh,0,0.5351915,0.29772982,0.18577485,0.02418494,0.028188862,0.03408022,0.05153545,0.65262663,0.5351915,0.003513446,0.052614495,0.02418494,0.3934078,0.09516824,0.11147794,0.026465211,0.0055563203,0.009400315,0.7313966,0.47870982,0.008686991,0.0293462,0.04085226,0.018053401,0.10635787,0.98750365,0.7313966,0.0048109866,0.022693172,0.0293462,0.5704421,0.079975255,0.24539907,0.034291655,0.010104847,0.008704523,0.20850682,0.30132195,0.26644856,0.025730548,0.029394202,0.034143034,0.43441254,0.30728436,0.30132195,0.021023521,0.03318246,0.029394202,0.304912,0.9604939,0.0733827,0.03135492,0.003371884,0.24363558,0.5430446,0.47500423,0.1276951,0.031786337,0.031219982,0.05631981,0.13730492,0.7672068,0.5430446,0.003110528,0.09469875,0.031786337,0.51298034,0.4166891,0.1852715,0.031223694,0.4917292,0.010115415,0.22250132,0.8706729,0.35088283,0.93563294,0.34683338,0.59290403
beef,beef_portion19_day0_rep3,beef_portion19,0,3,Fresh,0,0.53422713,0.29630965,0.17751002,0.023651674,0.028050967,0.035166427,0.053494833,0.66731983,0.53422713,0.0038808056,0.05698309,0.023651674,0.39222625,0.09517236,0.11540102,0.025939424,0.006538839,0.010943333,0.72886294,0.47346464,0.0067084087,0.02714459,0.037872948,0.012650427,0.10566079,0.98997766,0.72886294,0.0048411614,0.016168812,0.02714459,0.5663776,0.081610456,0.24461459,0.031669375,0.0099121295,0.008459981,0.2132915,0.30471882,0.26764882,0.025379697,0.027326362,0.03165481,0.4284958,0.29922527,0.30471882,0.022348754,0.040198963,0.027326362,0.30873108,0.9606906,0.04987562,0.029186327,0.0043303575,0.1932434,0.54051316,0.47150114,0.1175697,0.03200491,0.03215712,0.058815375,0.13752158,0.785178,0.54051316,0.0027640387,0.099939175,0.03200491,0.50989866,0.3237285,0.18745941,0.03190599,0.46665025,0.010684887,0.21727575,0.87200165,0.26697776,0.9365292,0.25510338,0.6819959
beef,beef_portion20_day0_rep1,beef_portion20,0,1,Fresh,0,0.57693833,0.34304157,0.25170687,0.029785797,0.03324137,0.034094144,0.04492754,0.56358004,0.57693833,0.0031510822,0.040829353,0.029785797,0.43854973,0.09232726,0.096136995,0.03164513,0.0052426932,0.0058676447,0.78802335,0.5845504,0.0045890394,0.018100457,0.03059747,0.006401532,0.1213599,0.9930238,0.78802335,0.005334445,0.00839151,0.018100457,0.65416676,0.049470965,0.2703374,0.023108384,0.0127222715,0.006513365,0.2212447,0.31069547,0.2816061,0.051506825,0.041293968,0.033129137,0.44012633,0.2947871,0.31069547,0.032790415,0.07393087,0.041293968,0.31600457,0.96274847,0.24308011,0.045732416,0.0048430758,0.42054167,0.5308512,0.43505272,0.05682301,0.03595385,0.033698514,0.061292168,0.1308151,0.8977455,0.5308512,0.0037379563,0.10289476,0.03595385,0.4801084,0.012949915,0.19607957,0.03417351,0.002501561,0.00861372,0.28048733,0.8912029,0.1342252,0.9742548,0.19272862,0.9650163
beef,beef_portion20_day0_rep2,beef_portion20,0,2,Fresh,0,0.58032537,0.3492576,0.25879067,0.023164233,0.02526804,0.027657453,0.04492363,0.55329186,0.58032537,0.0026844833,0.032318354,0.023164233,0.44412592,0.09087075,0.09469386,0.024304064,0.0041619022,0.004961472,0.78849113,0.58239615,0.0043873973,0.019555956,0.030967057,0.0056236964,0.120828986,0.9933034,0.78849113,0.0052079814,0.0076820203,0.019555956,0.6528476,0.050771173,0.2701203,0.023883155,0.012181928,0.006896193,0.23106103,0.31496358,0.28594694,0.05355797,0.04235391,0.03407446,0.43524608,0.27349636,0.31496358,0.034638885,0.07492999,0.04235391,0.32161134,0.9650458,0.30790877,0.047058925,0.005009867,0.45323855,0.5382631,0.44443938,0.07001179,0.03954218,0.038150094,0.0716396,0.13094382,0.87645215,0.5382631,0.0038504123,0.1189065,0.03954218,0.488898,0.011776691,0.19483003,0.038461976,0.00288552,0.010744597,0.2755851,0.90810376,0.13523188,0.9731616,0.18457697,0.97441965
beef,beef_portion20_day0_rep3,beef_portion20,0,3,Fresh,0,0.58213174,0.3514617,0.264239,0.021580996,0.023135012,0.023752598,0.04352858,0.5450581,0.58213174,0.0031442605,0.025366647,0.021580996,0.44640914,0.09089548,0.09251782,0.022402465,0.0037792982,0.0037680443,0.788574,0.58183783,0.0047926973,0.01819168,0.030855227,0.0074128425,0.12074712,0.9927652,0.788574,0.0053171706,0.009571593,0.01819168,0.65254515,0.051113598,0.27000076,0.023313629,0.012707615,0.0064670164,0.25069246,0.3294589,0.30054364,0.0779702,0.06066049,0.054586463,0.42614612,0.2539696,0.32947835,0.050686076,0.09060047,0.060714837,0.33786508,0.9644205,0.26384723,0.06752988,0.05199427,0.4313477,0.53973913,0.44793224,0.08068205,0.041280787,0.041138966,0.08324219,0.1310702,0.85830414,0.53973913,0.004742814,0.13739918,0.041280787,0.4921071,0.034039132,0.19189489,0.04103421,0.14773053,0.01569892,0.27490878,0.89676166,0.123275094,0.966018,0.17925522,0.9458209
beef,beef_portion21_day0_rep1,beef_portion21,0,1,Fresh,0,0.57546943,0.34773844,0.25115833,0.019123942,0.019614061,0.019174173,0.047897946,0.56245375,0.57546943,0.0023085743,0.020454446,0.019123942,0.44102708,0.08930057,0.097528175,0.01915499,0.0027726162,0.0034316787,0.74153763,0.514234,0.004414466,0.017416915,0.02441286,0.0064899144,0.11329451,0.9929825,0.74153763,0.0032406372,0.009183569,0.017416915,0.59561545,0.065629505,0.25278044,0.020393863,0.006711588,0.005924621,0.17367956,0.27748677,0.26416487,0.034192476,0.03647775,0.036075287,0.4766348,0.37714738,0.277574,0.010263084,0.043286517,0.0364367,0.27806458,0.9598674,0.7730659,0.03945193,0.0030271192,0.4158963,0.45593354,0.37531877,0.012144256,0.033017874,0.034155026,0.01697976,0.13441885,0.9733487,0.45593354,0.0034796726,0.033736676,0.033017874,0.41555345,0.028598145,0.18629947,0.0343134,0.13551787,0.009066929,0.22036594,1.1139096,0.110517114,1.0822185,0.19548237,1.1092613
beef,beef_portion21_day0_rep2,beef_portion21,0,2,Fresh,0,0.5742634,0.3459036,0.25054944,0.019321894,0.019824537,0.021061182,0.04737772,0.5624774,0.5742634,0.0024890127,0.023080524,0.019321894,0.43915135,0.089636505,0.09697925,0.019758672,0.0028404268,0.0037728904,0.74677837,0.52231044,0.014278837,0.018802365,0.03572727,0.04487245,0.11375554,0.98022217,0.74677837,0.004268836,0.05727624,0.018802365,0.6024332,0.063927904,0.25253767,0.02794056,0.011718625,0.009838423,0.17380674,0.27575943,0.26420915,0.034459352,0.03610022,0.035820723,0.4789673,0.3730018,0.27586588,0.009361498,0.04454286,0.036171626,0.27656484,0.96076596,0.84746474,0.039183874,0.003024243,0.35603136,0.4575445,0.37576357,0.012345624,0.032847084,0.033738855,0.016074585,0.13409178,0.97289675,0.4575445,0.0033156152,0.03141693,0.032847084,0.41637316,0.013665392,0.18659616,0.033957627,0.06094815,0.008788995,0.22698088,1.1612619,0.11967307,1.1244763,0.20369817,1.1633112
beef,beef_portion21_day0_rep3,beef_portion21,0,3,Fresh,0,0.575306,0.34780025,0.25282422,0.020281246,0.02066781,0.020894581,0.04747895,0.5597264,0.575306,0.0018144546,0.022466931,0.020281246,0.4413774,0.08937376,0.09652713,0.020169066,0.0025581657,0.0030185452,0.7451759,0.5149019,0.0051108385,0.016631633,0.02398584,0.009593159,0.11299826,0.99201256,0.7451759,0.0033035236,0.012890621,0.016631633,0.5972415,0.06695945,0.25328964,0.019853016,0.006776899,0.0056128167,0.18330899,0.28552392,0.2724259,0.034340896,0.036263824,0.036384087,0.47657606,0.3605813,0.28554514,0.0109265605,0.041704264,0.036255337,0.28723988,0.9606764,0.803217,0.03914666,0.003226193,0.39447132,0.4550948,0.37262234,0.011307193,0.032486323,0.032843526,0.016038347,0.13374671,0.97508687,0.4550948,0.0032149798,0.031359185,0.032486323,0.41330984,0.0142538035,0.18587177,0.033228304,0.061288316,0.008665552,0.22219476,1.1324033,0.120055236,1.0941896,0.20286429,1.1369804
beef,beef_portion22_day0_rep1,beef_portion22,0,1,Fresh,0,0.5471993,0.3129432,0.22702944,0.023793804,0.026864557,0.028594093,0.042305157,0.58467746,0.5471993,0.0049217925,0.040190656,0.023793804,0.4086149,0.09444048,0.09519004,0.025650363,0.005085298,0.0074642794,0.7340951,0.4955499,0.0073855636,0.023841396,0.033367697,0.013311433,0.10995175,0.9889807,0.7340951,0.004505314,0.01789844,0.023841396,0.5816698,0.07229505,0.24844068,0.027871044,0.009042433,0.007898385,0.1531593,0.2371879,0.21522334,0.025155293,0.023815647,0.029883629,0.454859,0.35608885,0.2371879,0.020298619,0.041712053,0.023815647,0.23573124,0.96470696,0.38602075,0.027325457,0.0031888247,0.48183328,0.49876025,0.40023568,0.05075731,0.025586052,0.027879508,0.053803395,0.12815721,0.9006412,0.49876025,0.0029744247,0.09995191,0.025586052,0.4467822,0.016964493,0.18617722,0.027458236,0.003731523,0.009174194,0.23221579,0.93372107,0.12545094,0.9669544,0.15853351,0.9913101
beef,beef_portion22_day0_rep2,beef_portion22,0,2,Fresh,0,0.5472269,0.31579423,0.23700146,0.023772048,0.026729753,0.028580556,0.03932443,0.56691635,0.5472269,0.0034085677,0.03762528,0.023772048,0.41064304,0.09332746,0.09020451,0.025902648,0.003967472,0.00573251,0.7321565,0.4869049,0.0055457787,0.022001458,0.031104269,0.008021264,0.10839334,0.9914092,0.7321565,0.00433844,0.011400231,0.022001458,0.57571626,0.07595929,0.24724446,0.025894392,0.008437088,0.007449724,0.16099036,0.24321568,0.22819266,0.029844508,0.027881704,0.03320413,0.46783087,0.3411026,0.24321702,0.018065358,0.04678892,0.0278808,0.24330181,0.96694297,0.6540575,0.031974655,0.0032074158,0.47294062,0.49932644,0.397145,0.055121116,0.023031376,0.026057607,0.052299466,0.12620923,0.8912906,0.49932644,0.0029431826,0.097931884,0.023031376,0.44476336,0.018993154,0.1844034,0.0253738,0.0038689654,0.009454344,0.22850026,1.0531559,0.124752626,1.0343347,0.15602179,1.0769265
beef,beef_portion22_day0_rep3,beef_portion22,0,3,Fresh,0,0.5476402,0.3147772,0.23245169,0.024310138,0.027110772,0.030158974,0.04089353,0.575547,0.5476402,0.0039491663,0.04069574,0.024310138,0.41016334,0.0937609,0.092543446,0.026196567,0.0044879573,0.006543379,0.73841316,0.5015364,0.0076260297,0.02223874,0.030872455,0.012208427,0.1106643,0.9885748,0.73841316,0.0042756433,0.016483078,0.02223874,0.586763,0.07103628,0.2499108,0.025713086,0.008629586,0.007322879,0.16574594,0.2504097,0.23103398,0.034857575,0.031541064,0.039164945,0.46068168,0.34260437,0.2504179,0.0204116,0.055420212,0.031559393,0.2505984,0.96533716,0.48837772,0.036342084,0.004384707,0.4961749,0.4999431,0.4001916,0.04748566,0.023807306,0.026557466,0.052187167,0.12792255,0.9068341,0.4999431,0.0032412752,0.097888164,0.023807306,0.44686344,0.017395431,0.18729217,0.025833841,0.0040660407,0.009383141,0.23763068,0.9704591,0.12710588,0.98470664,0.16238943,1.013788
beef,beef_portion23_day0_rep1,beef_portion23,0,1,Fresh,0,0.55910844,0.32255462,0.20952605,0.02542265,0.027665341,0.02814027,0.0520185,0.6248533,0.55910844,0.0024393173,0.035855588,0.02542265,0.4187323,0.09323371,0.110095315,0.026549453,0.0048119966,0.00463085,0.7454592,0.51188475,0.004934694,0.026501471,0.03912125,0.006636915,0.11207366,0.9923474,0.7454592,0.005161944,0.009250189,0.026501471,0.59540653,0.06864572,0.2530062,0.032223027,0.010716645,0.009319256,0.20568633,0.2681527,0.22061639,0.028957007,0.029304232,0.0316891,0.37095544,0.23332737,0.2681527,0.017553145,0.03236578,0.029304232,0.2729998,0.96933514,0.019743754,0.03272737,0.0031680358,0.0038703235,0.48512736,0.40394276,0.082548745,0.026079636,0.029438535,0.059051614,0.13148415,0.83238566,0.48512736,0.0026426225,0.11435371,0.026079636,0.4455585,0.011923687,0.17499079,0.02879577,0.05207916,0.012376306,0.22856481,0.89272344,0.1074355,0.98468214,0.1782084,0.9851471
beef,beef_portion23_day0_rep2,beef_portion23,0,2,Fresh,0,0.5572022,0.3198543,0.20989048,0.027053654,0.027502162,0.028077716,0.051013093,0.622846,0.5572022,0.0029647802,0.034502864,0.027053654,0.4162051,0.09389556,0.108763404,0.027000485,0.0050183837,0.0041549397,0.74252784,0.5049328,0.0058153984,0.026401402,0.038135163,0.008411619,0.11092212,0.99118966,0.74252784,0.0049929,0.011353451,0.026401402,0.5901518,0.071007915,0.25146067,0.031599298,0.010352425,0.008913961,0.20305039,0.27205256,0.22454962,0.031641815,0.032662917,0.03523061,0.38128653,0.25390851,0.27205256,0.020850243,0.04306509,0.032662917,0.2760122,0.9669762,0.019050503,0.0361318,0.0046508894,0.0036514613,0.48721698,0.40105072,0.08429447,0.026203569,0.028654758,0.059314363,0.12919432,0.8292741,0.48721698,0.0027695931,0.114904,0.026203569,0.44437745,0.011807718,0.17388448,0.0283975,0.004233097,0.013398298,0.22614996,0.88880384,0.10850276,0.977475,0.17542203,0.98217475
beef,beef_portion23_day0_rep3,beef_portion23,0,3,Fresh,0,0.5620264,0.32148644,0.21109763,0.02584439,0.027137628,0.027068116,0.050594665,0.6239028,0.5620264,0.0019309656,0.032416876,0.02584439,0.4195552,0.09521599,0.109589025,0.02662694,0.003661263,0.0032810532,0.74417776,0.50710994,0.004742165,0.025200138,0.036685076,0.0060107606,0.11120395,0.9926015,0.74417776,0.00493443,0.008503988,0.025200138,0.59205234,0.07058189,0.2521704,0.030237183,0.010092366,0.008710832,0.20724396,0.27395388,0.22703825,0.031871136,0.031891134,0.03423009,0.37983873,0.24431124,0.27395388,0.017688261,0.04002568,0.031891134,0.27864417,0.9678471,0.018728735,0.03550479,0.0038929188,0.0037264915,0.48554456,0.40254402,0.085738085,0.027580375,0.028663425,0.058749728,0.13013801,0.82583076,0.48554456,0.0033550523,0.11393104,0.027580375,0.44488862,0.010140946,0.17351715,0.028841838,0.00400531,0.013466524,0.22514786,0.8885925,0.10939082,0.9786749,0.17747283,0.9842753
beef,beef_portion24_day0_rep1,beef_portion24,0,1,Fresh,0,0.5798322,0.3462327,0.25446165,0.026952937,0.032797642,0.034293927,0.045119304,0.5608065,0.5798322,0.0037938573,0.042034134,0.026952937,0.44156244,0.09198797,0.09611723,0.030495087,0.006283268,0.006774937,0.74066895,0.4963762,0.0043926165,0.017328689,0.02067422,0.0054894467,0.109538734,0.9930348,0.74066895,0.0027192603,0.007986008,0.017328689,0.58423024,0.074674115,0.25002232,0.017969385,0.004933792,0.005266056,0.18684945,0.2762794,0.21627727,0.024376433,0.02453443,0.025470288,0.38536358,0.3240909,0.2762794,0.015340109,0.036267366,0.02453443,0.2763292,0.9569233,0.024595518,0.02707944,0.0032879207,0.0043097036,0.5100922,0.4130036,0.006253721,0.020271651,0.02201347,0.0113340495,0.1326286,0.98752224,0.5100922,0.002401769,0.020349598,0.020271651,0.4584883,0.014208691,0.20228352,0.020907661,0.0038067836,0.0056010005,0.2105722,0.8834764,0.13269281,0.96124077,0.14746559,0.97645575
beef,beef_portion24_day0_rep2,beef_portion24,0,2,Fresh,0,0.5833781,0.35181555,0.25896612,0.024911953,0.02925665,0.03246264,0.04558492,0.5555643,0.5833781,0.0040250244,0.039973147,0.024911953,0.44622853,0.09082318,0.09601777,0.027485806,0.005357528,0.0071589393,0.73690677,0.51139337,0.014836212,0.02415808,0.02405562,0.039353423,0.112808496,0.97746783,0.73690677,0.003600521,0.05875571,0.02415808,0.59264815,0.06531279,0.24915984,0.019973194,0.01111796,0.013182519,0.19257066,0.28040516,0.22129272,0.027073476,0.026445812,0.027542416,0.38477862,0.31426176,0.28040516,0.016227355,0.03887941,0.026445812,0.28117657,0.9579693,0.024135739,0.029302591,0.0031909326,0.004168151,0.5095403,0.41311863,0.005527104,0.020043002,0.021303415,0.0095282765,0.13290524,0.98881584,0.5095403,0.0023819804,0.017217746,0.020043002,0.45839164,0.013875644,0.20239742,0.020420367,0.003609886,0.005737687,0.21340565,0.8856362,0.13185406,0.97184676,0.15118636,0.9769827
beef,beef_portion24_day0_rep3,beef_portion24,0,3,Fresh,0,0.585716,0.3526024,0.2594445,0.024626113,0.029006662,0.032362852,0.04567462,0.5563949,0.585716,0.0034693717,0.04016403,0.024626113,0.447667,0.09130089,0.09647852,0.027297935,0.005263559,0.00714397,0.74069715,0.50198853,0.004235593,0.016840283,0.020414898,0.0054453793,0.11080763,0.99323463,0.74069715,0.0027777236,0.007903706,0.016840283,0.5877318,0.07177941,0.25083613,0.017696911,0.0047691497,0.005203767,0.21758287,0.29646772,0.23716727,0.06505211,0.048675813,0.058105428,0.3643957,0.2791931,0.29653186,0.042942695,0.07883781,0.048903976,0.30030057,0.95315415,0.025141733,0.055679932,0.08610192,0.006490551,0.5127192,0.41690564,0.006207292,0.020578625,0.021901345,0.010076573,0.13319002,0.9874974,0.5127192,0.0023107375,0.018284183,0.020578625,0.4619121,0.013267906,0.20337622,0.020970773,0.0035283754,0.0059808614,0.2093454,0.87726665,0.13311343,0.95413625,0.1466514,0.97019166
beef,beef_portion25_day0_rep1,beef_portion25,0,1,Fresh,0,0.55743307,0.33442155,0.23825662,0.03196443,0.0326749,0.033145964,0.048338868,0.5725463,0.55743307,0.004072874,0.038492415,0.03196443,0.42576462,0.08778861,0.09704243,0.03226735,0.005002514,0.0060524214,0.7471928,0.57653177,0.038568415,0.033776514,0.048424974,0.07932438,0.124911636,0.9440433,0.7471928,0.009082453,0.11609495,0.033776514,0.6378955,0.046655666,0.2550411,0.035548408,0.09909035,0.026525587,0.22920789,0.3262772,0.31285676,0.03175299,0.032431748,0.033498775,0.47484782,0.298266,0.3262772,0.005480687,0.030177958,0.032431748,0.33258194,0.96314573,0.9793681,0.034866933,0.0027435382,0.1409218,0.5113115,0.41668296,0.095499836,0.034932017,0.03461234,0.058301155,0.12637328,0.81691617,0.5113115,0.0042227493,0.102929786,0.034932017,0.46226102,0.017545087,0.17769073,0.03516109,0.051678997,0.011549356,0.26768455,1.2463675,0.113005705,1.2074021,0.19410817,1.2464604
beef,beef_portion25_day0_rep2,beef_portion25,0,2,Fresh,0,0.553645,0.32936695,0.22794582,0.031518422,0.03310935,0.031987585,0.04993653,0.5881356,0.553645,0.0031138659,0.037117284,0.031518422,0.42070997,0.08822323,0.100643925,0.03242196,0.0043018493,0.005170346,0.75226384,0.563198,0.016521892,0.025494467,0.048240524,0.039354376,0.12203693,0.976406,0.75226384,0.008838318,0.05414332,0.025494467,0.6303277,0.045088004,0.25979877,0.035352044,0.021660155,0.011837279,0.23960263,0.3364351,0.32229382,0.033968244,0.033659566,0.034132678,0.4732157,0.28878313,0.3364351,0.0077251308,0.032744996,0.033659566,0.34354204,0.96314406,0.9498257,0.03619065,0.003066432,0.21647835,0.51564944,0.41879958,0.09459933,0.035402223,0.035355233,0.05612505,0.12606291,0.82020634,0.51564944,0.003726071,0.09692119,0.035402223,0.46497262,0.015653739,0.17928432,0.035676226,0.003024065,0.01018598,0.266703,1.2217001,0.1158008,1.1837273,0.18625589,1.2272805
beef,beef_portion25_day0_rep3,beef_portion25,0,3,Fresh,0,0.5591347,0.33726445,0.23673424,0.030896833,0.03236803,0.032219138,0.049906496,0.5764429,0.5591347,0.0034993798,0.036753625,0.030896833,0.4277261,0.08678817,0.099058606,0.03175468,0.004276622,0.005116377,0.755049,0.5783286,0.018896036,0.025875116,0.043282844,0.043293886,0.12486364,0.9733578,0.755049,0.007540222,0.05979182,0.025875116,0.6408119,0.038475174,0.26205963,0.032412037,0.019048529,0.012222152,0.22628564,0.31880105,0.3059199,0.030524194,0.031069413,0.0322039,0.47512323,0.29046682,0.31880105,0.0066495906,0.03680317,0.031069413,0.32529297,0.9650002,0.91608304,0.033415046,0.0044141156,0.27656925,0.51458615,0.41771033,0.09098554,0.033786047,0.032911304,0.048604157,0.12648128,0.8263193,0.51458615,0.0031507933,0.08293924,0.033786047,0.46389478,0.015537256,0.18065023,0.033692595,0.0024694959,0.007032426,0.27259687,1.2038596,0.114201844,1.1771778,0.19609515,1.2089466
beef,beef_portion26_day0_rep1,beef_portion26,0,1,Fresh,0,0.6122292,0.39068395,0.27586332,0.027243117,0.03004629,0.03043655,0.054663636,0.54887176,0.6122292,0.0015821168,0.030849935,0.027243117,0.48024336,0.083040066,0.103960074,0.028650543,0.0040502213,0.0035516638,0.7963981,0.56393534,0.036044847,0.026378784,0.033524618,0.051997326,0.113730155,0.95485926,0.7963981,0.0024368644,0.062527604,0.026378784,0.64370334,0.06418893,0.2627847,0.028779443,0.0067616333,0.005944264,0.21775478,0.30789578,0.27341664,0.030028036,0.029654687,0.029646065,0.43484706,0.29412583,0.30789578,0.010010021,0.031671595,0.029654687,0.31258577,0.9611593,0.022577226,0.032459788,0.0016454028,0.11398833,0.54630995,0.47588462,0.075977355,0.028745098,0.02924564,0.057605896,0.13961518,0.8630647,0.54630995,0.0024933838,0.100001276,0.028745098,0.5138664,0.42937592,0.20201817,0.028950633,0.4941724,0.010813688,0.22869149,0.8976779,0.36151686,0.98584706,0.39231583,0.5962436
beef,beef_portion26_day0_rep2,beef_portion26,0,2,Fresh,0,0.61511296,0.3940298,0.2770076,0.024279602,0.027322374,0.028511818,0.055626262,0.5489679,0.61511296,0.002421263,0.029361587,0.024279602,0.48320788,0.08238603,0.10477965,0.025820984,0.0040957537,0.0035308623,0.7947803,0.55760014,0.019835573,0.024118084,0.03039628,0.03614499,0.11366163,0.9746427,0.7947803,0.0025636337,0.043245576,0.024118084,0.63921374,0.06640971,0.26458356,0.02607671,0.0059387675,0.005576475,0.21290627,0.3130327,0.2762872,0.032671504,0.02975755,0.03160003,0.43747208,0.32160863,0.3130327,0.014403212,0.04677421,0.02975755,0.316379,0.95765907,0.0118577825,0.03278369,0.004437913,0.053052522,0.55309176,0.48345515,0.087288566,0.02655381,0.029126061,0.060755454,0.13949698,0.84396446,0.55309176,0.0025417798,0.10447812,0.02655381,0.52123857,0.4839819,0.20127709,0.02806701,0.49862823,0.011744892,0.2238981,0.8958623,0.41477385,0.98102903,0.43851158,0.5497428
beef,beef_portion26_day0_rep3,beef_portion26,0,3,Fresh,0,0.6149475,0.3904008,0.27598107,0.030292057,0.03591381,0.036907244,0.05425678,0.5511928,0.6149475,0.0023724441,0.038803115,0.030292057,0.4811752,0.0843963,0.104358196,0.033388644,0.0053178417,0.004822548,0.79327893,0.5591812,0.026885562,0.023761561,0.030103171,0.044531945,0.1138205,0.96594024,0.79327893,0.002308655,0.05384064,0.023761561,0.63973826,0.065111965,0.26333654,0.025812242,0.00626797,0.005274912,0.2105432,0.3129557,0.2743417,0.03205045,0.029875482,0.03042401,0.43611857,0.32904455,0.3129557,0.014626106,0.043177176,0.029875482,0.31578878,0.95666,0.011671562,0.032770872,0.004041042,0.041505557,0.5498306,0.47839797,0.078391425,0.02786063,0.02980046,0.058015328,0.13917033,0.8594362,0.5498306,0.002594753,0.10018866,0.02786063,0.51667345,0.3824635,0.20242238,0.028904552,0.4845344,0.010590989,0.22536246,0.8926295,0.31578594,0.9813951,0.34578535,0.6375281
beef,beef_portion27_day0_rep1,beef_portion27,0,1,Fresh,0,0.5465375,0.36064458,0.2622671,0.018956253,0.022633227,0.022457559,0.056126617,0.51895505,0.5465375,0.003236125,0.027324362,0.018956253,0.4395793,0.06995513,0.08925145,0.021626879,0.0043159644,0.0035513183,0.7181951,0.509753,0.121488646,0.018729802,0.02336123,0.020415692,0.106270015,0.8293764,0.7181951,0.0030279495,0.02397753,0.018729802,0.5867538,0.05951926,0.22294807,0.020368649,0.005855716,0.0030161254,0.2202497,0.2907276,0.24463944,0.03241259,0.029405558,0.030130139,0.3898888,0.24391647,0.2907276,0.005799982,0.038404778,0.029405558,0.29661137,0.967051,0.018512802,0.033103757,0.0032222765,0.0017592079,0.48493212,0.42931488,0.12511933,0.027879642,0.030477002,0.025175925,0.13886678,0.74196714,0.48493212,0.0049806493,0.038257495,0.027879642,0.46461108,0.6880424,0.16773878,0.029421989,0.4600133,0.0053734817,0.19910805,0.9111667,0.62355334,0.97446924,0.6426571,0.35824308
beef,beef_portion27_day0_rep2,beef_portion27,0,2,Fresh,0,0.57434756,0.3527943,0.24018681,0.021419657,0.024381856,0.022935782,0.054048624,0.5808307,0.57434756,0.0034766113,0.026014231,0.021419657,0.44260973,0.085148044,0.10487894,0.023023205,0.0050593074,0.0032641124,0.766059,0.49667078,0.0045119934,0.020184528,0.027935006,0.005511509,0.105739586,0.99301213,0.766059,0.0037117333,0.007718463,0.020184528,0.59258497,0.08575979,0.25394505,0.02328954,0.007292436,0.006852928,0.2060458,0.29185313,0.2411914,0.03561073,0.036935847,0.035007864,0.39999253,0.29582822,0.29185313,0.013459959,0.03835624,0.036935847,0.29457784,0.9604122,0.018916048,0.039960977,0.003146269,0.003838087,0.50133085,0.42302,0.028635522,0.030639656,0.032866072,0.028482702,0.13686568,0.9437581,0.50133085,0.0030688974,0.051553573,0.030639656,0.4631998,0.049824703,0.1980974,0.0322131,0.2053522,0.0061459774,0.21145603,0.89184666,0.101790816,0.9534483,0.1454332,0.9432438
beef,beef_portion27_day0_rep3,beef_portion27,0,3,Fresh,0,0.5728306,0.34683156,0.23667084,0.022469513,0.025707332,0.024466544,0.052763198,0.5861247,0.5728306,0.0033186893,0.028130012,0.022469513,0.43821552,0.08759854,0.10478656,0.02419854,0.0048844307,0.0031741434,0.76593953,0.49685633,0.0041579464,0.019047938,0.02748419,0.0051775877,0.10581918,0.9934935,0.76593953,0.003946691,0.007278337,0.019047938,0.5927083,0.085528046,0.25399265,0.022591649,0.0077641527,0.0065723914,0.20501415,0.2842158,0.23426516,0.03295537,0.035291374,0.032221936,0.39408466,0.27972743,0.2842158,0.010570183,0.03436365,0.035291374,0.28738213,0.9631396,0.019727755,0.038240764,0.0032395227,0.003009392,0.50373787,0.42369586,0.026042946,0.029146576,0.033234973,0.025918564,0.1364344,0.9487634,0.50373787,0.0036380729,0.047034025,0.029146576,0.4643716,0.06060262,0.1991884,0.03190796,0.22562899,0.006723288,0.21479003,0.8925009,0.10161017,0.9582829,0.14175715,0.9370722
beef,beef_portion28_day0_rep1,beef_portion28,0,1,Fresh,0,0.576002,0.35120314,0.25470278,0.02190241,0.023642998,0.023687642,0.048595,0.55698055,0.576002,0.0020988341,0.025090018,0.02190241,0.44350705,0.08767673,0.09647332,0.022900457,0.0033036626,0.0029638181,0.81036043,0.5717924,0.012069162,0.023701228,0.034548704,0.02296022,0.114844285,0.9842334,0.81036043,0.0038230182,0.027399603,0.023701228,0.6526491,0.06595855,0.2704188,0.028103488,0.009454808,0.007077161,0.21502568,0.30185977,0.25203556,0.042979784,0.042887427,0.04322174,0.40224296,0.29000235,0.30185977,0.007297668,0.042653874,0.042887427,0.30535683,0.96007556,0.018585416,0.046053898,0.004247777,0.0020079792,0.5446986,0.44845,0.068954796,0.023300799,0.025050843,0.042933967,0.13114326,0.87396914,0.5446986,0.003000925,0.07460561,0.023300799,0.49362755,0.012330558,0.19867913,0.024195453,0.0041210656,0.0070725535,0.27289027,0.8866971,0.13651058,0.99170417,0.18251136,0.982904
beef,beef_portion28_day0_rep2,beef_portion28,0,2,Fresh,0,0.57338244,0.34621856,0.25760174,0.021835992,0.02229743,0.024733499,0.044519883,0.55006063,0.57338244,0.0039021869,0.02785783,0.021835992,0.43999368,0.08959419,0.09296418,0.022121225,0.002091083,0.0051525133,0.8127108,0.5683807,0.019776275,0.026367446,0.040260144,0.039045684,0.113321364,0.97523177,0.8127108,0.004050273,0.045579735,0.026367446,0.65131056,0.0688942,0.26885384,0.032460205,0.011049251,0.0069791866,0.22070283,0.31082195,0.26671705,0.04009464,0.040372584,0.043449346,0.41698152,0.2923914,0.31082195,0.012827767,0.03792219,0.040372584,0.31494844,0.9598892,0.014464746,0.04354847,0.002473551,0.004247045,0.54518497,0.4452375,0.07248533,0.023611544,0.025452264,0.0443375,0.1293459,0.8676349,0.54518497,0.0029014323,0.07698258,0.023611544,0.4916757,0.014406685,0.19693847,0.024668418,0.003762179,0.007883006,0.27571815,0.88272977,0.13832876,0.9857613,0.18336847,0.97901297
beef,beef_portion28_day0_rep3,beef_portion28,0,3,Fresh,0,0.57775605,0.3524837,0.258194,0.0228855,0.02417853,0.024690732,0.047526147,0.5524135,0.57775605,0.0026033442,0.025887484,0.0228855,0.44531137,0.08800085,0.09537789,0.02352875,0.0028208832,0.0034003211,0.812937,0.57151705,0.0254178,0.026933208,0.04109208,0.044702314,0.11361613,0.968514,0.812937,0.0037963018,0.052354205,0.026933208,0.65333253,0.06738757,0.26842174,0.033310857,0.010886236,0.0069271536,0.21965116,0.3104662,0.2607623,0.04238876,0.043066654,0.04315189,0.40658846,0.29456857,0.3104662,0.007840906,0.039274566,0.043066654,0.3140037,0.9587681,0.017755313,0.045821954,0.003863281,0.0022890994,0.53999007,0.4421513,0.06808181,0.024402376,0.02491401,0.037717536,0.1302708,0.87424636,0.53999007,0.0024128747,0.06591964,0.024402376,0.48812303,0.013478556,0.19725068,0.024727987,0.0033495286,0.006445844,0.27137038,0.8840264,0.13328344,0.9861729,0.18779159,0.977808
beef,beef_portion29_day0_rep1,beef_portion29,0,1,Fresh,0,0.5733642,0.34679532,0.24406922,0.035179857,0.037675075,0.042491272,0.05024375,0.5752967,0.5733642,0.0035457264,0.049994037,0.035179857,0.43902776,0.08824644,0.100779235,0.03690136,0.0046407613,0.007157178,0.796582,0.57571554,0.012906141,0.024764774,0.036779393,0.026016133,0.117711976,0.98286784,0.796582,0.0048452467,0.031282146,0.024764774,0.65093154,0.057935283,0.26880047,0.029879864,0.010662305,0.008274602,0.23805115,0.32536337,0.28729764,0.042368308,0.032429192,0.03367912,0.42470062,0.27186418,0.32536337,0.01525564,0.06421521,0.032429192,0.33188128,0.96239185,0.019063085,0.036772642,0.0065406985,0.08767666,0.5868292,0.51944554,0.17576657,0.032884374,0.033834778,0.05346139,0.13736077,0.70224905,0.5868292,0.0022726087,0.077062085,0.032884374,0.5564029,0.6562817,0.18494165,0.032954298,0.47420755,0.009964761,0.272127,0.8844705,0.58610946,0.9910618,0.61154425,0.4142814
beef,beef_portion29_day0_rep2,beef_portion29,0,2,Fresh,0,0.5742795,0.34481066,0.24750832,0.033184957,0.037573744,0.038269933,0.048433233,0.5693392,0.5742795,0.0023653635,0.043308098,0.033184957,0.43795407,0.08989182,0.09849301,0.036184147,0.005109109,0.005054153,0.7987199,0.56835675,0.019860364,0.025196807,0.034879234,0.035380524,0.11527529,0.97430515,0.7987199,0.0046617743,0.04291097,0.025196807,0.6470157,0.06272524,0.26672897,0.028806392,0.009418379,0.008655006,0.23815636,0.32082018,0.2875567,0.040859737,0.032480907,0.034299396,0.4302555,0.2608102,0.32082018,0.013285334,0.05867211,0.032480907,0.3280491,0.9648676,0.038048137,0.036685538,0.005841422,0.16575448,0.5896813,0.5218084,0.17803252,0.03231852,0.033070557,0.052455492,0.13717897,0.6997088,0.5896813,0.0022490644,0.07503934,0.03231852,0.55877006,0.6836339,0.1852393,0.032137267,0.46445855,0.009927741,0.26971862,0.8839205,0.61208755,0.9838168,0.6324203,0.39241534
beef,beef_portion29_day0_rep3,beef_portion29,0,3,Fresh,0,0.57372814,0.3463483,0.24356948,0.034533992,0.03633342,0.040577646,0.050449748,0.57619375,0.57372814,0.0034524624,0.04656828,0.034533992,0.43852568,0.08860908,0.100994945,0.035776116,0.004293901,0.006470032,0.7994947,0.5785986,0.015661912,0.024499798,0.038624953,0.028740592,0.117654495,0.9795374,0.7994947,0.0054250136,0.034656692,0.024499798,0.65365744,0.057745732,0.2692695,0.030849328,0.011802116,0.008642254,0.23529162,0.32168168,0.28651494,0.04110764,0.032913636,0.033422686,0.42938173,0.27183303,0.32168168,0.015350979,0.058897775,0.032913636,0.32819757,0.96310616,0.031863138,0.036959708,0.005463512,0.14642219,0.5924218,0.5231399,0.18154985,0.03176054,0.032737922,0.05147106,0.13679317,0.69496393,0.5924218,0.002325524,0.0734368,0.03176054,0.5605943,0.59589785,0.18460676,0.03173164,0.49003366,0.009599961,0.27486458,0.8841361,0.5284256,0.9909407,0.55266285,0.46063086
beef,beef_portion30_day0_rep1,beef_portion30,0,1,Fresh,0,0.58806616,0.35770908,0.2682054,0.0243746,0.024911523,0.022652265,0.044922244,0.54268783,0.58806616,0.0043245577,0.024368547,0.0243746,0.4516326,0.089993276,0.093424186,0.024541168,0.0036964398,0.0054975925,0.76167583,0.5700892,0.0044263345,0.028732873,0.037204057,0.0054628514,0.122412615,0.99308735,0.76167583,0.004196818,0.0077458313,0.028732873,0.6370471,0.04551464,0.26433724,0.03193671,0.008355225,0.009700689,0.19488412,0.28173846,0.23140763,0.027390562,0.028819598,0.03222493,0.4017232,0.30875334,0.28173846,0.019535646,0.03245688,0.028819598,0.28339007,0.9597043,0.01901985,0.031483207,0.0035493497,0.006292029,0.53453356,0.46267518,0.068368405,0.033044163,0.035189126,0.05817602,0.13870089,0.8758964,0.53453356,0.0024941394,0.0976161,0.033044163,0.5011031,0.29816616,0.19990331,0.034105163,0.45560437,0.0071222135,0.2560628,0.88895375,0.23900019,1.0104438,0.29404983,0.71954876
beef,beef_portion30_day0_rep2,beef_portion30,0,2,Fresh,0,0.5919794,0.35687637,0.26334614,0.022551507,0.02055094,0.020109061,0.045823865,0.5536755,0.5919794,0.0042045754,0.024756609,0.022551507,0.45223632,0.091763936,0.09671553,0.020702291,0.0023771247,0.007024917,0.76402855,0.570514,0.0036600134,0.026001986,0.032851018,0.0046094535,0.12215099,0.9941662,0.76402855,0.0035908965,0.006683304,0.026001986,0.6380498,0.046292506,0.264851,0.028260278,0.0074501075,0.008603474,0.19371259,0.28130797,0.22940344,0.022754302,0.024191739,0.0279317,0.39959034,0.31101623,0.28130797,0.018732904,0.030031966,0.024191739,0.28278184,0.9591666,0.01962243,0.02647753,0.0038147229,0.00581077,0.5360318,0.46033025,0.06466274,0.031081315,0.031789154,0.057404242,0.13773482,0.88293415,0.5360318,0.002379445,0.097298585,0.031081315,0.49994525,0.12169963,0.20058386,0.03112367,0.32327098,0.007202293,0.2546838,0.8871559,0.11815633,1.0097977,0.16996871,0.88388795
beef,beef_portion30_day0_rep3,beef_portion30,0,3,Fresh,0,0.5903777,0.35697344,0.2649746,0.026139816,0.02542591,0.023873601,0.04508355,0.5498409,0.5903777,0.004121564,0.027785296,0.026139816,0.4521454,0.09116839,0.09546156,0.02542972,0.0034781243,0.0068336967,0.765547,0.5745427,0.004239793,0.027553627,0.03611635,0.005317544,0.12273805,0.9933348,0.765547,0.0042353976,0.007514081,0.027553627,0.6410615,0.04481562,0.26559862,0.030721435,0.008794154,0.009290345,0.19275473,0.2802092,0.23063783,0.026329584,0.027080767,0.030345878,0.40375867,0.3124035,0.2802092,0.016876303,0.036770824,0.027080767,0.28165755,0.9596278,0.01866902,0.029767636,0.0038955072,0.0052072885,0.5339214,0.45936167,0.06019915,0.033125166,0.033202358,0.055273086,0.13831265,0.8909036,0.5339214,0.002499708,0.09285778,0.033125166,0.49874562,0.1382792,0.20140274,0.03257012,0.34242636,0.0063615614,0.25842693,0.8883608,0.124958165,1.0134233,0.18196252,0.8689835
beef,beef_portion31_day0_rep1,beef_portion31,0,1,Fresh,0,0.5854614,0.34465718,0.24514657,0.03210333,0.036124907,0.036232922,0.047054116,0.5813387,0.5854614,0.0026434604,0.04119466,0.03210333,0.4419097,0.09470936,0.10211764,0.034358792,0.0049242266,0.005387484,0.77228284,0.5246294,0.066386044,0.034103338,0.048908263,0.05154604,0.10624551,0.9143747,0.77228284,0.005364006,0.06321062,0.034103338,0.6120485,0.07449114,0.24743247,0.04045767,0.012812428,0.00810844,0.15193647,0.2309426,0.18612507,0.028330786,0.028105527,0.027612628,0.40331772,0.3443926,0.2309426,0.00553622,0.055256825,0.028105527,0.22802012,0.96287775,0.017729105,0.0317864,0.0047988277,0.0020513819,0.5217683,0.42416042,0.0067698616,0.018780734,0.022703333,0.012328966,0.13300438,0.986766,0.5217683,0.0032787512,0.022588855,0.018780734,0.46966314,0.013695297,0.20581475,0.021157254,0.005291903,0.005935397,0.2246606,0.8981017,0.13448651,0.9947222,0.16031769,0.9973539
beef,beef_portion31_day0_rep2,beef_portion31,0,2,Fresh,0,0.58245784,0.3392018,0.23879522,0.029225001,0.03422287,0.034089904,0.0471639,0.58988225,0.58245784,0.0028178154,0.039655086,0.029225001,0.43753454,0.09593296,0.10351359,0.031983376,0.005535723,0.004770199,0.77235585,0.52161014,0.06027398,0.034510434,0.050003186,0.05031923,0.105940506,0.92221296,0.77235585,0.0054464783,0.06156614,0.034510434,0.6101612,0.07602741,0.24823003,0.041323584,0.012763149,0.008492105,0.14862165,0.23423772,0.18407333,0.027623622,0.026521541,0.0269124,0.40073732,0.36866736,0.23423772,0.004418551,0.04731116,0.026521541,0.23020047,0.9585506,0.01960899,0.030449346,0.0027652981,0.0014147109,0.5195458,0.42134222,0.005352488,0.019602546,0.020654589,0.0069461884,0.1328957,0.9892073,0.5195458,0.0026356808,0.013638145,0.019602546,0.46704328,0.014160596,0.20526382,0.019966505,0.0041435435,0.006092517,0.22613943,0.8911434,0.13383047,0.98766637,0.16172919,0.99117845
beef,beef_portion31_day0_rep3,beef_portion31,0,3,Fresh,0,0.5786252,0.33826435,0.23150565,0.029537333,0.03345826,0.033621266,0.04942039,0.5998744,0.5786252,0.0032511144,0.03900029,0.029537333,0.43592805,0.0943216,0.10657843,0.031673856,0.005095128,0.0047239154,0.7712857,0.5199892,0.06386201,0.034804706,0.047939025,0.05262354,0.105460644,0.9176542,0.7712857,0.0046790377,0.064227045,0.034804706,0.6088719,0.07642176,0.24701248,0.040125206,0.011788374,0.0074549224,0.14645901,0.23301123,0.18161905,0.02827927,0.027536271,0.027510501,0.39860186,0.37446424,0.23301123,0.0061598253,0.056309786,0.027536271,0.22853762,0.9580886,0.020703398,0.03126386,0.004327555,0.002019447,0.5151774,0.41672358,0.005421111,0.018868541,0.020536087,0.0069534266,0.13240722,0.9890297,0.5151774,0.002676579,0.013733501,0.018868541,0.46240225,0.014574902,0.20382705,0.01945055,0.0042094137,0.005871719,0.22349876,0.89245653,0.12852126,0.98651224,0.16475244,0.9891638
beef,beef_portion32_day0_rep1,beef_portion32,0,1,Fresh,0,0.5943659,0.35855862,0.23848544,0.02489786,0.028911829,0.032107975,0.054162484,0.5984573,0.5943659,0.0027115387,0.0392998,0.02489786,0.4538305,0.090557694,0.11162369,0.027124802,0.0048164628,0.0061607435,0.7848868,0.540312,0.0045605274,0.022601848,0.031008732,0.0058434512,0.11236253,0.99306655,0.7848868,0.0041676993,0.007935309,0.022601848,0.6253313,0.07103224,0.2631003,0.025642538,0.008602012,0.007593975,0.20217633,0.2992507,0.25004604,0.036072295,0.03006681,0.030939681,0.41316977,0.32736677,0.2992507,0.012143129,0.056484763,0.03006681,0.30090946,0.9563197,0.017385416,0.033830136,0.0043036817,0.0028795353,0.5209983,0.44511905,0.08141506,0.029995564,0.034419987,0.066351414,0.13576128,0.8471992,0.5209983,0.002708827,0.11929466,0.029995564,0.48507228,0.13995121,0.18940657,0.033298526,0.3407469,0.012444218,0.22964956,0.8842,0.09729309,0.9743507,0.17278072,0.8543797
beef,beef_portion32_day0_rep2,beef_portion32,0,2,Fresh,0,0.59674394,0.36027184,0.24396536,0.02453526,0.028378544,0.031675864,0.052966893,0.5907264,0.59674394,0.0025654496,0.03901401,0.02453526,0.45582923,0.09099455,0.109631546,0.026543107,0.0049898517,0.0065180683,0.78604335,0.5491981,0.0046104034,0.021914963,0.03704013,0.0055646487,0.11415984,0.9929061,0.78604335,0.005631219,0.007608406,0.021914963,0.6313067,0.06693413,0.26459205,0.028935524,0.012459275,0.0083443895,0.20453224,0.30067202,0.25313237,0.037871487,0.03120825,0.03291482,0.41497624,0.32305393,0.30067202,0.01222553,0.06063797,0.03120825,0.30279508,0.95711243,0.01647804,0.035307452,0.0049972516,0.0028929126,0.5233086,0.44510025,0.07630114,0.030541932,0.035397463,0.06514215,0.1355051,0.85750204,0.5233086,0.0025092913,0.116669975,0.030541932,0.48567256,0.10576661,0.19137,0.034087513,0.29929924,0.011571518,0.23533808,0.88445306,0.088261046,0.9807639,0.1675671,0.888156
beef,beef_portion32_day0_rep3,beef_portion32,0,3,Fresh,0,0.5937054,0.35767937,0.24153459,0.024019092,0.027657414,0.030980906,0.05303416,0.5926766,0.5937054,0.0026809755,0.03802211,0.024019092,0.45318577,0.09098246,0.109576225,0.025807282,0.004894147,0.006125372,0.7890343,0.5490562,0.004626105,0.019170584,0.029518124,0.005650796,0.113711804,0.9930436,0.7890343,0.004840633,0.007688526,0.019170584,0.63211864,0.06836447,0.2650204,0.022943772,0.011032589,0.0065310537,0.21573944,0.30709627,0.26168266,0.040603016,0.034789994,0.03494583,0.41509753,0.3012988,0.30709627,0.0144305695,0.056731172,0.034789994,0.31070372,0.95930445,0.015377504,0.038837872,0.004338675,0.0033884288,0.52305216,0.44475618,0.08083352,0.029021125,0.035109542,0.06863764,0.1350677,0.8487381,0.52305216,0.0024782072,0.12364857,0.029021125,0.48551002,0.06254275,0.18952848,0.0337122,0.23104103,0.013150277,0.23809963,0.88496196,0.09080769,0.9794913,0.16500609,0.93008995
beef,beef_portion33_day0_rep1,beef_portion33,0,1,Fresh,0,0.5924531,0.363368,0.25571838,0.025600122,0.026081659,0.02682301,0.05181714,0.5676192,0.5924531,0.0038359526,0.029000236,0.025600122,0.4558066,0.08812359,0.10305722,0.025686422,0.0041716592,0.005176859,0.7787518,0.54742277,0.013087743,0.028891174,0.04811189,0.020869639,0.11421568,0.9821845,0.7787518,0.007019558,0.026212558,0.028891174,0.627982,0.06484166,0.26204267,0.0380135,0.015119283,0.010833283,0.23693545,0.31042552,0.26064938,0.044086967,0.042329453,0.042600885,0.38551188,0.23978458,0.31042552,0.014693629,0.044229593,0.042329453,0.31719202,0.9656785,0.019432826,0.046456963,0.003867256,0.003680901,0.59002453,0.5107854,0.15411566,0.02118685,0.019055124,0.03854884,0.13471569,0.737941,0.59002453,0.0030636333,0.061083347,0.02118685,0.551154,0.14261304,0.19208285,0.019028168,0.3454931,0.010141003,0.2355054,0.8923619,0.14137112,0.98333967,0.12978947,0.8729164
beef,beef_portion33_day0_rep2,beef_portion33,0,2,Fresh,0,0.5923519,0.36445615,0.25401545,0.024916774,0.025508149,0.026886497,0.05273819,0.5705003,0.5923519,0.00330486,0.02939761,0.024916774,0.45663193,0.08741829,0.10434512,0.025152441,0.0036150026,0.00501675,0.7766989,0.54666525,0.014748111,0.027243773,0.044373933,0.023241851,0.11420329,0.9799226,0.7766989,0.0065079094,0.02940635,0.027243773,0.62683386,0.06426818,0.2612747,0.0353499,0.013638361,0.010402751,0.22222412,0.30059376,0.24859518,0.044420578,0.040530495,0.042864263,0.38770908,0.26523498,0.30059376,0.015706288,0.0540982,0.040530495,0.30538097,0.96314734,0.020534731,0.045205522,0.0047447523,0.0044272584,0.58889264,0.512345,0.15967794,0.02194554,0.019979186,0.036964238,0.13515519,0.7280174,0.58889264,0.0027401855,0.057957686,0.02194554,0.5518465,0.2839084,0.19032578,0.01967308,0.44833362,0.009506984,0.2326618,0.8926379,0.23466328,0.98451585,0.2426905,0.7422531
beef,beef_portion33_day0_rep3,beef_portion33,0,3,Fresh,0,0.5898819,0.36258048,0.25007486,0.025957398,0.026215995,0.02713411,0.053326145,0.575343,0.5898819,0.0028304034,0.030497452,0.025957398,0.45450932,0.08717016,0.10544262,0.025831396,0.0039770952,0.005008535,0.7742588,0.5454463,0.012818807,0.02817944,0.046526685,0.020771058,0.114439934,0.9823544,0.7742588,0.0068830173,0.02643674,0.02817944,0.6253386,0.063886166,0.2610311,0.036841676,0.014710739,0.010790481,0.23227337,0.307124,0.2564243,0.048091117,0.04410937,0.04585724,0.3841966,0.24851741,0.307124,0.018320907,0.056055777,0.04410937,0.31324837,0.9647448,0.020184567,0.048970982,0.005022015,0.0037394047,0.5918186,0.5127167,0.15971765,0.020880805,0.019159555,0.035980146,0.13462032,0.72906595,0.5918186,0.0027940902,0.056310207,0.020880805,0.5531014,0.06381006,0.1906706,0.019045813,0.23902528,0.0094965855,0.23223387,0.8929506,0.13240054,0.983338,0.10084055,0.9477755
beef,beef_portion34_day0_rep1,beef_portion34,0,1,Fresh,0,0.5728122,0.3417853,0.22519429,0.034886524,0.03685943,0.037286002,0.054143406,0.6073899,0.5728122,0.0028769816,0.04562281,0.034886524,0.43518525,0.089676104,0.10976813,0.03598831,0.0044761593,0.0062614405,0.77855307,0.54513687,0.010009438,0.01794318,0.022873966,0.015523754,0.1141925,0.985957,0.77855307,0.0028055077,0.0198974,0.01794318,0.6263881,0.065832734,0.2620398,0.019592606,0.0055108857,0.0056890766,0.16755225,0.25860822,0.19516504,0.03625178,0.031573832,0.033765025,0.38182065,0.35679463,0.25860822,0.0143833095,0.06108087,0.031573832,0.25597697,0.95491916,0.027223947,0.03586409,0.0044814483,0.004281626,0.50429744,0.4251205,0.034161787,0.02481618,0.025034575,0.03654807,0.136472,0.93290937,0.50429744,0.0021746743,0.068048336,0.02481618,0.46613207,0.011116614,0.19725947,0.024789605,0.07477643,0.0064450526,0.24558845,0.8874541,0.12158961,0.9913715,0.18130729,0.98175377
beef,beef_portion34_day0_rep2,beef_portion34,0,2,Fresh,0,0.5759922,0.345614,0.22505626,0.03311494,0.035923615,0.038742222,0.055332698,0.60973436,0.5759922,0.0026233664,0.048586324,0.03311494,0.43873763,0.08896056,0.111581646,0.034726344,0.004964918,0.0071614156,0.78003895,0.54618496,0.008437595,0.016861634,0.023183834,0.012674753,0.11422261,0.9880236,0.78003895,0.0033028394,0.016348813,0.016861634,0.6275692,0.06599043,0.26269257,0.019267479,0.0064709526,0.0056919362,0.1755,0.26689383,0.19800876,0.037086003,0.034099936,0.036088474,0.37304303,0.34696218,0.26689383,0.011589955,0.054448783,0.034099936,0.26485863,0.9537116,0.030133137,0.038239654,0.004028499,0.004234108,0.506143,0.4277908,0.02945779,0.025844788,0.025359536,0.031089624,0.13714999,0.9421601,0.506143,0.002302171,0.057467785,0.025844788,0.46829596,0.013464618,0.19934885,0.025380878,0.09288918,0.006254699,0.2429393,0.8858116,0.119483955,0.98675823,0.17927451,0.9767728
beef,beef_portion34_day0_rep3,beef_portion34,0,3,Fresh,0,0.5770676,0.34648803,0.22687429,0.035013743,0.03721828,0.038838282,0.055020012,0.6076163,0.5770676,0.0029456038,0.04737317,0.035013743,0.43972948,0.08908481,0.111030236,0.03631579,0.004342005,0.005923737,0.7766199,0.5433753,0.0072812764,0.017687086,0.0241106,0.010937004,0.11415455,0.9893654,0.7766199,0.0032141842,0.01417206,0.017687086,0.6247488,0.065864824,0.26196182,0.020181648,0.006452339,0.0058846083,0.17185737,0.26404905,0.194918,0.034277465,0.031373315,0.0327633,0.3733015,0.35288525,0.26404905,0.013828386,0.05272951,0.031373315,0.2615671,0.95336777,0.03042714,0.03518975,0.003925541,0.0044821673,0.5047185,0.42509058,0.02408219,0.025340525,0.025663722,0.028124314,0.13705277,0.95246893,0.5047185,0.0017837181,0.051912893,0.025340525,0.4660917,0.019737504,0.19987313,0.025458463,0.11800563,0.0057901237,0.2398993,0.8861285,0.11574574,0.9864942,0.17650728,0.9706739
beef,beef_portion35_day0_rep1,beef_portion35,0,1,Fresh,0,0.58248645,0.3388916,0.22070432,0.029521562,0.03102007,0.034394585,0.052395176,0.62100774,0.58248645,0.0036781435,0.042062018,0.029521562,0.43686366,0.09510395,0.11341589,0.03023033,0.0038582622,0.0073654796,0.7842361,0.54052067,0.005074359,0.021174157,0.028353123,0.006121456,0.11249599,0.99234146,0.7842361,0.0036380026,0.008273562,0.021174157,0.62529933,0.07063607,0.2629516,0.023644825,0.0075326087,0.0070140692,0.22660035,0.30237755,0.25581896,0.045928333,0.038908165,0.040071618,0.3946691,0.255032,0.30237755,0.0131717995,0.06336805,0.038908165,0.30823594,0.96522343,0.017457444,0.043624535,0.0059352797,0.0026798495,0.49105525,0.42686602,0.11819433,0.025780257,0.027822414,0.04821305,0.13611391,0.76034904,0.49105525,0.0027016632,0.09120398,0.025780257,0.4642406,0.3405429,0.1697023,0.02742326,0.47156888,0.010819463,0.24180077,0.8847943,0.25329417,0.98034847,0.32784912,0.6616205
beef,beef_portion35_day0_rep2,beef_portion35,0,2,Fresh,0,0.57688415,0.33550858,0.22325225,0.029499512,0.030130945,0.031017205,0.050852958,0.6128899,0.57688415,0.002534768,0.035154242,0.029499512,0.43353346,0.09468613,0.109960146,0.02955798,0.0032069234,0.004860649,0.7819226,0.53838694,0.0047545177,0.02075389,0.02934417,0.005505321,0.11236362,0.9927064,0.7819226,0.0037994909,0.007547685,0.02075389,0.6231944,0.07077096,0.26239896,0.024246912,0.007954168,0.007149363,0.22887388,0.30957642,0.26581898,0.047898106,0.039762933,0.041404583,0.40488115,0.26553872,0.30957642,0.018628763,0.07126859,0.039762933,0.31538963,0.96384,0.023366049,0.044491425,0.0068395627,0.08727952,0.5049211,0.44199756,0.14394389,0.033487152,0.03479884,0.058585554,0.13593179,0.7178429,0.5049211,0.0033038983,0.10262126,0.033487152,0.47948703,0.29414764,0.16507728,0.03471974,0.453551,0.0133966375,0.24450113,0.8814108,0.21197766,0.9743987,0.28287888,0.70391613
beef,beef_portion35_day0_rep3,beef_portion35,0,3,Fresh,0,0.5744304,0.3324867,0.21788508,0.027266283,0.027666708,0.02853313,0.051362034,0.6203832,0.5744304,0.0027249407,0.03238934,0.027266283,0.43070027,0.09498811,0.11148994,0.027190564,0.003154474,0.0043819663,0.7809275,0.5374082,0.0051765935,0.02265421,0.03046937,0.0062491805,0.11231528,0.99221396,0.7809275,0.003804494,0.008440638,0.02265421,0.6222903,0.07079904,0.26199207,0.02547199,0.007994184,0.0075464053,0.22825694,0.3150595,0.27264348,0.052142207,0.04707658,0.052994143,0.41319233,0.2803587,0.31506225,0.02613395,0.069305964,0.0470847,0.32020026,0.9617739,0.08371412,0.051453885,0.0067875804,0.25012204,0.4970866,0.43569493,0.13304211,0.030138515,0.031024411,0.048533853,0.13651557,0.7343096,0.4970866,0.002791915,0.08714332,0.030138515,0.47258577,0.4275029,0.16722046,0.030967789,0.4934151,0.009748334,0.24483208,0.8742421,0.33974457,0.95753723,0.3982848,0.5618186
beef,beef_portion36_day0_rep1,beef_portion36,0,1,Fresh,0,0.5844463,0.3530454,0.2709389,0.040891938,0.044211295,0.0420069,0.041344214,0.5365323,0.5844463,0.0048581283,0.05207971,0.040891938,0.44800636,0.091282435,0.08994877,0.042149946,0.008833078,0.0088807,0.7642878,0.5169316,0.013135659,0.026622266,0.027259767,0.036293913,0.1098323,0.98065555,0.7642878,0.003773037,0.053747818,0.026622266,0.6045644,0.07439024,0.25456464,0.022950968,0.011073578,0.013611557,0.21800777,0.31212416,0.2608023,0.047088128,0.04064318,0.04441578,0.40546942,0.30613485,0.31212416,0.020371819,0.06038641,0.04064318,0.31523272,0.9570014,0.025188675,0.04502664,0.0057096803,0.08123146,0.51506037,0.44640395,0.09782544,0.023583144,0.025985356,0.044102084,0.13701306,0.81101197,0.51506037,0.0022194078,0.078693666,0.023583144,0.48462737,0.24914335,0.18538332,0.025441382,0.43060717,0.0072477735,0.22780289,0.87823236,0.18806626,0.95672804,0.2229565,0.74526495
beef,beef_portion36_day0_rep2,beef_portion36,0,2,Fresh,0,0.58925164,0.35508704,0.27558878,0.04014443,0.04416161,0.041401587,0.03964118,0.53292507,0.58925164,0.0042119534,0.04394608,0.04014443,0.4510989,0.092492335,0.08889274,0.042624358,0.005810322,0.0059803766,0.7594442,0.5158658,0.013698462,0.028698647,0.027333278,0.03019182,0.11030445,0.98010164,0.7594442,0.0039173067,0.04314684,0.028698647,0.6024015,0.07271399,0.25387543,0.02374949,0.011266334,0.010702375,0.20117861,0.29821342,0.24263439,0.02831676,0.024600422,0.024822002,0.40135393,0.32713887,0.29821342,0.02194083,0.04581287,0.024600422,0.29950508,0.9547556,0.020745363,0.027375488,0.0034554375,0.0049330313,0.51284873,0.4440016,0.08720377,0.023067784,0.025371606,0.043714143,0.13746592,0.83083296,0.51284873,0.002215478,0.07936698,0.023067784,0.4820633,0.31484872,0.18794093,0.024517989,0.46276176,0.006679407,0.22472861,0.87813586,0.24538071,0.9612977,0.27831253,0.68612146
beef,beef_portion36_day0_rep3,beef_portion36,0,3,Fresh,0,0.58688337,0.35132197,0.27625492,0.03903019,0.045048445,0.041730944,0.037943967,0.5299562,0.58688337,0.004148447,0.04506326,0.03903019,0.4480321,0.09360991,0.08693124,0.042594843,0.0071170707,0.0056226985,0.75884604,0.5033565,0.0046930136,0.020123996,0.025172835,0.0058310856,0.108278245,0.9927633,0.75884604,0.0031496158,0.00821366,0.020123996,0.5943624,0.07892876,0.25373644,0.021631626,0.0059899883,0.0063668876,0.20335981,0.30016252,0.2470586,0.02620986,0.023760248,0.024200385,0.40580407,0.323018,0.30016252,0.017476149,0.040758144,0.023760248,0.30186397,0.9551041,0.019187639,0.026369063,0.0032472708,0.0038975945,0.5135329,0.4407965,0.101704866,0.02176436,0.022741383,0.0399386,0.13543196,0.80247205,0.5135329,0.0022080545,0.07134156,0.02176436,0.48007274,0.023709608,0.18266606,0.022788644,0.142633,0.007165974,0.22237818,0.8764283,0.12279173,0.95302236,0.14547259,0.9622782
beef,beef_portion37_day0_rep1,beef_portion37,0,1,Fresh,0,0.5631096,0.3229915,0.23180822,0.026160618,0.02675071,0.031663176,0.04389042,0.5879181,0.5631096,0.0042403387,0.04001682,0.026160618,0.42048234,0.09607362,0.098618954,0.026484298,0.0032246916,0.0073548653,0.7771707,0.5260984,0.018426755,0.029409029,0.043990795,0.033055574,0.109565996,0.97605276,0.7771707,0.0042573675,0.039547514,0.029409029,0.6142257,0.07534956,0.25768343,0.03603314,0.011301778,0.007308887,0.25816748,0.3348526,0.27118984,0.039465595,0.03634213,0.040574357,0.35870594,0.23210883,0.3348526,0.018880116,0.041983668,0.03634213,0.3424614,0.9621683,0.02729425,0.03973239,0.0043364773,0.0043244725,0.5545292,0.46082088,0.1454721,0.044541072,0.045901965,0.083557315,0.12594779,0.74529797,0.5545292,0.004905062,0.13275072,0.044541072,0.50607413,0.013170975,0.17497885,0.0457185,0.018776525,0.016458131,0.25153026,0.8725218,0.1415261,0.9557104,0.14967625,0.9742565
beef,beef_portion37_day0_rep2,beef_portion37,0,2,Fresh,0,0.56269276,0.3215399,0.22904596,0.025095966,0.026716381,0.030364098,0.044189442,0.59224653,0.56269276,0.0036850173,0.039595615,0.025095966,0.41931033,0.09650947,0.09965138,0.025862237,0.003936046,0.0072275195,0.77780753,0.5255679,0.021665491,0.03218254,0.045643486,0.03841564,0.109105125,0.9722132,0.77780753,0.0040364247,0.045766752,0.03218254,0.6140542,0.07591663,0.2570378,0.03803904,0.010803009,0.0073999353,0.24806467,0.32834816,0.25754744,0.037764538,0.032845892,0.038144305,0.3497228,0.25174487,0.32834816,0.024993332,0.04472753,0.032845892,0.33446395,0.9596194,0.031194666,0.036381584,0.0050245575,0.0059095933,0.5431241,0.44837126,0.121011004,0.039108764,0.03916171,0.0794559,0.12666972,0.7836198,0.5431241,0.005349133,0.13187295,0.039108764,0.49388424,0.01342903,0.17925052,0.039549965,0.0034147517,0.016252544,0.25123638,0.8699678,0.13711181,0.953995,0.1561934,0.9708819
beef,beef_portion37_day0_rep3,beef_portion37,0,3,Fresh,0,0.56088126,0.32261953,0.2286192,0.025854895,0.027086183,0.029992823,0.045446724,0.5918143,0.56088126,0.0036199917,0.037520554,0.025854895,0.4191421,0.09505013,0.09987446,0.026378818,0.0035203283,0.006310429,0.7825489,0.5352254,0.02720457,0.033829324,0.04958422,0.043224577,0.11014192,0.9655378,0.7825489,0.004414245,0.05094249,0.033829324,0.6215391,0.07307502,0.25825828,0.040917337,0.0120935,0.007368768,0.24953093,0.3318065,0.2620502,0.038446918,0.034367997,0.039240077,0.35527584,0.25218034,0.3318065,0.021597795,0.045957986,0.034367997,0.33785716,0.9591017,0.030236214,0.03772215,0.0052542826,0.0051676654,0.55925786,0.47389197,0.14653073,0.0544892,0.06492997,0.10537998,0.12995206,0.749988,0.55925786,0.007002365,0.15858762,0.0544892,0.5165954,0.12987654,0.17756598,0.061380126,0.32026744,0.020376764,0.25793973,0.870656,0.12940635,0.9578689,0.14405152,0.86096907
beef,beef_portion38_day0_rep1,beef_portion38,0,1,Fresh,0,0.6006804,0.37596825,0.28268716,0.023104304,0.026171848,0.02799785,0.047158327,0.528479,0.6006804,0.004288322,0.030927952,0.023104304,0.4681227,0.08646948,0.09339348,0.024858193,0.0042305817,0.005622153,0.81319386,0.57305706,0.067496225,0.021045044,0.02424046,0.0642908,0.11105085,0.91695064,0.81319386,0.0030195934,0.07684414,0.021045044,0.65465313,0.067086436,0.26019078,0.021643601,0.0040801303,0.007950877,0.21493271,0.2974356,0.2299198,0.035336528,0.032205623,0.036912084,0.35932678,0.28599963,0.2974356,0.031133102,0.049969878,0.032205623,0.30049643,0.95889616,0.02968393,0.035982687,0.0044782986,0.0071846046,0.52793896,0.45184836,0.13951337,0.02814982,0.029328266,0.046781544,0.13249208,0.7368855,0.52793896,0.0022294007,0.077453576,0.02814982,0.49243382,0.007926654,0.17350984,0.028839191,0.055358645,0.010072119,0.2509794,0.89066595,0.11479825,0.9868561,0.19320604,0.98074913
beef,beef_portion38_day0_rep2,beef_portion38,0,2,Fresh,0,0.6050124,0.38051602,0.29795218,0.023508817,0.026265794,0.023867005,0.04206757,0.5065845,0.6050124,0.004468767,0.02134383,0.023508817,0.47308937,0.087031215,0.087190956,0.024870023,0.004255435,0.00300001,0.8164897,0.57557434,0.07552719,0.02020755,0.025424743,0.06507988,0.11032986,0.90733236,0.8164897,0.0029697756,0.077657126,0.02020755,0.6571981,0.067403525,0.25949648,0.021842426,0.005669557,0.008133271,0.19915326,0.28788233,0.22730254,0.02967631,0.028721793,0.033532307,0.38222378,0.31111908,0.28788233,0.028267836,0.04325174,0.028721793,0.28920022,0.95738196,0.02481403,0.0320188,0.0035723853,0.007314735,0.52273935,0.4452652,0.13420062,0.02802529,0.02819966,0.04340024,0.1316833,0.7440625,0.52273935,0.0028470913,0.07139246,0.02802529,0.48628524,0.017788155,0.17332502,0.028178181,0.10820981,0.010134818,0.25292382,0.8917491,0.111300536,0.9912416,0.19773315,0.97146
beef,beef_portion38_day0_rep3,beef_portion38,0,3,Fresh,0,0.60296464,0.38041565,0.28647795,0.024005366,0.025588872,0.026421042,0.048217975,0.5239343,0.60296464,0.0039363857,0.026007209,0.024005366,0.4717985,0.0853264,0.09308352,0.024792913,0.0037133857,0.0038649852,0.8160452,0.5775876,0.068845086,0.020432336,0.024007434,0.06198223,0.11150332,0.91542447,0.8160452,0.0027516792,0.074014395,0.020432336,0.6583278,0.06599562,0.2613303,0.021256555,0.0043523903,0.007457668,0.21332045,0.29570046,0.22951956,0.033272278,0.03064646,0.034707032,0.36150563,0.2857095,0.29570046,0.030176546,0.046572793,0.03064646,0.29870677,0.9589972,0.02864904,0.034187324,0.0045961905,0.006477001,0.5364135,0.46166313,0.14449623,0.034929942,0.03920568,0.056456693,0.13309951,0.7335165,0.5364135,0.0035861295,0.08781487,0.034929942,0.5018342,0.095558144,0.17505221,0.037799995,0.28583664,0.010458661,0.25194016,0.89298,0.08789595,0.9904139,0.18113007,0.8990115
beef,beef_portion39_day0_rep1,beef_portion39,0,1,Fresh,0,0.5696691,0.3398512,0.22593714,0.028120069,0.029763,0.03318251,0.05328704,0.60331297,0.5696691,0.0034188835,0.04209402,0.028120069,0.43289116,0.089344054,0.10809386,0.028979711,0.003746447,0.00657434,0.7593277,0.5270722,0.007832617,0.025819845,0.038056284,0.012550757,0.11315461,0.98860043,0.7593277,0.005069468,0.016113872,0.025819845,0.6092091,0.0668606,0.25691578,0.031174347,0.011083917,0.008623085,0.20304693,0.28108507,0.22715253,0.025913553,0.025194583,0.025540592,0.38308814,0.27777308,0.28108507,0.01390204,0.037260324,0.025194583,0.28410202,0.96262985,0.022124607,0.02795436,0.003766394,0.0036044207,0.521728,0.42506728,0.017599663,0.019811088,0.020734726,0.026063686,0.13281837,0.9665784,0.521728,0.0018848402,0.04790857,0.019811088,0.47012705,0.01329146,0.203564,0.020217262,0.003306228,0.004843825,0.23182212,0.890032,0.12761292,0.98143977,0.15830316,0.98426056
beef,beef_portion39_day0_rep2,beef_portion39,0,2,Fresh,0,0.57292473,0.3389687,0.23084843,0.028438423,0.03056318,0.034257192,0.050982412,0.59696925,0.57292473,0.0033641201,0.04335819,0.028438423,0.4336019,0.09156789,0.10588734,0.029415408,0.004202528,0.0069272825,0.7617869,0.52711767,0.0077716233,0.025847368,0.03828409,0.011593376,0.11274039,0.9887586,0.7617869,0.0049213143,0.014856607,0.025847368,0.6100041,0.06788584,0.25728294,0.03137688,0.010781914,0.00866671,0.20612219,0.27743453,0.22723584,0.024945058,0.025257237,0.025076535,0.3799809,0.25688282,0.27743453,0.01865882,0.033940434,0.025257237,0.28153104,0.9655344,0.02067796,0.027886119,0.0032583566,0.0035045962,0.5277989,0.43146166,0.031165078,0.022419129,0.023915485,0.03955177,0.1322853,0.94212854,0.5277989,0.002309883,0.07102198,0.022419129,0.4764671,0.013000818,0.20228821,0.023266613,0.0036153095,0.0061588106,0.23366475,0.89118105,0.13154216,0.98470783,0.15449572,0.98909175
beef,beef_portion39_day0_rep3,beef_portion39,0,3,Fresh,0,0.5712753,0.3406637,0.23231019,0.02943657,0.031742595,0.03342984,0.051347863,0.5932737,0.5712753,0.0032711462,0.041323345,0.02943657,0.43385014,0.09004947,0.10521852,0.030555658,0.0046610082,0.005709787,0.75946265,0.5267243,0.009528029,0.02767477,0.040567786,0.01517755,0.11290792,0.9864566,0.75946265,0.0053192647,0.01916693,0.02767477,0.60908186,0.06709596,0.25662944,0.033204425,0.011831489,0.008899136,0.20631748,0.2761472,0.22749981,0.025568716,0.026489682,0.025630534,0.38204992,0.25250828,0.2761472,0.0130677195,0.033728965,0.026489682,0.2804687,0.9661028,0.019890692,0.029106935,0.0036534632,0.0034708765,0.5321519,0.43558416,0.039282702,0.024599463,0.027788743,0.044555116,0.13207687,0.92787224,0.5321519,0.0024785816,0.07916449,0.024599463,0.48073426,0.018393973,0.2016989,0.02660601,0.07306506,0.0062184082,0.23271933,0.893463,0.12900037,0.9860249,0.14785923,0.98555183
beef,beef_portion40_day0_rep1,beef_portion40,0,1,Fresh,0,0.59175044,0.30495948,0.21020804,0.022016035,0.035849735,0.034731947,0.03899951,0.6441195,0.59175044,0.0043353187,0.04705865,0.022016035,0.42087913,0.11649131,0.11252893,0.029125499,0.010964579,0.0069705555,0.8090744,0.6020707,0.06757411,0.022519598,0.03094931,0.051127546,0.11821426,0.91597944,0.8090744,0.0023457024,0.061003443,0.022519598,0.67148983,0.05037481,0.26565602,0.026041266,0.0072196713,0.005562629,0.19990575,0.2787743,0.2342725,0.023281008,0.023389112,0.02332048,0.40541938,0.28274447,0.2787743,0.008049667,0.025189811,0.023389112,0.28199366,0.9642952,0.016572071,0.025937691,0.0013919127,0.0025343373,0.5468884,0.46134838,0.019306943,0.016929517,0.01909445,0.028334156,0.13760336,0.96417874,0.5468884,0.0019998914,0.050864838,0.016929517,0.5033981,0.0433597,0.2134949,0.018198524,0.18958317,0.0058090203,0.3010399,0.8644469,0.14950499,1.0242074,0.17613862,0.96743
beef,beef_portion40_day0_rep2,beef_portion40,0,2,Fresh,0,0.59130514,0.3036315,0.20943387,0.022840297,0.033014353,0.032139618,0.038582962,0.64506984,0.59130514,0.0042641107,0.043567736,0.022840297,0.41979226,0.11693318,0.11246391,0.027462628,0.0102469195,0.0065747607,0.8083768,0.60528815,0.09124126,0.025406014,0.033120718,0.05575977,0.11747726,0.8862473,0.8083768,0.00301377,0.067459725,0.025406014,0.67351085,0.048793897,0.2610579,0.02783858,0.00863132,0.00943077,0.20953639,0.2881852,0.24619913,0.025254527,0.024767568,0.024823831,0.40949985,0.27286407,0.2881852,0.013459583,0.03092672,0.024767568,0.29264227,0.9645154,0.015378879,0.027342422,0.0022478604,0.018665913,0.54835296,0.46332988,0.025518928,0.018584182,0.020336602,0.032760344,0.13742149,0.953212,0.54835296,0.0020003584,0.057991043,0.018584182,0.50533706,0.030652624,0.21275467,0.019386472,0.15659098,0.006044435,0.3018216,0.8625476,0.15754518,1.021746,0.17591114,0.97790384
beef,beef_portion40_day0_rep3,beef_portion40,0,3,Fresh,0,0.59077275,0.30343646,0.20601098,0.021969829,0.034376003,0.033769775,0.04001487,0.6505418,0.59077275,0.00415595,0.04676174,0.021969829,0.4195654,0.11663597,0.1142936,0.028056812,0.010735737,0.007119318,0.8072588,0.603143,0.07468704,0.024140092,0.031597253,0.050778292,0.11818972,0.90675396,0.8072588,0.0029446876,0.061099894,0.024140092,0.67158747,0.049142737,0.26428646,0.026695414,0.007855021,0.0069426037,0.19755855,0.27971372,0.23472701,0.025420517,0.0256158,0.02659838,0.40715095,0.29384273,0.27971372,0.014298709,0.035038155,0.0256158,0.28233546,0.96272916,0.01841588,0.028340807,0.0030223925,0.04152995,0.5451223,0.45835426,0.011296854,0.018591005,0.01977767,0.016923124,0.13749616,0.9788708,0.5451223,0.0017694277,0.030008474,0.018591005,0.5007033,0.010830423,0.21444711,0.019228226,0.06874729,0.004975842,0.3009457,0.86249536,0.16675998,1.0230395,0.18208021,0.9961044
beef,beef_portion01_day1_rep1,beef_portion01,1,1,Fresh,0,0.61549205,0.38295984,0.28773838,0.031221604,0.037941426,0.041799594,0.046312727,0.53262186,0.61549205,0.004456019,0.047079865,0.031221604,0.47757837,0.089428,0.09579704,0.035160713,0.0059814467,0.008413078,0.750014,0.48423114,0.0068509104,0.023244994,0.029869711,0.016837332,0.10506356,0.9897105,0.750014,0.0039985552,0.021580877,0.023244994,0.57987165,0.08525966,0.24922326,0.025511758,0.0070236786,0.007999139,0.112082124,0.22886865,0.22637121,0.03167928,0.031489246,0.031794142,0.49430865,0.517606,0.22913976,0.006425206,0.070377566,0.031580318,0.22249585,0.9571358,0.9884983,0.035259258,0.0020205397,0.045078915,0.4392773,0.35892254,0.025148567,0.025431734,0.02565794,0.023541247,0.13236587,0.9435542,0.4392773,0.0028957643,0.049594432,0.025431734,0.39897153,0.010606694,0.17729422,0.026139049,0.0043486464,0.004725214,0.18444756,1.2707869,0.1379624,1.1976697,0.2084987,1.2590127
beef,beef_portion01_day1_rep2,beef_portion01,1,2,Fresh,0,0.61551714,0.3867304,0.2954982,0.03253538,0.037748493,0.04146455,0.045274958,0.5197724,0.61551714,0.0055835065,0.04778519,0.03253538,0.480163,0.08795561,0.09264476,0.035122402,0.0070094406,0.009171013,0.7508384,0.48407534,0.008761458,0.021759478,0.029509405,0.02623047,0.10472899,0.98730445,0.7508384,0.0042213467,0.033650823,0.021759478,0.58010393,0.08574748,0.24877325,0.02481168,0.0071599227,0.009160404,0.109749824,0.22581726,0.22838113,0.033066493,0.03196228,0.033920113,0.501261,0.530154,0.23006682,0.009721134,0.07606935,0.032772522,0.21948433,0.9592984,0.9878808,0.035991017,0.002342078,0.0045667132,0.4393033,0.35865322,0.03574706,0.02690333,0.027145302,0.029412262,0.13118906,0.9201098,0.4393033,0.0028854667,0.06146308,0.02690333,0.39902928,0.011008077,0.1742688,0.027948795,0.003796586,0.004750545,0.18538924,1.2761815,0.13844164,1.1997573,0.20958273,1.2623215
beef,beef_portion01_day1_rep3,beef_portion01,1,3,Fresh,0,0.615666,0.38360214,0.29652214,0.03454938,0.03939475,0.042507138,0.043045215,0.5185743,0.615666,0.004755528,0.04569197,0.03454938,0.4782346,0.08977989,0.09117683,0.03724654,0.0056243823,0.007827097,0.7495171,0.48246056,0.007287362,0.021725405,0.0293549,0.021106653,0.10469112,0.98921955,0.7495171,0.0040816357,0.026957758,0.021725405,0.57868093,0.085971646,0.24869448,0.024588859,0.0073402207,0.008193175,0.10938075,0.22716269,0.23407692,0.031388737,0.031017553,0.031455006,0.5077148,0.5393412,0.23416194,0.005129924,0.07111339,0.03138571,0.2211496,0.9602266,0.9851202,0.034839407,0.0023290934,0.0022519007,0.43666545,0.35826138,0.0352391,0.027043477,0.026651327,0.030879827,0.13213629,0.92107636,0.43666545,0.002805192,0.06497751,0.027043477,0.39787042,0.009958095,0.17390455,0.02770552,0.0031842182,0.0050577912,0.18685764,1.2739328,0.1402633,1.1976949,0.20991434,1.2618682
beef,beef_portion02_day1_rep1,beef_portion02,1,1,Fresh,0,0.57308984,0.2766076,0.18512255,0.016751882,0.016834956,0.016709113,0.03661479,0.67564833,0.57308984,0.0021321045,0.02029007,0.016751882,0.39671552,0.12217274,0.114961304,0.016427629,0.003117462,0.0025578549,0.76964676,0.5344842,0.0033834786,0.021388654,0.03212491,0.004394846,0.113359556,0.99454707,0.76964676,0.0042377417,0.0064042043,0.021388654,0.6169725,0.06733066,0.2601296,0.026433794,0.008554463,0.007843732,0.1193433,0.21671894,0.18940844,0.02043203,0.01839747,0.018205827,0.45076835,0.4508768,0.21671894,0.014333109,0.056076936,0.01839747,0.2097466,0.95911855,0.076279365,0.021191126,0.003301733,0.255423,0.46397826,0.36199367,0.0043301475,0.014887673,0.015654832,0.0053098816,0.12797953,0.9892099,0.46397826,0.0022277508,0.012158327,0.014887673,0.40883383,0.020598762,0.18671523,0.015652245,0.002576444,0.0046939915,0.26943392,0.8584474,0.124951005,0.9974565,0.22559974,0.96573865
beef,beef_portion02_day1_rep2,beef_portion02,1,2,Fresh,0,0.5763833,0.27830246,0.18217579,0.018554663,0.020524424,0.019075159,0.038634185,0.68266803,0.5763833,0.002872824,0.024530832,0.018554663,0.39908478,0.12258304,0.1178993,0.01875277,0.0050151167,0.0038931235,0.7639797,0.52410746,0.0034876724,0.02000456,0.029674841,0.004458727,0.11205033,0.9944026,0.7639797,0.0039423807,0.006498888,0.02000456,0.60878265,0.070339836,0.25770113,0.024463931,0.0077750054,0.0072821756,0.124190405,0.21608149,0.18457806,0.020421304,0.018767996,0.018661352,0.4408927,0.42696875,0.21608149,0.012072122,0.05009398,0.018767996,0.20957434,0.9602145,0.03266156,0.021820476,0.0020268408,0.15432909,0.46159595,0.3592274,0.0037030769,0.014328783,0.015755353,0.0052375942,0.12760526,0.99078655,0.46159595,0.002428755,0.012028468,0.014328783,0.406,0.02098668,0.18605058,0.015603336,0.0027289793,0.0046318136,0.2573851,0.8630215,0.12253259,1.0009431,0.22065888,0.97173053
beef,beef_portion02_day1_rep3,beef_portion02,1,3,Fresh,0,0.5706348,0.27278584,0.18111116,0.01812441,0.018025847,0.01829386,0.036495175,0.6813294,0.5706348,0.0020187465,0.023125134,0.01812441,0.3935187,0.1229932,0.11572722,0.017555365,0.0034099624,0.0033014698,0.7630202,0.5211407,0.0034819206,0.018857444,0.026448954,0.0044015455,0.111468695,0.9943814,0.7630202,0.003497063,0.0064359526,0.018857444,0.606648,0.07140053,0.25706348,0.022200208,0.0065652216,0.0066122343,0.12000157,0.21398705,0.18269679,0.021025984,0.018778788,0.01881636,0.4424959,0.44132113,0.21398705,0.01225073,0.053897407,0.018778788,0.20682266,0.9595467,0.0094130635,0.021855198,0.0023299386,0.041893262,0.46279714,0.3599345,0.0037152166,0.014053785,0.015594021,0.0047945906,0.1275186,0.99057037,0.46279714,0.0026382615,0.011083263,0.014053785,0.40688047,0.02116919,0.18636487,0.015338987,0.003123557,0.004462418,0.26088667,0.8637012,0.124644876,1.0049849,0.21778099,0.9756472
beef,beef_portion03_day1_rep1,beef_portion03,1,1,Fresh,0,0.562175,0.33314562,0.24187869,0.028819483,0.031112807,0.032226942,0.045474317,0.56977415,0.562175,0.0037409056,0.037958283,0.028819483,0.42705148,0.0907289,0.09572419,0.030339785,0.003735347,0.005499689,0.6859072,0.42851996,0.0039939093,0.028424066,0.05041181,0.004945753,0.101527676,0.99320996,0.6859072,0.008603096,0.0078879455,0.028424066,0.52475065,0.08641542,0.23189066,0.039894547,0.0155033115,0.011383559,0.14883187,0.25172907,0.23261824,0.02571051,0.023684409,0.024532339,0.4668435,0.41055143,0.25172907,0.006222144,0.048455972,0.023684409,0.24933061,0.95839435,0.15694766,0.026857883,0.003041737,0.3633444,0.43032867,0.3333534,0.010383775,0.022211384,0.024785522,0.02027942,0.12623402,0.97610277,0.43032867,0.0033629877,0.042382468,0.022211384,0.3773738,0.020600112,0.17494832,0.024790311,0.0043094754,0.0060760253,0.16764559,0.887793,0.11688619,0.9175074,0.17115495,0.9466663
beef,beef_portion03_day1_rep2,beef_portion03,1,2,Fresh,0,0.5611343,0.33142486,0.2417511,0.026948875,0.028932903,0.030292451,0.04468346,0.5689139,0.5611343,0.0040676175,0.036305528,0.026948875,0.42549556,0.091145866,0.09501913,0.028235866,0.0040555275,0.0059449426,0.691312,0.4331289,0.004427727,0.029054442,0.050031256,0.0054821586,0.10170438,0.9926111,0.691312,0.008334645,0.008524628,0.029054442,0.52934736,0.08636798,0.23336725,0.039933298,0.014986183,0.011469185,0.15009247,0.25071356,0.23252827,0.026510902,0.021190453,0.023717636,0.46804014,0.40303582,0.25071356,0.007578638,0.058136217,0.021190453,0.24866807,0.95929533,0.18145734,0.02464115,0.0047341655,0.38500905,0.43069592,0.33349845,0.008137907,0.019045724,0.0216763,0.013417917,0.12639797,0.98084134,0.43069592,0.003295312,0.028836064,0.019045724,0.3778242,0.020624131,0.17573495,0.021403423,0.004341025,0.00538245,0.17305554,0.8901814,0.11730694,0.9184104,0.17493714,0.9475324
beef,beef_portion03_day1_rep3,beef_portion03,1,3,Fresh,0,0.5619199,0.33303678,0.24409996,0.027443472,0.029716743,0.031150345,0.0443904,0.5655602,0.5619199,0.0038806777,0.037120268,0.027443472,0.4271386,0.09077341,0.094368964,0.028936671,0.0038595435,0.005651203,0.68688256,0.42421785,0.0044404063,0.028354252,0.05057413,0.005398004,0.10022474,0.9925659,0.68688256,0.008688075,0.008526384,0.028354252,0.5225285,0.08914217,0.23138009,0.03994213,0.015614804,0.011387236,0.15390189,0.2537183,0.23651862,0.030079832,0.02415658,0.026234746,0.46945897,0.39633694,0.2537183,0.0065851286,0.06392275,0.02415658,0.25216678,0.95996815,0.31164584,0.027966967,0.0050224555,0.46292886,0.42618188,0.3288383,0.0062168497,0.01822154,0.020640936,0.009308878,0.1261062,0.98481584,0.42618188,0.0031858683,0.02094298,0.01822154,0.37292522,0.021095915,0.17467931,0.020583153,0.0040494264,0.005502643,0.16695493,0.91286576,0.11934737,0.9153557,0.17385747,0.95646405
beef,beef_portion04_day1_rep1,beef_portion04,1,1,Fresh,0,0.59370536,0.36336702,0.28329012,0.02195499,0.023750016,0.024329517,0.03985968,0.52190995,0.59370536,0.0020468924,0.025881905,0.02195499,0.458296,0.090651065,0.08787641,0.022937672,0.0035376335,0.0037428366,0.760566,0.52629846,0.0037574514,0.017299911,0.024108315,0.0046477346,0.11325546,0.993952,0.760566,0.003022792,0.0067470376,0.017299911,0.6090844,0.06785204,0.2574995,0.02032165,0.005900891,0.006087348,0.16879952,0.26302233,0.23803057,0.031487662,0.03074113,0.03462042,0.45304203,0.36116803,0.26302233,0.01596399,0.05216787,0.03074113,0.2628552,0.9608098,0.21033506,0.034643672,0.0037503457,0.40208945,0.43483627,0.35376462,0.0563235,0.03136546,0.031589992,0.042817123,0.12911148,0.873514,0.43483627,0.003454897,0.08908645,0.03136546,0.39438605,0.0121029345,0.16567023,0.032588575,0.0038974774,0.008462662,0.22809851,0.90020525,0.1276956,0.95889145,0.24007492,0.95882225
beef,beef_portion04_day1_rep2,beef_portion04,1,2,Fresh,0,0.6038624,0.36984345,0.2802965,0.021836914,0.02418932,0.025398636,0.04394603,0.5346076,0.6038624,0.0028808666,0.028551282,0.021836914,0.4654496,0.0910112,0.093560405,0.022919774,0.004850799,0.004761443,0.7658846,0.52964604,0.0042705857,0.01931668,0.024754293,0.0053388504,0.11297743,0.99330044,0.7658846,0.0029310533,0.0074736713,0.01931668,0.6128044,0.06831931,0.2586927,0.021223059,0.005808074,0.0063344305,0.16736174,0.26733148,0.23281936,0.03402822,0.032950073,0.037001368,0.44083568,0.37821025,0.26733148,0.01675007,0.059902556,0.032950073,0.26607212,0.9573397,0.079610854,0.037030507,0.004336551,0.25480738,0.44484252,0.36031225,0.062938474,0.03417903,0.03376321,0.046094783,0.12773691,0.86234105,0.44484252,0.00374141,0.09312534,0.03417903,0.4022048,0.013495487,0.16636676,0.034935463,0.0042103566,0.008156384,0.22247931,0.8890844,0.12373097,0.9709021,0.23639359,0.9575493
beef,beef_portion04_day1_rep3,beef_portion04,1,3,Fresh,0,0.59705204,0.36525813,0.27860567,0.020541806,0.023269141,0.024150115,0.04301807,0.5321203,0.59705204,0.0024777998,0.02698603,0.020541806,0.46032363,0.090619706,0.09166728,0.022003347,0.004595511,0.003896621,0.76204807,0.5280828,0.0036020319,0.01793038,0.02453901,0.0046262685,0.11341534,0.99421936,0.76204807,0.0032372072,0.0067115873,0.01793038,0.6106244,0.067430496,0.25801128,0.02060194,0.0063830107,0.006230014,0.16953267,0.26350462,0.23421514,0.03057196,0.031191176,0.03390048,0.44518125,0.35942462,0.26350462,0.013840784,0.04489672,0.031191176,0.26311296,0.96014094,0.06602831,0.034950335,0.0017037283,0.2357786,0.4341568,0.35315657,0.048526116,0.027959475,0.027808553,0.040897977,0.12946717,0.89096427,0.4341568,0.003651087,0.086566545,0.027959475,0.39358717,0.011970751,0.16796094,0.02892824,0.0034548668,0.00777242,0.22538495,0.89197344,0.12829706,0.9770126,0.2414332,0.9625178
beef,beef_portion05_day1_rep1,beef_portion05,1,1,Fresh,0,0.5965523,0.36583158,0.28790534,0.023834394,0.025259499,0.025169412,0.03910327,0.51642716,0.5965523,0.002668682,0.025589203,0.023834394,0.46066558,0.09070623,0.08657008,0.024639864,0.0035054644,0.004179574,0.7704558,0.5464528,0.005445363,0.031811923,0.04252748,0.0076979552,0.11576218,0.99178976,0.7704558,0.005345831,0.010038266,0.031811923,0.6247216,0.06161777,0.26181173,0.035771992,0.010973464,0.010598008,0.14571568,0.2508001,0.23013869,0.056820296,0.04918591,0.03587838,0.46159774,0.43374205,0.25080147,0.041730113,0.08470066,0.04918581,0.24740162,0.9583274,0.6733198,0.053793523,0.0029422469,0.46285903,0.4542887,0.37681112,0.086627126,0.036552593,0.037996545,0.053311113,0.13004133,0.8138891,0.4542887,0.0027226256,0.096529566,0.036552593,0.4169466,0.009461092,0.16357176,0.038044326,0.003939321,0.007737477,0.241806,1.0688888,0.1201723,1.0563132,0.2356732,1.0903833
beef,beef_portion05_day1_rep2,beef_portion05,1,2,Fresh,0,0.5985316,0.36681092,0.28946885,0.023364117,0.024959255,0.025522614,0.038801473,0.51533186,0.5985316,0.002482605,0.02670834,0.023364117,0.46207604,0.09106745,0.08641677,0.024210442,0.0038170053,0.004570418,0.77076155,0.54841936,0.005700259,0.031719785,0.04240586,0.008744993,0.11625984,0.9914837,0.77076155,0.0051178895,0.0113107925,0.031719785,0.62599164,0.060728204,0.26214,0.035823673,0.010520265,0.010551016,0.117928125,0.2282357,0.21764706,0.019012978,0.019064182,0.019980421,0.48147896,0.4842907,0.22825795,0.006541424,0.048978798,0.019067505,0.22225681,0.9582577,0.9737166,0.021564292,0.0028649676,0.15192066,0.45262408,0.37662616,0.09066574,0.03584253,0.037911035,0.05428841,0.13007069,0.80419517,0.45262408,0.0029914107,0.09783325,0.03584253,0.4165028,0.017510759,0.16179638,0.03782318,0.091574125,0.008676832,0.24221364,1.2636586,0.11475884,1.2144555,0.23626715,1.2577562
beef,beef_portion05_day1_rep3,beef_portion05,1,3,Fresh,0,0.5958622,0.36465806,0.2870904,0.024984723,0.025959942,0.025293736,0.039017208,0.5172561,0.5958622,0.0026542323,0.025342554,0.024984723,0.45974404,0.09099507,0.08654239,0.025344368,0.0038376593,0.0041468083,0.76989913,0.54735166,0.005707098,0.02987367,0.0385057,0.008180592,0.11621347,0.9915255,0.76989913,0.0045499196,0.01091033,0.02987367,0.62506914,0.060948983,0.26184514,0.03280284,0.009345055,0.009808361,0.14268568,0.24625456,0.22583178,0.054847434,0.047762465,0.03507116,0.46179685,0.4340179,0.24629277,0.039265584,0.08673272,0.047752585,0.24250907,0.95878726,0.69316643,0.052348103,0.003292017,0.45525238,0.45508683,0.37761176,0.08924467,0.03715346,0.038826693,0.055503704,0.12980881,0.809031,0.45508683,0.0026044075,0.099213146,0.03715346,0.4178729,0.009444694,0.16283004,0.03905411,0.003214668,0.0084748175,0.24282959,1.0808548,0.11926216,1.067007,0.23534435,1.101481
beef,beef_portion06_day1_rep1,beef_portion06,1,1,Fresh,0,0.60076106,0.3755892,0.29020986,0.023242906,0.025118986,0.02471129,0.043452255,0.51597196,0.60076106,0.0047191656,0.02373521,0.023242906,0.46829426,0.08742503,0.0891243,0.024026243,0.0037429829,0.0041054795,0.72573894,0.47258365,0.0041509364,0.020706367,0.024739241,0.005464322,0.10622349,0.9932788,0.72573894,0.0031864801,0.0082302755,0.020706367,0.5647658,0.08058367,0.24434003,0.021736374,0.0052589565,0.006622253,0.13519776,0.2195203,0.20157142,0.025237298,0.026701817,0.02839792,0.46226996,0.38731495,0.21975897,0.014526708,0.05244525,0.02717334,0.21558398,0.96485776,0.21502557,0.030460704,0.002740769,0.40857953,0.4571675,0.38055995,0.097700424,0.027056348,0.026868386,0.036500182,0.12957461,0.7877127,0.4571675,0.0027702183,0.06991244,0.027056348,0.42081645,0.009332393,0.16128373,0.02764566,0.018852994,0.006940239,0.18288107,0.92173845,0.11644563,0.9511719,0.18082176,0.9787938
beef,beef_portion06_day1_rep2,beef_portion06,1,2,Fresh,0,0.60220766,0.37444955,0.2937077,0.023297844,0.023506088,0.025683185,0.040779628,0.5112743,0.60220766,0.003581561,0.024700252,0.023297844,0.46821925,0.08895309,0.08713697,0.023196364,0.0025197302,0.0040932307,0.7296346,0.4743814,0.0041346075,0.019783001,0.025190556,0.0051981243,0.106038846,0.9932569,0.7296346,0.0036602383,0.007756442,0.019783001,0.5672144,0.081389055,0.2451921,0.021505177,0.0065298215,0.006460104,0.14004174,0.22144207,0.20378537,0.026926633,0.02643888,0.027139667,0.46262747,0.37123114,0.22145963,0.011965637,0.052409813,0.0264477,0.21828623,0.96598804,0.20613454,0.030522427,0.0032508136,0.4032987,0.4550245,0.3782992,0.095834345,0.027557705,0.027361521,0.037817426,0.12979588,0.79105365,0.4550245,0.002452169,0.07252403,0.027557705,0.41848564,0.009091351,0.16127595,0.028252343,0.0022983958,0.0070063933,0.18665123,0.9196832,0.1197828,0.9517309,0.18544307,0.97864366
beef,beef_portion06_day1_rep3,beef_portion06,1,3,Fresh,0,0.6015945,0.3754551,0.2899349,0.024510685,0.02578673,0.028142402,0.043405086,0.5171518,0.6015945,0.0038780302,0.02814853,0.024510685,0.46850994,0.0879171,0.08928962,0.025174974,0.003299717,0.0045080823,0.73211014,0.48007858,0.0040894905,0.018532792,0.023221765,0.0053931093,0.107043155,0.99339306,0.73211014,0.0034184956,0.007987756,0.018532792,0.57146734,0.079528205,0.2465029,0.019775782,0.006187932,0.005871773,0.133884,0.21678542,0.20109856,0.026247978,0.02735245,0.027667066,0.4666519,0.38605896,0.2169337,0.014755653,0.053964477,0.027612228,0.21281652,0.96569526,0.3558013,0.031279884,0.003160362,0.4774241,0.45584315,0.37761334,0.09903138,0.027389457,0.027107589,0.036142256,0.12847531,0.7843769,0.45584315,0.0026430031,0.06868663,0.027389457,0.41842395,0.009998485,0.15982912,0.028223634,0.0023071351,0.0063156392,0.18811332,0.9523141,0.11642911,0.96222067,0.18912695,0.99701345
beef,beef_portion07_day1_rep1,beef_portion07,1,1,Fresh,0,0.6187672,0.39171237,0.31366938,0.028647471,0.028044883,0.025187925,0.039989762,0.4919469,0.6187672,0.0043919,0.02123871,0.028647471,0.48517403,0.08770294,0.084549055,0.027975246,0.003421948,0.004540704,0.7288689,0.46498218,0.004591971,0.016894158,0.022924451,0.0057669813,0.10403435,0.99260616,0.7288689,0.0036113358,0.008480465,0.016894158,0.56137073,0.08606586,0.24374749,0.018818771,0.0073730107,0.005414382,0.11825631,0.2146593,0.18267228,0.021930188,0.023338301,0.026288051,0.44295615,0.45142856,0.2146593,0.015397124,0.04879552,0.023338301,0.20708969,0.95840675,0.01506491,0.026746811,0.0030101794,0.084686734,0.44911018,0.36151972,0.0052480465,0.01718675,0.018907268,0.007012992,0.13215035,0.98738116,0.44911018,0.0030110427,0.015573773,0.01718675,0.40331566,0.013637034,0.18434174,0.018713515,0.0040153395,0.0053230897,0.17650144,0.9166701,0.1488124,0.96891147,0.1837291,0.9796679
beef,beef_portion07_day1_rep2,beef_portion07,1,2,Fresh,0,0.6200253,0.39142412,0.31520984,0.029626025,0.0279187,0.026450928,0.03881103,0.49054047,0.6200253,0.003643743,0.022738183,0.029626025,0.48554766,0.088570036,0.083804704,0.028251274,0.0027271356,0.0047059795,0.73127323,0.46436143,0.0050111613,0.017614199,0.02248253,0.006327133,0.103525,0.9920911,0.73127323,0.003328266,0.009131177,0.017614199,0.56173813,0.087466784,0.24396421,0.018896217,0.0065915505,0.0054473127,0.112704664,0.21169129,0.18240155,0.0235663,0.023672521,0.027310226,0.44895795,0.4712445,0.21169129,0.015723158,0.056447707,0.023672521,0.20348772,0.95811474,0.009741296,0.027453816,0.003356353,0.05934353,0.45382357,0.36045554,0.005141117,0.018091302,0.018979385,0.006925309,0.13039422,0.98760456,0.45382357,0.0026761193,0.015328686,0.018091302,0.40431973,0.016577467,0.1848751,0.019004332,0.003290334,0.00548433,0.17736198,0.917143,0.14831093,0.9701709,0.18247567,0.9785181
beef,beef_portion07_day1_rep3,beef_portion07,1,3,Fresh,0,0.6203534,0.39284304,0.31321633,0.028552512,0.027801273,0.025478221,0.040420365,0.4940425,0.6203534,0.0036595245,0.021427903,0.028552512,0.48668274,0.08760393,0.08538772,0.028008206,0.002472266,0.0043858644,0.730747,0.4617412,0.004694381,0.016616788,0.02161999,0.006064544,0.10296661,0.9925314,0.730747,0.0031302336,0.008795992,0.016616788,0.5600227,0.08866426,0.24356861,0.018174289,0.0061761225,0.0051621087,0.1152234,0.21368738,0.18189004,0.02360096,0.024233473,0.02636214,0.44415945,0.46395475,0.21368738,0.015943248,0.05603212,0.024233473,0.2056843,0.9577417,0.014262016,0.027754774,0.0034749475,0.08063568,0.45092556,0.360165,0.0051216446,0.019211207,0.018963855,0.0066940575,0.13101,0.9876104,0.45092556,0.0026879287,0.01497425,0.019211207,0.40318918,0.015264737,0.18442917,0.019315919,0.0035557656,0.005619969,0.17435902,0.91714704,0.14836894,0.96614325,0.1829801,0.977869
beef,beef_portion08_day1_rep1,beef_portion08,1,1,Fresh,0,0.6087497,0.39497313,0.29479414,0.018538373,0.019663647,0.019392828,0.051517695,0.514399,0.6087497,0.0029831675,0.01884367,0.018538373,0.48285717,0.08040753,0.09408394,0.018747356,0.0042163227,0.0024421336,0.717121,0.49621984,0.0047195964,0.01879778,0.03574652,0.005618614,0.11302057,0.9923374,0.717121,0.007115434,0.008471193,0.01879778,0.5768983,0.06430405,0.24654458,0.026356352,0.015619568,0.00722803,0.18875322,0.2844397,0.27240372,0.029292554,0.026339458,0.027128875,0.47718346,0.33786574,0.2844492,0.0058193933,0.04742267,0.026353959,0.28734553,0.9633164,0.9398868,0.029352546,0.0040707067,0.23566797,0.48423994,0.3938982,0.13605411,0.02703539,0.030230822,0.04629493,0.12112192,0.72064847,0.48423994,0.0028552697,0.08435361,0.02703539,0.4390981,0.016099941,0.15282689,0.02983589,0.004385856,0.01064375,0.17985354,1.2381984,0.09747336,1.1716601,0.17348064,1.2408509
beef,beef_portion08_day1_rep2,beef_portion08,1,2,Fresh,0,0.60679805,0.39838156,0.30244038,0.017454194,0.018699737,0.018110398,0.05107239,0.50014025,0.60679805,0.002614293,0.01753972,0.017454194,0.48459578,0.078140445,0.09058603,0.017988909,0.0037997174,0.0029123828,0.7184166,0.5003869,0.004565397,0.018720321,0.040372156,0.0054291408,0.11375477,0.99253815,0.7184166,0.008050659,0.008195641,0.018720321,0.5799633,0.06269844,0.24737516,0.029194523,0.017839212,0.008009614,0.19151154,0.28957304,0.27863848,0.027407015,0.025419634,0.025890693,0.47950268,0.33978423,0.2895981,0.0056240563,0.03958419,0.02544606,0.2927212,0.96277624,0.992588,0.02815137,0.0029892856,0.07502538,0.4851889,0.39497226,0.14268076,0.025728831,0.029566867,0.04274671,0.12064012,0.7070993,0.4851889,0.00314118,0.0764757,0.025728831,0.44017622,0.016185042,0.15058285,0.028975388,0.004920929,0.009483664,0.18416366,1.2778904,0.097011276,1.2033247,0.17627445,1.2754413
beef,beef_portion08_day1_rep3,beef_portion08,1,3,Fresh,0,0.60686153,0.39722902,0.30234113,0.017686067,0.018578142,0.01886836,0.05055238,0.500401,0.60686153,0.002318102,0.018419184,0.017686067,0.48401713,0.07871887,0.090261176,0.018035145,0.0036355918,0.0027400767,0.71762466,0.5008362,0.0045919726,0.018693483,0.03325178,0.0056259735,0.114043534,0.9925164,0.71762466,0.006745716,0.0085182395,0.018693483,0.5799126,0.062095758,0.24730349,0.024515074,0.014992002,0.006769068,0.1810915,0.27727795,0.26988664,0.026213298,0.025193457,0.023523325,0.48553374,0.34827352,0.27745274,0.009519952,0.038766176,0.02526177,0.27967268,0.96371746,0.99185294,0.027729958,0.0034806735,0.06697927,0.4854855,0.39490703,0.14497596,0.025487639,0.029398443,0.040736627,0.120256305,0.7023416,0.4854855,0.003200933,0.071954146,0.025487639,0.4402395,0.016435709,0.14983964,0.028624754,0.0048836633,0.0087426575,0.1847554,1.2797838,0.096670926,1.2072364,0.176331,1.2775409
beef,beef_portion09_day1_rep1,beef_portion09,1,1,Fresh,0,0.60411996,0.38539934,0.26747733,0.030205654,0.032259353,0.03244474,0.05658527,0.5570124,0.60411996,0.0027283474,0.033517912,0.030205654,0.47362682,0.08184614,0.10541385,0.03124867,0.003872744,0.0041690804,0.7658881,0.53389484,0.009367213,0.023559682,0.031590637,0.02835056,0.11358069,0.986943,0.7658881,0.0038274238,0.03504924,0.023559682,0.61549866,0.06618469,0.25829506,0.026510516,0.008613099,0.008491072,0.18319137,0.28778505,0.2644604,0.030097477,0.02613452,0.02610591,0.46025294,0.36520213,0.28778505,0.012665431,0.053534653,0.02613452,0.28889644,0.9584003,0.45669287,0.02910246,0.0029054077,0.49616656,0.5208578,0.42864186,0.08141248,0.025065515,0.024225226,0.055598617,0.12953466,0.8458797,0.5208578,0.004140213,0.10034601,0.025065515,0.47333923,0.012380375,0.18639173,0.024668608,0.0032529375,0.011040002,0.2091544,0.96222115,0.10669111,0.97060776,0.16814964,1.0010173
beef,beef_portion09_day1_rep2,beef_portion09,1,2,Fresh,0,0.6044887,0.38412496,0.26696485,0.029931147,0.030925144,0.03043785,0.05615059,0.5581113,0.6044887,0.0023952948,0.029777907,0.029931147,0.47288203,0.08269462,0.10534574,0.030390896,0.0032962176,0.0029171607,0.7703173,0.5390959,0.008939538,0.02360069,0.03215539,0.02117832,0.11405554,0.98743707,0.7703173,0.003619596,0.026173938,0.02360069,0.62008005,0.06538779,0.26000372,0.027013406,0.007988296,0.0077840514,0.1901223,0.2927356,0.26923114,0.03411013,0.029050844,0.02782123,0.4590604,0.35327893,0.2927356,0.012602207,0.057546005,0.029050844,0.29461974,0.95884734,0.36309835,0.032389957,0.0031476778,0.4787043,0.5159487,0.42713448,0.07584701,0.024463812,0.025163969,0.05386906,0.13105343,0.8550553,0.5159487,0.003171945,0.09815592,0.024463812,0.4704626,0.010756875,0.18713392,0.025090348,0.0031408821,0.00975149,0.21420988,0.93051463,0.10895044,0.95646375,0.17515686,0.98018354
beef,beef_portion09_day1_rep3,beef_portion09,1,3,Fresh,0,0.6059071,0.38279656,0.26988935,0.029426113,0.029925535,0.030517094,0.05430133,0.554255,0.6059071,0.0019413811,0.030183023,0.029426113,0.47299415,0.084221646,0.10357712,0.02968222,0.0026869965,0.0034264345,0.77076626,0.5391416,0.00916001,0.024086377,0.03201141,0.023521071,0.11404302,0.98711044,0.77076626,0.003662402,0.029168049,0.024086377,0.6202543,0.065615915,0.25994784,0.02706211,0.007887045,0.008392114,0.19601521,0.29518938,0.2775256,0.043441318,0.036626793,0.036745034,0.46879774,0.34008434,0.29518938,0.011570456,0.06656058,0.036626793,0.29817006,0.96154654,0.6945937,0.040333785,0.006003368,0.45971176,0.5179672,0.4279321,0.08592021,0.023870368,0.02414239,0.056064688,0.12984577,0.83611417,0.5179672,0.0033966326,0.10161403,0.023870368,0.47175807,0.011476082,0.18436714,0.024367532,0.0026816346,0.011038203,0.21560036,1.0721768,0.10872199,1.0465883,0.175199,1.0922902
beef,beef_portion10_day1_rep1,beef_portion10,1,1,Fresh,0,0.6147636,0.3836943,0.28495893,0.03332823,0.04185645,0.045199193,0.048290756,0.5370096,0.6147636,0.0035927168,0.052748963,0.03332823,0.4777934,0.08861855,0.09750066,0.03841579,0.0072185243,0.008097334,0.76886505,0.5281263,0.005150842,0.043693516,0.067907326,0.0061150654,0.111755066,0.9920941,0.76886505,0.008829373,0.008483211,0.043693516,0.6128282,0.07062626,0.2588659,0.05527743,0.017738614,0.016349966,0.2223936,0.30157602,0.267111,0.023768682,0.022806134,0.02326637,0.4254986,0.2621746,0.30157602,0.009021605,0.029772187,0.022806134,0.30773407,0.9649646,0.010681775,0.025023798,0.0030503059,0.0027691529,0.5149927,0.41236767,0.10234678,0.015917715,0.015798027,0.026903246,0.122945406,0.8000516,0.5149927,0.0026665987,0.049214218,0.015917715,0.45995513,0.019020468,0.17624177,0.015760094,0.0025680275,0.007838773,0.21117969,0.8969059,0.1065939,0.9769948,0.18127349,0.97231257
beef,beef_portion10_day1_rep2,beef_portion10,1,2,Fresh,0,0.61096966,0.38103256,0.28231975,0.033114526,0.041845936,0.045088958,0.04860039,0.5384891,0.61096966,0.0037077533,0.05333523,0.033114526,0.47463945,0.08816741,0.09742382,0.038240444,0.007538299,0.008116066,0.7720987,0.53178,0.0049770214,0.04310123,0.06711268,0.006179422,0.11211879,0.99238974,0.7720987,0.008794098,0.00840781,0.04310123,0.61607414,0.07014764,0.25991842,0.05452382,0.01793444,0.016058573,0.22327247,0.30216277,0.2743852,0.023628352,0.02272198,0.022368582,0.43940407,0.2604689,0.30216277,0.013257307,0.03551408,0.02272198,0.30886927,0.9664363,0.037355267,0.024782386,0.0046949056,0.17381965,0.5124257,0.40977186,0.1080069,0.016029617,0.015888482,0.022463957,0.12183509,0.7881842,0.5124257,0.0022448152,0.039557174,0.016029617,0.45748308,0.019357294,0.1732214,0.015925828,0.0022111156,0.0057751173,0.21617812,0.89579254,0.10380002,0.9732639,0.18774226,0.9682481
beef,beef_portion10_day1_rep3,beef_portion10,1,3,Fresh,0,0.6110612,0.37841398,0.28161365,0.034173705,0.044280976,0.046026163,0.047113813,0.5398224,0.6110612,0.004697133,0.05375226,0.034173705,0.47303936,0.08960201,0.09706427,0.040058766,0.008255319,0.00858011,0.77384776,0.53449947,0.005110834,0.043498237,0.06926456,0.0063300095,0.11237253,0.9921978,0.77384776,0.008982245,0.008618474,0.043498237,0.6183149,0.06954276,0.2606017,0.05606853,0.018426226,0.016520431,0.22350888,0.30343089,0.26956645,0.023605777,0.022668911,0.0237164,0.42778012,0.26306123,0.30343089,0.01007306,0.02584234,0.022668911,0.30962166,0.9646524,0.010375358,0.024954379,0.002051661,0.0189687,0.5125059,0.41158324,0.10905236,0.016280364,0.01638702,0.027232895,0.122479185,0.78603107,0.5125059,0.0027784908,0.04956352,0.016280364,0.4591227,0.018385394,0.17320679,0.016270468,0.0028867023,0.008071245,0.21966304,0.89439005,0.10518157,0.97934985,0.18867198,0.9717437
beef,beef_portion11_day1_rep1,beef_portion11,1,1,Fresh,0,0.57875586,0.35410586,0.2513222,0.03455361,0.036290914,0.034490507,0.050131783,0.565823,0.57875586,0.0025144273,0.0359378,0.03455361,0.4452499,0.087088555,0.099983186,0.035586007,0.0035750938,0.003632321,0.7329807,0.4843416,0.0046206415,0.017724648,0.028760806,0.0052517615,0.107781686,0.9925158,0.7329807,0.0049669826,0.0078121275,0.017724648,0.5744356,0.07763843,0.24708691,0.022429582,0.010571573,0.006362454,0.2454743,0.31336114,0.29347146,0.035558287,0.029958764,0.026796756,0.4486714,0.21825105,0.31336114,0.024454707,0.048014615,0.029958764,0.32361424,0.9728171,0.19879438,0.03335847,0.004740846,0.3943917,0.51131815,0.44032794,0.18646236,0.031440943,0.034305405,0.04196527,0.12842673,0.63658774,0.51131815,0.005222666,0.06342676,0.031440943,0.4805722,0.10949122,0.14755934,0.033641156,0.3020323,0.009983537,0.19600448,0.8994854,0.063348524,0.93090725,0.14046593,0.87897235
beef,beef_portion11_day1_rep2,beef_portion11,1,2,Fresh,0,0.57973325,0.35524458,0.25080454,0.03283361,0.034799404,0.03308753,0.050615147,0.5672306,0.57973325,0.0026140853,0.03452333,0.03283361,0.4462383,0.08680045,0.100803696,0.033957686,0.0041627577,0.0033638864,0.73347205,0.47872284,0.0040800706,0.016388888,0.024822725,0.004976571,0.10654707,0.9933412,0.73347205,0.0042286552,0.0074831345,0.016388888,0.57116127,0.08087924,0.24648201,0.0196876,0.008631432,0.005643347,0.23431434,0.30707335,0.28952056,0.035183333,0.029252602,0.030541494,0.45979774,0.23862526,0.30707335,0.017307466,0.05273692,0.029252602,0.3160803,0.97089916,0.19040145,0.032907773,0.005906408,0.38989723,0.50237954,0.42664498,0.18096763,0.028415639,0.027798481,0.038276304,0.12576424,0.6407678,0.50237954,0.003783634,0.058135763,0.028415639,0.46836737,0.010318089,0.14478052,0.028622098,0.041158777,0.008181887,0.19199733,0.8981088,0.09095717,0.92754877,0.16089953,0.97364706
beef,beef_portion11_day1_rep3,beef_portion11,1,3,Fresh,0,0.57904655,0.3533469,0.25051475,0.033093985,0.035970405,0.03383696,0.05003133,0.5672357,0.57904655,0.002341143,0.03547069,0.033093985,0.4446565,0.08758056,0.10035539,0.034984253,0.004171357,0.0029536732,0.7309064,0.47925168,0.0044627106,0.017625794,0.02493513,0.0054999026,0.10698708,0.9928103,0.7309064,0.0039287447,0.008157798,0.017625794,0.5707245,0.079371534,0.24610005,0.020364601,0.008165623,0.0058379103,0.23850937,0.31009465,0.28807682,0.034285814,0.027754204,0.030071264,0.4482159,0.23243211,0.31009465,0.017951198,0.050517842,0.027754204,0.31920445,0.9705405,0.07882906,0.03151831,0.0058365623,0.26270476,0.5011199,0.4296834,0.18754698,0.027228003,0.028652754,0.03666573,0.12712651,0.6264617,0.5011199,0.0029490239,0.05580987,0.027228003,0.4704568,0.0067220326,0.14237733,0.028774649,0.003203314,0.0072733555,0.19287829,0.8920874,0.09470798,0.94096977,0.16152386,0.9776818
beef,beef_portion12_day1_rep1,beef_portion12,1,1,Fresh,0,0.59730935,0.3709591,0.28217816,0.024636863,0.028595882,0.028188482,0.04500647,0.52670723,0.59730935,0.0042056465,0.029940134,0.024636863,0.46381512,0.08795982,0.091451585,0.026669718,0.004987311,0.0048510497,0.75707424,0.51491046,0.009556717,0.022153208,0.035601243,0.01917095,0.110765666,0.9865522,0.75707424,0.0044543855,0.023929153,0.022153208,0.6010204,0.07220267,0.25443324,0.02864341,0.010375404,0.006917162,0.188514,0.2860347,0.24495897,0.029645544,0.027638568,0.031097911,0.4269488,0.342664,0.2860347,0.028709259,0.047488116,0.027638568,0.2869231,0.95740205,0.032636773,0.030738164,0.0036559468,0.14041506,0.5339576,0.4484687,0.11393437,0.037540995,0.037163638,0.05544831,0.13089286,0.79012656,0.5339576,0.0035621987,0.0915725,0.037540995,0.49130785,0.01000341,0.18259957,0.036930546,0.03702009,0.008496806,0.21362723,0.8892017,0.123048805,0.96510553,0.14514016,0.9807274
beef,beef_portion12_day1_rep2,beef_portion12,1,2,Fresh,0,0.5966319,0.36868793,0.28432265,0.024311518,0.028151162,0.030776054,0.042636566,0.5227102,0.5966319,0.003659885,0.034323454,0.024311518,0.46236604,0.089059934,0.08946174,0.026483547,0.004795687,0.0058566886,0.75690746,0.51029056,0.008670803,0.021077655,0.03135731,0.01987656,0.109795146,0.98776335,0.75690746,0.0037492581,0.024869144,0.021077655,0.5979782,0.07454258,0.2538227,0.025725039,0.008501294,0.006293786,0.19884351,0.2934667,0.25587177,0.03488468,0.032180496,0.033868656,0.43006667,0.32500994,0.2934667,0.03086429,0.052178692,0.032180496,0.29579613,0.9589884,0.13253397,0.0356285,0.0034103086,0.32320213,0.53316116,0.44766188,0.12280751,0.0354225,0.03639065,0.05279592,0.13009335,0.77255714,0.53316116,0.0036454462,0.088241264,0.0354225,0.4903687,0.01216787,0.17899384,0.03585778,0.05606803,0.008891608,0.21357886,0.8867786,0.121295236,0.94248044,0.14515428,0.9677222
beef,beef_portion12_day1_rep3,beef_portion12,1,3,Fresh,0,0.5991413,0.37427703,0.28815413,0.022967376,0.027760481,0.028200569,0.044018332,0.518179,0.5991413,0.0042089396,0.030656073,0.022967376,0.46674487,0.0873168,0.089507565,0.025622327,0.005134146,0.0051795663,0.7557978,0.5132585,0.0061909035,0.02008052,0.032161247,0.011943653,0.11085403,0.99085,0.7557978,0.00445174,0.0151554,0.02008052,0.5995336,0.07247302,0.25455213,0.025769163,0.009786004,0.006755459,0.18649618,0.28381327,0.23995204,0.029141376,0.027846754,0.031006958,0.42108038,0.34422097,0.28381327,0.028242547,0.047723785,0.027846754,0.28431895,0.95704764,0.057932235,0.03079115,0.0032421032,0.20227197,0.5268352,0.44179216,0.10026622,0.03751822,0.037472446,0.0592463,0.13154584,0.8139562,0.5268352,0.0038510866,0.101781584,0.03751822,0.48447987,0.030293293,0.18435355,0.03737442,0.14413922,0.00903916,0.21235088,0.8892176,0.1120802,0.95942277,0.1412244,0.95651466
beef,beef_portion13_day1_rep1,beef_portion13,1,1,Fresh,0,0.60515994,0.3793996,0.27995035,0.031998396,0.034013536,0.033126052,0.049270667,0.53710514,0.60515994,0.0031342972,0.03188826,0.031998396,0.47106257,0.086477816,0.09689247,0.033095635,0.004705014,0.0033705826,0.7555477,0.49231315,0.0048138793,0.022532215,0.023670034,0.005683106,0.10627609,0.992518,0.7555477,0.0028525265,0.008097972,0.022532215,0.5865174,0.083372645,0.25164026,0.021350563,0.005518851,0.0065525104,0.16401559,0.26724952,0.24897592,0.023386113,0.020419082,0.021245016,0.4684202,0.38700464,0.26724952,0.0041163554,0.044932183,0.020419082,0.26680496,0.9584996,0.2691499,0.0230904,0.0036109164,0.44345695,0.43496072,0.36071327,0.03176859,0.03523766,0.04265372,0.039936587,0.13401727,0.9304915,0.43496072,0.005662486,0.07804432,0.03523766,0.3990908,0.11853815,0.17500469,0.041247606,0.30823785,0.007567205,0.1930967,0.91203934,0.11094738,0.9318636,0.2055197,0.8555105
beef,beef_portion13_day1_rep2,beef_portion13,1,2,Fresh,0,0.6044656,0.37710524,0.28133819,0.033119783,0.03668024,0.035409965,0.048061166,0.53443563,0.6044656,0.0030913379,0.036029924,0.033119783,0.46989956,0.08743273,0.09537749,0.03514972,0.0054787076,0.0035741928,0.7592404,0.49602112,0.004948349,0.024057478,0.025423214,0.0060921013,0.106506445,0.9923818,0.7592404,0.002886749,0.00855323,0.024057478,0.59001213,0.083049625,0.25268382,0.022930859,0.0055314964,0.0069818376,0.16674979,0.26908547,0.24983077,0.024173696,0.021117618,0.020767605,0.46637133,0.38112712,0.26908547,0.007365839,0.046263658,0.021117618,0.2689057,0.95875186,0.24644184,0.023735777,0.003387625,0.43044016,0.43457568,0.3616215,0.028943557,0.032956947,0.038836196,0.03387336,0.13463958,0.93579376,0.43457568,0.0049202796,0.06844621,0.032956947,0.39965504,0.13647243,0.17599344,0.037967943,0.33121428,0.0077562127,0.19796848,0.9068715,0.11763553,0.93273944,0.21206422,0.83558476
beef,beef_portion13_day1_rep3,beef_portion13,1,3,Fresh,0,0.6005048,0.37404886,0.2799374,0.031964242,0.035717465,0.034204002,0.047478806,0.533551,0.6005048,0.0041121193,0.03472908,0.031964242,0.46673515,0.08729388,0.0944121,0.03407675,0.0053862967,0.0038560198,0.7542787,0.49118432,0.004475597,0.021636426,0.02434361,0.005435662,0.10622624,0.9929425,0.7542787,0.0031864643,0.0077736033,0.021636426,0.5855037,0.083415516,0.2513134,0.021328507,0.0062854607,0.0065037855,0.16524522,0.26757422,0.24970205,0.022215422,0.01955741,0.020369202,0.46875215,0.3827798,0.26757422,0.003961842,0.042843916,0.01955741,0.26731032,0.95888555,0.3424684,0.022036407,0.00365061,0.4744852,0.4303833,0.3539453,0.025132203,0.031286865,0.03468326,0.030593311,0.13317575,0.94343317,0.4303833,0.004198105,0.06259693,0.031286865,0.39268452,0.05674246,0.17490731,0.03447103,0.20991777,0.007137805,0.19682232,0.92788696,0.11356216,0.9359509,0.20911379,0.92609805
beef,beef_portion14_day1_rep1,beef_portion14,1,1,Fresh,0,0.6042108,0.37605113,0.28900257,0.0247244,0.025758106,0.028357647,0.0437986,0.52076334,0.6042108,0.003157717,0.02885674,0.0247244,0.46980193,0.08834538,0.090645365,0.025387364,0.0029272975,0.0045625023,0.7872859,0.5591508,0.022548845,0.021187803,0.026562868,0.033555266,0.115048,0.9706864,0.7872859,0.002442426,0.041202143,0.021187803,0.63782614,0.062490363,0.263441,0.02280635,0.0057049375,0.0048807883,0.21502666,0.30014524,0.25357512,0.02793615,0.024461394,0.02459983,0.4073202,0.2843558,0.30014524,0.012435619,0.03959009,0.024461394,0.30430815,0.9616097,0.016173542,0.027318282,0.0033948256,0.0036313361,0.5356643,0.4628229,0.14298585,0.031696264,0.036799062,0.06920131,0.13408759,0.7361525,0.5356643,0.0036263466,0.11711048,0.031696264,0.50251424,0.12874898,0.17462516,0.03513635,0.32851624,0.016267056,0.24240245,0.891922,0.098768175,0.990349,0.1748936,0.8706604
beef,beef_portion14_day1_rep2,beef_portion14,1,2,Fresh,0,0.6030254,0.37499472,0.29128876,0.023659363,0.02424198,0.02650243,0.042163063,0.5159503,0.6030254,0.0030008352,0.026175458,0.023659363,0.4689936,0.08870485,0.08876282,0.023829287,0.0029477978,0.0041470956,0.7813681,0.55672735,0.027524477,0.025656896,0.02793116,0.03906797,0.115046605,0.964308,0.7813681,0.0023951645,0.04816473,0.025656896,0.63449275,0.061273076,0.2612815,0.02500671,0.0058944463,0.0055223466,0.21121322,0.29950175,0.25724936,0.028139656,0.025037216,0.025444927,0.41851586,0.29562062,0.29950175,0.016529951,0.040248543,0.025037216,0.30332378,0.9606748,0.020017456,0.027795475,0.0033018258,0.079597466,0.5298764,0.45496625,0.14466941,0.031828552,0.032053873,0.05846855,0.13247946,0.7287187,0.5298764,0.0031024432,0.09904823,0.031828552,0.49527985,0.019811232,0.17176557,0.031799283,0.122285135,0.015243988,0.2406349,0.890227,0.11102591,0.9883343,0.17062362,0.972162
beef,beef_portion14_day1_rep3,beef_portion14,1,3,Fresh,0,0.6034178,0.3773245,0.2892957,0.024212305,0.025977246,0.026931651,0.04452028,0.5195758,0.6034178,0.0033688396,0.02695086,0.024212305,0.4703802,0.08734412,0.09062655,0.02507352,0.0035336723,0.00430764,0.7851651,0.5583672,0.026515212,0.023942059,0.02798977,0.038601168,0.1148042,0.96574855,0.7851651,0.0024289375,0.04743386,0.023942059,0.6367223,0.062031172,0.26228306,0.024474787,0.0061835833,0.0053555127,0.21260153,0.3011,0.25484496,0.02856491,0.023347924,0.024193514,0.4107539,0.29458773,0.3011,0.013529814,0.048351526,0.023347924,0.30482015,0.9603599,0.015894674,0.026177963,0.004780923,0.0034145797,0.52854407,0.45462906,0.13525662,0.026542505,0.029121818,0.05958314,0.13353331,0.7465112,0.52854407,0.0026714264,0.10281166,0.026542505,0.49459904,0.041667305,0.17505385,0.028480742,0.19020204,0.013065529,0.24036723,0.8917127,0.098999456,0.9888684,0.16799597,0.9514955
beef,beef_portion15_day1_rep1,beef_portion15,1,1,Fresh,0,0.594122,0.37395316,0.30098364,0.02839628,0.03606801,0.031401183,0.039502334,0.49261057,0.594122,0.0065580946,0.032008935,0.02839628,0.46510446,0.086237006,0.081230305,0.03302888,0.006637242,0.006431353,0.749219,0.51798195,0.004842128,0.028879467,0.041219145,0.005884061,0.11281735,0.9924148,0.749219,0.0059270994,0.008326559,0.028879467,0.6004358,0.067130275,0.25450507,0.03375199,0.01278301,0.009912611,0.17580275,0.2784134,0.23844849,0.031389274,0.023640802,0.023596289,0.4314681,0.37111604,0.2784134,0.024203671,0.06297343,0.023640802,0.27779365,0.95572263,0.10046641,0.02698098,0.0038875197,0.28063893,0.5191473,0.44503596,0.11849606,0.030597895,0.033302117,0.06755091,0.13389769,0.77534,0.5191473,0.0032385634,0.11767634,0.030597895,0.48506802,0.061538506,0.17708577,0.0326909,0.23138535,0.015284084,0.22068933,0.8896407,0.10097936,0.9578216,0.13904941,0.9210855
beef,beef_portion15_day1_rep2,beef_portion15,1,2,Fresh,0,0.5923075,0.37169868,0.29768476,0.02387304,0.030791134,0.025448728,0.039858438,0.49635667,0.5923075,0.0062737376,0.025692992,0.02387304,0.4630759,0.086429834,0.08188531,0.028144427,0.0059894877,0.005631467,0.7530988,0.53043514,0.004605724,0.029801622,0.043555375,0.00597396,0.115002245,0.9928898,0.7530988,0.00625014,0.008367106,0.029801622,0.6094426,0.062334027,0.25699288,0.03550831,0.0135228,0.01042006,0.17406216,0.27573633,0.23269539,0.031081166,0.022751322,0.02326608,0.4258273,0.37117288,0.27573633,0.0235113,0.065516,0.022751322,0.27483913,0.9554293,0.033898223,0.026180804,0.004742758,0.14021422,0.5146469,0.43598202,0.09761773,0.02672879,0.027258467,0.061793964,0.13309711,0.8126309,0.5146469,0.0034798838,0.11261164,0.02672879,0.47721693,0.019243188,0.18157086,0.027270656,0.11351659,0.014208387,0.22949179,0.890447,0.12104224,0.9794641,0.15820533,0.96912766
beef,beef_portion15_day1_rep3,beef_portion15,1,3,Fresh,0,0.59502876,0.37369403,0.3064113,0.02489858,0.03139012,0.028004872,0.036484342,0.48406512,0.59502876,0.0047192494,0.027283402,0.02489858,0.46549997,0.0869452,0.07814639,0.028650578,0.0057449224,0.0046042483,0.7514628,0.5227035,0.0041154358,0.02757554,0.040726203,0.0052282987,0.11363015,0.99346125,0.7514628,0.0058018174,0.0075770575,0.02757554,0.60406727,0.065649904,0.25560603,0.03317372,0.012413432,0.0097946245,0.17020795,0.2717367,0.23404802,0.02728549,0.021430986,0.021059848,0.43524528,0.37529385,0.2717367,0.022266503,0.05559149,0.021430986,0.27066696,0.9565165,0.124940395,0.024261484,0.0036284698,0.31473967,0.51538914,0.4374497,0.116002105,0.024142705,0.025560303,0.057186753,0.13234611,0.7765021,0.51538914,0.0029483351,0.10319865,0.024142705,0.47843507,0.010156386,0.17609088,0.025197968,0.063743636,0.013496029,0.22615549,0.89235866,0.12512779,0.9601419,0.15869984,0.9702481
beef,beef_portion16_day1_rep1,beef_portion16,1,1,Fresh,0,0.59295666,0.34736654,0.25974372,0.021635208,0.02244061,0.024300475,0.041491505,0.5608026,0.59295666,0.002691848,0.02700031,0.021635208,0.44643715,0.09710365,0.09612799,0.02195895,0.0033781333,0.004282918,0.72997946,0.47376397,0.0042861095,0.019983577,0.020702418,0.005985347,0.1058685,0.99303305,0.72997946,0.0027998267,0.008644849,0.019983577,0.56692743,0.08183302,0.24516594,0.018789249,0.0051762457,0.0057447744,0.11608238,0.22242795,0.20535262,0.032274988,0.030220563,0.029209133,0.47088382,0.4859293,0.2224293,0.0072043124,0.07743476,0.030219756,0.21554317,0.9580914,0.5355677,0.0345337,0.0019692609,0.49830204,0.44762143,0.36494732,0.019218521,0.02533643,0.026601262,0.023582047,0.13260123,0.95781434,0.44762143,0.0033314049,0.047784287,0.02533643,0.40571037,0.013337569,0.18121962,0.02683332,0.045373816,0.0055717365,0.19225872,0.99384063,0.12615868,0.9877413,0.18647172,1.0267843
beef,beef_portion16_day1_rep2,beef_portion16,1,2,Fresh,0,0.592384,0.34652877,0.26752886,0.020620985,0.02187593,0.022973515,0.03806356,0.54745024,0.592384,0.001966444,0.024654137,0.020620985,0.44592205,0.09789132,0.09146152,0.021507002,0.003113387,0.0037079693,0.7314176,0.4712655,0.0051545245,0.020342603,0.02100733,0.0082461685,0.10497441,0.99192667,0.7314176,0.0027913025,0.011357192,0.020342603,0.5659402,0.08389618,0.24489321,0.019117432,0.0051885652,0.005732905,0.11636091,0.22198567,0.21490148,0.033020478,0.030875802,0.030567806,0.4862271,0.48539037,0.22240762,0.00885377,0.082625814,0.030758653,0.21585692,0.96006364,0.9766086,0.03534189,0.002324828,0.1352512,0.4480403,0.36415148,0.031358726,0.025520505,0.026296552,0.02995651,0.13106298,0.9310376,0.4480403,0.0030407696,0.06134995,0.025520505,0.4055611,0.013136915,0.17778887,0.02664937,0.03197801,0.005544434,0.1952985,1.2568835,0.12753324,1.1939996,0.1877001,1.253304
beef,beef_portion16_day1_rep3,beef_portion16,1,3,Fresh,0,0.59218436,0.34888706,0.26123583,0.020794904,0.021232141,0.02267774,0.04190099,0.5575897,0.59218436,0.001974144,0.02416328,0.020794904,0.44710982,0.0961572,0.095735416,0.021054896,0.0027132884,0.00349413,0.7321484,0.47470817,0.0041370844,0.019773113,0.020210385,0.005701218,0.105795674,0.99329615,0.7321484,0.0028473076,0.008302692,0.019773113,0.5682594,0.082306,0.24571137,0.018340198,0.00535724,0.0055991006,0.1203144,0.22636771,0.21208875,0.03305138,0.031172926,0.031071182,0.47526017,0.47641948,0.22637467,0.0071975854,0.07751361,0.031184068,0.22025985,0.9589359,0.8257035,0.035555594,0.0021784925,0.3782638,0.44911215,0.36637112,0.02161897,0.024985617,0.027235717,0.025773648,0.13240914,0.9527003,0.44911215,0.003446229,0.05223559,0.024985617,0.40734422,0.012910191,0.18110374,0.027137207,0.041488964,0.0054168925,0.19329219,1.1526932,0.12569454,1.1072373,0.18677159,1.1599457
beef,beef_portion17_day1_rep1,beef_portion17,1,1,Fresh,0,0.6180158,0.39146978,0.2880794,0.026940206,0.027656421,0.027919944,0.050524276,0.53297853,0.6180158,0.0034496782,0.027387138,0.026940206,0.48339507,0.08581001,0.09855792,0.027091864,0.0038268494,0.004862569,0.8087095,0.5750617,0.016694846,0.015271819,0.016355641,0.021764735,0.11552021,0.97821397,0.8087095,0.0020071673,0.026429292,0.015271819,0.65419304,0.06342401,0.27002722,0.014592109,0.003548205,0.003263971,0.21430595,0.30286697,0.25206307,0.025919516,0.020765614,0.021701774,0.402315,0.29269487,0.30286697,0.006648302,0.04042015,0.020765614,0.3063845,0.9595347,0.01854263,0.023576833,0.0041519464,0.0019257056,0.5235546,0.42295665,0.11586466,0.02787909,0.03001323,0.0549061,0.12318253,0.78124446,0.5235546,0.003081542,0.096459255,0.02787909,0.47033343,0.017801195,0.17390555,0.029851174,0.0032651904,0.00999264,0.2430531,0.89505863,0.10233802,0.99359435,0.21242687,0.9684414
beef,beef_portion17_day1_rep2,beef_portion17,1,2,Fresh,0,0.6163298,0.39071512,0.29103678,0.028249374,0.029201044,0.029162847,0.049705803,0.5269431,0.6163298,0.0035664875,0.028542714,0.028249374,0.48245347,0.0857126,0.09637631,0.02865123,0.0038202147,0.0048928186,0.8074871,0.5773595,0.028756067,0.015803833,0.016350055,0.032044515,0.115483455,0.96334773,0.8074871,0.0022510998,0.038772967,0.015803833,0.6554123,0.062064365,0.2683833,0.014897914,0.0032211563,0.0034142218,0.20958558,0.30126265,0.2515495,0.025729213,0.021609554,0.022370366,0.4078766,0.30466303,0.30126265,0.004730715,0.037960432,0.021609554,0.3041693,0.958093,0.018260103,0.024326008,0.003391974,0.0019200721,0.51364017,0.412103,0.10430055,0.024306864,0.025290215,0.048319377,0.12293968,0.7985684,0.51364017,0.003177085,0.08786783,0.024306864,0.45960322,0.01866616,0.17426531,0.025305841,0.0027037207,0.009058258,0.24507226,0.8938316,0.10528084,0.9943845,0.22154638,0.9648939
beef,beef_portion17_day1_rep3,beef_portion17,1,3,Fresh,0,0.6184201,0.39391112,0.29204467,0.0295695,0.030382682,0.029889053,0.0502719,0.52698267,0.6184201,0.0033753358,0.0286228,0.0295695,0.48521945,0.08498431,0.09715797,0.029828444,0.0037161245,0.004756648,0.8106366,0.5782898,0.021198396,0.015503037,0.016560432,0.02563079,0.11573597,0.97270757,0.8106366,0.001979173,0.031051358,0.015503037,0.6568926,0.06262284,0.27016765,0.0149231525,0.0032265792,0.0033652454,0.21050867,0.3020702,0.25148463,0.027068699,0.022532104,0.022865454,0.4059322,0.3037404,0.3020702,0.0073502534,0.040072758,0.022532104,0.30504894,0.95803493,0.018927617,0.025472818,0.0033912244,0.0018794273,0.52078176,0.41870987,0.11047134,0.022418408,0.023366079,0.04176397,0.12285928,0.7886891,0.52078176,0.002526128,0.07414517,0.022418408,0.46649203,0.018595818,0.17518541,0.023426251,0.0026055472,0.00788926,0.24475305,0.8948736,0.10414619,0.9943231,0.2172841,0.9659328
beef,beef_portion18_day1_rep1,beef_portion18,1,1,Fresh,0,0.5808523,0.355911,0.262252,0.02377688,0.025181003,0.025122859,0.04705012,0.54778314,0.5808523,0.0040009613,0.025922973,0.02377688,0.4485471,0.087791316,0.09475053,0.02437919,0.0034351894,0.0044155857,0.7334059,0.47361466,0.0053830766,0.025113892,0.03390537,0.006201978,0.10518194,0.9914712,0.7334059,0.0045157303,0.009058596,0.025113892,0.56798106,0.083494976,0.24551593,0.028584385,0.00850967,0.008506771,0.16261497,0.25235483,0.23754318,0.025994016,0.02491802,0.026951233,0.46963093,0.35668254,0.25241685,0.015408617,0.05566812,0.02500179,0.25245535,0.96423817,0.6201145,0.02778262,0.0042040776,0.4832232,0.48820543,0.40587518,0.05255706,0.021425104,0.021287067,0.042389657,0.13331966,0.89155585,0.48820543,0.0022667844,0.0843149,0.021425104,0.44751224,0.008701767,0.18582442,0.021211222,0.0039165462,0.010570755,0.19238798,1.0404894,0.12062621,1.0077645,0.15385005,1.0675696
beef,beef_portion18_day1_rep2,beef_portion18,1,2,Fresh,0,0.57698417,0.3533771,0.273362,0.02212058,0.024361858,0.022702342,0.041659303,0.5254375,0.57698417,0.0039122496,0.02213591,0.02212058,0.4458171,0.08806756,0.08676495,0.023347994,0.004087886,0.002771879,0.72469807,0.4638955,0.0058659203,0.023384573,0.029545942,0.008035962,0.104102485,0.9908288,0.72469807,0.0038344827,0.011194993,0.023384573,0.5591686,0.08479056,0.24271597,0.02541603,0.007107337,0.007343325,0.14811079,0.24038652,0.2275771,0.024808632,0.024477413,0.027253851,0.47338936,0.38579285,0.24079368,0.016156245,0.058401637,0.024796123,0.23867002,0.96341676,0.6122687,0.027439151,0.0034270652,0.48450992,0.47249034,0.39100912,0.042120274,0.020504946,0.022025336,0.04113387,0.13343075,0.9104624,0.47249034,0.0026236593,0.08427972,0.020504946,0.43223187,0.009272605,0.18340844,0.021782361,0.004157324,0.009743749,0.19282119,1.0417775,0.12543193,1.0056205,0.1591643,1.0638506
beef,beef_portion18_day1_rep3,beef_portion18,1,3,Fresh,0,0.5746496,0.3513724,0.2600199,0.022210402,0.023393732,0.024572128,0.046721682,0.54663354,0.5746496,0.0038636026,0.026598291,0.022210402,0.44322067,0.087455414,0.09336576,0.022766462,0.0030249003,0.0047022784,0.7309762,0.47606143,0.0053019603,0.024364157,0.033074882,0.005953969,0.106107004,0.99152035,0.7309762,0.0045275707,0.008678859,0.024364157,0.56866425,0.08115482,0.24549706,0.027847486,0.008483355,0.008218899,0.14875712,0.23969284,0.215915,0.024660783,0.023532115,0.027218735,0.4531632,0.38094318,0.23973653,0.017862706,0.05383082,0.023637984,0.23726067,0.9622516,0.2164532,0.026687153,0.0029961397,0.405135,0.47460032,0.39164773,0.032408897,0.021522237,0.02172921,0.03510797,0.13361105,0.93096524,0.47460032,0.0024607652,0.07178895,0.021522237,0.43311873,0.0113210725,0.18662333,0.021721633,0.04125133,0.008617272,0.19728082,0.90710443,0.12081168,0.9418086,0.16344863,0.9713491
beef,beef_portion19_day1_rep1,beef_portion19,1,1,Fresh,0,0.60287356,0.37899005,0.28607878,0.015134949,0.01694499,0.015900144,0.04751015,0.5239734,0.60287356,0.003715571,0.015434447,0.015134949,0.470973,0.085776955,0.092696786,0.016015781,0.0037927409,0.002401278,0.73631203,0.5035487,0.0052091456,0.028627707,0.035889387,0.0063073165,0.11155975,0.99179614,0.73631203,0.0050306525,0.009038588,0.028627707,0.5873288,0.06903077,0.25033617,0.030464925,0.010506677,0.009060795,0.21820591,0.30959108,0.29254967,0.032648664,0.029858591,0.029760232,0.46580213,0.2965256,0.30959657,0.01819246,0.044898197,0.02985729,0.31536397,0.96415865,0.69081855,0.032847375,0.003729273,0.45972422,0.4759607,0.40166688,0.12955314,0.042473793,0.04717694,0.06265236,0.1290432,0.7342384,0.4759607,0.004597462,0.10656306,0.042473793,0.44185135,0.09186349,0.15597472,0.04669326,0.274602,0.011329645,0.19664505,1.0740197,0.06992292,1.0340422,0.1748974,1.0309975
beef,beef_portion19_day1_rep2,beef_portion19,1,2,Fresh,0,0.604749,0.37957442,0.28390044,0.0154646635,0.017578507,0.017448347,0.04842156,0.52905494,0.604749,0.0028588735,0.018394956,0.0154646635,0.47158465,0.08599425,0.09454181,0.016696727,0.0037153491,0.0031522359,0.73527884,0.5046054,0.004900536,0.028658092,0.037001666,0.006511248,0.11200612,0.9923658,0.73527884,0.0050531863,0.009283159,0.028658092,0.5876418,0.06793825,0.25037673,0.031258613,0.010265638,0.009275559,0.21548471,0.31077588,0.29448378,0.032338414,0.029379297,0.031245746,0.46891993,0.30805194,0.31080368,0.017172404,0.04472543,0.029398397,0.31601742,0.9630022,0.7286313,0.03240991,0.0039571202,0.4418833,0.46098736,0.38335472,0.10489425,0.0326941,0.03430875,0.0434853,0.12877943,0.7752142,0.46098736,0.0034254054,0.07884219,0.0326941,0.4242131,0.009984588,0.15961945,0.03474289,0.018986303,0.008268687,0.19514045,1.0933498,0.11070967,1.0505459,0.1957152,1.1152235
beef,beef_portion19_day1_rep3,beef_portion19,1,3,Fresh,0,0.60626656,0.37953588,0.28786978,0.015440998,0.017028224,0.019065274,0.046331804,0.5237473,0.60626656,0.004127435,0.021368768,0.015440998,0.47240046,0.08703803,0.092648976,0.016269054,0.0039937724,0.0041989195,0.7373483,0.5066666,0.0048746164,0.027798425,0.037044004,0.006177344,0.11211273,0.9923557,0.7373483,0.0051480015,0.008931758,0.027798425,0.5896262,0.067820996,0.25099802,0.031025417,0.0106738685,0.009188477,0.22348544,0.3120421,0.2945574,0.034242198,0.02912694,0.031604838,0.46394646,0.28552553,0.3120515,0.022683423,0.050334983,0.02913356,0.31848133,0.96516436,0.54140264,0.03255807,0.004689117,0.49450427,0.46683007,0.38775006,0.106431976,0.034994032,0.03650335,0.0506433,0.12837367,0.7757548,0.46683007,0.0043324493,0.091731,0.034994032,0.4290112,0.011480556,0.16060326,0.03691171,0.037171923,0.010322176,0.19795349,0.9980866,0.1104959,0.98136616,0.19272424,1.03283
beef,beef_portion20_day1_rep1,beef_portion20,1,1,Fresh,0,0.5731412,0.35251632,0.24400699,0.02228164,0.02497451,0.024521383,0.05282088,0.5734708,0.5731412,0.0032746817,0.0278608,0.02228164,0.4423186,0.08490088,0.10232375,0.023887755,0.0044404576,0.0037224104,0.74060726,0.47981757,0.0045167245,0.020049518,0.030311776,0.005656455,0.10559824,0.9928658,0.74060726,0.004447613,0.0081947725,0.020049518,0.5741521,0.08345605,0.24764751,0.024482222,0.009166721,0.0069286223,0.1321012,0.23458709,0.21714483,0.026787788,0.030637104,0.032082357,0.46910188,0.43944502,0.23458709,0.010356782,0.052627128,0.030637104,0.22989798,0.9593121,0.5439839,0.033909366,0.0034533604,0.4966134,0.46425122,0.37594587,0.0058590993,0.021331105,0.021068994,0.0075367857,0.13281009,0.98624253,0.46425122,0.0031086176,0.016292976,0.021331105,0.41841093,0.012949771,0.18901624,0.021085761,0.004518942,0.00619082,0.19621712,1.0023878,0.11516999,0.9866357,0.18073207,1.0281736
beef,beef_portion20_day1_rep2,beef_portion20,1,2,Fresh,0,0.5739087,0.3515628,0.2431978,0.021738105,0.024067612,0.02484835,0.052758303,0.5753256,0.5739087,0.0030438276,0.029067189,0.021738105,0.4418118,0.085743584,0.10270689,0.023133362,0.00422651,0.0040762043,0.7476386,0.49152547,0.0047817645,0.020513814,0.030742006,0.0058301697,0.10717228,0.99252796,0.7476386,0.004534604,0.008312293,0.020513814,0.58357817,0.08035428,0.2503461,0.024913417,0.009309042,0.0071196714,0.13949527,0.2445368,0.22304913,0.029473368,0.034996238,0.03810016,0.4625355,0.4320584,0.2445368,0.013972388,0.049869254,0.034996238,0.24036399,0.95772624,0.38541517,0.03837644,0.0031456726,0.48424464,0.4733694,0.38542435,0.008529357,0.03106865,0.030745132,0.016497517,0.13330932,0.9815351,0.4733694,0.0030535287,0.028427677,0.03106865,0.4279737,0.012066529,0.19146985,0.030814704,0.0044615953,0.008096035,0.20475371,0.9385408,0.11618376,0.9517464,0.1798399,0.9834045
beef,beef_portion20_day1_rep3,beef_portion20,1,3,Fresh,0,0.57364994,0.35098898,0.23998047,0.023283185,0.024386855,0.024542892,0.05346284,0.58089775,0.57364994,0.0025517058,0.027296526,0.023283185,0.4411578,0.08590133,0.10436475,0.023970062,0.002808357,0.003477968,0.741684,0.48374042,0.00473261,0.020881075,0.031643167,0.0060674516,0.10626026,0.9926102,0.741684,0.004520489,0.00875417,0.020881075,0.57685065,0.08180982,0.2483794,0.025726758,0.009047284,0.0073179514,0.13253154,0.23467292,0.21069126,0.026414117,0.032380458,0.03278273,0.4585511,0.43694553,0.23467292,0.0121845165,0.046976544,0.032380458,0.22955418,0.95859486,0.22828096,0.035482436,0.0037092906,0.41637316,0.467153,0.38056,0.00700188,0.024214322,0.02459384,0.010228964,0.13337775,0.983798,0.467153,0.003569124,0.021910526,0.024214322,0.42269927,0.01169718,0.19000697,0.024705801,0.0048104287,0.0077401437,0.19791289,0.9064907,0.11481098,0.9432766,0.17912501,0.96715313
beef,beef_portion21_day1_rep1,beef_portion21,1,1,Fresh,0,0.6186078,0.40520853,0.31881118,0.018786423,0.021099903,0.019742819,0.0460576,0.48322147,0.6186078,0.0042069284,0.017157236,0.018786423,0.49383864,0.080703996,0.0856787,0.020125633,0.003911111,0.003257192,0.7811323,0.57475525,0.0077387905,0.014663781,0.02823929,0.017460296,0.120118976,0.9890656,0.7811323,0.00454459,0.021835288,0.014663781,0.64592034,0.05166251,0.26743355,0.021212924,0.011187663,0.0051932065,0.16432457,0.2612308,0.23899694,0.035280317,0.029730087,0.023343444,0.4581134,0.3755152,0.2612308,0.023960857,0.064267226,0.029730087,0.26068524,0.9606687,0.43761414,0.033379957,0.0031254448,0.49189207,0.48757434,0.3885407,0.015700081,0.02820686,0.027305162,0.0296624,0.13004987,0.9685918,0.48757434,0.0023580343,0.050948348,0.02820686,0.43457794,0.017370114,0.19226544,0.027526265,0.0029694852,0.0045719324,0.23876154,0.97599024,0.13741814,1.0018282,0.2269181,0.9900742
beef,beef_portion21_day1_rep2,beef_portion21,1,2,Fresh,0,0.62067336,0.40593898,0.31770363,0.020510579,0.022510616,0.020831171,0.04715126,0.48682636,0.62067336,0.004106901,0.017950026,0.020510579,0.49428877,0.08107889,0.087139145,0.021400606,0.0033841007,0.003549387,0.78228396,0.5820814,0.009148031,0.014945906,0.029511616,0.018635018,0.121408775,0.987359,0.78228396,0.0048010345,0.023424331,0.014945906,0.6508525,0.048263382,0.26852536,0.022066468,0.01188949,0.005220462,0.16464403,0.26314652,0.23730414,0.039894942,0.030845327,0.025841458,0.4523206,0.38057417,0.26314652,0.023365637,0.082120694,0.030845327,0.2623038,0.9597583,0.3302208,0.035147686,0.0040072748,0.46541232,0.48903918,0.38741922,0.011079197,0.027128281,0.026577167,0.025598625,0.12954548,0.9776713,0.48903918,0.0022787089,0.04231479,0.027128281,0.43455753,0.018531645,0.19338332,0.02661803,0.002992011,0.004848902,0.2418471,0.94073546,0.13699563,0.9927736,0.23089786,0.9665938
beef,beef_portion21_day1_rep3,beef_portion21,1,3,Fresh,0,0.6211722,0.40622965,0.31853196,0.018978007,0.020342024,0.017589858,0.04666906,0.48576936,0.6211722,0.0041579334,0.013636839,0.018978007,0.4948509,0.08111755,0.0870271,0.019185347,0.003016616,0.0030992962,0.7787078,0.58111894,0.008183355,0.015033464,0.02905434,0.01710368,0.121930234,0.98852044,0.7787078,0.004787149,0.02155145,0.015033464,0.64926904,0.047214437,0.26806027,0.021693667,0.01181348,0.0051760385,0.1645908,0.26153693,0.23704469,0.038808707,0.029892178,0.026028164,0.4535265,0.3764777,0.26153693,0.025451317,0.08012545,0.029892178,0.26092073,0.9602689,0.33670476,0.034123015,0.0040734066,0.4666928,0.49385175,0.39327827,0.014249118,0.026782738,0.026499439,0.028211907,0.13005227,0.9717074,0.49385175,0.0023320508,0.048771836,0.026782738,0.44006613,0.017654262,0.19439892,0.026403427,0.0033329076,0.0050028935,0.24034847,0.94338185,0.13622653,0.9945828,0.22375357,0.96998274
beef,beef_portion22_day1_rep1,beef_portion22,1,1,Fresh,0,0.74720156,0.49787146,0.0042545157,0.018845646,0.02045356,0.005451709,0.10872503,0.9933076,0.74720156,0.0022877401,0.007903858,0.018845646,0.5872507,0.07667926,0.25125802,0.018358236,0.00402791,0.0054693683,0.42677197,0.3293028,0.027074605,0.044165425,0.0453481,0.028906414,0.123809814,0.9398054,0.42677197,0.0042486005,0.05814642,0.044165425,0.37356222,0.02140861,0.16900507,0.046559088,0.005157917,0.010157463,0.61687356,0.38901064,0.32116556,0.018551959,0.017794965,0.01803595,0.03541607,0.47770047,0.61687356,0.0014343469,0.015825318,0.018551959,0.48347065,0.08872086,0.07938435,0.017683165,0.0029497833,0.00244379,0.14049377,0.25735205,0.2672831,0.036540378,0.038070686,0.039580222,0.51137596,0.48065948,0.26730064,0.0047647855,0.06574221,0.03957503,0.25538087,0.96135956,0.9835599,0.04200542,0.0025790888,0.0027785245,0.23554865,0.20113641,1.1954342,0.15697986,1.2493895,1.2771283
beef,beef_portion22_day1_rep2,beef_portion22,1,2,Fresh,0,0.756751,0.5036122,0.0043650526,0.01888808,0.021734208,0.0053021535,0.108591415,0.99315685,0.756751,0.0026247418,0.007583975,0.01888808,0.5938352,0.077906,0.2534528,0.019013405,0.005222368,0.005783875,0.4273005,0.3276232,0.020469276,0.04100538,0.04236186,0.02515859,0.12363655,0.9544756,0.4273005,0.0042441087,0.05033541,0.04100538,0.37246782,0.022472283,0.1706552,0.043384895,0.005142881,0.009752802,0.6163932,0.38563165,0.3136843,0.018337583,0.018336948,0.018441385,0.036023244,0.4897014,0.6163932,0.0015535183,0.015066978,0.018337583,0.47978628,0.08992145,0.08244224,0.018333877,0.0012571192,0.0018128902,0.14798616,0.25741357,0.26152593,0.031339433,0.030725064,0.03107152,0.5028504,0.4391202,0.26168168,0.005595032,0.05887171,0.031031173,0.25624838,0.9612381,0.9878718,0.03440034,0.0023883474,0.0023088718,0.24275883,0.20590322,1.1973352,0.15442853,1.2500525,1.276309
beef,beef_portion22_day1_rep3,beef_portion22,1,3,Fresh,0,0.75184286,0.50153667,0.004429115,0.018076103,0.020981457,0.005603555,0.10885792,0.99308354,0.75184286,0.0023929637,0.008070018,0.018076103,0.59093934,0.07679366,0.25246745,0.018605636,0.004302041,0.0054324325,0.42617762,0.33119056,0.017506443,0.041039493,0.04171537,0.021662334,0.12583295,0.9607047,0.42617762,0.003970324,0.043676406,0.041039493,0.3745918,0.019816196,0.17204013,0.042845793,0.0048278375,0.010275523,0.6182742,0.3892167,0.31375694,0.019437773,0.019426296,0.019592846,0.037886642,0.49116564,0.6182742,0.0021749225,0.015963186,0.019437773,0.48331878,0.08891276,0.08393715,0.01940876,0.0019771024,0.0025133172,0.14526565,0.25770277,0.2535658,0.035942826,0.03596211,0.036648404,0.49120596,0.44384703,0.2582424,0.0064123403,0.069029436,0.03641541,0.2553828,0.95870775,0.9919782,0.03998188,0.002688726,0.0031319903,0.23774198,0.20032853,1.1988523,0.15607058,1.2522087,1.2779032
beef,beef_portion23_day1_rep1,beef_portion23,1,1,Fresh,0,0.7484385,0.5079682,0.007348014,0.020153288,0.02640122,0.011218831,0.11065951,0.989081,0.7484385,0.0035175523,0.015043342,0.020153288,0.59393334,0.072051674,0.2524624,0.02234839,0.007015031,0.006193014,0.4514649,0.3478453,0.02620491,0.028815176,0.0319321,0.030446494,0.12396149,0.94381064,0.4514649,0.0033446683,0.06189052,0.028815176,0.39484635,0.022918774,0.17660211,0.031786602,0.0049771755,0.005496481,0.6045786,0.37830165,0.296742,0.019957323,0.020833071,0.022279931,0.041246872,0.508061,0.6045786,0.0035075997,0.022926288,0.019957323,0.47165498,0.088049196,0.08735807,0.020443166,0.0031197455,0.0034338697,0.131749,0.2349998,0.22277635,0.025466897,0.02417353,0.027677953,0.47822386,0.4418905,0.2349998,0.010438633,0.048769996,0.02417353,0.23066357,0.95964,0.6654266,0.0274957,0.002727255,0.46940264,0.2186423,0.20607609,1.0441827,0.13455868,1.0692765,1.073271
beef,beef_portion23_day1_rep2,beef_portion23,1,2,Fresh,0,0.74972355,0.5049616,0.0077570574,0.021191245,0.027530637,0.0114275385,0.10980521,0.9887262,0.74972355,0.0033075295,0.015036368,0.021191245,0.592413,0.07423307,0.25216782,0.023510497,0.006553947,0.0061988034,0.45094776,0.34439558,0.024038788,0.02740439,0.030630792,0.03011275,0.122877054,0.94830865,0.45094776,0.0030732292,0.061207198,0.02740439,0.39192966,0.024604863,0.17640072,0.030587839,0.00450856,0.005599071,0.6060684,0.37868398,0.3001503,0.019967824,0.02098217,0.0209803,0.039690785,0.50357205,0.6060684,0.002471974,0.02011638,0.019967824,0.47249025,0.088669404,0.085910454,0.020497726,0.0027155762,0.0024142822,0.13527837,0.23718032,0.22648352,0.026454536,0.025351537,0.028792657,0.48037425,0.43274865,0.23730269,0.011203174,0.048717726,0.025481362,0.2334999,0.9604976,0.7450271,0.028731897,0.0026119142,0.43300033,0.21999359,0.20550276,1.0757294,0.13705023,1.106495,1.1187652
beef,beef_portion23_day1_rep3,beef_portion23,1,3,Fresh,0,0.7525365,0.5092272,0.008139276,0.020557828,0.026650175,0.012478942,0.11019629,0.9881043,0.7525365,0.0034541497,0.016491916,0.020557828,0.59596616,0.073203124,0.25315547,0.022601837,0.0071850033,0.0062306877,0.45522985,0.34659845,0.024698034,0.029291542,0.032422055,0.030005628,0.122365125,0.9474615,0.45522985,0.003420271,0.060168568,0.029291542,0.39473683,0.025335582,0.17731462,0.032289904,0.005008992,0.005997923,0.6055348,0.37793714,0.29756832,0.020386757,0.020328261,0.022799838,0.04037218,0.5074911,0.6055348,0.002987417,0.02342787,0.020386757,0.4718584,0.088649936,0.08706605,0.020429188,0.0023203974,0.0037848148,0.13963561,0.23902467,0.22993515,0.027304934,0.024398146,0.02925111,0.48312867,0.4197539,0.23935361,0.013867805,0.053491525,0.02482852,0.23611906,0.9616173,0.720142,0.028193016,0.00365567,0.44506148,0.22030975,0.20791112,1.0662298,0.1345409,1.093821,1.1038253
beef,beef_portion24_day1_rep1,beef_portion24,1,1,Fresh,0,0.7337917,0.4891729,0.004433984,0.020014513,0.02975904,0.0057749753,0.10881513,0.99289787,0.7337917,0.00450533,0.008422621,0.020014513,0.5776887,0.07541644,0.24801162,0.024226345,0.008994906,0.006993362,0.4261446,0.32575926,0.02624368,0.035844088,0.036974546,0.030545779,0.12260021,0.94094294,0.4261446,0.003806933,0.063887976,0.035844088,0.3709976,0.023086712,0.16822581,0.037998322,0.0047397856,0.008421447,0.6057558,0.37406555,0.28210732,0.026203195,0.028647669,0.029869488,0.04547842,0.533478,0.6057558,0.0025860216,0.031961817,0.026203195,0.46854314,0.08959554,0.094347455,0.0277988,0.0039146845,0.0045949686,0.14628679,0.23293243,0.18695849,0.022976762,0.02269716,0.02450749,0.4096183,0.37332344,0.23293243,0.013954151,0.046697356,0.02269716,0.2288893,0.95952517,0.017070547,0.025897643,0.0034269479,0.0036762285,0.2276519,0.1890145,0.9780813,0.13927156,0.95914525,0.90563965
beef,beef_portion24_day1_rep2,beef_portion24,1,2,Fresh,0,0.7359128,0.4887429,0.004440724,0.01988056,0.02862641,0.005382431,0.10831503,0.99287945,0.7359128,0.004215887,0.007913446,0.01988056,0.5780307,0.07662876,0.24822067,0.023580013,0.008273086,0.0068464926,0.4243125,0.3237863,0.026772095,0.037062895,0.038152725,0.029727997,0.12233552,0.93972045,0.4243125,0.0035086095,0.061839834,0.037062895,0.36900753,0.023371985,0.16748866,0.039254606,0.004612045,0.007847123,0.6072193,0.3757148,0.28783813,0.024779754,0.028075945,0.028951356,0.043658182,0.52508533,0.6072193,0.0032418848,0.031231534,0.024779754,0.47051555,0.08969986,0.09192768,0.026751876,0.0046559647,0.0045853555,0.14848551,0.23274781,0.19483984,0.024182135,0.022930684,0.025717912,0.42140615,0.3632352,0.23274781,0.021242559,0.054295864,0.022930684,0.22964667,0.9621057,0.012697433,0.026143208,0.0036289527,0.005871638,0.2303142,0.19015221,0.9802612,0.14287312,0.96156263,0.90850824
beef,beef_portion24_day1_rep3,beef_portion24,1,3,Fresh,0,0.7360162,0.48828572,0.0045469115,0.020183569,0.029811542,0.0058480944,0.10826043,0.9928439,0.7360162,0.0045069535,0.008464951,0.020183569,0.5778955,0.07689292,0.24820794,0.024179982,0.009236048,0.0068732025,0.43033418,0.32762045,0.028638296,0.036429588,0.03865614,0.029857159,0.12186269,0.93605167,0.43033418,0.0037865741,0.06141153,0.036429588,0.37365156,0.024163233,0.16862734,0.039187986,0.005107915,0.0076655406,0.6079708,0.3774276,0.28622624,0.026359878,0.029023882,0.030554837,0.04532131,0.5284976,0.6079708,0.0027934406,0.032639857,0.026359878,0.47173017,0.08889768,0.093474954,0.028149288,0.0043607135,0.004427119,0.14409406,0.22893673,0.18614203,0.022219626,0.022031141,0.023127824,0.4140172,0.3714887,0.22893673,0.012794226,0.05020589,0.022031141,0.22482255,0.9606654,0.015627373,0.025015986,0.004329894,0.0038943966,0.22545306,0.18803589,0.97969794,0.13949138,0.9605183,0.9093968
beef,beef_portion25_day1_rep1,beef_portion25,1,1,Fresh,0,0.7301605,0.49156857,0.004266415,0.017209526,0.0210686,0.0053894278,0.10997282,0.99308777,0.7301605,0.0027160589,0.007981507,0.017209526,0.5780488,0.07244663,0.24776475,0.018179005,0.0050092046,0.005318358,0.49643567,0.40867677,0.14424974,0.024777556,0.027331911,0.03707723,0.122943416,0.7102535,0.49643567,0.0024734274,0.06195649,0.024777556,0.45332134,0.013865771,0.15531293,0.026874537,0.0031203087,0.0069102477,0.62911415,0.39983392,0.32634073,0.023718206,0.025394036,0.025227958,0.037350025,0.48009944,0.62911415,0.0039054072,0.022955531,0.023718206,0.4934795,0.08884176,0.08202282,0.02458735,0.0029625339,0.004433409,0.19782123,0.290533,0.24502236,0.021708768,0.020951618,0.024002314,0.41633537,0.31896898,0.290533,0.015717233,0.02952611,0.020951618,0.2924427,0.95849067,0.02431846,0.023200167,0.002256024,0.09157962,0.16593976,0.18679175,0.95737827,0.11227429,0.96713895,0.8944467
beef,beef_portion25_day1_rep2,beef_portion25,1,2,Fresh,0,0.7295982,0.48642296,0.0042942287,0.017546464,0.019404547,0.005472948,0.10890197,0.99309075,0.7295982,0.0023225143,0.008132412,0.017546464,0.5746479,0.07498727,0.24694586,0.017410647,0.00379864,0.0052033025,0.4943278,0.4036871,0.12574537,0.024678981,0.028775958,0.041855384,0.12357418,0.74683017,0.4943278,0.0027219448,0.07448784,0.024678981,0.44884226,0.014911884,0.16143519,0.028075522,0.0043323,0.007980195,0.63069993,0.40235475,0.3293462,0.025040176,0.026100544,0.024966154,0.037335005,0.4766446,0.63069993,0.003407778,0.019820476,0.025040176,0.4956252,0.08840209,0.08145208,0.025493728,0.0030670522,0.002837684,0.19820614,0.29002172,0.24260421,0.024136059,0.022414135,0.025546746,0.41246718,0.31724027,0.29002172,0.012349156,0.031815346,0.022414135,0.29193866,0.95858884,0.016615938,0.025143169,0.002447494,0.0041274866,0.16354872,0.1838824,0.95589125,0.1182656,0.9675317,0.89605635
beef,beef_portion25_day1_rep3,beef_portion25,1,3,Fresh,0,0.73092157,0.48801437,0.004736709,0.016120052,0.018131316,0.0060061147,0.109129906,0.99242324,0.73092157,0.0022582621,0.008764884,0.016120052,0.5760914,0.074663185,0.24738207,0.016027356,0.0037201506,0.0047411104,0.49428472,0.40060416,0.1152504,0.026367057,0.028144795,0.04466003,0.12296974,0.76845807,0.49428472,0.002790054,0.0802635,0.026367057,0.44678584,0.016094929,0.16479622,0.028351545,0.002980875,0.008777173,0.6227607,0.38754135,0.3078633,0.029384742,0.036794696,0.0447322,0.03903769,0.5058339,0.6227607,0.004715262,0.054154467,0.029384742,0.48333025,0.09158529,0.08742994,0.03377909,0.005828983,0.010474513,0.19806008,0.28972703,0.24074309,0.022820987,0.02151486,0.024965597,0.40923804,0.316739,0.28972703,0.013415291,0.031167494,0.02151486,0.29147464,0.9585284,0.017189423,0.024046468,0.0027698113,0.004172246,0.16422726,0.18567626,0.9566677,0.11410447,0.9664834,0.89069223
beef,beef_portion26_day1_rep1,beef_portion26,1,1,Fresh,0,0.74268425,0.54278725,0.017065788,0.021531044,0.042019483,0.034300562,0.1188935,0.97598624,0.74268425,0.0074048936,0.045971107,0.021531044,0.6143597,0.051443633,0.2553074,0.030687993,0.01874943,0.00777955,0.4451959,0.33692667,0.026455097,0.03769577,0.0381933,0.0351424,0.121320195,0.9436123,0.4451959,0.0035057308,0.07012424,0.03769577,0.38487363,0.026098968,0.17322905,0.039064605,0.0047013205,0.008137122,0.6156064,0.40349725,0.33859137,0.03166379,0.03311747,0.032150254,0.036265872,0.4490627,0.6156064,0.00508005,0.029383903,0.03166379,0.49179134,0.08208973,0.0735681,0.0321124,0.003889496,0.006299841,0.13333902,0.24908417,0.25727442,0.032147363,0.028557993,0.029184328,0.509221,0.48724166,0.25739872,0.0067111203,0.07119974,0.029148305,0.24633075,0.96122974,0.98461133,0.03252339,0.00259206,0.0031162463,0.24503684,0.2213399,1.2227184,0.1565205,1.2457949,1.289627
beef,beef_portion26_day1_rep2,beef_portion26,1,2,Fresh,0,0.7453383,0.5477617,0.01644968,0.019543625,0.038186878,0.0336467,0.11966364,0.9768973,0.7453383,0.006774865,0.044719893,0.019543625,0.6183136,0.049995195,0.2565615,0.027864013,0.01713964,0.0068028793,0.44853586,0.33856854,0.025552576,0.034646023,0.03674093,0.034959394,0.12108504,0.9455616,0.44853586,0.0037633807,0.070392966,0.034646023,0.38703752,0.026803989,0.17432223,0.03710012,0.005432817,0.00813476,0.612738,0.39822638,0.3325582,0.031207848,0.031240199,0.030179026,0.036073826,0.4562538,0.612738,0.0036563065,0.026406972,0.031207848,0.48736048,0.083300285,0.07462848,0.030783398,0.0037313786,0.0050234655,0.12798256,0.24408859,0.24982719,0.030299723,0.027216041,0.029156128,0.5056369,0.4924441,0.24987036,0.0070631183,0.065213166,0.029118797,0.24055725,0.95999163,0.98595464,0.031080937,0.003051845,0.0028551745,0.24655579,0.22662209,1.2258905,0.15230027,1.2454087,1.2884157
beef,beef_portion26_day1_rep3,beef_portion26,1,3,Fresh,0,0.7412012,0.5417413,0.010090626,0.019701593,0.040806144,0.023528874,0.11920691,0.98548084,0.7412012,0.0076614628,0.03087742,0.019701593,0.6132836,0.05126244,0.25619036,0.029531699,0.01842196,0.0070648026,0.44549423,0.33866483,0.021406006,0.035869446,0.039181802,0.029333489,0.12244307,0.95397055,0.44549423,0.0043049944,0.058495544,0.035869446,0.38621747,0.025148125,0.1752562,0.03913988,0.005911028,0.008644255,0.61241174,0.39978248,0.3317616,0.032520972,0.033538383,0.03246274,0.037724476,0.45742092,0.61241174,0.004593141,0.030040622,0.032520972,0.48813644,0.08226429,0.07552265,0.032844223,0.0040255855,0.006207827,0.1351549,0.24976988,0.25290915,0.031759106,0.028813405,0.031169966,0.5021032,0.47129276,0.25304025,0.006640741,0.063765794,0.031229066,0.24690995,0.9593176,0.9873886,0.03283627,0.0032945655,0.0021751153,0.24246919,0.22195438,1.2220657,0.15361156,1.2456478,1.2879876
beef,beef_portion27_day1_rep1,beef_portion27,1,1,Fresh,0,0.7758917,0.5486617,0.00997317,0.02402097,0.027935166,0.015013821,0.11519384,0.9862154,0.7758917,0.0025795186,0.018907817,0.02402097,0.6277995,0.062852204,0.26222596,0.024617637,0.0055646636,0.0066789016,0.50188714,0.43196136,0.079001255,0.031143347,0.03331293,0.053332046,0.13702737,0.8450174,0.50188714,0.002579066,0.09927758,0.031143347,0.4703145,0.20572586,0.18557693,0.032870777,0.40104023,0.0098275645,0.63847417,0.43564868,0.3280287,0.027302839,0.031097138,0.032695197,0.055121068,0.48550686,0.63847417,0.0020226284,0.031065976,0.027302839,0.5193593,0.07373334,0.09407597,0.02959442,0.0043401043,0.0043127937,0.17249307,0.2744646,0.25851,0.035815306,0.03333857,0.0352,0.4718734,0.3757391,0.27447134,0.0092102485,0.062204625,0.033346593,0.27491125,0.9599722,0.53143805,0.03726759,0.0046336628,0.49767357,0.22602983,0.20037988,1.0009143,0.16792808,0.8524611,1.0180666
beef,beef_portion27_day1_rep2,beef_portion27,1,2,Fresh,0,0.7768188,0.54758227,0.012046367,0.023938935,0.028391851,0.018517092,0.11476914,0.9836091,0.7768188,0.0026576968,0.02301016,0.023938935,0.6274114,0.06386457,0.26188257,0.024851277,0.0055543226,0.006434558,0.5075566,0.43575636,0.09675663,0.03121765,0.032931928,0.05362205,0.13563691,0.8115171,0.5075566,0.002591716,0.09848041,0.03121765,0.47503778,0.08635512,0.18155466,0.0326441,0.27535287,0.01119262,0.6384291,0.43210474,0.3265033,0.024258245,0.029826032,0.029782835,0.053733397,0.48770952,0.6384291,0.0020441131,0.028686022,0.024258245,0.51696086,0.07537869,0.09378928,0.027594363,0.0052106013,0.0034790235,0.1752638,0.2724007,0.25755712,0.034723647,0.03296028,0.037299056,0.47268954,0.3600088,0.2724007,0.012719891,0.058126684,0.03296028,0.27350023,0.9620772,0.60240936,0.036868926,0.0047454285,0.4874075,0.17371276,0.20146279,1.0237175,0.0978815,0.9922828,1.05081
beef,beef_portion27_day1_rep3,beef_portion27,1,3,Fresh,0,0.77459556,0.5444989,0.01072279,0.024092985,0.028724024,0.015568006,0.114492156,0.98514116,0.77459556,0.0028069648,0.019577438,0.024092985,0.6247648,0.064444266,0.26131722,0.025078988,0.0060481657,0.0067040473,0.50216943,0.4316125,0.08246125,0.031949688,0.03360727,0.053273816,0.13655718,0.8384831,0.50216943,0.0025026912,0.098558895,0.031949688,0.4702995,0.11141187,0.18450294,0.033449993,0.31068566,0.009950433,0.64279675,0.43991655,0.33425173,0.025354981,0.027636003,0.027961014,0.054456227,0.47909793,0.64279675,0.0013120862,0.023731725,0.025354981,0.5233278,0.07336304,0.092848316,0.026646057,0.0035348306,0.0027383764,0.17435049,0.2782695,0.26259694,0.0360754,0.034960274,0.03643757,0.47295347,0.37772602,0.2782695,0.0072081434,0.056875587,0.034960274,0.27874374,0.9594015,0.66515845,0.038835768,0.0033877594,0.47070315,0.17879014,0.19685216,1.0410413,0.11251793,0.993383,1.0827855
beef,beef_portion28_day1_rep1,beef_portion28,1,1,Fresh,0,0.7318106,0.46377948,0.004470207,0.01850135,0.025261244,0.0059497207,0.1032439,0.9929465,0.7318106,0.0037979537,0.008755098,0.01850135,0.5615129,0.08805016,0.24405955,0.020915695,0.007293702,0.005987161,0.4224045,0.3362436,0.023971392,0.038186155,0.04052059,0.029586518,0.1283863,0.9460828,0.4224045,0.0047118594,0.061133675,0.038186155,0.37730935,0.015296846,0.17050757,0.04119983,0.0057277502,0.009045544,0.62489593,0.42023122,0.33814088,0.019207645,0.021923602,0.024479974,0.04580475,0.4574998,0.62489593,0.00406803,0.026722422,0.019207645,0.50564635,0.07671131,0.081012405,0.02037584,0.0039318423,0.0059761666,0.15115124,0.25817737,0.21349922,0.026854005,0.029455377,0.028300947,0.42915997,0.416708,0.25817737,0.007849241,0.040810775,0.029455377,0.2540778,0.95242816,0.014313569,0.032299634,0.0036771693,0.003444499,0.21126732,0.17272525,0.94575304,0.16808183,0.9580176,0.9135729
beef,beef_portion28_day1_rep2,beef_portion28,1,2,Fresh,0,0.73417765,0.46411702,0.0040836306,0.017324846,0.02692996,0.0050285985,0.10299592,0.9933601,0.73417765,0.004440742,0.007497467,0.017324846,0.56257015,0.0888462,0.24452561,0.021252891,0.009185403,0.00599787,0.41537884,0.33307043,0.021663845,0.038130675,0.04017942,0.025599197,0.12984343,0.9500694,0.41537884,0.004450366,0.05409711,0.038130675,0.37284204,0.013605075,0.16960262,0.040962722,0.0055962056,0.009363173,0.6257666,0.41158324,0.33056757,0.020249033,0.026313042,0.030963752,0.043573625,0.47059777,0.6257666,0.00406972,0.03767326,0.020249033,0.5002743,0.08126094,0.08255956,0.023650272,0.0057528308,0.007881511,0.14895825,0.2545702,0.21766926,0.025424913,0.027687488,0.02772109,0.44032758,0.41637468,0.2545702,0.016726986,0.04200303,0.027687488,0.25076956,0.95451427,0.065373264,0.030327056,0.004410342,0.22700143,0.21741995,0.17369892,0.937388,0.1685016,0.9545028,0.90836084
beef,beef_portion28_day1_rep3,beef_portion28,1,3,Fresh,0,0.7307684,0.45877057,0.0042246953,0.017226042,0.02329345,0.005326859,0.10227582,0.9931605,0.7307684,0.0033587965,0.007995428,0.017226042,0.5581724,0.090333976,0.24324778,0.019385908,0.0062157046,0.0056157215,0.41657162,0.32777444,0.022761842,0.037108403,0.039763838,0.02853741,0.12669118,0.9478658,0.41657162,0.0044870563,0.06043767,0.037108403,0.3694708,0.017317777,0.16831459,0.040458776,0.005556463,0.009240912,0.62723804,0.4180053,0.33552074,0.01966478,0.022472698,0.026543336,0.045140564,0.46379992,0.62723804,0.0042349068,0.02973256,0.01966478,0.5052077,0.078839235,0.0823227,0.020988185,0.004045715,0.0065273414,0.14861768,0.25247595,0.21652924,0.024983797,0.027643904,0.025575845,0.44137436,0.4129915,0.25247595,0.0151986815,0.03850742,0.027643904,0.24880585,0.9556621,0.031867478,0.030274913,0.004338703,0.1476692,0.21576524,0.16980655,0.94296443,0.17205814,0.9558597,0.9149349
beef,beef_portion29_day1_rep1,beef_portion29,1,1,Fresh,0,0.7729629,0.5244885,0.0049483497,0.022949515,0.034307692,0.0061437376,0.11071486,0.99253935,0.7729629,0.0046638395,0.008437329,0.022949515,0.6118097,0.07410745,0.2588747,0.027766777,0.010053049,0.00816569,0.44892582,0.33780447,0.006334272,0.026181795,0.028098918,0.008861266,0.122642465,0.98527735,0.44892582,0.0040139942,0.019120341,0.026181795,0.3865219,0.026994592,0.17971238,0.028066928,0.0049711727,0.007971261,0.58755565,0.35698685,0.26697284,0.021547865,0.023400126,0.025418656,0.04501007,0.544372,0.58755565,0.0027011398,0.027940324,0.021547865,0.45101252,0.090383515,0.093760796,0.023099508,0.003018336,0.0043913247,0.1395252,0.25117186,0.22975476,0.035771806,0.034704518,0.034737337,0.46633792,0.4488686,0.2511828,0.011118584,0.057352323,0.034697335,0.24694027,0.9560829,0.3849561,0.037910406,0.0036136513,0.48450923,0.24339448,0.23104815,0.96276,0.12475925,0.961672,0.9358822
beef,beef_portion29_day1_rep2,beef_portion29,1,2,Fresh,0,0.77537876,0.5237199,0.00516354,0.022466835,0.033937767,0.006383537,0.11017893,0.99223953,0.77537876,0.0044195335,0.0086648185,0.022466835,0.6120203,0.07565917,0.25908065,0.027596023,0.009680111,0.008011798,0.4524172,0.34063467,0.0066333036,0.02576838,0.02827801,0.009410028,0.12272191,0.98456305,0.4524172,0.004230267,0.019803181,0.02576838,0.38965312,0.027009586,0.180597,0.028084515,0.005448865,0.00784155,0.5834751,0.35574272,0.27003238,0.024484536,0.024185933,0.027267158,0.043001812,0.5363619,0.5834751,0.002869332,0.028103285,0.024484536,0.44985658,0.08960946,0.090810955,0.024198081,0.0017131197,0.0040104664,0.14184508,0.2532787,0.23440875,0.03777848,0.03605275,0.036196377,0.4702513,0.4452796,0.2532787,0.0072197323,0.060257766,0.03605275,0.24952182,0.9566238,0.64539003,0.039707225,0.0036763218,0.47756624,0.24077715,0.23410761,1.027978,0.124918915,1.0487382,1.0485256
beef,beef_portion29_day1_rep3,beef_portion29,1,3,Fresh,0,0.76679915,0.5122118,0.004400105,0.019217132,0.02828266,0.005310093,0.109092474,0.99316955,0.76679915,0.0037669674,0.007417323,0.019217132,0.60232604,0.077833205,0.25624937,0.023069065,0.008018983,0.006744294,0.45269436,0.34111094,0.005445377,0.023776485,0.026435617,0.0075490014,0.1229443,0.9871054,0.45269436,0.004053152,0.016418643,0.023776485,0.3900777,0.026890803,0.18103531,0.026178047,0.0052050003,0.0074204784,0.58921695,0.35581017,0.26469466,0.021519704,0.023000987,0.025536539,0.0452934,0.5495495,0.58921695,0.0027561476,0.028292386,0.021519704,0.45025846,0.09138034,0.095240176,0.022801705,0.0027518999,0.004583999,0.14165525,0.25371185,0.23909634,0.043231893,0.042578682,0.04310952,0.47656888,0.44921306,0.2538443,0.008154487,0.06570203,0.042703915,0.2500687,0.95702827,0.8308518,0.0462758,0.0034532624,0.37266132,0.23087147,0.22188291,1.1078074,0.12305052,1.1432496,1.1534933
beef,beef_portion30_day1_rep1,beef_portion30,1,1,Fresh,0,0.7742664,0.5422589,0.006811797,0.026569853,0.037354674,0.009400538,0.114305496,0.9901171,0.7742664,0.0050575356,0.012216366,0.026569853,0.6232985,0.06545798,0.26151642,0.030694969,0.010874337,0.008852728,0.5141942,0.44064957,0.10388106,0.030735675,0.031284824,0.03891602,0.13501061,0.79947263,0.5141942,0.0022268635,0.062345456,0.030735675,0.4800181,0.01028397,0.18244159,0.03124985,0.08446308,0.004074753,0.58769673,0.36381105,0.25879976,0.03168266,0.03249982,0.033337988,0.050813135,0.5592763,0.58769673,0.0020024087,0.033505682,0.03168266,0.45438856,0.08608224,0.10054842,0.032310996,0.0028257635,0.0035621661,0.19333436,0.28482997,0.2736351,0.027373942,0.024683649,0.025240326,0.47828272,0.32167745,0.28482997,0.008550168,0.05150838,0.024683649,0.28856286,0.9652427,0.89988023,0.027266402,0.0054723923,0.2982632,0.17270286,0.23423629,1.1528958,0.11449342,1.2096775,1.1997302
beef,beef_portion30_day1_rep2,beef_portion30,1,2,Fresh,0,0.77514255,0.5430911,0.0073265824,0.026381342,0.037142325,0.011269313,0.114258215,0.98947775,0.77514255,0.0049393456,0.014292662,0.026381342,0.62406427,0.06539555,0.26172104,0.030521106,0.0106265545,0.0086687645,0.5094017,0.43488443,0.097196154,0.02735887,0.026958358,0.039232403,0.13485534,0.8104024,0.5094017,0.002548846,0.0672124,0.02735887,0.47451225,0.010362187,0.18250206,0.027187515,0.08030657,0.006052525,0.58833444,0.36306188,0.25925174,0.02992407,0.031303234,0.032364257,0.050521217,0.55894995,0.58833444,0.002595898,0.03348778,0.02992407,0.4543505,0.086797975,0.10014536,0.030872816,0.0033695537,0.0042967363,0.18209665,0.27939987,0.2667957,0.025319032,0.02281741,0.02348405,0.47649053,0.3487491,0.27941218,0.008507361,0.04977583,0.022807164,0.28157514,0.9623906,0.7796364,0.02534159,0.0050677834,0.41243944,0.17796102,0.23530304,1.0909332,0.11415582,1.1402422,1.1217049
beef,beef_portion30_day1_rep3,beef_portion30,1,3,Fresh,0,0.77940726,0.54669714,0.006558357,0.025948064,0.038518894,0.008974937,0.114412,0.9904505,0.77940726,0.005237036,0.011572828,0.025948064,0.62761223,0.06537575,0.26296568,0.031175531,0.011385906,0.008934284,0.50813323,0.43622744,0.1048684,0.03220027,0.031956363,0.03939373,0.13565935,0.79557973,0.50813323,0.0019909563,0.063523285,0.03220027,0.47546032,0.0041384865,0.18019241,0.03199439,0.037608672,0.0036557533,0.58456475,0.3597117,0.256337,0.031235976,0.033106256,0.03496127,0.05066157,0.56132346,0.58456475,0.0024665934,0.03774522,0.031235976,0.4510397,0.08675331,0.10001237,0.032516222,0.003676258,0.0049287803,0.18687169,0.2789696,0.26846424,0.028115762,0.023725178,0.023718594,0.47878596,0.3311922,0.27899143,0.0127953,0.0555871,0.023726007,0.28208572,0.9649808,0.89995617,0.026559426,0.005440074,0.2953419,0.18371613,0.24122322,1.1551774,0.117687784,1.2160064,1.1998912
beef,beef_portion31_day1_rep1,beef_portion31,1,1,Fresh,0,0.74246454,0.55646014,0.0046192794,0.025983503,0.037067313,0.0056331838,0.1225442,0.99264365,0.74246454,0.0049210223,0.008149655,0.025983503,0.6227555,0.043939576,0.25953695,0.03093691,0.010149484,0.009247543,0.50063044,0.4274255,0.052755862,0.042588998,0.042784974,0.053176302,0.13752525,0.89984196,0.50063044,0.002214572,0.08968874,0.042588998,0.4663567,0.06844265,0.1922424,0.042549334,0.24629974,0.005281525,0.6138073,0.38806623,0.2948439,0.031382877,0.034688935,0.029527875,0.047217283,0.518826,0.6138073,0.0052607865,0.027451057,0.031382877,0.48035276,0.08642573,0.09308144,0.03320863,0.0047348095,0.0053058397,0.16490804,0.26891845,0.23805651,0.02735783,0.032116104,0.037051544,0.44723076,0.38681334,0.26893327,0.023789516,0.047508948,0.032121975,0.26743403,0.95664185,0.19415955,0.03451502,0.005211034,0.38630217,0.17201614,0.22313909,0.9816073,0.10174565,0.91020423,0.90156937
beef,beef_portion31_day1_rep2,beef_portion31,1,2,Fresh,0,0.7462417,0.55357397,0.004701203,0.027481193,0.03480641,0.0061674058,0.12128781,0.9926949,0.7462417,0.0039059771,0.008735642,0.027481193,0.62193614,0.047163345,0.25953826,0.030091768,0.0078038103,0.009105359,0.5068846,0.42978954,0.067129016,0.04314486,0.04351133,0.057812877,0.13548735,0.87338,0.5068846,0.0031245577,0.09699484,0.04314486,0.46999866,0.07318724,0.18942855,0.043462023,0.25041625,0.006196344,0.6100284,0.38575378,0.2984411,0.03426614,0.041378543,0.033381253,0.044758413,0.51031,0.6100284,0.0074495296,0.03190108,0.03426614,0.4776676,0.08623835,0.089632876,0.038183454,0.0071615446,0.0064410097,0.1645335,0.25894082,0.23037991,0.02836139,0.031386662,0.032955453,0.44767448,0.3653886,0.25894082,0.018649535,0.046885915,0.031386662,0.258031,0.9602991,0.18553248,0.03407206,0.005361571,0.380613,0.16934466,0.22629209,0.9857589,0.10093722,0.91209257,0.90632176
beef,beef_portion31_day1_rep3,beef_portion31,1,3,Fresh,0,0.7448438,0.55308,0.0047115106,0.02733433,0.03705529,0.0059877695,0.1213849,0.9926793,0.7448438,0.004336098,0.008555569,0.02733433,0.6211976,0.046816908,0.25927582,0.031524748,0.008808885,0.009411743,0.49263188,0.41844386,0.048572708,0.038982738,0.039957907,0.04681805,0.136924,0.9054592,0.49263188,0.0024938947,0.08147486,0.038982738,0.4576494,0.0534684,0.19054389,0.03974026,0.21598941,0.0056788707,0.6205859,0.39944065,0.30671397,0.029556314,0.031805858,0.028440628,0.048092823,0.50483245,0.6205859,0.0046784584,0.024775771,0.029556314,0.49028108,0.08390659,0.091440976,0.03073805,0.0037047367,0.0041441666,0.1605052,0.2569462,0.22442237,0.027984835,0.029364198,0.032883313,0.44149184,0.37665507,0.2569462,0.021592913,0.047190577,0.029364198,0.25525042,0.95881206,0.13054933,0.03231471,0.0045495206,0.32440808,0.17752838,0.21606322,0.99107164,0.10868623,0.92963,0.90676814
beef,beef_portion32_day1_rep1,beef_portion32,1,1,Fresh,0,0.7558563,0.49912637,0.022516876,0.030561795,0.04574657,0.033309888,0.106289476,0.9698967,0.7558563,0.005409855,0.04185684,0.030561795,0.5909562,0.080177,0.24974237,0.037411883,0.012152043,0.008803595,0.47441053,0.37261423,0.0050589605,0.018047072,0.019623173,0.0075812466,0.12879592,0.98821825,0.47441053,0.0023630804,0.015910394,0.018047072,0.41955718,0.019566638,0.19003257,0.019380745,0.0028880967,0.005414491,0.6058694,0.3764926,0.27561274,0.02731837,0.031472646,0.030543523,0.04934587,0.54449195,0.6058694,0.00321649,0.030663185,0.02731837,0.46913052,0.08794633,0.09864397,0.029767163,0.0051472317,0.003893605,0.11590815,0.21347846,0.18413071,0.027886,0.026025876,0.025034336,0.448218,0.4625373,0.21347846,0.014029748,0.07171467,0.026025876,0.2057526,0.95893806,0.006519239,0.030114872,0.004219607,0.004652528,0.19135438,0.19424878,0.9898284,0.12443943,0.9807182,0.91459364
beef,beef_portion32_day1_rep2,beef_portion32,1,2,Fresh,0,0.75356466,0.4935029,0.025892364,0.031068979,0.048781477,0.034568466,0.105064236,0.9653271,0.75356466,0.006002965,0.043710172,0.031068979,0.58683866,0.08205802,0.24797514,0.039341282,0.01364098,0.008972412,0.47940582,0.37118033,0.005230518,0.019405164,0.019462518,0.007254491,0.12669367,0.9879437,0.47940582,0.0031913142,0.0151951015,0.019405164,0.4200449,0.022814652,0.19046393,0.019512543,0.004572794,0.0054845596,0.61192447,0.38368884,0.28464463,0.029737398,0.034985725,0.034530755,0.04909406,0.53440815,0.61192447,0.0028966323,0.035294097,0.029737398,0.47644353,0.0873671,0.09701824,0.0330066,0.005432493,0.004299739,0.11617117,0.21330774,0.18294553,0.027569951,0.025455391,0.024607768,0.44595307,0.46068937,0.21330774,0.0126934955,0.072788015,0.025455391,0.20555206,0.9586373,0.0068653896,0.029484255,0.0039016854,0.004079154,0.18611145,0.18709157,0.98585224,0.12680663,0.97748643,0.9168541
beef,beef_portion32_day1_rep3,beef_portion32,1,3,Fresh,0,0.75422597,0.4898966,0.023844633,0.030953195,0.045858495,0.035073753,0.10426158,0.9680787,0.75422597,0.005602926,0.04427078,0.030953195,0.58479655,0.08427851,0.24775407,0.037585616,0.012063954,0.009224268,0.47298244,0.36969712,0.005579671,0.02001008,0.021528361,0.007761827,0.12801795,0.98702866,0.47298244,0.0027712928,0.016194267,0.02001008,0.41699958,0.020495972,0.18916543,0.021258352,0.0037015413,0.005969985,0.6050527,0.37517533,0.27637494,0.026451303,0.032269057,0.03084195,0.04872555,0.54253805,0.6050527,0.0032503316,0.032007664,0.026451303,0.4683265,0.08836904,0.097710066,0.029973447,0.0059049106,0.0035816075,0.11600754,0.21046485,0.18035981,0.028445296,0.025994329,0.025400218,0.4448384,0.4549462,0.21046485,0.012337843,0.07319679,0.025994329,0.20266065,0.9597221,0.006970555,0.03028159,0.0025941797,0.003613507,0.18882972,0.18998738,0.9850919,0.124921136,0.98044986,0.9154606
beef,beef_portion33_day1_rep1,beef_portion33,1,1,Fresh,0,0.7579714,0.51040316,0.004333904,0.022919916,0.03345603,0.005510238,0.109889664,0.99323493,0.7579714,0.0049357913,0.007843785,0.022919916,0.5984299,0.074898,0.25469208,0.027302634,0.010267814,0.007989866,0.4867595,0.4095917,0.07548239,0.027329383,0.029453008,0.047629103,0.13379249,0.8469328,0.4867595,0.0025295883,0.091343075,0.027329383,0.4499972,0.008938855,0.17967463,0.029064508,0.04963385,0.007978344,0.6152983,0.3914421,0.27379343,0.023852507,0.02638278,0.025850521,0.05550884,0.5541402,0.6152983,0.002618099,0.026058711,0.023852507,0.48179767,0.083590336,0.10597685,0.024907112,0.0043516695,0.002818343,0.17757776,0.27566862,0.2510554,0.028003002,0.026921555,0.026676495,0.4558641,0.3572563,0.27566862,0.017237945,0.039192583,0.026921555,0.2764505,0.9600332,0.13189809,0.029613724,0.0020248876,0.33494636,0.1789148,0.18919529,0.9498491,0.109615125,0.96797806,0.9005506
beef,beef_portion33_day1_rep2,beef_portion33,1,2,Fresh,0,0.7609289,0.5160545,0.0044805733,0.017126309,0.02700077,0.0056437175,0.11074078,0.99304044,0.7609289,0.004235071,0.007980206,0.017126309,0.6028303,0.07321142,0.25595343,0.021464868,0.0091745,0.0061516548,0.47991124,0.40144974,0.060436044,0.029787261,0.03316345,0.046434186,0.13377602,0.8764715,0.47991124,0.0026851697,0.09009933,0.029787261,0.44195384,0.008776149,0.18161294,0.03260489,0.037687015,0.007734026,0.6150803,0.39219463,0.27418378,0.024987277,0.027034478,0.026602777,0.05588023,0.55335814,0.6150803,0.0025349136,0.026274836,0.024987277,0.48202676,0.08316841,0.10593073,0.025929764,0.0041210395,0.0030581586,0.17035656,0.26959875,0.24491866,0.026475864,0.02560701,0.02477157,0.4567305,0.36947918,0.26959875,0.013734035,0.039014705,0.02560701,0.26954073,0.95980626,0.12470564,0.0281975,0.002170364,0.32745883,0.18857265,0.19287157,0.95622087,0.11343652,0.9682061,0.9022177
beef,beef_portion33_day1_rep3,beef_portion33,1,3,Fresh,0,0.75916946,0.51302207,0.004625195,0.01916835,0.031386334,0.0058489135,0.110323526,0.99287117,0.75916946,0.005007648,0.008254033,0.01916835,0.600501,0.07406803,0.25523025,0.024740495,0.01065236,0.0070840116,0.48172164,0.40440714,0.06230066,0.0302992,0.033877697,0.048145458,0.1341832,0.87336874,0.48172164,0.0027548783,0.092985384,0.0302992,0.4447559,0.029352948,0.18185434,0.033326432,0.14769268,0.007586045,0.6143509,0.38921902,0.27067858,0.02430791,0.027411401,0.027514737,0.055712756,0.5585422,0.6143509,0.0025348526,0.029244786,0.02430791,0.4799884,0.08422434,0.10681738,0.025728527,0.0048642894,0.0038059063,0.16983303,0.27063158,0.24408394,0.026420938,0.025902169,0.025606649,0.45396182,0.3735443,0.27063158,0.013751396,0.04026073,0.025902169,0.27026585,0.95892495,0.14810242,0.0284119,0.0021591529,0.3503337,0.17787635,0.19144925,0.950528,0.09941199,0.946409,0.9004383
beef,beef_portion34_day1_rep1,beef_portion34,1,1,Fresh,0,0.7406058,0.5103341,0.005633591,0.0294889,0.046730127,0.0068568797,0.11235722,0.99130803,0.7406058,0.0067704613,0.009743611,0.0294889,0.59294736,0.06739247,0.2519572,0.037651047,0.014320737,0.010932786,0.5054864,0.41975662,0.076324806,0.02265831,0.024932254,0.04984874,0.13176459,0.8493035,0.5054864,0.0024007412,0.095063396,0.02265831,0.4626059,0.0097910045,0.18412969,0.024101833,0.005044363,0.010747043,0.6218521,0.40639094,0.31315732,0.025482938,0.027152428,0.027099017,0.04949959,0.49552402,0.6218521,0.0036506632,0.024229988,0.025482938,0.49460953,0.08095642,0.090087086,0.026220981,0.0035626518,0.0034156842,0.17823385,0.26354262,0.23473367,0.04061022,0.034386247,0.033932786,0.44001767,0.32896137,0.26354262,0.0132508315,0.069785334,0.034386247,0.26466465,0.963711,0.0063677602,0.03900554,0.005037219,0.0032166073,0.15782079,0.18988481,0.9856321,0.12219968,0.9903249,0.9160455
beef,beef_portion34_day1_rep2,beef_portion34,1,2,Fresh,0,0.7443111,0.5129363,0.0054859812,0.029360538,0.047140457,0.006661865,0.11235025,0.9914838,0.7443111,0.006914204,0.009500038,0.029360538,0.5957255,0.06768657,0.25290975,0.037833262,0.014571164,0.011021053,0.5018274,0.41718122,0.07371079,0.022839816,0.026369086,0.05277769,0.13206792,0.8538419,0.5018274,0.0023426332,0.10100771,0.022839816,0.45967242,0.009367159,0.1835267,0.025344394,0.0049107373,0.011332439,0.6233579,0.40819803,0.3155888,0.025598716,0.027819801,0.028105054,0.048865996,0.4928891,0.6233579,0.003731085,0.025668984,0.025598716,0.49633476,0.08085978,0.08959556,0.026734538,0.0038744991,0.0038209388,0.1747173,0.26315048,0.2339762,0.040600736,0.033369593,0.032034952,0.4402216,0.34145543,0.26315048,0.020958113,0.07687399,0.033369593,0.26372615,0.9624385,0.04155048,0.037936654,0.0050676,0.18179578,0.16347966,0.19163395,0.97748524,0.12360574,0.98330927,0.9130149
beef,beef_portion34_day1_rep3,beef_portion34,1,3,Fresh,0,0.74338496,0.51343405,0.005334323,0.030428117,0.047519643,0.006837927,0.112597115,0.99172467,0.74338496,0.0067780167,0.009707602,0.030428117,0.5958135,0.06702579,0.25288334,0.038382057,0.014267677,0.01126556,0.5021806,0.4142948,0.061084893,0.022706186,0.02463301,0.04763331,0.13163705,0.8789966,0.5021806,0.0026972375,0.09074057,0.022706186,0.45758885,0.015377431,0.18712053,0.024012038,0.0661154,0.009311349,0.6211947,0.39912322,0.31413162,0.025471881,0.028094064,0.026298309,0.044033647,0.4933887,0.6211947,0.004904865,0.022691386,0.025471881,0.49044055,0.08482856,0.08713975,0.026585495,0.0044210567,0.003461703,0.17504764,0.2609054,0.23156974,0.037515838,0.03241822,0.032333396,0.44013795,0.33382675,0.2609054,0.011410749,0.061848525,0.03241822,0.26157653,0.96320885,0.014822078,0.036874507,0.0041955546,0.08798472,0.16154987,0.19720887,0.98566306,0.12609065,0.9831033,0.9105825
beef,beef_portion35_day1_rep1,beef_portion35,1,1,Fresh,0,0.7522686,0.5137621,0.0057798135,0.020074954,0.02252786,0.0072185323,0.1115293,0.9911673,0.7522686,0.0026185196,0.009922175,0.020074954,0.5986944,0.07064536,0.2541144,0.02006955,0.0047018523,0.005915619,0.44246793,0.35626498,0.029913435,0.029441318,0.02888694,0.032030143,0.12981412,0.93435407,0.44246793,0.0032239507,0.06580811,0.029441318,0.39800996,0.013807686,0.17570622,0.02984924,0.0034963642,0.0062995628,0.6080329,0.3976316,0.3114619,0.043174412,0.044730507,0.04187635,0.04698857,0.48835668,0.6080329,0.0046419194,0.038346976,0.043174412,0.48430958,0.07982449,0.085541524,0.043919113,0.004675253,0.004831807,0.12211557,0.22119342,0.19586995,0.0240245,0.024516618,0.024142044,0.45624346,0.44985238,0.22119342,0.00932563,0.03971025,0.024516618,0.21469179,0.9596866,0.027994651,0.027341332,0.0028880085,0.15167567,0.22282864,0.2039239,0.99447596,0.1411932,0.9747364,0.92204267
beef,beef_portion35_day1_rep2,beef_portion35,1,2,Fresh,0,0.7513522,0.51112264,0.0052633313,0.019288335,0.023573363,0.006149372,0.1111049,0.99186873,0.7513522,0.003060186,0.008650301,0.019288335,0.5968024,0.071647316,0.2536164,0.020367185,0.0057875216,0.005964579,0.43533215,0.35361218,0.020555707,0.027769998,0.027394885,0.028056705,0.13183698,0.954135,0.43533215,0.0029398631,0.0580265,0.027769998,0.39396805,0.012031577,0.17676069,0.028220305,0.01859605,0.0062151495,0.6096128,0.39893442,0.30922166,0.04310716,0.04616933,0.04251326,0.048645418,0.4935804,0.6096128,0.004409486,0.038989525,0.04310716,0.4856637,0.07964811,0.08755853,0.044784483,0.005152782,0.0037128471,0.12375072,0.22867838,0.19156848,0.025878565,0.025784621,0.02709601,0.4404989,0.46175373,0.22867838,0.015386279,0.04643846,0.025784621,0.22163735,0.9540246,0.021102725,0.028727565,0.005325167,0.10342765,0.22495025,0.19997759,0.9866109,0.14469664,0.97019494,0.9157841
beef,beef_portion35_day1_rep3,beef_portion35,1,3,Fresh,0,0.7501306,0.5109137,0.0046561467,0.019498792,0.021661643,0.0062535186,0.11131237,0.9928102,0.7501306,0.002487821,0.0088185705,0.019498792,0.59623194,0.07122505,0.25351793,0.019410059,0.00438877,0.005805495,0.43644354,0.35026187,0.02260756,0.027215177,0.027119635,0.029254043,0.12986968,0.94977707,0.43644354,0.0029885562,0.06038465,0.027215177,0.39185438,0.014099465,0.17567475,0.02803261,0.0031828722,0.005959813,0.6163297,0.40377396,0.31603992,0.037314143,0.040096223,0.038034357,0.0471945,0.48725185,0.6163297,0.0039949818,0.03489912,0.037314143,0.49162748,0.08043982,0.08658072,0.03877032,0.0048686787,0.0043159057,0.12506402,0.2322731,0.19132301,0.027651912,0.028373271,0.028103597,0.435586,0.4649823,0.2322731,0.0130798975,0.04419148,0.028373271,0.22510134,0.95212054,0.012301362,0.03129353,0.0046501616,0.005279581,0.22603779,0.19721824,0.98585004,0.14930996,0.9666338,0.9145387
beef,beef_portion36_day1_rep1,beef_portion36,1,1,Fresh,0,0.75216967,0.5012297,0.0043401183,0.019845607,0.025952594,0.005426075,0.108714566,0.99319255,0.75216967,0.0034078427,0.007778163,0.019845607,0.5909245,0.07711628,0.25248525,0.021952432,0.006625869,0.006426262,0.44077954,0.3681015,0.109075926,0.028232472,0.028085383,0.04641578,0.12837337,0.7535086,0.44077954,0.0037875238,0.098937735,0.028232472,0.4072482,0.008689042,0.15033755,0.028850652,0.0029047728,0.014495959,0.61394215,0.38010722,0.26927042,0.02510842,0.026536936,0.02655321,0.05182173,0.56047565,0.61394215,0.002701296,0.027858363,0.02510842,0.47493553,0.08904744,0.1048166,0.025219599,0.004517815,0.0043700538,0.1853589,0.26575753,0.23250036,0.026658164,0.024450094,0.025057856,0.4286054,0.30345494,0.26575753,0.014551725,0.043178756,0.024450094,0.26787236,0.9646045,0.03367225,0.027559195,0.0032048852,0.1505177,0.22102812,0.18815371,0.9694726,0.114504166,0.973042,0.90251696
beef,beef_portion36_day1_rep2,beef_portion36,1,2,Fresh,0,0.74328285,0.4928039,0.0050757495,0.021326581,0.024542263,0.006603382,0.10809749,0.9921357,0.74328285,0.0028914781,0.009416506,0.021326581,0.5829368,0.07770311,0.24978632,0.021571312,0.005581235,0.006308683,0.4334212,0.36063674,0.089396775,0.027760675,0.027220836,0.047577452,0.12961367,0.7946976,0.4334212,0.004416992,0.1047469,0.027760675,0.399343,0.008511928,0.15483919,0.028265264,0.0030005423,0.015193246,0.6118731,0.37679145,0.26827404,0.025586449,0.026918212,0.027361304,0.051002927,0.5606282,0.6118731,0.00287994,0.027760834,0.025586449,0.47214472,0.089898676,0.103908844,0.025638813,0.0044067297,0.004066319,0.18596911,0.26378185,0.23420733,0.029505132,0.025377396,0.02643604,0.4334756,0.29625276,0.26378185,0.014504423,0.05799159,0.025377396,0.2663413,0.9662151,0.037706755,0.028823128,0.0050943717,0.16851477,0.21796574,0.1835861,0.9667802,0.12048979,0.9739635,0.9025898
beef,beef_portion36_day1_rep3,beef_portion36,1,3,Fresh,0,0.7378119,0.48690295,0.004520975,0.01950605,0.023216022,0.0066060317,0.10772276,0.9930318,0.7378119,0.0027528917,0.009489159,0.01950605,0.57756996,0.078388065,0.2482742,0.02027692,0.0051695257,0.0058217407,0.43442613,0.3627123,0.10477218,0.027437055,0.027430257,0.045816816,0.12841392,0.7600744,0.43442613,0.004025962,0.09854247,0.027437055,0.40145066,0.008943582,0.14977364,0.028340342,0.018699117,0.013674175,0.6093001,0.37534374,0.27089033,0.025653241,0.026919963,0.027357968,0.049989607,0.55460095,0.6093001,0.0030610398,0.027775329,0.025653241,0.4699331,0.08975131,0.10156131,0.026031137,0.003962319,0.00456049,0.17848097,0.26021162,0.2336521,0.030182686,0.025695661,0.025680892,0.4428957,0.3160198,0.26021162,0.012971618,0.057384547,0.025695661,0.2618089,0.9652792,0.050002653,0.02925007,0.0046135876,0.20509063,0.21340784,0.18231702,0.96207714,0.11637939,0.9716131,0.9014006
beef,beef_portion37_day1_rep1,beef_portion37,1,1,Fresh,0,0.7312911,0.4762334,0.004405477,0.018302212,0.021129206,0.005821784,0.106201954,0.9929071,0.7312911,0.0027702574,0.008496914,0.018302212,0.56882215,0.081171274,0.24571732,0.018613204,0.004645592,0.005560261,0.44097203,0.37032184,0.04692339,0.024366267,0.024424426,0.027809378,0.13493966,0.8945982,0.44097203,0.002178153,0.05798197,0.024366267,0.40843457,0.0058711646,0.17383514,0.025416614,0.018905118,0.0036412317,0.60549134,0.3707522,0.31432727,0.03226556,0.036354218,0.033481658,0.030506423,0.48038894,0.60549134,0.0040215687,0.030838588,0.03226556,0.4672499,0.09370697,0.07501053,0.034538627,0.005807794,0.00406096,0.119859815,0.2326686,0.22198063,0.026101653,0.021884244,0.02200692,0.47993422,0.4898137,0.23284379,0.034657434,0.05533715,0.021909393,0.22697955,0.9573513,0.91708994,0.024736999,0.0027888198,0.26295567,0.19121017,0.19903485,1.155547,0.14470893,1.2209291,1.2299224
beef,beef_portion37_day1_rep2,beef_portion37,1,2,Fresh,0,0.7340825,0.47896397,0.0049218107,0.018710984,0.02246933,0.0063928417,0.106409065,0.9922266,0.7340825,0.0031562892,0.00927177,0.018710984,0.57144797,0.0809243,0.246447,0.019446516,0.0057386765,0.0057129557,0.4490628,0.37370017,0.038424004,0.024966206,0.025286527,0.026109653,0.13416603,0.9154229,0.4490628,0.0023397056,0.05380096,0.024966206,0.4127222,0.007284028,0.178192,0.02568012,0.003264943,0.003884112,0.6051583,0.37430647,0.31115755,0.032506574,0.036268856,0.033864208,0.034196377,0.48539123,0.6051583,0.0027669892,0.030695936,0.032506574,0.46890622,0.09135443,0.07785342,0.034906074,0.004759917,0.0033893639,0.13161233,0.24250361,0.22214647,0.025586184,0.022065,0.02085198,0.46615818,0.46210307,0.24250361,0.03261792,0.047438674,0.022065,0.23765121,0.9563642,0.7865631,0.024687242,0.0035587407,0.40711835,0.18781774,0.19760413,1.081453,0.14245108,1.140841,1.1419239
beef,beef_portion37_day1_rep3,beef_portion37,1,3,Fresh,0,0.7358888,0.4822844,0.0046140696,0.01746609,0.022733323,0.0058641927,0.10694151,0.9926537,0.7358888,0.0032105616,0.008480003,0.01746609,0.5740441,0.08003238,0.24727274,0.019270519,0.0058686007,0.005520633,0.44725502,0.37150452,0.031996608,0.025428575,0.026038412,0.025849806,0.13435823,0.92938805,0.44725502,0.0020417266,0.053410478,0.025428575,0.41051367,0.007901449,0.17920741,0.02630736,0.018929547,0.0042144977,0.61117387,0.37900162,0.3103378,0.032547098,0.03689693,0.033683155,0.036160044,0.49171498,0.61117387,0.0042954604,0.032400664,0.032547098,0.47418052,0.091378376,0.08102944,0.035145685,0.0051967446,0.0053884545,0.133319,0.24430154,0.22351955,0.024282312,0.022898462,0.022563916,0.46597826,0.457966,0.24430154,0.031145632,0.044320878,0.022898462,0.2396276,0.95622,0.81089336,0.025271323,0.0038336655,0.3885433,0.19125366,0.1942635,1.0941696,0.14373858,1.1521881,1.1557108
beef,beef_portion38_day1_rep1,beef_portion38,1,1,Fresh,0,0.747294,0.49354059,0.00394796,0.021887813,0.03491562,0.0048204204,0.107680336,0.9936336,0.747294,0.005134493,0.007108778,0.021887813,0.58468205,0.07918549,0.2507563,0.028067429,0.0104160225,0.008119633,0.45471075,0.35206446,0.010273565,0.025274308,0.027700242,0.016582293,0.1262561,0.9772692,0.45471075,0.0038670846,0.03340551,0.025274308,0.39886314,0.021805948,0.18219607,0.027413663,0.0053139064,0.006535782,0.5948697,0.35920888,0.2577948,0.021323107,0.026497295,0.029381227,0.048724987,0.56585145,0.5948697,0.002456073,0.03534405,0.021323107,0.45499024,0.09150354,0.10127472,0.024296446,0.0049602822,0.0055939695,0.14637722,0.24208905,0.18861237,0.015483269,0.01690945,0.018327601,0.40433666,0.3950901,0.24208905,0.007853452,0.024872085,0.01690945,0.23718429,0.95429426,0.021587823,0.018986741,0.002256656,0.0027402858,0.20620762,0.19828373,0.96906567,0.12064937,0.959932,0.89341885
beef,beef_portion38_day1_rep2,beef_portion38,1,2,Fresh,0,0.7436455,0.48386854,0.004197893,0.02032473,0.029818628,0.0051074736,0.10593644,0.99328357,0.7436455,0.004291391,0.007533246,0.02032473,0.5775722,0.082643084,0.24874665,0.024523048,0.008502845,0.0071012545,0.45865747,0.35418788,0.010311404,0.028050467,0.030156232,0.016218923,0.12586984,0.9771739,0.45865747,0.003845937,0.032647684,0.028050467,0.40133122,0.022468211,0.18315744,0.029856969,0.005412789,0.0077411076,0.59315187,0.35830113,0.2630294,0.020402405,0.02463375,0.02736519,0.046617243,0.55544484,0.59315187,0.0028034993,0.03242102,0.020402405,0.45363945,0.09150051,0.09762986,0.023066172,0.0045645507,0.005422217,0.1423939,0.24052702,0.18881796,0.014907422,0.015866088,0.01675328,0.4100393,0.40764076,0.24052702,0.008609126,0.028471107,0.015866088,0.23531011,0.95438373,0.019979794,0.017695323,0.0023737315,0.0024226622,0.19744329,0.1956376,0.96405876,0.12172336,0.9605501,0.8934566
beef,beef_portion38_day1_rep3,beef_portion38,1,3,Fresh,0,0.74367005,0.48732448,0.0036090885,0.02011374,0.028999142,0.004426131,0.10692496,0.99409264,0.74367005,0.0041392474,0.0066784304,0.02011374,0.57967514,0.080802895,0.24933948,0.023961084,0.008033933,0.0070618996,0.45368668,0.35294494,0.007270154,0.023661435,0.026129019,0.01248771,0.12710609,0.9834304,0.45368668,0.003415496,0.025516663,0.023661435,0.39922857,0.020792546,0.18292509,0.025838895,0.0042566876,0.006867677,0.5955423,0.3586198,0.25774595,0.019641403,0.022311317,0.027150057,0.048160113,0.5663176,0.5955423,0.0025287925,0.032239407,0.019641403,0.45479965,0.09206441,0.10126425,0.0210575,0.003203422,0.0057838615,0.14821924,0.24557376,0.19153187,0.015678544,0.017674962,0.019817233,0.40489906,0.39601225,0.24557376,0.012540552,0.025961407,0.017674962,0.24092112,0.9537986,0.021722646,0.019679781,0.0019347359,0.0038855996,0.2014276,0.19402829,0.9636831,0.121804416,0.9599728,0.89143515
beef,beef_portion39_day1_rep1,beef_portion39,1,1,Fresh,0,0.75757223,0.51299286,0.004238339,0.019333826,0.022496443,0.005219856,0.11055691,0.99327785,0.75757223,0.0025927308,0.007518713,0.019333826,0.5998845,0.073332034,0.25500405,0.01998114,0.0044684685,0.006024364,0.46163005,0.38286272,0.06938456,0.030870346,0.032907102,0.043857325,0.13158278,0.85197,0.46163005,0.0029361811,0.08710135,0.030870346,0.42345253,0.016227089,0.1721459,0.03294051,0.08322323,0.008256721,0.6092029,0.3785011,0.29551727,0.022948695,0.023660256,0.025818639,0.041210365,0.5138251,0.6092029,0.002355083,0.026632266,0.022948695,0.47337168,0.08959547,0.08874803,0.023320653,0.0032986528,0.0044672205,0.16065075,0.25553605,0.20934296,0.025476113,0.024210738,0.022155492,0.41639802,0.37275887,0.25553605,0.022922007,0.047540955,0.024210738,0.25309062,0.9568915,0.021822399,0.026630495,0.0045935735,0.07355994,0.20311251,0.20954965,0.9774032,0.121778674,0.9677137,0.8973322
beef,beef_portion39_day1_rep2,beef_portion39,1,2,Fresh,0,0.7581715,0.51414394,0.00440162,0.019362073,0.023105167,0.005572756,0.11080524,0.99314064,0.7581715,0.0026671733,0.00790694,0.019362073,0.6007809,0.07297158,0.255225,0.020346865,0.0047870046,0.006034296,0.45530295,0.37273055,0.05667411,0.030051129,0.031341344,0.04274605,0.1303508,0.8777349,0.45530295,0.002852836,0.08653524,0.030051129,0.4141315,0.011358803,0.1728984,0.03182911,0.0041296114,0.0083710095,0.6132312,0.381073,0.29043418,0.023230636,0.02551835,0.026620984,0.04488855,0.52528924,0.6132312,0.003057572,0.027879512,0.023230636,0.47592843,0.08948081,0.09323051,0.024506532,0.004537928,0.0043515475,0.16409855,0.25478235,0.20493375,0.029805664,0.026879068,0.023690995,0.40486416,0.35965434,0.25478235,0.029228322,0.05412612,0.026879068,0.25272602,0.95789874,0.019125618,0.02987665,0.0042176256,0.020061608,0.21310046,0.20518994,0.9797863,0.12754953,0.972438,0.8997002
beef,beef_portion39_day1_rep3,beef_portion39,1,3,Fresh,0,0.7598695,0.5159808,0.004649496,0.018858869,0.022426303,0.005409691,0.110893935,0.9927324,0.7598695,0.0026396827,0.007685874,0.018858869,0.6024536,0.07275372,0.25569564,0.019725725,0.0048857545,0.005895784,0.45504847,0.37236887,0.056761097,0.029482363,0.031366784,0.043183696,0.13038784,0.8770754,0.45504847,0.0034169832,0.08808502,0.029482363,0.4138056,0.019857544,0.17276746,0.031381413,0.090025365,0.00842764,0.6102803,0.37735355,0.29181442,0.02323264,0.025000954,0.028173598,0.04212126,0.52081025,0.6102803,0.0029414003,0.03107033,0.02323264,0.47277042,0.09042159,0.090746775,0.024240602,0.003919078,0.0056767086,0.16347876,0.25357154,0.20156263,0.030877415,0.02745779,0.023635881,0.4005445,0.36027238,0.25357154,0.03045815,0.051195927,0.02745779,0.25134155,0.95771873,0.020594824,0.030621946,0.004093948,0.020248532,0.21275139,0.21056592,0.98067075,0.12322146,0.96391636,0.89786214
beef,beef_portion40_day1_rep1,beef_portion40,1,1,Fresh,0,0.7544433,0.51475954,0.005650075,0.02622558,0.034771144,0.006720999,0.11128445,0.99137074,0.7544433,0.004525086,0.009402291,0.02622558,0.5999625,0.07109075,0.2545942,0.02918795,0.009362959,0.0086682895,0.45120546,0.35211474,0.0055668973,0.021357002,0.023612797,0.008964376,0.12767309,0.986738,0.45120546,0.003287906,0.018208269,0.021357002,0.39765862,0.019953055,0.18286122,0.023187734,0.0042471513,0.0065253396,0.60326266,0.37600857,0.26374418,0.027632665,0.028825585,0.029994419,0.053377405,0.5623279,0.60326266,0.0029053423,0.032406643,0.027632665,0.4678302,0.086338945,0.10454395,0.028149135,0.0038839644,0.0047466345,0.15368097,0.24895607,0.22212772,0.021599954,0.022931617,0.024715709,0.45037353,0.38334376,0.24895607,0.011481597,0.038067244,0.022931617,0.2468579,0.96031797,0.070034124,0.02570902,0.0019506024,0.24654822,0.22065252,0.20051564,0.9744077,0.12435728,0.95903957,0.9021414
beef,beef_portion40_day1_rep2,beef_portion40,1,2,Fresh,0,0.75588673,0.5122924,0.0056023924,0.026518242,0.036590796,0.0068533495,0.1104617,0.9914794,0.75588673,0.004659758,0.0095805805,0.026518242,0.5989394,0.072972775,0.25449404,0.030577747,0.009415743,0.008982706,0.45271155,0.3488359,0.0051870076,0.019848512,0.02185911,0.0076489686,0.12600358,0.98754215,0.45271155,0.0031056958,0.016384633,0.019848512,0.39570487,0.022515358,0.18256028,0.021560054,0.003827642,0.00605697,0.60811776,0.37947962,0.26816386,0.029001066,0.028758032,0.029674469,0.05293774,0.5586073,0.60811776,0.0026444697,0.030943917,0.029001066,0.4719361,0.086838685,0.10400749,0.028503293,0.0041731186,0.0034545,0.15487148,0.24711756,0.22223209,0.022824394,0.024039775,0.02671747,0.45235768,0.37414014,0.24711756,0.015898606,0.040939666,0.024039775,0.24536455,0.96120095,0.203732,0.02692889,0.0032961024,0.39703676,0.22141522,0.19740392,0.95736164,0.12696154,0.95088434,0.9087294
beef,beef_portion40_day1_rep3,beef_portion40,1,3,Fresh,0,0.7547445,0.5145721,0.0053675342,0.025029942,0.033816904,0.005939712,0.11122664,0.9916541,0.7547445,0.0046591093,0.008376609,0.025029942,0.59997237,0.07130287,0.25469133,0.028137155,0.009772208,0.00837363,0.455478,0.35581523,0.0057457676,0.022247849,0.02570376,0.008208948,0.12780099,0.98640436,0.455478,0.0035239903,0.017075544,0.022247849,0.40171316,0.02004044,0.18414335,0.024838554,0.0045662997,0.00702434,0.60529554,0.3762679,0.26782164,0.028857198,0.030333769,0.031879228,0.051946443,0.55727446,0.60529554,0.0033143952,0.03448698,0.028857198,0.46914223,0.087332964,0.10280422,0.029660247,0.004095445,0.0047281315,0.15571533,0.24987525,0.22557542,0.023169288,0.023823455,0.026247358,0.45436877,0.3775538,0.24987525,0.016234018,0.04585468,0.023823455,0.24824695,0.96080583,0.25937003,0.026686547,0.0033911858,0.4336541,0.21659078,0.20110491,0.9565292,0.1252638,0.9561644,0.91447383
beef,beef_portion01_day2_rep1,beef_portion01,2,1,Fresh,0,0.6168756,0.39052585,0.32367146,0.020805527,0.021003837,0.021063399,0.035454813,0.47377044,0.6168756,0.0019459217,0.017708715,0.020805527,0.48441985,0.08821776,0.07833754,0.020383783,0.0027241893,0.0027829872,0.73485273,0.46945623,0.004616546,0.017874692,0.02253719,0.005400591,0.10417118,0.9925972,0.73485273,0.0030823743,0.007968908,0.017874692,0.565989,0.086397655,0.24528588,0.019155549,0.0059879525,0.005581291,0.16913667,0.27288264,0.2708544,0.037430406,0.03807302,0.040453408,0.49342546,0.38838333,0.274319,0.007989104,0.052879892,0.03912906,0.27370012,0.96195513,0.99159485,0.04214282,0.002578161,0.0029338473,0.46496323,0.37047508,0.09427186,0.04075674,0.04192323,0.051248014,0.12196394,0.80203867,0.46496323,0.0030797396,0.095492035,0.04075674,0.41570437,0.018423593,0.16068967,0.042570155,0.004530297,0.009151171,0.1858187,1.2813504,0.12796451,1.1870177,0.18537116,1.2652353
beef,beef_portion01_day2_rep2,beef_portion01,2,2,Fresh,0,0.6161182,0.3902923,0.322978,0.01896525,0.01899388,0.019111715,0.035374254,0.47410735,0.6161182,0.0014109815,0.016034458,0.01896525,0.48427385,0.08782315,0.078661144,0.018462827,0.0025459114,0.0022304335,0.7347036,0.46732965,0.0042856433,0.018642828,0.021985328,0.0054579596,0.10364498,0.9931224,0.7347036,0.002702023,0.008037851,0.018642828,0.5646188,0.087499194,0.2449814,0.019304695,0.004829751,0.0057170023,0.16673347,0.26942778,0.26732105,0.03999359,0.040656853,0.04222891,0.49358535,0.38884622,0.2701584,0.0059477063,0.06100698,0.041258533,0.26990327,0.96212244,0.99173516,0.044916157,0.0030626522,0.0022662925,0.46261173,0.373069,0.100393645,0.0399084,0.040778708,0.05202376,0.12335428,0.78810316,0.46261173,0.0029511333,0.09645821,0.0399084,0.41704977,0.016004233,0.15867047,0.041625082,0.004031807,0.008934242,0.18471017,1.2822083,0.12680113,1.1872085,0.18530443,1.2691685
beef,beef_portion01_day2_rep3,beef_portion01,2,3,Fresh,0,0.6215048,0.3891573,0.32408884,0.020384088,0.019512221,0.018908469,0.034400977,0.47695196,0.6215048,0.0020222878,0.015342853,0.020384088,0.48463067,0.09105149,0.07867312,0.01932948,0.004025635,0.002408461,0.7356329,0.4681632,0.0043368884,0.018276846,0.021398423,0.0050400314,0.10373714,0.99301654,0.7356329,0.0026386427,0.0074758963,0.018276846,0.5654017,0.0874547,0.24526319,0.018773133,0.004760953,0.0055630263,0.17575268,0.27499098,0.274849,0.042663924,0.043291107,0.04485495,0.4973381,0.37059793,0.27635396,0.0069837016,0.05946319,0.044319715,0.27675992,0.963863,0.9910118,0.047748797,0.002972106,0.01880391,0.46524563,0.36949018,0.092499256,0.040154915,0.042420916,0.052982043,0.121543795,0.80573297,0.46524563,0.0034902964,0.09935982,0.040154915,0.41506898,0.01910559,0.16103266,0.04274689,0.005143296,0.010458894,0.18517327,1.2795985,0.12960762,1.1864007,0.18538149,1.2651329
beef,beef_portion02_day2_rep1,beef_portion02,2,1,Fresh,0,0.6018513,0.370095,0.29649135,0.018948397,0.020250896,0.022158017,0.037113804,0.5061344,0.6018513,0.00269293,0.024534795,0.018948397,0.46485484,0.09090783,0.084226616,0.019583758,0.0029788285,0.0038877411,0.72962654,0.4788744,0.0064365487,0.024109367,0.02844214,0.008107929,0.106947646,0.9901148,0.72962654,0.0036081225,0.011432102,0.024109367,0.56992507,0.079031676,0.24548566,0.024917474,0.006617819,0.0072701816,0.14559484,0.23275597,0.2239366,0.022297213,0.022318508,0.02316225,0.4806057,0.37551972,0.23276418,0.0070459177,0.034843493,0.022322731,0.2310219,0.9664762,0.99445075,0.02511214,0.002604327,0.055714194,0.45211312,0.34303775,0.04816022,0.02878232,0.03165343,0.04347346,0.119305715,0.89639825,0.45211312,0.0027171266,0.08812691,0.02878232,0.39162838,0.026399694,0.16871129,0.03178427,0.0048192316,0.0070274407,0.19283485,1.2844477,0.12907778,1.2096949,0.20113213,1.2615007
beef,beef_portion02_day2_rep2,beef_portion02,2,2,Fresh,0,0.6014001,0.37172943,0.29775968,0.019768208,0.019434126,0.020724872,0.037257172,0.5036869,0.6014001,0.0025243147,0.020210283,0.019768208,0.4658646,0.089949235,0.08396446,0.01944626,0.0016952859,0.0029172436,0.7337575,0.48241255,0.0062739183,0.023616413,0.029002028,0.008015261,0.10707664,0.99043304,0.7337575,0.003796356,0.011216772,0.023616413,0.57348084,0.0789777,0.24666317,0.02506778,0.00704241,0.007313374,0.14732823,0.2338069,0.22288801,0.024468103,0.024240257,0.025153253,0.4766499,0.37189564,0.23400518,0.013839577,0.03674108,0.024286821,0.23215891,0.9664895,0.8846548,0.027095443,0.003113014,0.31486118,0.44449323,0.3336188,0.03307619,0.028469533,0.030054243,0.037179098,0.11939098,0.92808557,0.44449323,0.0028013424,0.07619072,0.028469533,0.38241956,0.02774853,0.17042986,0.030555876,0.0042273374,0.006193241,0.19537784,1.2099777,0.13530804,1.1450813,0.21199141,1.1890879
beef,beef_portion02_day2_rep3,beef_portion02,2,3,Fresh,0,0.60400003,0.37324765,0.3007198,0.019577913,0.019327262,0.020267671,0.0366086,0.5008689,0.60400003,0.002288518,0.019820902,0.019577913,0.46758547,0.0903725,0.08323805,0.019318016,0.0020955708,0.002750024,0.73156714,0.4803114,0.0060284105,0.024591312,0.029017242,0.007563758,0.106929235,0.9907348,0.73156714,0.0036793011,0.010696995,0.024591312,0.5714274,0.07912949,0.24604781,0.025436655,0.006753898,0.0074576666,0.14364165,0.23304366,0.22254078,0.024351534,0.02477333,0.0253003,0.4777802,0.3850892,0.23311915,0.0072343936,0.040053993,0.024792686,0.23086406,0.96479934,0.9814232,0.027611421,0.002688893,0.12950432,0.44636524,0.3358641,0.03788029,0.029075103,0.030844314,0.039736617,0.11933141,0.917756,0.44636524,0.002945517,0.08124547,0.029075103,0.38470086,0.027495153,0.16963348,0.031262007,0.0045723883,0.006934264,0.19343363,1.2756943,0.13523161,1.200488,0.2082596,1.2494829
beef,beef_portion03_day2_rep1,beef_portion03,2,1,Fresh,0,0.61457366,0.38689265,0.3190359,0.025984703,0.027739054,0.027774142,0.035600916,0.47980392,0.61457366,0.0015819594,0.025845403,0.025984703,0.4811544,0.088934615,0.07933294,0.026666908,0.003465111,0.0032780909,0.7334808,0.48804256,0.0048104404,0.02351481,0.034120817,0.0057606907,0.10848089,0.9923279,0.7334808,0.004818622,0.008432717,0.02351481,0.5768952,0.0759385,0.24768716,0.028227085,0.009407311,0.008274223,0.16691275,0.23841208,0.20559032,0.029804355,0.029668136,0.029995812,0.4212595,0.30203632,0.23841208,0.007153322,0.04806743,0.029668136,0.23844275,0.96755415,0.010891254,0.03364966,0.0035477467,0.0021908311,0.4439171,0.3455619,0.06988691,0.03621103,0.03668389,0.046873275,0.12029073,0.8472113,0.4439171,0.0034668467,0.09439299,0.03621103,0.39125103,0.021546507,0.16069892,0.037853047,0.0036674917,0.007969384,0.19410908,0.9140927,0.13872346,0.98264986,0.21210657,0.96990883
beef,beef_portion03_day2_rep2,beef_portion03,2,2,Fresh,0,0.6117888,0.38550064,0.31801373,0.025709413,0.02722851,0.027775938,0.035459507,0.4790651,0.6117888,0.00087189424,0.026240226,0.025709413,0.4797786,0.088414185,0.07893996,0.026247092,0.0033956985,0.0032556346,0.7302566,0.47920746,0.004831798,0.022528185,0.03000018,0.0058114054,0.10701379,0.9923145,0.7302566,0.0041105184,0.008498453,0.022528185,0.57040226,0.079139724,0.24591957,0.025345083,0.0076730377,0.007439649,0.16787793,0.24031885,0.2125811,0.029633975,0.03054393,0.033122025,0.4339593,0.30292204,0.24031885,0.016921876,0.049853202,0.03054393,0.24074958,0.9680709,0.012714416,0.034449693,0.0044808458,0.069856,0.4437198,0.34559157,0.07892423,0.034968432,0.036287136,0.048407435,0.119478785,0.82643497,0.4437198,0.003140273,0.098140635,0.034968432,0.3914273,0.021773564,0.15721151,0.037193075,0.0041269516,0.008949593,0.19021267,0.9139566,0.13554835,0.9763474,0.20782693,0.969052
beef,beef_portion03_day2_rep3,beef_portion03,2,3,Fresh,0,0.61423033,0.38341594,0.3145795,0.024821302,0.026519582,0.0262157,0.03529231,0.4867754,0.61423033,0.001511617,0.024183637,0.024821302,0.4781337,0.09032424,0.080708206,0.025662305,0.003484073,0.002892824,0.7304735,0.47776836,0.0048500365,0.02191275,0.027793355,0.0058873175,0.10660161,0.99228287,0.7304735,0.0035400493,0.008575451,0.02191275,0.5695984,0.080041595,0.24574424,0.023905197,0.00660575,0.007012832,0.1584958,0.23092063,0.1965334,0.025140377,0.02664204,0.029168794,0.4177085,0.3143297,0.23092063,0.016825499,0.0480346,0.02664204,0.22972971,0.9669082,0.011742735,0.03017463,0.004041759,0.0038316867,0.44773543,0.34838963,0.080998465,0.035214458,0.036248717,0.048452187,0.11897313,0.82342315,0.44773543,0.003004149,0.0966769,0.035214458,0.3946738,0.022171624,0.15780918,0.037251264,0.0038722954,0.008777027,0.18896669,0.91370684,0.1324949,0.97816145,0.20415708,0.97008723
beef,beef_portion04_day2_rep1,beef_portion04,2,1,Fresh,0,0.6428635,0.4229469,0.36545086,0.023411995,0.026919233,0.025279164,0.032321215,0.430231,0.6428635,0.0030115815,0.019985091,0.023411995,0.51397896,0.08534997,0.070177585,0.025124112,0.004814018,0.0023178388,0.7065255,0.45495513,0.004070339,0.01475696,0.017276008,0.0054731583,0.10504633,0.9933408,0.7065255,0.0024121215,0.008368656,0.01475696,0.547654,0.081425756,0.23886703,0.015418074,0.0041161273,0.0044972473,0.17769854,0.2694706,0.22514261,0.022060256,0.021523083,0.024497114,0.4178813,0.3410189,0.2694706,0.013599181,0.03132785,0.021523083,0.26937154,0.9587858,0.015245268,0.024095528,0.0024346327,0.004774107,0.47334784,0.3746665,0.09248258,0.03308756,0.03464641,0.056425177,0.120946355,0.8089754,0.47334784,0.0035667934,0.10682747,0.03308756,0.4213259,0.020066498,0.16322477,0.03501648,0.0038608934,0.010342079,0.17206259,0.9087026,0.14664344,0.9472108,0.15951644,0.96238345
beef,beef_portion04_day2_rep2,beef_portion04,2,2,Fresh,0,0.642202,0.41848028,0.36193255,0.022705367,0.02514307,0.025466066,0.03163223,0.43516976,0.642202,0.0018865137,0.0210662,0.022705367,0.5107582,0.08728576,0.07050257,0.023906648,0.0034716649,0.0029201945,0.71144485,0.46038017,0.0045195078,0.015997175,0.019312019,0.005603901,0.10548064,0.9926344,0.71144485,0.00269051,0.008483022,0.015997175,0.55268526,0.08083892,0.2403346,0.017025309,0.0044652936,0.004994816,0.17380728,0.2620415,0.21974823,0.020093137,0.021003168,0.02248697,0.41859248,0.33673182,0.2620415,0.012460354,0.02692461,0.021003168,0.26184034,0.9605393,0.014160909,0.023259854,0.0019445091,0.0039451513,0.48126748,0.3825942,0.11409504,0.03528041,0.037158143,0.06043538,0.11937682,0.76796156,0.48126748,0.0031875973,0.11082921,0.03528041,0.4296182,0.020156888,0.15794761,0.03740117,0.0032574045,0.011732613,0.17504957,0.9097836,0.13688178,0.953739,0.16004819,0.96599334
beef,beef_portion04_day2_rep3,beef_portion04,2,3,Fresh,0,0.6441529,0.4223686,0.36934417,0.02408445,0.026746964,0.025735224,0.030613001,0.42528316,0.6441529,0.0025394955,0.019697204,0.02408445,0.51396805,0.086646155,0.06818834,0.025445938,0.0036974093,0.0024577673,0.7143433,0.4627269,0.0046138163,0.015919194,0.019748917,0.005545674,0.10566018,0.99243486,0.7143433,0.0026924103,0.008414098,0.015919194,0.5550821,0.08084037,0.24110043,0.017250275,0.0048552165,0.0050744917,0.17833255,0.26475757,0.22452089,0.022342071,0.023036648,0.02593001,0.42040333,0.32669297,0.26475757,0.014114177,0.030452637,0.023036648,0.26531354,0.96132433,0.013306765,0.025629954,0.0021823118,0.0042543216,0.47059909,0.3698358,0.084448144,0.034082267,0.035158057,0.057696078,0.12070277,0.8254234,0.47059909,0.003508363,0.11032471,0.034082267,0.41695067,0.021240098,0.16455464,0.035570562,0.0030319227,0.010420969,0.17782763,0.9109901,0.15158096,0.9545197,0.16879496,0.96417224
beef,beef_portion05_day2_rep1,beef_portion05,2,1,Fresh,0,0.56932217,0.35475016,0.30903226,0.044089414,0.044793088,0.042396996,0.026883282,0.45792678,0.56932217,0.0041807475,0.037934173,0.044089414,0.4447827,0.08692142,0.065362856,0.044576336,0.004412979,0.0042265435,0.68504256,0.45442557,0.0064079664,0.023818094,0.03356936,0.0083092125,0.107974805,0.98981684,0.68504256,0.0063645216,0.012408063,0.023818094,0.54037136,0.072268605,0.23508418,0.02702568,0.013083425,0.007536755,0.1447915,0.24502538,0.2533026,0.026092775,0.024559785,0.026197271,0.50989383,0.4305984,0.2533026,0.0075401706,0.045886055,0.026197271,0.24407035,0.9659333,0.98639053,0.027734574,0.0036017955,0.003472162,0.43690813,0.3302754,0.06478534,0.047903486,0.051596995,0.056708723,0.116611265,0.86019427,0.43690813,0.0039712805,0.11251988,0.047903486,0.3778394,0.026916837,0.15757836,0.05249771,0.006638439,0.010096186,0.19533874,1.2888907,0.12878531,1.2045299,0.18568946,1.2595935
beef,beef_portion05_day2_rep2,beef_portion05,2,2,Fresh,0,0.5670609,0.35492653,0.308723,0.043408412,0.044553246,0.041516863,0.027241614,0.4561773,0.5670609,0.0047468813,0.036157276,0.043408412,0.44417188,0.08583782,0.065166324,0.044385374,0.0039505316,0.00414241,0.6847445,0.4607331,0.006121262,0.023498314,0.037793543,0.007933228,0.109595925,0.99019545,0.6847445,0.007230748,0.011927951,0.023498314,0.5442919,0.06878363,0.23606968,0.029602949,0.014883193,0.008217505,0.14858669,0.24333481,0.2486066,0.027271587,0.027553944,0.030877711,0.50599676,0.4050806,0.24873734,0.008572597,0.03946468,0.03074698,0.24271697,0.9668037,0.98893386,0.031167828,0.0020784775,0.0039017855,0.43808988,0.3287531,0.061851438,0.048903104,0.054395314,0.059327,0.11591451,0.86757505,0.43808988,0.0042582043,0.11680986,0.048903104,0.37714434,0.0283737,0.15834658,0.05473001,0.008066315,0.0107439775,0.19880348,1.292297,0.12836424,1.210038,0.18871184,1.2603955
beef,beef_portion05_day2_rep3,beef_portion05,2,3,Fresh,0,0.5766063,0.36103362,0.3121042,0.04176184,0.043806974,0.041429594,0.028600542,0.45923653,0.5766063,0.0035729897,0.03690872,0.04176184,0.45124322,0.086770825,0.06713771,0.0429398,0.0050080325,0.0034914473,0.6898577,0.463441,0.0062914486,0.025573537,0.04023996,0.007798377,0.109370984,0.9899539,0.6898577,0.007889423,0.011670094,0.025573537,0.5476453,0.0696262,0.2372276,0.031239735,0.01652698,0.008740533,0.14143889,0.23650357,0.23846096,0.02561846,0.025778424,0.027301248,0.5010216,0.40976876,0.23863089,0.005991741,0.04115985,0.027234057,0.23479506,0.96542066,0.99091005,0.029120699,0.0019385914,0.0023015204,0.42949995,0.3182621,0.043225817,0.04537882,0.047994874,0.04727158,0.11631025,0.9049588,0.42949995,0.0044361674,0.09610328,0.04537882,0.36664218,0.029555716,0.16139908,0.04899631,0.0065275542,0.011179509,0.1962597,1.2931476,0.13898242,1.2117591,0.2002941,1.2575036
beef,beef_portion06_day2_rep1,beef_portion06,2,1,Fresh,0,0.6573869,0.45878688,0.40572852,0.023177758,0.026360441,0.029250907,0.033778068,0.38166806,0.6573869,0.0026576095,0.025675856,0.023177758,0.5432007,0.075482436,0.062401656,0.024706233,0.0037825832,0.0049571088,0.7389447,0.48466292,0.006047531,0.023060063,0.02428277,0.0078043947,0.10688184,0.9908302,0.7389447,0.0026133263,0.010893726,0.023060063,0.5764985,0.080070265,0.2478656,0.022163056,0.004356765,0.0064236918,0.14523768,0.2347689,0.22864081,0.033175543,0.034557093,0.035552572,0.48624673,0.38696402,0.2349128,0.008021124,0.055110004,0.034682952,0.2329194,0.9667049,0.97996837,0.03892826,0.003201419,0.122264445,0.47519147,0.3889069,0.072325006,0.03240656,0.034409255,0.049450867,0.12886603,0.85010487,0.47519147,0.0038960993,0.09685049,0.03240656,0.43175834,0.02336885,0.17406581,0.03455565,0.10304415,0.011431241,0.1884852,1.3162373,0.16614483,1.2000592,0.17207898,1.2565424
beef,beef_portion06_day2_rep2,beef_portion06,2,2,Fresh,0,0.65809536,0.4617949,0.40538582,0.020895107,0.024035694,0.025800617,0.035588626,0.38266668,0.65809536,0.0030609623,0.022469569,0.020895107,0.54517305,0.07409926,0.06363055,0.022366451,0.004434641,0.0045606475,0.7478999,0.49580362,0.0054235165,0.023156628,0.02647753,0.0065551884,0.10805094,0.9916362,0.7478999,0.0027922129,0.00916084,0.023156628,0.58613276,0.07807812,0.25086668,0.023569282,0.0048100515,0.0069561335,0.14538795,0.23444729,0.2267778,0.030839123,0.03219726,0.032862004,0.48332146,0.38401505,0.23445286,0.00568132,0.050813697,0.0321904,0.23252705,0.9667133,0.9920424,0.03625461,0.0031367852,0.06488158,0.4677521,0.38149297,0.049547475,0.028623356,0.030399049,0.04473646,0.13042781,0.8957606,0.4677521,0.0033833066,0.08939698,0.028623356,0.4239814,0.012394528,0.17856473,0.030468596,0.004727517,0.009480051,0.19170524,1.3253136,0.17805828,1.2099798,0.18930127,1.268513
beef,beef_portion06_day2_rep3,beef_portion06,2,3,Fresh,0,0.66015285,0.4592495,0.40252346,0.022642743,0.025422687,0.0281456,0.034632914,0.38899654,0.66015285,0.0033778006,0.02483759,0.022642743,0.54385024,0.07593966,0.06493033,0.023947475,0.0041685845,0.0048704077,0.7445663,0.49358612,0.0061540306,0.025768533,0.029778847,0.007826144,0.10798498,0.9906828,0.7445663,0.0032049564,0.010713563,0.025768533,0.58377355,0.07786648,0.24995846,0.026407586,0.00575245,0.007714392,0.14629352,0.24077414,0.23207922,0.031218521,0.03406366,0.034817573,0.48268163,0.39626545,0.2409145,0.008036789,0.054252382,0.03422054,0.2387329,0.9641722,0.945622,0.03783869,0.0045414423,0.21973345,0.47147423,0.38506025,0.06327686,0.03231054,0.0332624,0.04497521,0.12941,0.868232,0.47147423,0.0034244498,0.08765312,0.03231054,0.42773348,0.012495079,0.17591804,0.033667214,0.004073786,0.008958115,0.18929605,1.2875059,0.17270376,1.1783627,0.18467243,1.2384889
beef,beef_portion07_day2_rep1,beef_portion07,2,1,Fresh,0,0.62068945,0.41765893,0.35659018,0.020415528,0.024937676,0.026917119,0.036790043,0.42423147,0.62068945,0.0026798716,0.029540645,0.020415528,0.50357157,0.07787093,0.06929997,0.02272027,0.0057036793,0.0049321386,0.7240851,0.4468692,0.004743863,0.020763734,0.030260863,0.005888093,0.10041424,0.9924057,0.7240851,0.004617296,0.0086450055,0.020763734,0.5488538,0.09355587,0.24041817,0.024574017,0.00894135,0.0070089344,0.1766797,0.2701829,0.24438487,0.04030533,0.04087734,0.040439297,0.4519764,0.35123044,0.2701829,0.014330814,0.054610137,0.04087734,0.27071637,0.96143395,0.09660615,0.04496339,0.0027605302,0.2888586,0.43043488,0.34438625,0.11909871,0.03835631,0.03975304,0.040911596,0.11833874,0.7262506,0.43043488,0.004995704,0.07583371,0.03835631,0.38701516,0.017448856,0.13833626,0.04064812,0.0041217227,0.01034362,0.17770182,0.9141394,0.1483315,0.92263466,0.20592411,0.95203716
beef,beef_portion07_day2_rep2,beef_portion07,2,2,Fresh,0,0.6205846,0.4193537,0.35785872,0.020558065,0.024778504,0.028264903,0.036917184,0.42208305,0.6205846,0.0035973266,0.032263037,0.020558065,0.50451696,0.07712776,0.069183715,0.022718472,0.0056355335,0.006151078,0.7254374,0.45236078,0.004545695,0.02109546,0.030285165,0.0055053895,0.10148439,0.99266696,0.7254374,0.004368687,0.008192724,0.02109546,0.55257004,0.09129524,0.24143787,0.024975063,0.0083565535,0.0072258217,0.17478935,0.27394298,0.24814138,0.040246617,0.041156504,0.040075112,0.454926,0.36715132,0.27394298,0.011378958,0.054006245,0.041156504,0.2739623,0.9595091,0.036003303,0.04518191,0.0031405496,0.17905396,0.42632064,0.343296,0.119388275,0.037609335,0.038722757,0.03858321,0.11941648,0.7223387,0.42632064,0.005269718,0.07200654,0.037609335,0.38509464,0.015997572,0.13731983,0.0398064,0.0038459145,0.01081988,0.17939149,0.91260797,0.15046966,0.9346769,0.2110884,0.95542103
beef,beef_portion07_day2_rep3,beef_portion07,2,3,Fresh,0,0.6223585,0.41343656,0.3534049,0.020677326,0.026638484,0.030531133,0.035402164,0.43086675,0.6223585,0.0032306393,0.037859816,0.020677326,0.5011824,0.080635875,0.069981076,0.023691028,0.0068554585,0.0074854083,0.72252494,0.4378504,0.004907882,0.020065065,0.026734855,0.0062815244,0.09851215,0.992166,0.72252494,0.0038588387,0.009232469,0.020065065,0.5429454,0.097567774,0.23888019,0.0222061,0.0074176462,0.006388729,0.18208335,0.27648258,0.25161234,0.041257475,0.041379455,0.04097514,0.4542514,0.34663197,0.27648258,0.013375268,0.054231305,0.041379455,0.27762637,0.96150476,0.098855495,0.04556788,0.0029413246,0.2938007,0.42760578,0.34055203,0.115577914,0.039750192,0.040836252,0.04206493,0.11789971,0.73272824,0.42760578,0.005168995,0.07949006,0.039750192,0.3832976,0.018130772,0.1382611,0.04194565,0.004294665,0.011436608,0.17480776,0.90925306,0.14988619,0.91454256,0.20474827,0.9500914
beef,beef_portion08_day2_rep1,beef_portion08,2,1,Fresh,0,0.6011011,0.3699328,0.2996752,0.028819995,0.029169312,0.02903224,0.03543297,0.50072646,0.6011011,0.0010149572,0.0248407,0.028819995,0.46410108,0.0910963,0.08196411,0.029033,0.0022864642,0.0020012152,0.7530851,0.4889926,0.0051477067,0.021833133,0.029617382,0.007296041,0.105866395,0.99223936,0.7530851,0.0038948485,0.010002091,0.021833133,0.58376414,0.08406277,0.2507419,0.024660058,0.008029387,0.0070051416,0.1647475,0.25173545,0.24157548,0.03613448,0.035307635,0.03616773,0.4788626,0.34931797,0.25176185,0.0066170404,0.054028958,0.035296876,0.2522679,0.96601915,0.93731964,0.0390011,0.0040431544,0.24029997,0.4268623,0.31619298,0.0074966257,0.025954664,0.0276098,0.010298084,0.120372,0.9821063,0.4268623,0.0036520697,0.022751534,0.025954664,0.3641355,0.028655812,0.17205992,0.02796963,0.00419148,0.007759944,0.20701368,1.2417715,0.14835493,1.1658155,0.2397864,1.2152312
beef,beef_portion08_day2_rep2,beef_portion08,2,2,Fresh,0,0.6026667,0.3711679,0.3004459,0.02748371,0.02756597,0.027500538,0.03546759,0.500637,0.6026667,0.00090015156,0.023381397,0.02748371,0.46544054,0.091119915,0.08228853,0.027509632,0.0019539967,0.0018739207,0.7603354,0.50089526,0.0048341868,0.025032537,0.037490115,0.0064048413,0.10744576,0.9926322,0.7603354,0.00496632,0.008852087,0.025032537,0.59336615,0.081075296,0.2536178,0.030573986,0.010273071,0.008778725,0.16204542,0.25613818,0.24482143,0.03841161,0.038499445,0.03906086,0.47783828,0.37161347,0.2561562,0.008467205,0.053940423,0.03850197,0.25590172,0.96320945,0.87656593,0.042207457,0.003711783,0.3267115,0.42694223,0.31639543,0.006676998,0.025916511,0.027180076,0.009188789,0.12053379,0.9839091,0.42694223,0.003670442,0.020527583,0.025916511,0.3643071,0.028577108,0.17235796,0.027531339,0.0041780923,0.007817875,0.21405506,1.1980498,0.14917131,1.1314182,0.24865088,1.1752439
beef,beef_portion08_day2_rep3,beef_portion08,2,3,Fresh,0,0.60183686,0.37007338,0.29912326,0.028408758,0.028104886,0.028419185,0.03556405,0.5022797,0.60183686,0.0011154256,0.024137553,0.028408758,0.46452957,0.09122469,0.08251848,0.02813095,0.0020358674,0.0020395154,0.7605982,0.4996079,0.004865516,0.024151407,0.036323313,0.0063752546,0.10708739,0.992527,0.7605982,0.0049199956,0.008765287,0.024151407,0.5927079,0.08178957,0.2534918,0.029554702,0.010176162,0.008524852,0.16400091,0.25486422,0.24462844,0.03857854,0.03758492,0.038317688,0.47926152,0.36116588,0.25494614,0.010030906,0.058380023,0.03763193,0.25513133,0.9648033,0.88507,0.041393664,0.0041015996,0.31585318,0.43142563,0.3184398,0.0069697746,0.025901204,0.026599428,0.009143447,0.12004469,0.98331046,0.43142563,0.0036597564,0.02019076,0.025901204,0.3671517,0.029593565,0.17329295,0.027093623,0.004320498,0.007674016,0.21389382,1.2046063,0.14669986,1.1369091,0.245014,1.1805898
beef,beef_portion09_day2_rep1,beef_portion09,2,1,Fresh,0,0.6223628,0.39836505,0.32249486,0.027646646,0.031005438,0.028718282,0.039169308,0.48095924,0.6223628,0.0038005041,0.0235843,0.027646646,0.49057296,0.08657099,0.082276806,0.029768135,0.0042472337,0.0022239485,0.7742622,0.53968984,0.011866165,0.028494975,0.042075012,0.023199383,0.11329988,0.98375225,0.7742622,0.00534504,0.028569411,0.028494975,0.6216983,0.06684803,0.26029676,0.034537844,0.0112749785,0.009667272,0.19054697,0.2733266,0.2690321,0.032612655,0.02971712,0.031261258,0.48952377,0.3058073,0.27368796,0.008245375,0.055709597,0.029890217,0.27779526,0.969705,0.98869663,0.03347046,0.0046411245,0.086386345,0.5165398,0.43822986,0.14280814,0.03022424,0.03151766,0.042170648,0.13041121,0.72504187,0.5165398,0.0026454,0.06767622,0.03022424,0.47995803,0.007382019,0.1672894,0.031509582,0.018697066,0.0067107296,0.22197738,1.2832758,0.11666496,1.2099531,0.17965768,1.2812669
beef,beef_portion09_day2_rep2,beef_portion09,2,2,Fresh,0,0.62296146,0.3972224,0.325952,0.028123891,0.030664314,0.030891113,0.036948588,0.4759794,0.62296146,0.0033136655,0.02701885,0.028123891,0.48994955,0.087500915,0.08027918,0.029497705,0.0034999275,0.0037723691,0.7736081,0.5317276,0.013323983,0.026440807,0.034894083,0.027271183,0.11155044,0.9818209,0.7736081,0.004818176,0.034271587,0.026440807,0.616575,0.07070481,0.25853798,0.029403629,0.008963184,0.009442958,0.17463915,0.26062632,0.2568188,0.028282883,0.025444316,0.026827913,0.49094078,0.33249378,0.26107135,0.008316933,0.055299316,0.025562132,0.26312932,0.968901,0.9952519,0.028786492,0.005275542,0.002883259,0.517129,0.43812582,0.15038034,0.029858906,0.029550403,0.039669357,0.12884875,0.7103222,0.517129,0.0035468554,0.06229035,0.029858906,0.48026899,0.008703846,0.16421843,0.029973846,0.03250395,0.0072382926,0.2192996,1.2905381,0.11553566,1.2142601,0.17697352,1.2883109
beef,beef_portion09_day2_rep3,beef_portion09,2,3,Fresh,0,0.6272792,0.40229174,0.33223945,0.028944472,0.0322118,0.032388538,0.036828313,0.46960008,0.6272792,0.0029777635,0.028422331,0.028944472,0.49482623,0.087096,0.07921388,0.03064894,0.0037549029,0.003829388,0.777963,0.53506345,0.014224893,0.0277433,0.038514186,0.028941501,0.11153625,0.98081887,0.777963,0.00501082,0.03578608,0.0277433,0.6199717,0.07091899,0.25960827,0.03197787,0.010046209,0.009495383,0.18543896,0.26466963,0.26338166,0.030892143,0.027911343,0.028673733,0.49510983,0.30428413,0.26577282,0.0085035525,0.054086886,0.027866123,0.2689763,0.97240627,0.9947594,0.03166221,0.0036424592,0.0031232196,0.5157283,0.43368173,0.14708516,0.029786399,0.029959643,0.038874127,0.12782659,0.71581495,0.5157283,0.003216602,0.061176606,0.029786399,0.47653282,0.009183496,0.16431081,0.030262941,0.0035850068,0.0062423367,0.22014816,1.2934474,0.11681821,1.2150409,0.18294148,1.2886126
beef,beef_portion10_day2_rep1,beef_portion10,2,1,Fresh,0,0.62735534,0.4049158,0.33488533,0.022698032,0.02520083,0.024383092,0.037208557,0.46486595,0.62735534,0.0037325125,0.021640673,0.022698032,0.49687123,0.08598138,0.07844987,0.023747448,0.0033193075,0.0039450405,0.7261507,0.53015697,0.0050215656,0.028336365,0.035608638,0.0066587017,0.11921921,0.99210334,0.7261507,0.0040733935,0.009512983,0.028336365,0.6009535,0.05049983,0.2529335,0.031005198,0.007836512,0.009277471,0.19662766,0.27822256,0.26063973,0.04790483,0.04626684,0.044223636,0.46049038,0.29948345,0.27823335,0.022908742,0.063861206,0.046261538,0.2821532,0.96727216,0.53618234,0.050881244,0.0045884973,0.49563685,0.49281088,0.41738895,0.09489821,0.03740068,0.03706544,0.054155797,0.13346016,0.81199396,0.49281088,0.0026327793,0.095041685,0.03740068,0.45711648,0.0059629567,0.17582151,0.037286747,0.018939521,0.007222841,0.20624404,1.0160198,0.13215378,1.0111059,0.16917117,1.0414352
beef,beef_portion10_day2_rep2,beef_portion10,2,2,Fresh,0,0.6148819,0.38757244,0.31667724,0.03445264,0.0400136,0.037237898,0.03707239,0.48471406,0.6148819,0.0064425236,0.037267555,0.03445264,0.48103306,0.08882216,0.08075793,0.037464157,0.0063009863,0.007220177,0.7263247,0.52899504,0.0044730925,0.027127394,0.035323244,0.0057046334,0.11900645,0.9927756,0.7263247,0.0041753566,0.008434,0.027127394,0.6002906,0.051210333,0.25285408,0.030439459,0.008252304,0.00911877,0.16961734,0.2541809,0.23522672,0.03446675,0.031178623,0.028819282,0.45944434,0.33662593,0.2541809,0.021065695,0.056698292,0.031178623,0.2549623,0.9652539,0.5303961,0.035150714,0.0032464433,0.4962964,0.4960354,0.4206761,0.09413157,0.03707868,0.037186537,0.053014446,0.13367473,0.81465745,0.4960354,0.0024799833,0.0919156,0.03707868,0.46036565,0.007341427,0.17746593,0.037375018,0.04522868,0.006768294,0.2127301,1.0106508,0.12813543,1.0157543,0.16488434,1.0413196
beef,beef_portion10_day2_rep3,beef_portion10,2,3,Fresh,0,0.6286962,0.4030564,0.33578297,0.023168849,0.02413928,0.023910694,0.035364695,0.4645568,0.6286962,0.0020213493,0.020300409,0.023168849,0.4959912,0.08762517,0.077542864,0.023132613,0.0028815845,0.003300982,0.7285328,0.53069174,0.0049865833,0.028378425,0.03630499,0.0064610443,0.11894017,0.9921915,0.7285328,0.0042016148,0.009245354,0.028378425,0.60199386,0.051288344,0.2534146,0.031437416,0.008316329,0.009391146,0.19074528,0.27407277,0.25511003,0.04552376,0.04303617,0.042654976,0.45939258,0.3102965,0.27407277,0.019349141,0.062019426,0.04303617,0.2771506,0.96622777,0.46234334,0.04778447,0.0042072823,0.49531743,0.4927371,0.41812027,0.10446588,0.0376506,0.036891036,0.049858388,0.13317561,0.7920209,0.4927371,0.0024689543,0.08501677,0.0376506,0.4577897,0.0053921007,0.17297503,0.037233964,0.0026253075,0.0061655985,0.20853728,0.9838217,0.1316394,0.99312055,0.17138211,1.0195929
beef,beef_portion11_day2_rep1,beef_portion11,2,1,Fresh,0,0.6404209,0.42116824,0.34507507,0.033029217,0.04024083,0.041140433,0.040257603,0.46110743,0.6404209,0.003404346,0.03752828,0.033029217,0.5116672,0.08360198,0.08065276,0.037037663,0.0058969688,0.0050162803,0.7513382,0.48361886,0.04227936,0.031344622,0.045109536,0.04739644,0.10152759,0.94360626,0.7513382,0.006466845,0.060829084,0.031344622,0.5802093,0.08644,0.24244843,0.037115958,0.012020594,0.010504921,0.107814975,0.20249198,0.18219292,0.028563585,0.024834288,0.025211757,0.46155417,0.4745234,0.20249337,0.014363011,0.08516454,0.024832947,0.19411184,0.9607724,0.3500805,0.029223274,0.0033436439,0.4746349,0.47361237,0.35987884,0.005609226,0.018808965,0.019373586,0.0076698866,0.12412427,0.9868786,0.47361237,0.003446351,0.016010268,0.018808965,0.40975347,0.026447065,0.18753761,0.019186791,0.0050965645,0.0053125806,0.1757382,0.97101015,0.15835865,0.961828,0.18886381,0.97256637
beef,beef_portion11_day2_rep2,beef_portion11,2,2,Fresh,0,0.63561153,0.41209006,0.3407704,0.027305104,0.033823974,0.03321593,0.03751588,0.46314883,0.63561153,0.003443568,0.030709622,0.027305104,0.50395125,0.08603701,0.07910762,0.031116232,0.0055693546,0.0038576855,0.7518304,0.4833088,0.03826912,0.032177653,0.04350841,0.044800647,0.10180167,0.94909096,0.7518304,0.005440334,0.05709984,0.032177653,0.5801078,0.08688375,0.24341811,0.036583956,0.0106382845,0.00933776,0.11338041,0.209615,0.1897957,0.030147653,0.027223641,0.02681794,0.4628584,0.4661851,0.209615,0.01399977,0.08224143,0.027223641,0.20209295,0.96040154,0.34047252,0.03169107,0.0031774451,0.471761,0.47544432,0.36114776,0.0065408475,0.019332487,0.022097122,0.011249259,0.12402423,0.9850332,0.47544432,0.0040568393,0.021815617,0.019332487,0.41144535,0.026614858,0.18775132,0.02109891,0.0060544712,0.005572301,0.18110348,0.9612197,0.15456969,0.95673823,0.1875584,0.96907675
beef,beef_portion11_day2_rep3,beef_portion11,2,3,Fresh,0,0.63316774,0.4092204,0.34727582,0.028968029,0.035002593,0.035434,0.034010343,0.45092034,0.63316774,0.0025150273,0.03270117,0.028968029,0.50138324,0.087083586,0.07420019,0.032568943,0.005518659,0.004247726,0.74970955,0.48401687,0.05548264,0.0308419,0.045212865,0.052410696,0.100637615,0.9257869,0.74970955,0.0065558935,0.06754417,0.0308419,0.58000076,0.08573589,0.23918656,0.0371612,0.012215094,0.01148866,0.107998416,0.20108055,0.19425511,0.03176048,0.029564193,0.029122269,0.48580348,0.47257864,0.20110837,0.008200659,0.08838504,0.029570304,0.19364767,0.9646608,0.9964424,0.03444168,0.003532265,0.003076499,0.45980087,0.34998533,0.005506844,0.017710729,0.01848436,0.0072525097,0.12438023,0.9869376,0.45980087,0.003427465,0.015837789,0.017710729,0.3986042,0.025323043,0.18369082,0.0182743,0.004788158,0.004974436,0.18276496,1.3097228,0.16237639,1.2227895,0.19908339,1.2589391
beef,beef_portion12_day2_rep1,beef_portion12,2,1,Fresh,0,0.66883534,0.463959,0.37388325,0.027037287,0.028173953,0.029990565,0.049122088,0.44000292,0.66883534,0.0033439817,0.023820676,0.027037287,0.54800946,0.07475154,0.08370803,0.026636798,0.0028615075,0.0044821203,0.7728543,0.51651335,0.010269473,0.024252074,0.026556954,0.02076769,0.10862239,0.98585206,0.7728543,0.0033456804,0.025865365,0.024252074,0.60694474,0.07830613,0.25684035,0.023556335,0.0062487386,0.006744093,0.14453894,0.24523486,0.22875501,0.03619977,0.03316424,0.030470438,0.47069216,0.4162444,0.24524987,0.016261062,0.06795484,0.033164646,0.24228963,0.9603258,0.6671807,0.036928657,0.004121725,0.4693351,0.48015213,0.39413032,0.09842214,0.03298735,0.037291776,0.056895055,0.12732683,0.7993958,0.48015213,0.0029805903,0.10812527,0.03298735,0.43721265,0.012650745,0.16684528,0.036893368,0.0050561284,0.009622534,0.18292293,1.1036968,0.1518033,1.038899,0.20302396,1.0892284
beef,beef_portion12_day2_rep2,beef_portion12,2,2,Fresh,0,0.6697329,0.4574307,0.37358755,0.02625217,0.027241062,0.028708322,0.045448367,0.4411212,0.6697329,0.0038742044,0.022964714,0.02625217,0.54442185,0.07859834,0.08189174,0.02591603,0.0029486548,0.0042147078,0.770247,0.5190925,0.009321312,0.024576018,0.03437437,0.018170549,0.10957171,0.9868466,0.770247,0.005327857,0.022609403,0.024576018,0.6077423,0.0757632,0.25704768,0.027959585,0.011284804,0.0080201235,0.139418,0.23858184,0.22788183,0.033721853,0.031786744,0.02893001,0.47973013,0.42117456,0.23873207,0.015203064,0.05917242,0.031735685,0.23542862,0.96178055,0.8773237,0.035452202,0.0027399443,0.32345435,0.47276998,0.3827305,0.083475545,0.03418774,0.038202565,0.057031646,0.12609419,0.82809836,0.47276998,0.0036217251,0.11048441,0.03418774,0.4269174,0.015026941,0.16815406,0.037898105,0.0054788315,0.010084596,0.18627164,1.2280878,0.1590277,1.1438472,0.21044862,1.1983038
beef,beef_portion12_day2_rep3,beef_portion12,2,3,Fresh,0,0.6774119,0.46360165,0.37956366,0.02575214,0.027768983,0.027930977,0.045328047,0.43856484,0.6774119,0.0035928674,0.021743212,0.02575214,0.5508221,0.07888484,0.08204712,0.025936197,0.0033593315,0.0037126106,0.7778955,0.52912617,0.00774749,0.018979663,0.028702997,0.016321827,0.11074892,0.98899895,0.7778955,0.0048024943,0.020388491,0.018979663,0.61629933,0.07390126,0.25990003,0.02251812,0.010628868,0.006539045,0.14776035,0.24507375,0.23097956,0.03327259,0.03018126,0.02895989,0.47384056,0.40130973,0.24507375,0.011756902,0.064167194,0.03018126,0.24297476,0.96175,0.7502478,0.033870634,0.0041278284,0.43171984,0.4847996,0.3948117,0.10659822,0.03246914,0.03641089,0.054950617,0.12499251,0.7837715,0.4847996,0.0028076489,0.10310934,0.03246914,0.4394487,0.014758007,0.1645701,0.035937354,0.0048684683,0.0101310015,0.18958841,1.1492227,0.15272956,1.080781,0.20943224,1.1306697
beef,beef_portion13_day2_rep1,beef_portion13,2,1,Fresh,0,0.64912593,0.44960898,0.38467517,0.020241363,0.023159381,0.024363607,0.038304456,0.40617222,0.64912593,0.0019690848,0.020961389,0.020241363,0.5335887,0.074575804,0.069295704,0.021244932,0.0035140463,0.0033759244,0.7482479,0.5202353,0.009481604,0.032903712,0.050155915,0.016434755,0.11311761,0.9864627,0.7482479,0.006787689,0.021196904,0.032903712,0.6015775,0.06561173,0.25400648,0.04080847,0.0147825945,0.011465235,0.13696073,0.22751543,0.2010704,0.033475053,0.029979937,0.029094487,0.44919103,0.4035594,0.22751543,0.011942312,0.077173874,0.029979937,0.22316656,0.96207124,0.015292951,0.034316875,0.004565411,0.0995134,0.5062512,0.41466376,0.095458984,0.029451689,0.032364905,0.058816668,0.12755439,0.8141704,0.5062512,0.0032594637,0.108067304,0.029451689,0.45946077,0.013595621,0.17643699,0.031886514,0.004947278,0.011504611,0.1970302,0.9417677,0.14384988,1.0019075,0.17005844,0.99066055
beef,beef_portion13_day2_rep2,beef_portion13,2,2,Fresh,0,0.6531334,0.44916335,0.39351344,0.022216896,0.02525248,0.024346435,0.033573892,0.39611852,0.6531334,0.0026251702,0.018028472,0.022216896,0.53467464,0.07760823,0.06531547,0.024120001,0.0039115315,0.0021601294,0.75284785,0.5157684,0.020421945,0.032247722,0.046198368,0.028037677,0.11056565,0.9717762,0.75284785,0.006708696,0.03698139,0.032247722,0.6002239,0.07008857,0.25204393,0.037899856,0.013660175,0.011640353,0.14874332,0.2321372,0.21403992,0.036828805,0.032184385,0.029717617,0.46045887,0.3655089,0.23213859,0.019592138,0.07599972,0.032182768,0.23021479,0.96560353,0.5170499,0.03692181,0.0046971445,0.49714628,0.5010094,0.40278432,0.09218493,0.03147035,0.033496387,0.057576813,0.12440482,0.81913847,0.5010094,0.003651915,0.106666066,0.03147035,0.44957805,0.017515408,0.17414676,0.033252124,0.005306193,0.010866482,0.19804235,1.0417751,0.15065466,1.0045307,0.17755586,1.0317819
beef,beef_portion13_day2_rep3,beef_portion13,2,3,Fresh,0,0.65077835,0.4465028,0.38855672,0.021278959,0.023933211,0.023686962,0.034294203,0.40148038,0.65077835,0.0026072392,0.018600885,0.021278959,0.531969,0.07748006,0.066779226,0.022839041,0.0038187394,0.0027812526,0.7524125,0.5165221,0.013389498,0.030907027,0.04571222,0.01985417,0.11142735,0.98131007,0.7524125,0.006478792,0.025696604,0.030907027,0.60055333,0.06935982,0.2534033,0.037245326,0.013779544,0.010530827,0.13796757,0.22870247,0.20729806,0.035134364,0.029176777,0.030068139,0.45818818,0.40227017,0.22870247,0.012572147,0.0899481,0.029176777,0.22494343,0.9625237,0.09435047,0.033700988,0.0062698177,0.2879552,0.49913022,0.4022481,0.082010575,0.030734021,0.03378966,0.058794867,0.12576294,0.8389132,0.49913022,0.0033109544,0.10966202,0.030734021,0.44842738,0.016650083,0.17698717,0.033272896,0.005161013,0.011099948,0.1989932,0.93719107,0.15108038,0.98189723,0.17821349,0.9754234
beef,beef_portion14_day2_rep1,beef_portion14,2,1,Fresh,0,0.6268661,0.41033006,0.32951257,0.036393877,0.037329886,0.0361416,0.043439824,0.47405964,0.6268661,0.004427499,0.03148581,0.036393877,0.4999295,0.08248434,0.083119266,0.0365675,0.0045848624,0.004742345,0.7585304,0.50313425,0.0054480745,0.024202533,0.028285928,0.006652935,0.10820315,0.9915866,0.7585304,0.0034299083,0.009413919,0.024202533,0.59411436,0.078927994,0.2535092,0.024774779,0.006331405,0.007555382,0.16951768,0.25931677,0.22039437,0.029797161,0.028692052,0.030242933,0.4270635,0.34861714,0.25931677,0.006835639,0.04036152,0.028692052,0.25856668,0.9606579,0.011936606,0.03206098,0.0020977538,0.0026490225,0.46951848,0.37966448,0.06979474,0.024526682,0.02403488,0.038259353,0.12674963,0.85259545,0.46951848,0.0041054604,0.076052845,0.024526682,0.42347422,0.014593058,0.17249618,0.024837915,0.0032867915,0.007905618,0.19472073,0.91351616,0.13580452,0.97385687,0.19954987,0.97365934
beef,beef_portion14_day2_rep2,beef_portion14,2,2,Fresh,0,0.6301373,0.41060454,0.33553088,0.040038113,0.041792594,0.040546604,0.03992562,0.46769294,0.6301373,0.004458135,0.034502704,0.040038113,0.5013342,0.08419739,0.0804646,0.040757436,0.004118607,0.0042596767,0.7578917,0.5000714,0.005348419,0.023234611,0.027511738,0.006408921,0.10763282,0.99180907,0.7578917,0.003234458,0.008835249,0.023234611,0.5920608,0.08027508,0.25300065,0.024014141,0.0059292084,0.0071456195,0.16448864,0.25312027,0.21433432,0.029692737,0.027751487,0.028954983,0.42672014,0.35263488,0.25312027,0.004372967,0.04304041,0.027751487,0.251752,0.961166,0.011843749,0.031209046,0.0018178967,0.0017876792,0.46856582,0.38071284,0.075095735,0.02508786,0.025914166,0.045320503,0.12733054,0.84092724,0.46856582,0.0036435267,0.09170115,0.02508786,0.4239857,0.013748966,0.17043118,0.026220214,0.0036737896,0.0108504025,0.19497535,0.91437083,0.13798463,0.97464645,0.19872767,0.9759168
beef,beef_portion14_day2_rep3,beef_portion14,2,3,Fresh,0,0.62473196,0.40103418,0.33839372,0.03981524,0.04155337,0.040702883,0.033736218,0.45846814,0.62473196,0.003355945,0.03511706,0.03981524,0.49338725,0.08725099,0.07481621,0.040442783,0.0043411655,0.004558036,0.7547388,0.49548072,0.006469441,0.022411108,0.025836943,0.008407931,0.10695159,0.9904548,0.7547388,0.0029846027,0.011239965,0.022411108,0.58820355,0.08133193,0.25174418,0.022721857,0.005632505,0.0064442167,0.1632246,0.24786443,0.23604238,0.03381737,0.030894617,0.03220443,0.47475356,0.3454489,0.24786443,0.010172638,0.05182373,0.030894617,0.24835065,0.96626955,0.8589257,0.035012335,0.003626062,0.3468865,0.46469638,0.3741773,0.082556754,0.025105018,0.02563102,0.04195082,0.12509982,0.8233371,0.46469638,0.0027994283,0.0849562,0.025105018,0.41837505,0.015661512,0.16604309,0.026139252,0.0036410526,0.009536177,0.20082,1.2031393,0.13810948,1.1257371,0.20124364,1.1885496
beef,beef_portion15_day2_rep1,beef_portion15,2,1,Fresh,0,0.64868075,0.41911286,0.33317164,0.029675197,0.030224744,0.029033009,0.043245893,0.48535824,0.64868075,0.004589711,0.022752538,0.029675197,0.51289797,0.087152325,0.08810677,0.02911926,0.0042903656,0.004096452,0.7555569,0.49354452,0.0056014084,0.02367484,0.026839556,0.0073241,0.106384225,0.9916192,0.7555569,0.0030166898,0.010125513,0.02367484,0.58735514,0.08269399,0.25169855,0.023812503,0.0053683673,0.007074295,0.21812524,0.27812034,0.2583131,0.03683915,0.035216216,0.033152614,0.44239357,0.21748781,0.27813125,0.027199239,0.041484658,0.03520321,0.28621167,0.97540486,0.068907306,0.038971137,0.0034559509,0.24465041,0.46446964,0.3917411,0.15928449,0.030754164,0.031591497,0.039251897,0.125366,0.6573444,0.46446964,0.004805203,0.07099037,0.030754164,0.43225437,0.009085591,0.1388354,0.03197353,0.003533449,0.013621518,0.17979439,0.91692305,0.12317142,0.9597045,0.2054569,0.97979146
beef,beef_portion15_day2_rep2,beef_portion15,2,2,Fresh,0,0.6482203,0.4184887,0.33143932,0.028597467,0.029932749,0.029335221,0.043674577,0.4876855,0.6482203,0.0040575755,0.02443719,0.028597467,0.51212704,0.08714559,0.08874177,0.028568929,0.0040698405,0.0044266423,0.7545048,0.49120793,0.00533971,0.021293927,0.027685484,0.0071201283,0.10605607,0.9920215,0.7545048,0.0036494297,0.00983969,0.021293927,0.5855439,0.0834155,0.25126263,0.023356497,0.0072077727,0.0067196665,0.21686774,0.28104106,0.2636546,0.036757514,0.037604865,0.03722791,0.45081535,0.22937287,0.28111067,0.025816571,0.045520354,0.037717283,0.2887736,0.9744863,0.1777116,0.041009944,0.0041690674,0.37732828,0.46772203,0.39274007,0.16192012,0.033522483,0.0327372,0.045230437,0.12393469,0.6549808,0.46772203,0.004357846,0.082407996,0.033522483,0.4338681,0.01016576,0.13812993,0.0336091,0.0027306746,0.014451642,0.17837313,0.9193345,0.12037253,0.9420666,0.20290409,0.9759781
beef,beef_portion15_day2_rep3,beef_portion15,2,3,Fresh,0,0.6472301,0.41922465,0.33001834,0.028708188,0.029889729,0.029395485,0.045023985,0.48913506,0.6472301,0.004302907,0.024438914,0.028708188,0.51224864,0.086242385,0.08966115,0.028632553,0.0040839114,0.0042583477,0.75745785,0.49624845,0.0056733973,0.023237184,0.0277629,0.007070396,0.10679988,0.991496,0.75745785,0.0033041053,0.009724163,0.023237184,0.5896112,0.082141615,0.25233373,0.024096476,0.006436052,0.007072278,0.21665452,0.27978465,0.2612352,0.036454923,0.036889866,0.0356823,0.4475685,0.22696608,0.27985564,0.025928434,0.040447723,0.036972865,0.28747863,0.97468245,0.15960945,0.04037386,0.0035703415,0.36064646,0.46287853,0.38851392,0.15617955,0.03158017,0.033021726,0.04702833,0.12438374,0.66368765,0.46287853,0.0046192724,0.08894901,0.03158017,0.4294052,0.009989898,0.13869992,0.03332677,0.003551035,0.015228555,0.18017809,0.9190974,0.12280992,0.9468427,0.20924737,0.975301
beef,beef_portion16_day2_rep1,beef_portion16,2,1,Fresh,0,0.629506,0.38345847,0.3184149,0.02899851,0.036316473,0.032826465,0.032831825,0.49357197,0.629506,0.0037477913,0.030772585,0.02899851,0.48392764,0.09738481,0.081645966,0.03299425,0.006328385,0.003214707,0.7366904,0.4654241,0.00481044,0.019150306,0.022601912,0.0062072207,0.10287822,0.9924288,0.7366904,0.0029532218,0.008890219,0.019150306,0.56411,0.089347,0.24494804,0.01971629,0.0054163784,0.005739368,0.1540522,0.25752226,0.24018256,0.01775383,0.018232044,0.019765848,0.4696131,0.4015542,0.25752226,0.01183082,0.027964413,0.018232044,0.255948,0.9587029,0.43748787,0.020360349,0.0020580674,0.49483654,0.44499665,0.35668063,0.043173134,0.02789556,0.027613817,0.030659225,0.1278923,0.9046708,0.44499665,0.0021747274,0.06188127,0.02789556,0.39952484,0.015002619,0.17243089,0.028421294,0.0026282594,0.0044656945,0.18210267,0.9594098,0.14883737,0.9422394,0.19461268,0.99067646
beef,beef_portion16_day2_rep2,beef_portion16,2,2,Fresh,0,0.6307927,0.38213265,0.32217366,0.02924887,0.035360396,0.033664346,0.030925693,0.48873565,0.6307927,0.0029541154,0.031473424,0.02924887,0.48353216,0.09870113,0.079264656,0.032513916,0.0056222267,0.0034579071,0.737167,0.46268252,0.004649319,0.01941142,0.023465775,0.005970918,0.10224585,0.9926648,0.737167,0.0029523666,0.008679128,0.01941142,0.5626106,0.09103216,0.24467352,0.020372657,0.00510879,0.0059736725,0.15208757,0.25432235,0.24235564,0.017962046,0.017953405,0.018751863,0.47817457,0.4020237,0.25434124,0.0051255603,0.02725474,0.018032521,0.2528859,0.96056485,0.93302673,0.020185106,0.0011733155,0.24651827,0.44247437,0.35394296,0.03964264,0.02821774,0.028059447,0.03077991,0.12809929,0.912232,0.44247437,0.0024112337,0.06254073,0.02821774,0.39659885,0.015357023,0.17260034,0.028782487,0.002851743,0.00435172,0.18350017,1.2348751,0.15236533,1.1514542,0.19616622,1.2216053
beef,beef_portion16_day2_rep3,beef_portion16,2,3,Fresh,0,0.62662816,0.38066193,0.31435072,0.030076385,0.0354598,0.03465548,0.03353366,0.4979627,0.62662816,0.0026348394,0.032940924,0.030076385,0.48119396,0.09737656,0.08243655,0.03297904,0.00512706,0.0037787836,0.7370752,0.46421468,0.0046928986,0.018474432,0.023132203,0.005726816,0.10260395,0.9925198,0.7370752,0.003125108,0.008354853,0.018474432,0.5634921,0.09013577,0.24485412,0.01980717,0.005647643,0.005780121,0.15249597,0.25773135,0.23627652,0.022043066,0.021252451,0.022619743,0.46348628,0.40920734,0.25773135,0.024256738,0.036672253,0.021252451,0.2555945,0.95763606,0.43664977,0.023566352,0.0025455009,0.49331516,0.44075793,0.35338852,0.03386479,0.026674954,0.026511088,0.028389154,0.12869616,0.9245811,0.44075793,0.0020341752,0.05792589,0.026674954,0.3958472,0.014648081,0.17385507,0.027263852,0.002774559,0.0042458,0.18222208,0.95729226,0.14995138,0.94028896,0.197089,0.9889177
beef,beef_portion17_day2_rep1,beef_portion17,2,1,Fresh,0,0.6401469,0.41636667,0.34891132,0.022436129,0.023340859,0.023518505,0.035756573,0.45354405,0.6401469,0.0018584516,0.0184394,0.022436129,0.5085664,0.08625564,0.076640315,0.02198402,0.0024564732,0.0027208778,0.7567036,0.4961483,0.0066729514,0.021808915,0.02971197,0.009563605,0.10671819,0.9901085,0.7567036,0.004004862,0.01244406,0.021808915,0.5892454,0.08189761,0.25211588,0.024678364,0.008410358,0.0067456374,0.1583045,0.2302833,0.18923368,0.024202704,0.020088723,0.02210832,0.4023697,0.31396297,0.2302833,0.012853024,0.057319988,0.020088723,0.22888327,0.9658109,0.016173549,0.023553902,0.0046115643,0.003396669,0.46614403,0.35806254,0.08059458,0.03275927,0.034670413,0.04311508,0.11754554,0.8300885,0.46614403,0.0032479824,0.082729585,0.03275927,0.40716502,0.025485788,0.16335912,0.03498457,0.0050739837,0.0066310484,0.19318324,0.9249304,0.14661296,0.9832763,0.21026962,0.96832806
beef,beef_portion17_day2_rep2,beef_portion17,2,2,Fresh,0,0.6404911,0.41659424,0.35306776,0.021201082,0.022144929,0.023001578,0.034168582,0.4473404,0.6404911,0.0022358524,0.018927285,0.021201082,0.5089555,0.08663933,0.074510254,0.021044455,0.0026716546,0.0034871702,0.75456625,0.49180064,0.008946365,0.022176826,0.028874367,0.015775707,0.10591338,0.9873019,0.75456625,0.0033540663,0.020037545,0.022176826,0.5859423,0.08326674,0.25071618,0.024553029,0.0070839114,0.006049481,0.15706311,0.24130094,0.19925441,0.02494883,0.021206258,0.023844438,0.41517282,0.350714,0.24130094,0.010472792,0.05622748,0.021206258,0.23916107,0.9616269,0.015195903,0.024596622,0.004256941,0.0034849965,0.4613501,0.3540395,0.078566685,0.03182287,0.034378007,0.04632268,0.11756086,0.8329141,0.4613501,0.0024710628,0.09147325,0.03182287,0.40275407,0.025438465,0.16227804,0.03457222,0.0050446377,0.0073997127,0.19231974,0.91755676,0.15075633,0.9732644,0.21147896,0.96168834
beef,beef_portion17_day2_rep3,beef_portion17,2,3,Fresh,0,0.6391351,0.4174206,0.3523845,0.021566642,0.022388507,0.023606718,0.034765262,0.44726613,0.6391351,0.002947239,0.019538105,0.021566642,0.5089313,0.08555863,0.074882954,0.021381253,0.002411413,0.0036829833,0.75575596,0.49367175,0.008064166,0.02114975,0.028299537,0.013439346,0.106235184,0.9883444,0.75575596,0.0036400843,0.017213514,0.02114975,0.58746624,0.08282642,0.2513555,0.023730448,0.007713177,0.0060334904,0.15398687,0.24202745,0.20066077,0.024625931,0.020453913,0.025426822,0.41929746,0.36514693,0.24204662,0.01901931,0.05833484,0.020452498,0.23940662,0.96006906,0.04564132,0.02375165,0.0047526443,0.17015597,0.4605805,0.3512662,0.070049204,0.031837787,0.03347382,0.043433573,0.11769627,0.8505813,0.4605805,0.0026559622,0.08638837,0.031837787,0.40044126,0.026304796,0.16452654,0.034010347,0.004563819,0.007814611,0.19317806,0.91556925,0.15269929,0.9659288,0.21380436,0.9549773
beef,beef_portion18_day2_rep1,beef_portion18,2,1,Fresh,0,0.63355386,0.40439913,0.3433221,0.023575708,0.02649107,0.026767688,0.033000596,0.45696715,0.63355386,0.0019825522,0.023963103,0.023575708,0.49835512,0.089481525,0.07480648,0.024896855,0.004453992,0.0033498735,0.7680509,0.51164705,0.018313045,0.02497545,0.027709043,0.024435049,0.10788218,0.9754003,0.7680509,0.002226104,0.030887779,0.02497545,0.60232997,0.07878361,0.2542445,0.024746943,0.004610058,0.005881085,0.21263248,0.2789311,0.2489742,0.029501164,0.02226189,0.021371646,0.41896322,0.23867553,0.2789311,0.02392873,0.05766844,0.02226189,0.28547248,0.97119236,0.012007955,0.025692899,0.005330656,0.052892696,0.49281305,0.402869,0.18724377,0.033804487,0.035582397,0.046849694,0.11545498,0.6224241,0.49281305,0.0023952357,0.073861845,0.033804487,0.44884932,0.017480975,0.13305734,0.035869144,0.0030471755,0.010195918,0.20766132,0.9092176,0.1050146,0.9774817,0.2049406,0.9751463
beef,beef_portion18_day2_rep2,beef_portion18,2,2,Fresh,0,0.6338994,0.39921352,0.33214712,0.023448508,0.026183667,0.027454028,0.034833543,0.47484842,0.6338994,0.0017584644,0.025940979,0.023448508,0.49533898,0.09171475,0.07948041,0.024544155,0.0041249795,0.0040486087,0.77041185,0.512493,0.017481709,0.023980545,0.027511507,0.022146136,0.107713155,0.9765743,0.77041185,0.0025379437,0.027964996,0.023980545,0.60358775,0.07931792,0.25487027,0.024366004,0.005248685,0.0056600617,0.22385202,0.28868654,0.24950795,0.034317728,0.028643407,0.025478372,0.3944467,0.22745559,0.28868654,0.029517537,0.048970386,0.028643407,0.29589376,0.9702412,0.014348323,0.032142647,0.0044499296,0.0053107995,0.5019518,0.40948313,0.18578053,0.035505943,0.036780894,0.05165283,0.1157772,0.6327073,0.5019518,0.0036384573,0.0830205,0.035505943,0.4560042,0.018009795,0.13697837,0.037091497,0.0033426173,0.012257229,0.20647779,0.9032327,0.10141825,0.97276443,0.19859025,0.9733541
beef,beef_portion18_day2_rep3,beef_portion18,2,3,Fresh,0,0.6338396,0.4029437,0.33456126,0.021950155,0.024751944,0.025590193,0.035496723,0.47086653,0.6338396,0.0016253659,0.024727602,0.021950155,0.49778095,0.08979719,0.07923556,0.023044972,0.004394414,0.0038415976,0.7762523,0.51895326,0.015540073,0.024343373,0.027953887,0.021068724,0.10835652,0.9791064,0.7762523,0.0023944904,0.026509635,0.024343373,0.6094625,0.078594245,0.25705203,0.024778372,0.005215015,0.006176044,0.22043127,0.28714356,0.24682282,0.035815742,0.028295372,0.025945665,0.394401,0.23501791,0.28714356,0.024447111,0.057159565,0.028295372,0.2937857,0.96930385,0.014976052,0.032047745,0.0054404303,0.0036570725,0.49281245,0.40183285,0.17266043,0.032295685,0.03405105,0.048467606,0.11680691,0.6519836,0.49281245,0.0031139273,0.08001364,0.032295685,0.44778982,0.017319938,0.1396624,0.03434721,0.0031768521,0.011189961,0.21027833,0.90513825,0.10678702,0.9755082,0.20898068,0.9723875
beef,beef_portion19_day2_rep1,beef_portion19,2,1,Fresh,0,0.6145223,0.38931257,0.31570053,0.028065754,0.028972311,0.029416107,0.03824734,0.4854746,0.6145223,0.004481159,0.02731534,0.028065754,0.48209018,0.087455414,0.081823476,0.02840762,0.0038808885,0.004385528,0.74576825,0.49569523,0.0054665133,0.025913531,0.032955136,0.0066590905,0.10837553,0.9915747,0.74576825,0.0044487095,0.009427759,0.025913531,0.58548534,0.07731095,0.25050968,0.027978439,0.008772374,0.008372836,0.16924587,0.24936934,0.23634182,0.02350043,0.022978706,0.022680765,0.4714723,0.322173,0.24936934,0.012197617,0.03867605,0.022978706,0.25091434,0.96763325,0.6276171,0.025936076,0.0029368612,0.482963,0.45775986,0.35333037,0.066006675,0.024525143,0.024967179,0.03841198,0.11967371,0.85769725,0.45775986,0.002397695,0.077898644,0.024525143,0.4010492,0.02369459,0.16614002,0.025629655,0.0026850344,0.0058512655,0.19811235,1.0611532,0.13320045,1.023143,0.20978476,1.0613773
beef,beef_portion19_day2_rep2,beef_portion19,2,2,Fresh,0,0.6166544,0.38925713,0.3173302,0.027657088,0.028545516,0.03051701,0.036890116,0.48472878,0.6166544,0.0021360277,0.028378585,0.027657088,0.48285905,0.08854147,0.0814202,0.02799774,0.0024242913,0.0042105685,0.74483216,0.49392295,0.005419241,0.025253767,0.031273387,0.0061681494,0.10816314,0.99158365,0.74483216,0.004535909,0.008798443,0.025253767,0.584135,0.0778224,0.2501288,0.02650523,0.009350083,0.007924011,0.16811803,0.2522847,0.23451945,0.021561284,0.021456292,0.022598023,0.4630641,0.33409807,0.25231975,0.015105004,0.035388846,0.021424329,0.2531455,0.9655239,0.36723584,0.024118239,0.0028724892,0.4799992,0.46588868,0.36133903,0.085701786,0.025401806,0.027055275,0.037175238,0.11833747,0.81763536,0.46588868,0.0017936524,0.071345784,0.025401806,0.40941405,0.023500796,0.16228136,0.027504245,0.0030108967,0.0055718855,0.19706424,0.9505562,0.12713373,0.954611,0.20296654,0.9766441
beef,beef_portion19_day2_rep3,beef_portion19,2,3,Fresh,0,0.6181107,0.39160112,0.3187945,0.027703796,0.028342672,0.030470239,0.037469994,0.48356158,0.6181107,0.0028337424,0.028707268,0.027703796,0.48503137,0.0880937,0.081587076,0.027747067,0.0024373876,0.0045729717,0.7443022,0.4935242,0.0055177393,0.028746424,0.0346692,0.006780186,0.1080601,0.99152446,0.7443022,0.004499669,0.009632733,0.028746424,0.58369786,0.077770874,0.24998993,0.029911999,0.008900387,0.008963033,0.16592368,0.24940774,0.22784594,0.021421218,0.02122803,0.022500368,0.4553484,0.3353343,0.24940774,0.016662931,0.033153504,0.02122803,0.24969718,0.9651388,0.33584708,0.023937836,0.002296866,0.4678434,0.4599334,0.35662597,0.06969179,0.024800094,0.025497418,0.038121413,0.120038316,0.8502903,0.4599334,0.0023480167,0.076171935,0.024800094,0.4040025,0.022910288,0.1659651,0.026103176,0.002582325,0.005671624,0.19545116,0.9429944,0.13391866,0.952024,0.20581613,0.96977556
beef,beef_portion20_day2_rep1,beef_portion20,2,1,Fresh,0,0.5928574,0.3597959,0.27662086,0.029334353,0.032210395,0.03601564,0.041107174,0.5331583,0.5928574,0.0042516347,0.04126343,0.029334353,0.4549654,0.09158443,0.090316646,0.03098944,0.0043578898,0.007398696,0.6976153,0.43397814,0.0057835863,0.020961976,0.027468352,0.013017768,0.10119155,0.9909132,0.6976153,0.0038687568,0.017646542,0.020961976,0.5318603,0.088701405,0.2341135,0.023576606,0.0067903334,0.006570227,0.12153309,0.21967718,0.23379517,0.031599123,0.0314944,0.031388577,0.51903355,0.48607606,0.23380323,0.0070300116,0.06159157,0.031383146,0.21591572,0.96810013,0.98197013,0.035467073,0.0022472467,0.0033715428,0.4286713,0.3592196,0.11311611,0.025885677,0.025880948,0.027944919,0.12757513,0.73727095,0.4286713,0.0030560975,0.051002324,0.025885677,0.39759207,0.02773274,0.14601602,0.026687598,0.13833788,0.0027155904,0.16309099,1.272977,0.10232868,1.1968511,0.17177399,1.2712657
beef,beef_portion20_day2_rep2,beef_portion20,2,2,Fresh,0,0.59123856,0.36256588,0.27778313,0.031251665,0.037004832,0.03785107,0.042787544,0.5302294,0.59123856,0.0042045433,0.041563082,0.031251665,0.4563564,0.089584365,0.09016829,0.034743316,0.0055679665,0.006252062,0.6947745,0.4410569,0.006204944,0.021385726,0.027503392,0.0142786745,0.103166364,0.9902751,0.6947745,0.004004447,0.019534232,0.021385726,0.535192,0.083618745,0.23456791,0.02379004,0.006621878,0.0069095753,0.12256743,0.2214018,0.23534992,0.029183658,0.029072503,0.030213257,0.51906717,0.48417178,0.23535936,0.005427234,0.055281557,0.030207857,0.21781085,0.9679423,0.9817041,0.032948352,0.0014944029,0.0027936576,0.42192554,0.36202067,0.12621884,0.027185114,0.027491575,0.030062843,0.13016061,0.7021931,0.42192554,0.002411704,0.0533928,0.027185114,0.3976015,0.027361937,0.13960446,0.028388074,0.1516396,0.003533463,0.16462651,1.2740693,0.09883171,1.2004048,0.17639172,1.2752051
beef,beef_portion20_day2_rep3,beef_portion20,2,3,Fresh,0,0.587447,0.35477075,0.266942,0.030115457,0.036023825,0.03713843,0.04354137,0.5455848,0.587447,0.003902752,0.042199135,0.030115457,0.44976857,0.091461755,0.09326274,0.03365532,0.0057953405,0.006363031,0.6939096,0.44217685,0.006048333,0.021677125,0.026861515,0.014041751,0.10361199,0.99051815,0.6939096,0.0037650326,0.019230988,0.021677125,0.53559226,0.082669534,0.23457192,0.0235429,0.0062561994,0.0068680663,0.11720932,0.21536548,0.22987913,0.02781334,0.02757958,0.027952343,0.51995456,0.49469045,0.22987913,0.004503728,0.055001043,0.027952343,0.21105596,0.968306,0.98131007,0.031234303,0.0010280642,0.002458773,0.42666617,0.3584643,0.11991542,0.025471887,0.026281022,0.030072007,0.12723288,0.72017473,0.42666617,0.0022351928,0.05514013,0.025471887,0.3964739,0.0074979523,0.14211854,0.026981689,0.0030751922,0.004435994,0.16556355,1.270617,0.11080222,1.2030351,0.18317288,1.2890983
beef,beef_portion21_day2_rep1,beef_portion21,2,1,Fresh,0,0.5636272,0.260005,0.16846985,0.022138974,0.023858972,0.024271423,0.03619285,0.7002314,0.5636272,0.0022030533,0.03289947,0.022138974,0.38343158,0.12626714,0.118209586,0.022078587,0.004672585,0.0047105257,0.7255026,0.5010716,0.0045695696,0.020775285,0.02844412,0.005626475,0.11278632,0.9925963,0.7255026,0.0039531146,0.008412162,0.020775285,0.5823448,0.0655241,0.24846134,0.02392531,0.00769012,0.007042078,0.11686509,0.2048285,0.19638605,0.019144475,0.019215314,0.018908108,0.4816262,0.43104956,0.204864,0.0059282044,0.043901194,0.019213032,0.19889708,0.9665469,0.9751407,0.02207505,0.0028440282,0.14452033,0.43384516,0.35100478,0.0496157,0.019710429,0.019105725,0.025425121,0.1292254,0.88546336,0.43384516,0.0031884129,0.055138037,0.019710429,0.39200726,0.012945679,0.16760856,0.019493354,0.00407191,0.0049244612,0.24540108,1.214271,0.12391752,1.2194003,0.21337767,1.2644188
beef,beef_portion21_day2_rep2,beef_portion21,2,2,Fresh,0,0.562233,0.26140764,0.17021954,0.022893507,0.024041012,0.024098832,0.03613889,0.69648534,0.562233,0.0019846375,0.03155361,0.022893507,0.38394275,0.12511092,0.11725941,0.02285837,0.004247409,0.0035321498,0.72704434,0.4989589,0.0047380733,0.021825034,0.02943619,0.0058984403,0.11207242,0.99243665,0.72704434,0.0039312174,0.008719075,0.021825034,0.5815577,0.06732257,0.24837375,0.024895798,0.0077423886,0.0073348833,0.11856987,0.20457278,0.19598712,0.018879542,0.019121261,0.018837163,0.48094273,0.42193085,0.20457955,0.005061504,0.039482307,0.019112838,0.1989126,0.96722364,0.9682593,0.022037124,0.0021960465,0.16585393,0.43925786,0.35079595,0.048789605,0.019344479,0.019257316,0.025235638,0.12689729,0.8889838,0.43925786,0.0029239333,0.053673003,0.019344479,0.39343548,0.015690189,0.16863294,0.019610915,0.0034173913,0.004417926,0.2440945,1.2114415,0.12125283,1.2142794,0.2107474,1.2580371
beef,beef_portion21_day2_rep3,beef_portion21,2,3,Fresh,0,0.558263,0.25730252,0.15945472,0.020662151,0.02221847,0.02530414,0.039117854,0.7135785,0.558263,0.0021959713,0.03610884,0.020662151,0.37973943,0.12511757,0.12134347,0.021115175,0.0037918573,0.005897974,0.72321934,0.49331486,0.0039555286,0.018175596,0.023375172,0.005129007,0.11148305,0.99353343,0.72321934,0.0033172548,0.007779223,0.018175596,0.5767626,0.0685207,0.24708785,0.019927934,0.00650307,0.0059464877,0.11468673,0.20250332,0.19269939,0.016638491,0.017280178,0.017281154,0.47890687,0.43430656,0.20250332,0.004229886,0.039088182,0.017280178,0.19605625,0.96573496,0.9956212,0.019859733,0.0026681824,0.049704093,0.4375935,0.34805557,0.03657725,0.017330414,0.016771156,0.02521697,0.12748048,0.9159722,0.4375935,0.002728204,0.055276603,0.017330414,0.3907824,0.016213134,0.1714198,0.017197402,0.0032358845,0.005960495,0.2404849,1.2266779,0.12037342,1.2289153,0.20748585,1.2723278
beef,beef_portion22_day2_rep1,beef_portion22,2,1,Fresh,0,0.5696139,0.3475912,0.27198017,0.02618162,0.030656788,0.029204361,0.040019434,0.52199906,0.5696139,0.004097977,0.03175193,0.02618162,0.43962908,0.08804026,0.0844724,0.029149028,0.005488166,0.0036758012,0.66687655,0.4166137,0.005502721,0.02709906,0.047589414,0.0069863093,0.1012817,0.99084896,0.66687655,0.008288923,0.010968457,0.02709906,0.5110084,0.084460124,0.22684477,0.038025394,0.014638413,0.01081764,0.29529792,0.35236207,0.34132215,0.042125467,0.038446482,0.03396079,0.46627864,0.16326323,0.35246354,0.02785511,0.034532696,0.038418442,0.36810696,0.9787872,0.42305332,0.04126639,0.003889672,0.49071008,0.42514792,0.34245834,0.13146608,0.021062339,0.020355653,0.027331414,0.117546685,0.69100887,0.42514792,0.0030955172,0.051147003,0.021062339,0.38458565,0.016302139,0.13137689,0.021494439,0.002698643,0.0060107033,0.15930384,0.95560586,0.10186348,0.92668194,0.17245966,1.0058451
beef,beef_portion22_day2_rep2,beef_portion22,2,2,Fresh,0,0.5535111,0.3247757,0.24843393,0.026437173,0.028829899,0.029186176,0.03896032,0.5510465,0.5535111,0.0033912887,0.034073103,0.026437173,0.41894236,0.091948316,0.08756393,0.028176555,0.003839011,0.0046394127,0.6539831,0.39402553,0.0046834564,0.031145826,0.05302357,0.0060676713,0.09751421,0.9919753,0.6539831,0.0093592275,0.009862433,0.031145826,0.4928182,0.09070159,0.22176501,0.042448763,0.01570658,0.012179033,0.20523302,0.27466178,0.27392405,0.035677664,0.031056723,0.031738564,0.4965174,0.25604653,0.27471304,0.003871169,0.04795575,0.031050287,0.2819034,0.9760722,0.99600327,0.035419814,0.0025315008,0.00069225277,0.39725924,0.31137004,0.070835456,0.019512108,0.020537894,0.0231774,0.1206572,0.82165664,0.39725924,0.0031155117,0.051203046,0.019512108,0.35223678,0.018523386,0.14545786,0.020885019,0.0039935624,0.00429268,0.15319636,1.275036,0.11485888,1.1949104,0.17548679,1.2826823
beef,beef_portion22_day2_rep3,beef_portion22,2,3,Fresh,0,0.55908424,0.3283118,0.25581065,0.026494913,0.027051292,0.030347876,0.03663424,0.54219115,0.55908424,0.0029040596,0.036834877,0.026494913,0.42268854,0.09304458,0.085476585,0.02684726,0.00251969,0.005313205,0.66232646,0.4019865,0.00483775,0.030764157,0.0560019,0.0058587086,0.098283134,0.9917182,0.66232646,0.010184814,0.009474595,0.030764157,0.50063485,0.09016631,0.22424345,0.04401977,0.017512277,0.012478769,0.22052403,0.28485593,0.2853635,0.03971428,0.035535432,0.035946645,0.4999475,0.23215953,0.28591985,0.006926949,0.051498532,0.035325624,0.29417837,0.9774753,0.99509466,0.040020376,0.0033437565,0.0017902744,0.39680493,0.30780193,0.07428491,0.02015306,0.019943547,0.023679199,0.11836527,0.81336325,0.39680493,0.0027668441,0.051698852,0.02015306,0.34955615,0.020478738,0.1432241,0.021144954,0.0035670707,0.0034123436,0.1591859,1.275201,0.11810556,1.1933788,0.18505476,1.2824167
beef,beef_portion23_day2_rep1,beef_portion23,2,1,Fresh,0,0.57834595,0.34026143,0.25963584,0.019371368,0.023196837,0.024746265,0.039437693,0.5500504,0.57834595,0.002151647,0.030693538,0.019371368,0.4375844,0.095023766,0.09105015,0.021510882,0.004891341,0.0051613273,0.7271334,0.4971152,0.0057265665,0.019774357,0.025087873,0.008208292,0.11165421,0.9910606,0.7271334,0.0031905964,0.011422776,0.019774357,0.58029544,0.06821638,0.24788864,0.021511113,0.0060663284,0.0061970535,0.13419636,0.22346546,0.21818805,0.01949843,0.020038629,0.021600066,0.48764035,0.40069908,0.22350025,0.010001023,0.03920072,0.02004355,0.22037973,0.9663384,0.9546874,0.022843456,0.0023816328,0.19596839,0.4091684,0.32744035,0.10810109,0.030732555,0.030628303,0.032455485,0.11932949,0.7382708,0.4091684,0.0025804234,0.061555646,0.030732555,0.36820227,0.016243188,0.13525152,0.03239204,0.0022219925,0.0046092537,0.21373673,1.2458878,0.11390357,1.1982182,0.24570683,1.2633319
beef,beef_portion23_day2_rep2,beef_portion23,2,2,Fresh,0,0.5986417,0.34851965,0.27057523,0.020292504,0.024981266,0.026522849,0.03715477,0.5469086,0.5986417,0.0024924292,0.03125071,0.020292504,0.4495342,0.09966881,0.091660336,0.02294507,0.005015383,0.005263651,0.7350079,0.5034916,0.009041785,0.018597798,0.023425551,0.011589197,0.11167215,0.9865417,0.7350079,0.0028404493,0.015764017,0.018597798,0.5868373,0.068416655,0.2495246,0.020254947,0.0056631328,0.0054106326,0.14478198,0.2339037,0.22696699,0.019338727,0.019770056,0.020965083,0.48452473,0.382075,0.23404142,0.008437678,0.0357436,0.019806204,0.23213483,0.96662146,0.9914677,0.022510577,0.0027123182,0.067401886,0.42316422,0.34208164,0.12472139,0.029683005,0.029683007,0.03216228,0.119218625,0.7070912,0.42316422,0.0029047674,0.058307294,0.029683005,0.38348827,0.015427438,0.13419399,0.03121373,0.0025235177,0.005811327,0.21154186,1.2682755,0.11518588,1.2178117,0.2397078,1.289417
beef,beef_portion23_day2_rep3,beef_portion23,2,3,Fresh,0,0.5820473,0.34056458,0.2584415,0.018459752,0.02273567,0.027514797,0.03965463,0.55496126,0.5820473,0.0026115158,0.035927948,0.018459752,0.438875,0.09639919,0.092636876,0.020851612,0.0049670916,0.00669555,0.7225348,0.4923781,0.004938792,0.017835615,0.023959817,0.006264045,0.11131801,0.99209976,0.7225348,0.0034451655,0.009280417,0.017835615,0.5759466,0.06860068,0.24656843,0.020244414,0.006431913,0.0058297347,0.13880618,0.22865272,0.22331966,0.016960151,0.018221749,0.01984284,0.48752332,0.39317793,0.22865272,0.007664645,0.031319413,0.018221749,0.22618571,0.96657324,0.9949054,0.020650938,0.0024022162,0.0022299485,0.4124017,0.33036852,0.113219336,0.026121594,0.026191704,0.028101956,0.1188251,0.72665566,0.4124017,0.002696179,0.053456586,0.026121594,0.37148774,0.016245116,0.13433377,0.027739754,0.0021815428,0.005086215,0.20798153,1.2714275,0.11271357,1.2201211,0.23904218,1.2902789
beef,beef_portion24_day2_rep1,beef_portion24,2,1,Fresh,0,0.56533855,0.32185647,0.24853645,0.030635102,0.03879908,0.03795534,0.036203064,0.5606882,0.56533855,0.0029467517,0.04718721,0.030635102,0.42111677,0.09862871,0.0893238,0.035100866,0.007502964,0.0059584165,0.73598605,0.5120741,0.005807491,0.03750393,0.042697463,0.0073935357,0.11349065,0.99103814,0.73598605,0.0047213016,0.0104431575,0.03750393,0.5924558,0.06443479,0.2514182,0.038012244,0.008818959,0.011651493,0.12484262,0.224432,0.22503586,0.020361165,0.021970406,0.02250554,0.4983083,0.45029664,0.2265571,0.008548955,0.047545798,0.022463122,0.22032686,0.9636979,0.9868488,0.024820803,0.0027727683,0.06458185,0.40921503,0.34267247,0.115168296,0.030472036,0.030128129,0.031114409,0.12746339,0.72055525,0.40921503,0.0021138568,0.058184184,0.030472036,0.37944904,0.007975154,0.13678792,0.031276442,0.0039105993,0.0036259112,0.23832937,1.2626212,0.11048579,1.2198411,0.24839419,1.2889256
beef,beef_portion24_day2_rep2,beef_portion24,2,2,Fresh,0,0.5657174,0.32440504,0.2483881,0.029918604,0.035887618,0.03489651,0.037284777,0.56104255,0.5657174,0.0031383715,0.041725446,0.029918604,0.42278156,0.09746189,0.09018173,0.03326859,0.0065870015,0.0053191306,0.72761804,0.503245,0.0061284476,0.03442429,0.03484251,0.007787266,0.1128184,0.9905545,0.72761804,0.0035058868,0.011099289,0.03442429,0.5842879,0.06534063,0.24876995,0.03230006,0.0061603566,0.01002901,0.12636732,0.22510006,0.22183792,0.023277307,0.023275334,0.024055634,0.49142513,0.44299364,0.22582643,0.0125741,0.056826536,0.0235505,0.22081806,0.9628193,0.95256275,0.026502438,0.0030334543,0.19418417,0.40891513,0.34382427,0.11712044,0.031599663,0.03140628,0.03230667,0.12713489,0.7161311,0.40891513,0.00416224,0.059392337,0.031599663,0.38032344,0.0071453173,0.13589415,0.032771416,0.0043019005,0.003615045,0.22861822,1.2382785,0.109769754,1.1970391,0.24026889,1.267163
beef,beef_portion24_day2_rep3,beef_portion24,2,3,Fresh,0,0.5669561,0.32792324,0.25638503,0.028110888,0.03338431,0.032197293,0.035931326,0.5475363,0.5669561,0.0032565768,0.03717051,0.028110888,0.42560726,0.09659765,0.08684632,0.030967401,0.006353591,0.0044447696,0.7416563,0.5243394,0.0072228657,0.03664634,0.04226497,0.009920185,0.115279414,0.98914534,0.7416563,0.0045285695,0.0134546235,0.03664634,0.60197634,0.060498502,0.25391266,0.037527192,0.00868393,0.011432875,0.12661968,0.22906315,0.22851254,0.019629955,0.020877548,0.021811046,0.49642727,0.4515714,0.23044002,0.0074509047,0.047427334,0.02141324,0.2251197,0.9622057,0.98832196,0.023536928,0.0023852475,0.05516334,0.41314736,0.34669316,0.124283634,0.03058105,0.030638654,0.031209853,0.12608588,0.7011631,0.41314736,0.003953611,0.055804685,0.03058105,0.38377947,0.0150590055,0.13392513,0.031768017,0.08331914,0.0035699192,0.24560203,1.2657531,0.10302684,1.2224786,0.25312376,1.2854003
beef,beef_portion25_day2_rep1,beef_portion25,2,1,Fresh,0,0.6087153,0.38206464,0.30749413,0.02222052,0.025202041,0.023002852,0.038401406,0.4936018,0.6087153,0.0037657798,0.019998556,0.02222052,0.47519928,0.08830379,0.082892604,0.023991445,0.0043161805,0.002209139,0.7326203,0.48728812,0.016411413,0.01845156,0.022690916,0.022050397,0.10780187,0.9766153,0.7326203,0.0026605208,0.029394196,0.01845156,0.57610345,0.075960755,0.24553579,0.01967694,0.005398239,0.004594776,0.22566178,0.2836564,0.27598768,0.039638385,0.034137283,0.03215016,0.4770778,0.2079187,0.2836834,0.022876594,0.054009568,0.03410779,0.2936133,0.97836554,0.61326647,0.038617894,0.004566401,0.48414755,0.47311306,0.40289345,0.1870421,0.031080058,0.03188658,0.04043269,0.12472603,0.6063305,0.47311306,0.00213284,0.061394285,0.031080058,0.44324428,0.008482027,0.13017462,0.032563988,0.0022442813,0.007951986,0.19179888,1.0518935,0.09812353,1.0145743,0.18844931,1.0938195
beef,beef_portion25_day2_rep2,beef_portion25,2,2,Fresh,0,0.6126379,0.3827386,0.30995372,0.023813669,0.02433105,0.025491111,0.0370171,0.49301443,0.6126379,0.0026644068,0.02292859,0.023813669,0.47682002,0.08984318,0.08262968,0.023903018,0.0026912699,0.0032565768,0.73614967,0.49317992,0.01839509,0.019466804,0.023056202,0.024642985,0.10842914,0.97406065,0.73614967,0.0029574388,0.032562368,0.019466804,0.5809302,0.074415736,0.24654536,0.020260952,0.005168978,0.005084333,0.20804033,0.2687943,0.26558778,0.03808116,0.032709777,0.031633947,0.48954067,0.23010592,0.26912388,0.0169786,0.059929937,0.032852698,0.27688593,0.97804374,0.8270051,0.0372078,0.0046371613,0.37352762,0.46673065,0.39664024,0.1781022,0.029305073,0.030067734,0.037034623,0.12509553,0.61965674,0.46673065,0.0020357,0.057015426,0.029305073,0.4366609,0.009533463,0.13171668,0.030710978,0.032126494,0.006894856,0.19479547,1.1759969,0.102332495,1.1162078,0.19547112,1.2028991
beef,beef_portion25_day2_rep3,beef_portion25,2,3,Fresh,0,0.6139206,0.3874233,0.31242093,0.022509282,0.024611833,0.025127638,0.03887172,0.49000207,0.6139206,0.0036667045,0.023426214,0.022509282,0.4806155,0.08802417,0.08301521,0.023489233,0.00387327,0.0037014328,0.73267615,0.488668,0.020459967,0.01918628,0.022959966,0.02517447,0.10770795,0.97113556,0.73267615,0.0027744735,0.033319212,0.01918628,0.57703865,0.07533284,0.2450243,0.020132331,0.005321445,0.004542556,0.21516587,0.27821323,0.27458492,0.045657795,0.036745146,0.03659001,0.4885017,0.23409575,0.27900732,0.019589696,0.07663219,0.036644813,0.28686655,0.97715485,0.79811776,0.042173002,0.0059752935,0.39637437,0.47758093,0.4036644,0.19227564,0.032839056,0.03573166,0.042497274,0.12227404,0.5994395,0.47758093,0.0032229754,0.0626647,0.032839056,0.44498196,0.010534329,0.1285694,0.035418708,0.0037614785,0.0071917395,0.18895882,1.157352,0.09669337,1.0969937,0.18761545,1.1864445
beef,beef_portion26_day2_rep1,beef_portion26,2,1,Fresh,0,0.60124665,0.37588188,0.31095445,0.02976645,0.030471174,0.028845401,0.03475692,0.48190835,0.60124665,0.0017242618,0.024339339,0.02976645,0.46988097,0.08858319,0.07784913,0.03046248,0.0029397558,0.0023952438,0.7085827,0.44976416,0.0057696686,0.020694895,0.024400841,0.0068350392,0.10330341,0.990813,0.7085827,0.003494423,0.010079748,0.020694895,0.545187,0.085179,0.23818773,0.02136584,0.00642656,0.006289574,0.11628718,0.213332,0.20182742,0.021554433,0.022026556,0.022056244,0.47777832,0.45736927,0.21335427,0.0032056351,0.053957727,0.022033503,0.20695136,0.9621946,0.9985516,0.025245598,0.0024589994,0.032611586,0.43220708,0.36070132,0.06731945,0.02091753,0.021114241,0.026092302,0.13251792,0.8442972,0.43220708,0.0023840724,0.055203795,0.02091753,0.39905113,0.007865307,0.16402575,0.021837337,0.02657456,0.005780303,0.17717522,1.2961566,0.13769042,1.2090132,0.18119906,1.2822169
beef,beef_portion26_day2_rep2,beef_portion26,2,2,Fresh,0,0.60219824,0.37583286,0.3110834,0.02906038,0.030675951,0.027458517,0.03459322,0.4823726,0.60219824,0.0025384238,0.022439465,0.02906038,0.46987823,0.089047946,0.07790744,0.030210158,0.0033118848,0.0027902152,0.70764375,0.44925606,0.0055290908,0.020633437,0.02474299,0.0071476195,0.10336176,0.9912197,0.70764375,0.003391934,0.010350143,0.020633437,0.5445586,0.08497876,0.23796119,0.021640768,0.006193237,0.006234642,0.12512791,0.21547213,0.20450391,0.023022521,0.024280312,0.02429578,0.47763473,0.4214755,0.21549906,0.0076640826,0.051277503,0.024275174,0.2105041,0.96481067,0.89567405,0.02748781,0.003933075,0.30287832,0.43492976,0.36273104,0.065255776,0.019479826,0.019417664,0.023617467,0.13256775,0.84957296,0.43492976,0.0024186836,0.04994833,0.019479826,0.40133822,0.007302105,0.16561514,0.020063108,0.0028803356,0.005498439,0.17666611,1.2259598,0.13810416,1.148165,0.17826857,1.2191088
beef,beef_portion26_day2_rep3,beef_portion26,2,3,Fresh,0,0.5876769,0.36221722,0.2995885,0.028659236,0.029353164,0.026948927,0.033944815,0.48936898,0.5876769,0.0019091472,0.022864535,0.028659236,0.4563029,0.08956635,0.077110715,0.029332072,0.002888168,0.0024776284,0.6932099,0.43559745,0.0050425674,0.018173942,0.022168249,0.006196406,0.102240436,0.9918115,0.6932099,0.0031714665,0.009425452,0.018173942,0.5312754,0.085852854,0.23381501,0.019404763,0.005401657,0.0057166857,0.12098736,0.20530754,0.19581912,0.022711761,0.023023324,0.023902223,0.47910282,0.41373497,0.20530754,0.008699745,0.04916577,0.023023324,0.19987598,0.9674437,0.8690923,0.026641106,0.0024014225,0.33338925,0.4259942,0.35380772,0.0750496,0.01959783,0.019654278,0.023702495,0.13122812,0.82358104,0.4259942,0.0026506025,0.050375577,0.01959783,0.39230648,0.008277255,0.15894318,0.020455614,0.0025796664,0.005759709,0.1737553,1.2098174,0.13190912,1.1360481,0.17588669,1.2088597
beef,beef_portion27_day2_rep1,beef_portion27,2,1,Fresh,0,0.59214073,0.37648788,0.29852024,0.017091736,0.020688452,0.02023418,0.04237343,0.49438846,0.59214073,0.0037713647,0.02077524,0.017091736,0.46665677,0.08363814,0.0829991,0.018897602,0.004443307,0.0032078626,0.7161503,0.49731982,0.0049649435,0.02118004,0.036213998,0.006243723,0.11331356,0.9920553,0.7161503,0.0061229803,0.009257193,0.02118004,0.5771738,0.063309185,0.24646968,0.028531745,0.012791099,0.008104354,0.2142617,0.29363933,0.28963268,0.028874336,0.025106842,0.023840051,0.49009997,0.27203742,0.29394406,0.012608452,0.04344048,0.024995895,0.30096582,0.9717874,0.90099484,0.02804881,0.0039726994,0.29144374,0.47661632,0.39911646,0.18505913,0.02656181,0.029096464,0.035636302,0.12096307,0.61226773,0.47661632,0.0036275513,0.057282086,0.02656181,0.44107807,0.012035989,0.13069902,0.028675279,0.0039812434,0.0074641486,0.19836813,1.2187616,0.08975757,1.1532679,0.18588664,1.2385919
beef,beef_portion27_day2_rep2,beef_portion27,2,2,Fresh,0,0.58889544,0.3717743,0.2930876,0.019341338,0.023799425,0.024457883,0.042138796,0.5010838,0.58889544,0.0038478647,0.027088752,0.019341338,0.4621891,0.08461337,0.083705805,0.021761063,0.0049289535,0.0044146595,0.7164087,0.49830747,0.005288343,0.022147706,0.034522794,0.0067703426,0.11358939,0.991576,0.7164087,0.0056152926,0.009999735,0.022147706,0.5777889,0.063009255,0.24663912,0.027840158,0.011342333,0.008078299,0.2057657,0.2890894,0.28637737,0.032851737,0.02721542,0.025469605,0.49249333,0.2919901,0.28967586,0.010192058,0.053430777,0.02694883,0.2952947,0.97002,0.9537643,0.030804308,0.0041124267,0.1968517,0.47011662,0.39098787,0.17388375,0.028647522,0.031167457,0.038372613,0.12058888,0.6313208,0.47011662,0.0036028328,0.06329368,0.028647522,0.43315825,0.012959115,0.13272433,0.030798793,0.0040281597,0.007539877,0.20094107,1.2525177,0.091542006,1.1842709,0.19078684,1.2684946
beef,beef_portion27_day2_rep3,beef_portion27,2,3,Fresh,0,0.58877414,0.37430987,0.29456592,0.019484453,0.02373542,0.025394175,0.04349444,0.4985868,0.58877414,0.003896927,0.028276,0.019484453,0.46344864,0.08321076,0.08371459,0.022038238,0.0046334006,0.0048546595,0.72211266,0.5051251,0.005277389,0.022702254,0.037156798,0.0066331117,0.11418468,0.99165654,0.72211266,0.0062345397,0.009754025,0.022702254,0.58391887,0.061908603,0.24851286,0.029399393,0.013103802,0.008380849,0.19009425,0.27644435,0.275286,0.029980516,0.024472652,0.023878977,0.49567693,0.3151684,0.27674097,0.005976242,0.052603826,0.02450142,0.28095114,0.96866626,0.98797256,0.027927607,0.004426642,0.0750765,0.47466254,0.39743203,0.18298785,0.02766828,0.030322062,0.037736744,0.12138194,0.615279,0.47466254,0.003554547,0.06205972,0.02766828,0.439287,0.012039029,0.13087432,0.029788308,0.0041748425,0.00805773,0.20524456,1.2786788,0.08873128,1.2086353,0.1929875,1.2941496
beef,beef_portion28_day2_rep1,beef_portion28,2,1,Fresh,0,0.59825605,0.3745511,0.2699887,0.026240725,0.026702845,0.027903577,0.050958138,0.5478552,0.59825605,0.002105105,0.02803266,0.026240725,0.465196,0.08546832,0.09960193,0.026621561,0.002523819,0.0037598636,0.72890687,0.5049961,0.0070659397,0.0238961,0.03251088,0.022268718,0.11295802,0.9894414,0.72890687,0.0041407146,0.02934335,0.0238961,0.5858692,0.064965874,0.2490126,0.027348585,0.008630833,0.008492362,0.15119651,0.24996145,0.24475504,0.02884309,0.025820103,0.02764997,0.48872137,0.39907235,0.2503107,0.008588202,0.055085618,0.026057607,0.248835,0.96281695,0.99457794,0.029530486,0.0034287272,0.0037398122,0.4629848,0.38809034,0.08238698,0.017302172,0.017419739,0.02167317,0.13280798,0.82167226,0.4629848,0.0018465362,0.040600765,0.017302172,0.42766136,0.0074939,0.17016393,0.017507808,0.0023288939,0.0026041516,0.19314739,1.2718234,0.11165956,1.2147412,0.18587594,1.2744722
beef,beef_portion28_day2_rep2,beef_portion28,2,2,Fresh,0,0.59785765,0.37196383,0.27176043,0.026907358,0.028157689,0.028507315,0.049567815,0.5446936,0.59785765,0.002982512,0.02951136,0.026907358,0.46387205,0.08677774,0.09773788,0.027571678,0.0037758623,0.0044662133,0.73310244,0.5064434,0.007471801,0.024220238,0.031830244,0.021510938,0.11268666,0.98891366,0.73310244,0.0040401826,0.027868286,0.024220238,0.5881149,0.066115156,0.24975671,0.027060134,0.00806334,0.008355429,0.15168083,0.25099015,0.25246242,0.030959561,0.027232027,0.02717655,0.49926162,0.4052762,0.25364354,0.0073215985,0.06557698,0.027104385,0.25047654,0.9642929,0.9907336,0.030908242,0.0041780444,0.0032247636,0.462538,0.38630813,0.08020173,0.01886091,0.019202774,0.023627626,0.13210438,0.8263639,0.462538,0.0025103907,0.043970443,0.01886091,0.4263919,0.008060085,0.17037001,0.019186832,0.002635738,0.002849611,0.1974157,1.2700441,0.11347536,1.2123406,0.18928015,1.2721336
beef,beef_portion28_day2_rep3,beef_portion28,2,3,Fresh,0,0.6009244,0.37711188,0.278392,0.03046503,0.031420227,0.030979361,0.049597908,0.536202,0.6009244,0.0027216892,0.030118654,0.03046503,0.46851692,0.08568763,0.096188396,0.030977827,0.003454739,0.003627715,0.7225702,0.5014679,0.008392384,0.025776109,0.034838673,0.022702217,0.11303622,0.98758876,0.7225702,0.004406739,0.029466584,0.025776109,0.581694,0.064093195,0.24728452,0.02955165,0.0089955265,0.008846162,0.15759324,0.2545871,0.2514484,0.033305638,0.031087173,0.031316157,0.4921656,0.38583055,0.25470024,0.0063823937,0.057944275,0.031118026,0.2543898,0.9638291,0.9931362,0.035130486,0.0033209193,0.0022950242,0.46301132,0.3862178,0.08212391,0.022354696,0.022830563,0.026589343,0.13190007,0.8230322,0.46301132,0.0024859463,0.04911965,0.022354696,0.42627224,0.00838922,0.16968285,0.02286723,0.0026285066,0.0023779706,0.19001423,1.2733806,0.1147218,1.2136505,0.18243046,1.2729825
beef,beef_portion29_day2_rep1,beef_portion29,2,1,Fresh,0,0.5953343,0.35569236,0.27265683,0.029592957,0.03368239,0.034526493,0.040121093,0.54175013,0.5953343,0.0029271543,0.040836018,0.029592957,0.45321757,0.09466391,0.0919491,0.03200558,0.005675612,0.0059882696,0.74063057,0.5010027,0.006511788,0.043287773,0.063415766,0.011877044,0.109941825,0.9902462,0.74063057,0.008191603,0.015350076,0.043287773,0.5871073,0.07239245,0.25046888,0.052791413,0.015839713,0.0153740095,0.15626462,0.2397264,0.2270088,0.025241131,0.023572452,0.023431165,0.4726478,0.3503406,0.2397264,0.013450738,0.04342282,0.023572452,0.23935075,0.9672598,0.63807404,0.027019106,0.0026559692,0.47847304,0.45718205,0.36510426,0.10593063,0.017989,0.019982185,0.032698225,0.12057206,0.7681851,0.45718205,0.0024655473,0.06565309,0.017989,0.41004124,0.017912451,0.15442452,0.019857509,0.0039437767,0.007819088,0.20868877,1.0513872,0.10797296,1.035355,0.20867434,1.0790331
beef,beef_portion29_day2_rep2,beef_portion29,2,2,Fresh,0,0.59772563,0.36011752,0.28124657,0.02896447,0.035571355,0.0352384,0.03913454,0.5292152,0.59772563,0.0035820524,0.040655226,0.02896447,0.45695156,0.09379255,0.088890515,0.032758348,0.0070584347,0.005555775,0.741436,0.5102729,0.0066069076,0.043502897,0.06554126,0.011897231,0.11189647,0.99011236,0.741436,0.008626946,0.015398045,0.043502897,0.59309703,0.06785887,0.25197378,0.05412364,0.017242339,0.015725892,0.15281418,0.23440117,0.22814076,0.024921782,0.023448842,0.023098117,0.4855167,0.35031235,0.23452353,0.010019514,0.047229018,0.023358913,0.23405375,0.96990675,0.93973494,0.026802478,0.003308856,0.23024556,0.456187,0.36450377,0.11861397,0.018448107,0.020220328,0.031865645,0.1189448,0.7398708,0.456187,0.0025349476,0.062333733,0.018448107,0.40924552,0.018168435,0.14883499,0.020221403,0.0029262905,0.008020462,0.21401937,1.2414491,0.10764856,1.1897974,0.21658283,1.2498082
beef,beef_portion29_day2_rep3,beef_portion29,2,3,Fresh,0,0.58945704,0.35352114,0.27075267,0.028550347,0.033555895,0.034209363,0.040885314,0.5404364,0.58945704,0.0035412237,0.040612828,0.028550347,0.44991565,0.093223765,0.0911308,0.031593036,0.0059655793,0.0059877154,0.73266214,0.4908629,0.008563441,0.044556264,0.062754884,0.018342763,0.10869123,0.98760736,0.73266214,0.007754004,0.023017073,0.044556264,0.5782111,0.07424325,0.24733384,0.052882455,0.014925634,0.01506061,0.14875562,0.23378019,0.21993135,0.024548795,0.022742584,0.02201884,0.47049937,0.3660788,0.23387715,0.013839529,0.046597827,0.022733428,0.23221779,0.9658524,0.691797,0.026064064,0.0029587643,0.45996326,0.4532085,0.3651425,0.11861278,0.02087302,0.022075512,0.032163326,0.12039372,0.7384841,0.4532085,0.0027290178,0.06219877,0.02087302,0.40903687,0.016428879,0.1485657,0.022189483,0.003333284,0.007389816,0.20302555,1.0815142,0.104246326,1.0546211,0.2042488,1.108048
beef,beef_portion30_day2_rep1,beef_portion30,2,1,Fresh,0,0.5798441,0.35607654,0.2645563,0.03379815,0.037977885,0.039219275,0.046860743,0.54435396,0.5798441,0.0037632566,0.044346265,0.03379815,0.44794324,0.08731774,0.09343097,0.03639932,0.0050567905,0.0053122854,0.7219397,0.47699043,0.0039849007,0.019265022,0.029515553,0.0052482956,0.10792348,0.9935312,0.7219397,0.0045429976,0.007924434,0.019265022,0.5661778,0.0767089,0.24442548,0.024059992,0.008646049,0.0069564795,0.19603354,0.27481622,0.26275623,0.028925024,0.028955579,0.025715096,0.473701,0.2882211,0.2750115,0.019065974,0.038422916,0.02879589,0.27968013,0.9702641,0.48711702,0.031851523,0.004268138,0.4975959,0.46954206,0.40393037,0.19533554,0.026966332,0.025726195,0.032150004,0.12537213,0.58447814,0.46954206,0.0035562585,0.04672154,0.026966332,0.44324422,0.014904301,0.12591243,0.026995854,0.089889854,0.006301311,0.19207107,0.9812723,0.07950366,0.96923727,0.18159793,1.0343763
beef,beef_portion30_day2_rep2,beef_portion30,2,2,Fresh,0,0.57812536,0.35428277,0.26814803,0.034856763,0.037989747,0.03696177,0.04411438,0.53673005,0.57812536,0.0046531786,0.03900491,0.034856763,0.44640195,0.087756775,0.09041616,0.036683366,0.004860872,0.004454912,0.7189505,0.47216076,0.0048691547,0.021201855,0.029650165,0.0064337794,0.107082784,0.9922527,0.7189505,0.004331615,0.009390659,0.021201855,0.56230134,0.07790879,0.2431469,0.024766665,0.008045122,0.0072532394,0.19606374,0.27319202,0.26364595,0.030622711,0.03181093,0.027276078,0.47877172,0.2836532,0.27326345,0.018036658,0.036679972,0.031797074,0.27828917,0.97153246,0.56296366,0.034778,0.004022148,0.49378952,0.47409415,0.4076176,0.20270503,0.029204208,0.027835928,0.032731634,0.12442311,0.57300365,0.47409415,0.0034875546,0.044146493,0.029204208,0.44755852,0.009407845,0.1240095,0.029443223,0.049045403,0.005483343,0.19198002,1.0161804,0.08525494,0.99071133,0.17903076,1.0709887
beef,beef_portion30_day2_rep3,beef_portion30,2,3,Fresh,0,0.568938,0.3462442,0.25733796,0.034307357,0.03839409,0.037071627,0.045738004,0.5482803,0.568938,0.0046810107,0.041352056,0.034307357,0.43776047,0.08752752,0.092173524,0.03679079,0.005177341,0.0051179505,0.7149878,0.4702018,0.0045414516,0.022958018,0.029559597,0.0059718806,0.10731638,0.9926933,0.7149878,0.004101823,0.008873225,0.022958018,0.5597903,0.077149615,0.24228151,0.025351092,0.007254229,0.007589893,0.19010058,0.26027817,0.25609872,0.029677466,0.026985034,0.025604885,0.48931208,0.2717718,0.2605418,0.014240693,0.05053016,0.026862025,0.26554757,0.9746563,0.8610878,0.030357169,0.0045875576,0.3410797,0.46138358,0.39508018,0.18862177,0.029109912,0.028102119,0.034286052,0.12480954,0.59217453,0.46138358,0.003376392,0.050198596,0.029109912,0.4343591,0.0115079135,0.12531945,0.029520547,0.0640489,0.006153945,0.19373019,1.1865429,0.08300122,1.1291671,0.18363537,1.2237267
beef,beef_portion31_day2_rep1,beef_portion31,2,1,Fresh,0,0.6058868,0.37751284,0.30715448,0.02280116,0.024574636,0.024880338,0.036005687,0.49193975,0.6058868,0.002058542,0.022581432,0.02280116,0.47123873,0.089300744,0.081238024,0.023930503,0.0028489956,0.002587254,0.75995964,0.527816,0.04312435,0.028412947,0.039971076,0.04896685,0.110895574,0.9435881,0.75995964,0.0030595216,0.060931895,0.028412947,0.6100256,0.067147,0.25072604,0.033627007,0.009286941,0.004728002,0.24352437,0.31877545,0.2981277,0.02230657,0.025382731,0.028980717,0.4509243,0.23489322,0.318921,0.032285087,0.025162641,0.025405414,0.3280584,0.97021663,0.2563701,0.026866792,0.004108521,0.43082744,0.5075797,0.42970353,0.18376917,0.02915773,0.028960269,0.030309444,0.12537007,0.6380164,0.5075797,0.002534157,0.04109125,0.02915773,0.472274,0.009504771,0.14511073,0.029294977,0.0021500753,0.005860484,0.22017895,0.9094969,0.10221639,0.9460825,0.18290085,0.9778262
beef,beef_portion31_day2_rep2,beef_portion31,2,2,Fresh,0,0.60736245,0.38139594,0.31099346,0.022419317,0.023712674,0.024811342,0.036632776,0.48674712,0.60736245,0.0025833047,0.022993343,0.022419317,0.47489512,0.08823687,0.080650054,0.022987569,0.0029278975,0.003334387,0.75618804,0.5230491,0.043161172,0.0278123,0.039351672,0.051956862,0.11025851,0.9433989,0.75618804,0.003088157,0.06489131,0.0278123,0.6058807,0.06800852,0.24922219,0.033054806,0.009395811,0.0050256546,0.24717611,0.3276721,0.30157775,0.02513991,0.025377467,0.028471505,0.4442958,0.24506086,0.3276721,0.02610014,0.02216237,0.025377467,0.3363173,0.9670541,0.15821943,0.027387394,0.003537169,0.35679847,0.5115025,0.43388355,0.18988411,0.030029131,0.029738642,0.029969988,0.12473584,0.6287566,0.5115025,0.0026770786,0.039020136,0.030029131,0.47635365,0.009122765,0.14412066,0.029903328,0.0025710573,0.0052084257,0.21443638,0.89305127,0.10143809,0.94298935,0.17689295,0.9682156
beef,beef_portion31_day2_rep3,beef_portion31,2,3,Fresh,0,0.6039802,0.37897637,0.3085371,0.023332825,0.023893077,0.024654303,0.036967702,0.48787713,0.6039802,0.0026773014,0.021790909,0.023332825,0.47236812,0.087996565,0.080488086,0.023345415,0.0027530417,0.0029345613,0.7578504,0.52122974,0.03579898,0.026903791,0.035726853,0.04426095,0.110170044,0.9528886,0.7578504,0.003033941,0.05499674,0.026903791,0.6052404,0.069545545,0.25079134,0.030451976,0.008086639,0.0047975504,0.24150473,0.31893867,0.29115894,0.023110595,0.02326133,0.025812052,0.4378758,0.2419278,0.31898037,0.024627356,0.026386397,0.023266528,0.32745603,0.9676665,0.072337545,0.025075344,0.0037952207,0.24575919,0.50727797,0.42917702,0.1846586,0.028735694,0.028431227,0.029981054,0.124997854,0.63598734,0.50727797,0.0025319555,0.04077652,0.028735694,0.47194955,0.00964388,0.1444587,0.028741848,0.0020760547,0.0056393933,0.2167918,0.89156336,0.10115115,0.9568862,0.18072435,0.9715386
beef,beef_portion32_day2_rep1,beef_portion32,2,1,Fresh,0,0.59298885,0.37086916,0.2865026,0.039124724,0.039647333,0.0409488,0.043724656,0.5177174,0.59298885,0.0051640975,0.040941328,0.039124724,0.462318,0.08622215,0.08818563,0.03943106,0.004183554,0.004775556,0.7251903,0.46606633,0.0056740325,0.030468483,0.026607119,0.006937895,0.10463542,0.9911445,0.7251903,0.0027866652,0.0101117855,0.030468483,0.560553,0.083925076,0.24304941,0.025901802,0.0055975886,0.008117885,0.1771171,0.25801155,0.2528661,0.025923263,0.024265366,0.02503146,0.4877529,0.3148272,0.25801155,0.0037752741,0.037749294,0.024265366,0.26096952,0.9712488,0.99608535,0.027604384,0.0018972011,0.00012831873,0.4100117,0.3509281,0.17203425,0.027846625,0.027538927,0.027176224,0.123481125,0.5807526,0.4100117,0.0033031104,0.043235797,0.027846625,0.38725471,0.0067356844,0.11125969,0.028880157,0.0029397712,0.005703186,0.18340716,1.2837816,0.111736335,1.2017307,0.23099574,1.3149714
beef,beef_portion32_day2_rep2,beef_portion32,2,2,Fresh,0,0.5991784,0.37332842,0.29461953,0.03915735,0.039458726,0.04180655,0.040438928,0.50901246,0.5991784,0.0040712315,0.041655794,0.03915735,0.46624067,0.08817575,0.0856671,0.03927499,0.003912086,0.0052126646,0.7250304,0.46657115,0.0051395125,0.027649041,0.025199354,0.006497781,0.10481866,0.99188954,0.7250304,0.00263199,0.009492561,0.027649041,0.56089437,0.083548,0.24321024,0.024187267,0.004951608,0.007566239,0.18496376,0.26505265,0.2602606,0.024376543,0.02343858,0.024097169,0.48845595,0.30278197,0.26506084,0.0040487284,0.032747082,0.023452425,0.26906493,0.97152317,0.99625415,0.026415765,0.002014358,0.001085202,0.41847086,0.35804093,0.18107504,0.027819423,0.02792592,0.027179591,0.12262525,0.5674181,0.41847086,0.00511969,0.042214572,0.027819423,0.39510816,0.0074334196,0.11025317,0.028902564,0.0038946194,0.006838424,0.18384933,1.2838807,0.110379495,1.2003081,0.22573453,1.3154291
beef,beef_portion32_day2_rep3,beef_portion32,2,3,Fresh,0,0.5955726,0.37240466,0.2920958,0.035850313,0.036642134,0.03805267,0.041384224,0.5099228,0.5955726,0.0034497175,0.038490213,0.035850313,0.4647662,0.08687328,0.08608872,0.036405075,0.0038425145,0.0045676157,0.72579765,0.46689734,0.0058277072,0.0281597,0.025997555,0.0070481407,0.10473659,0.9909316,0.72579765,0.0027376304,0.010202827,0.0281597,0.56135356,0.08367568,0.24325636,0.02487866,0.00502087,0.0076928707,0.17635338,0.25733978,0.2521469,0.02534462,0.023666544,0.024450948,0.48765838,0.3159567,0.25733978,0.0036711332,0.037526894,0.023666544,0.2602041,0.9712276,0.99608964,0.026992487,0.0018646979,1.1205673e-05,0.4091041,0.34931412,0.16894418,0.028804392,0.028128043,0.028044112,0.12351443,0.58733946,0.4091041,0.004020004,0.046665378,0.028804392,0.3857023,0.008794774,0.11207909,0.029415268,0.04154996,0.006865897,0.18450207,1.2853131,0.114117704,1.2021636,0.23166353,1.312822
beef,beef_portion33_day2_rep1,beef_portion33,2,1,Fresh,0,0.5829908,0.35652742,0.28452313,0.025561117,0.026914991,0.02872111,0.03716296,0.5114034,0.5829908,0.002203094,0.029504523,0.025561117,0.45032898,0.089799,0.082592204,0.026608035,0.002989224,0.0038158703,0.7371067,0.5221803,0.035524517,0.024541581,0.026901882,0.03667514,0.11361144,0.9515533,0.7371067,0.0023181115,0.048133917,0.024541581,0.59931123,0.059894625,0.2481446,0.024509808,0.004122878,0.004637305,0.23652764,0.31183267,0.2927229,0.022459561,0.020254623,0.022673076,0.45685846,0.2410242,0.31198153,0.02399572,0.032971047,0.020204687,0.32074422,0.97024673,0.19133186,0.022143865,0.0050467793,0.38895857,0.47522548,0.40536702,0.15384558,0.02068099,0.020581145,0.02255263,0.12925325,0.6758392,0.47522548,0.0018906267,0.034886204,0.02068099,0.44455406,0.016418185,0.14797153,0.020672552,0.09872832,0.0036032493,0.22471666,0.8965516,0.09845075,0.9537129,0.189406,0.96280736
beef,beef_portion33_day2_rep2,beef_portion33,2,2,Fresh,0,0.58569455,0.35791907,0.28466696,0.022904776,0.026371147,0.02805093,0.03773003,0.5131406,0.58569455,0.002744841,0.031273838,0.022904776,0.45202705,0.09019074,0.08367992,0.02513804,0.0047164117,0.0047214096,0.73535514,0.5202077,0.026099058,0.022901706,0.024548827,0.0322241,0.114232466,0.96394396,0.73535514,0.0024879111,0.0423994,0.022901706,0.59756553,0.060116015,0.24919482,0.022534247,0.0039043238,0.005191198,0.23549414,0.30904886,0.2893667,0.025199795,0.021664105,0.023159746,0.45435038,0.23752785,0.30904886,0.016847963,0.0403531,0.021664105,0.3179335,0.9706143,0.091179736,0.023958214,0.004999565,0.28418493,0.47067848,0.40373272,0.14616133,0.023695912,0.022639897,0.02614651,0.13047111,0.6896665,0.47067848,0.0031108952,0.04144972,0.023695912,0.44189632,0.049758248,0.14986259,0.022894014,0.20609458,0.0040016565,0.2224435,0.8906082,0.078214854,0.9654895,0.18495154,0.93101364
beef,beef_portion33_day2_rep3,beef_portion33,2,3,Fresh,0,0.5861378,0.3590051,0.2891781,0.022784878,0.02492779,0.026308818,0.036066398,0.5057314,0.5861378,0.0020926816,0.027382124,0.022784878,0.4526968,0.090069644,0.0813796,0.024396766,0.003558201,0.0036376764,0.7252766,0.51493394,0.03586822,0.021475246,0.02451849,0.037141446,0.113859646,0.9501123,0.7252766,0.0023447725,0.049898855,0.021475246,0.5911232,0.058442514,0.24507374,0.022140045,0.0043745567,0.004810031,0.2430064,0.30829406,0.2891178,0.025690524,0.02292892,0.023157332,0.44990057,0.21124093,0.30829406,0.024842978,0.039187916,0.02292892,0.31867576,0.97398466,0.11393926,0.025088182,0.0048689246,0.31205118,0.46824965,0.3997667,0.14937267,0.0215397,0.022001818,0.023939239,0.12911548,0.68072516,0.46824965,0.0029312281,0.03841646,0.0215397,0.43856585,0.03153768,0.1472014,0.02194022,0.1564308,0.004162882,0.21669777,0.8946102,0.089208655,0.96417904,0.18323924,0.95062417
beef,beef_portion34_day2_rep1,beef_portion34,2,1,Fresh,0,0.56694984,0.3419437,0.28316253,0.031052934,0.036690693,0.034629866,0.032743327,0.5003604,0.56694984,0.0028479253,0.03504998,0.031052934,0.43474904,0.09082904,0.07567005,0.034824748,0.0052209687,0.0037855862,0.70076287,0.47349307,0.0058072186,0.028651837,0.040413126,0.0076445015,0.1100015,0.9908527,0.70076287,0.005939457,0.011208117,0.028651837,0.5572839,0.069153585,0.24040337,0.03379501,0.011582044,0.009778316,0.21774554,0.29832777,0.27179116,0.03784254,0.029946448,0.02993743,0.44108373,0.27323654,0.29832777,0.025671124,0.06000694,0.029946448,0.3043975,0.9663717,0.17213874,0.0340024,0.0050129355,0.36861482,0.48236775,0.41384444,0.16617684,0.026936242,0.027013475,0.034364667,0.12872592,0.65626884,0.48236775,0.00341399,0.05353971,0.026936242,0.4532249,0.04112244,0.1451666,0.027427334,0.18348959,0.007027418,0.2064502,0.890434,0.08741781,0.93467206,0.14381953,0.93753046
beef,beef_portion34_day2_rep2,beef_portion34,2,2,Fresh,0,0.57234216,0.35095942,0.29106835,0.02999801,0.03738109,0.03453456,0.033476174,0.49124148,0.57234216,0.0028364016,0.03492118,0.02999801,0.44254968,0.088815436,0.07506236,0.034792818,0.0059432383,0.003430423,0.6952595,0.47336754,0.005308459,0.030880755,0.040343482,0.006969518,0.11094184,0.99151385,0.6952595,0.0059308927,0.010395375,0.030880755,0.555429,0.06682265,0.23963308,0.034345083,0.011617751,0.010143232,0.21378693,0.29452926,0.26878044,0.032933496,0.024925537,0.024851471,0.44368932,0.27629757,0.29452926,0.02080553,0.0554968,0.024925537,0.30034918,0.96635264,0.17326538,0.028593136,0.005479942,0.3706937,0.48018607,0.41143864,0.16245395,0.023833277,0.024259707,0.030105762,0.12888753,0.66169167,0.48018607,0.0027525725,0.048404362,0.023833277,0.45075068,0.031757694,0.1459712,0.024425875,0.15781094,0.0067597944,0.20077087,0.8943916,0.091383286,0.93734974,0.14477447,0.94701284
beef,beef_portion34_day2_rep3,beef_portion34,2,3,Fresh,0,0.56773627,0.3437156,0.28535196,0.028400177,0.03395623,0.03196308,0.032718297,0.49696767,0.56773627,0.0025663762,0.032485325,0.028400177,0.43626225,0.0903006,0.07514302,0.032069232,0.0053006047,0.0033241354,0.7040714,0.47555873,0.006016121,0.031956695,0.041592192,0.007760322,0.10997747,0.9905348,0.7040714,0.0060215467,0.011359702,0.031956695,0.55964696,0.06951957,0.24117921,0.03534732,0.012113453,0.010337232,0.21284351,0.2906261,0.267781,0.03478578,0.027304055,0.026717309,0.44783935,0.2700881,0.2906261,0.022201382,0.05939052,0.027304055,0.2967161,0.9682935,0.22301757,0.031112716,0.0055041886,0.4111453,0.4873292,0.41586575,0.16653654,0.026350502,0.028007198,0.03491865,0.12797607,0.6589689,0.4873292,0.0023078083,0.054554246,0.026350502,0.4557455,0.010702313,0.1466269,0.028161678,0.06139877,0.006775319,0.207903,0.9012278,0.10874479,0.93662,0.15229946,0.97370774
beef,beef_portion35_day2_rep1,beef_portion35,2,1,Fresh,0,0.58599615,0.32739645,0.26444715,0.020448029,0.020505862,0.02045486,0.03145822,0.54784703,0.58599615,0.0005744095,0.019981991,0.020448029,0.43316698,0.10561653,0.08637307,0.020460613,0.0013527698,0.0014360916,0.6719632,0.40575457,0.004477269,0.022880336,0.024853297,0.005786626,0.098132536,0.9924783,0.6719632,0.003593345,0.009145993,0.022880336,0.5059001,0.092364766,0.22627793,0.022704685,0.005514907,0.006965554,0.1526623,0.2347972,0.22895022,0.029253356,0.028517017,0.028610764,0.48632467,0.35312304,0.23481493,0.005299292,0.04715455,0.02851238,0.23431078,0.9701283,0.9922788,0.032362275,0.002263651,0.061530665,0.41352856,0.34210795,0.14252542,0.03024695,0.031138474,0.034331318,0.12164294,0.6572203,0.41352856,0.0033271022,0.062748924,0.03024695,0.38101426,0.011802335,0.12394341,0.03242819,0.0035588588,0.005689447,0.15823743,1.2679076,0.11372133,1.1962386,0.18044148,1.3015057
beef,beef_portion35_day2_rep2,beef_portion35,2,2,Fresh,0,0.58522344,0.3266539,0.2633977,0.021023983,0.021009834,0.021071041,0.03160582,0.54905266,0.58522344,0.00093408796,0.020578032,0.021023983,0.43229747,0.10556723,0.086576544,0.021006197,0.0013591058,0.0017273884,0.674058,0.4077557,0.004059214,0.014010578,0.017094307,0.0055388543,0.09835698,0.99326426,0.674058,0.0025500187,0.008621359,0.014010578,0.507856,0.09214189,0.22691043,0.014921368,0.004141347,0.0043022404,0.15097578,0.23370071,0.22774452,0.029898742,0.029105198,0.029416697,0.48617154,0.3578436,0.23375772,0.004679274,0.04912077,0.029080877,0.23295656,0.9698906,0.9960908,0.033060055,0.0023029777,0.0009253939,0.41099378,0.33945027,0.14355305,0.031115409,0.032092385,0.034885135,0.120142795,0.6529341,0.41099378,0.0034698653,0.06295413,0.031115409,0.37821952,0.012134618,0.12211091,0.033319846,0.0032980482,0.005444488,0.15994667,1.2704362,0.11365197,1.1990209,0.18490463,1.3046987
beef,beef_portion35_day2_rep3,beef_portion35,2,3,Fresh,0,0.58219016,0.3238806,0.26079634,0.02053977,0.020875197,0.020711914,0.0315434,0.5512526,0.58219016,0.00085244956,0.020590875,0.02053977,0.42955652,0.10554745,0.08648908,0.020738907,0.001821632,0.0015063264,0.6700176,0.40594256,0.004451329,0.021370579,0.025237095,0.0057037366,0.09845208,0.99251807,0.6700176,0.003915514,0.009011255,0.021370579,0.5054477,0.09144311,0.22594751,0.02226935,0.006335252,0.0067326473,0.15275228,0.23081836,0.22812818,0.027561424,0.027329907,0.027447864,0.49243927,0.3435401,0.23175664,0.0098422915,0.045763656,0.027325997,0.2307386,0.9718852,0.9953239,0.031068182,0.0028360963,0.0028046598,0.41203636,0.33955753,0.13927905,0.029832892,0.030094583,0.032553196,0.12110401,0.6638567,0.41203636,0.003052154,0.05810249,0.029832892,0.37860975,0.012355034,0.12452089,0.03146739,0.003088225,0.004620219,0.15939592,1.2712398,0.1128132,1.2010759,0.18063816,1.304171
beef,beef_portion36_day2_rep1,beef_portion36,2,1,Fresh,0,0.5874937,0.3652421,0.29167205,0.04250462,0.044164345,0.04256476,0.03866173,0.5042491,0.5874937,0.0037870298,0.0387502,0.04250462,0.4570746,0.08734834,0.0824687,0.04365099,0.0044118348,0.0036143914,0.7282523,0.49896467,0.0045306357,0.015502033,0.01794816,0.0060545895,0.111923866,0.9927337,0.7282523,0.0024806696,0.0088547915,0.015502033,0.5818888,0.06779507,0.24862625,0.015584022,0.0050130407,0.004464059,0.17382674,0.2697627,0.25153568,0.02056348,0.01708081,0.018178929,0.46650833,0.3553039,0.2697627,0.011153625,0.044521697,0.01708081,0.2707974,0.96152025,0.3548284,0.019172048,0.0048870454,0.47742102,0.46370137,0.37433797,0.16579737,0.021870086,0.021980148,0.02315865,0.114227004,0.6420521,0.46370137,0.0016247159,0.03401988,0.021870086,0.41991687,0.018899782,0.13100344,0.023081329,0.00170511,0.0034887614,0.20873246,0.9343744,0.09176886,0.9522612,0.20606013,0.9802385
beef,beef_portion36_day2_rep2,beef_portion36,2,2,Fresh,0,0.5887086,0.3662334,0.29270083,0.03961826,0.040779725,0.040572878,0.038798746,0.5031738,0.5887086,0.0041925395,0.037769467,0.03961826,0.45861036,0.08750637,0.08236008,0.040330224,0.0037348585,0.004868244,0.7183802,0.49129704,0.004390672,0.013971119,0.017519264,0.0058259564,0.11171864,0.9928553,0.7183802,0.0027732507,0.008704456,0.013971119,0.5740792,0.06752593,0.2459448,0.014619478,0.0056657735,0.0042326227,0.18996106,0.27518317,0.25537658,0.020108292,0.0205057,0.019777166,0.46041968,0.30901068,0.27518317,0.019048184,0.029297793,0.0205057,0.278447,0.9650705,0.42201343,0.022117475,0.004174943,0.4909115,0.4554194,0.37131685,0.167475,0.021464791,0.021503977,0.023163881,0.11581333,0.6319004,0.4554194,0.0021195968,0.03481718,0.021464791,0.4148383,0.016606394,0.1277416,0.022153843,0.0020408325,0.003978785,0.20122682,0.9580929,0.09488035,0.96124125,0.20474975,1.0023885
beef,beef_portion36_day2_rep3,beef_portion36,2,3,Fresh,0,0.5877302,0.3626833,0.2926116,0.040317528,0.042000268,0.041560154,0.03662589,0.5026917,0.5877302,0.002621853,0.03848995,0.040317528,0.4554514,0.08893641,0.08115876,0.041331343,0.004089419,0.003489628,0.73839176,0.50426066,0.0048541347,0.015749056,0.01900913,0.0064439517,0.111601464,0.992467,0.73839176,0.0025359024,0.009172589,0.015749056,0.5884368,0.06956468,0.25080824,0.016466692,0.0049270773,0.004653748,0.18657614,0.27393878,0.2546616,0.022942036,0.020582797,0.018359853,0.46188438,0.31889704,0.27393878,0.018919375,0.042386148,0.020582797,0.27677137,0.96418613,0.43074015,0.02258509,0.004496903,0.49234417,0.46436206,0.37533498,0.16449028,0.021628331,0.0214301,0.023344554,0.11469924,0.6454252,0.46436206,0.0020928367,0.034921948,0.021628331,0.4207881,0.018588116,0.13198833,0.02248067,0.0021070275,0.0036574341,0.21642856,0.9592684,0.09345625,0.96429163,0.21171409,1.0020723
beef,beef_portion37_day2_rep1,beef_portion37,2,1,Fresh,0,0.5753303,0.35052508,0.27565062,0.021265643,0.02352601,0.025214449,0.038759552,0.5201083,0.5753303,0.0034433145,0.027767934,0.021265643,0.44377,0.0891866,0.084181204,0.0227777,0.0033348436,0.004482111,0.70248187,0.4470803,0.0054207905,0.024207,0.03231377,0.0069213444,0.1035088,0.9913452,0.70248187,0.0045511797,0.010320649,0.024207,0.54141814,0.08390304,0.23683904,0.027490433,0.0082316855,0.0080144005,0.15509367,0.2336854,0.23317124,0.02048953,0.021012967,0.022896226,0.4960901,0.341417,0.23583129,0.012995037,0.048920542,0.022703774,0.23421544,0.9718434,0.9697825,0.023549566,0.0036393448,0.15354218,0.44833595,0.37150493,0.116601236,0.01828291,0.018383818,0.02542566,0.12653242,0.7393488,0.44833595,0.0024365834,0.049329244,0.01828291,0.41207537,0.010363633,0.15079765,0.018860249,0.0027647475,0.0062877955,0.18129393,1.2677878,0.10795999,1.1916449,0.17187412,1.2754661
beef,beef_portion37_day2_rep2,beef_portion37,2,2,Fresh,0,0.57771176,0.35247377,0.27684084,0.02107815,0.023646792,0.025035234,0.03909777,0.5200116,0.57771176,0.0036156485,0.027187115,0.02107815,0.4457947,0.08916264,0.08459801,0.022792278,0.0034733277,0.0043776017,0.69973934,0.43942493,0.004765431,0.020409962,0.023460006,0.005869783,0.10225126,0.9922376,0.69973934,0.0030485361,0.008898757,0.020409962,0.5358821,0.08673174,0.23544392,0.021041548,0.0050700246,0.0062533016,0.15536897,0.23362061,0.23517677,0.019317683,0.019704299,0.023435278,0.4996818,0.34230322,0.23696803,0.013626577,0.053830862,0.022927983,0.23443004,0.9722676,0.9771832,0.022028068,0.0037829415,0.1245786,0.445722,0.37051946,0.11835246,0.015808795,0.015543031,0.023107667,0.12669866,0.7334922,0.445722,0.0020467388,0.04600449,0.015808795,0.41060883,0.009741116,0.14935066,0.016118582,0.0021721837,0.006698135,0.17571609,1.2732862,0.10834541,1.1938276,0.17039073,1.2817187
beef,beef_portion37_day2_rep3,beef_portion37,2,3,Fresh,0,0.5766158,0.351185,0.27559444,0.019601086,0.022429844,0.023114791,0.03886428,0.5212581,0.5766158,0.0028790717,0.025260378,0.019601086,0.44455886,0.08933331,0.08458299,0.021559585,0.0035066523,0.003781367,0.6994005,0.44614545,0.004402174,0.022440452,0.030588564,0.005280249,0.10381833,0.99273896,0.6994005,0.004405137,0.008121896,0.022440452,0.53983396,0.08302369,0.2364163,0.025921337,0.007727354,0.007720801,0.16007838,0.23811164,0.24070342,0.017881546,0.019274231,0.023932485,0.50150836,0.3354231,0.24184634,0.012932695,0.04926956,0.02341082,0.23957859,0.9729234,0.9926551,0.02150676,0.0032986735,0.006246775,0.44455153,0.36914608,0.12086575,0.014923245,0.01507122,0.019667128,0.12643851,0.7269195,0.44455153,0.0020263642,0.038405545,0.014923245,0.4094575,0.0099321585,0.14772974,0.0153455585,0.002639348,0.0057277638,0.17936137,1.2834888,0.10735064,1.2058076,0.17379786,1.2923273
beef,beef_portion38_day2_rep1,beef_portion38,2,1,Fresh,0,0.58754706,0.36105615,0.28623334,0.015331856,0.018281583,0.017321972,0.038276546,0.5113953,0.58754706,0.0033545028,0.017417934,0.015331856,0.45419472,0.08909214,0.0839636,0.017280951,0.0038612953,0.002584309,0.68894386,0.46443695,0.003995687,0.025792034,0.033099003,0.005162852,0.10988672,0.9933482,0.68894386,0.004980801,0.008055542,0.025792034,0.5478369,0.06871086,0.23754497,0.028294561,0.009511772,0.008495925,0.16388981,0.26330295,0.2732257,0.024622815,0.023291497,0.025373517,0.5123807,0.40172902,0.27349728,0.011168505,0.04363659,0.025269656,0.26487938,0.96641594,0.98494786,0.026174093,0.0034538358,0.004793015,0.40855965,0.33485636,0.13949217,0.02901284,0.029777545,0.028914442,0.11919286,0.65948236,0.40855965,0.0039881677,0.049147997,0.02901284,0.37406406,0.01319622,0.12265159,0.030950608,0.0037402618,0.005758867,0.18102898,1.2717351,0.11695245,1.2018945,0.21559073,1.2900015
beef,beef_portion38_day2_rep2,beef_portion38,2,2,Fresh,0,0.5821887,0.35427445,0.28242615,0.015599434,0.017071057,0.019714154,0.0368844,0.51351357,0.5821887,0.0026047323,0.022182563,0.015599434,0.44833916,0.09057131,0.0827199,0.016899437,0.002747843,0.0036610872,0.68934846,0.46018848,0.0043960456,0.025371898,0.032764938,0.005664449,0.10884582,0.99279255,0.68934846,0.004751339,0.008753405,0.025371898,0.5452486,0.07108147,0.2368398,0.028159996,0.008813946,0.008418144,0.16280921,0.2613314,0.27054414,0.023768809,0.023573907,0.025580099,0.5114918,0.3992104,0.27070275,0.009716326,0.043209147,0.025478609,0.26276085,0.9667039,0.985637,0.026351368,0.0031988604,0.0046386817,0.40771383,0.3350734,0.14049362,0.029487813,0.031320684,0.032869857,0.119611844,0.6569085,0.40771383,0.004176079,0.05812705,0.029487813,0.37400037,0.012790699,0.122031085,0.03222627,0.0040990273,0.0063441913,0.18309627,1.2717339,0.11454889,1.2010978,0.21425411,1.2915648
beef,beef_portion38_day2_rep3,beef_portion38,2,3,Fresh,0,0.58572304,0.35903183,0.28503358,0.014396375,0.017813774,0.015966032,0.037935797,0.5117941,0.58572304,0.0033319572,0.015830556,0.014396375,0.4522044,0.08941802,0.08343877,0.016727734,0.004220365,0.0020191495,0.69228834,0.46223646,0.004443024,0.026333109,0.032612193,0.0057568746,0.108901426,0.9927095,0.69228834,0.0048083905,0.008838104,0.026333109,0.5474413,0.07130772,0.23763387,0.028191315,0.009104726,0.00850594,0.16888331,0.26623845,0.27686313,0.024006363,0.023135172,0.025972053,0.51345956,0.39114287,0.2771226,0.009933507,0.039632507,0.025866516,0.2685099,0.96755826,0.98515487,0.025970371,0.002722734,0.004488317,0.40599078,0.33234882,0.13569134,0.029195357,0.03057566,0.029944576,0.119343065,0.66691333,0.40599078,0.004039645,0.051209893,0.029195357,0.37131292,0.013206137,0.12326679,0.031564914,0.0036375143,0.0059764744,0.1821378,1.2719929,0.11805911,1.1999397,0.21789178,1.2900417
beef,beef_portion39_day2_rep1,beef_portion39,2,1,Fresh,0,0.5697465,0.33369252,0.23034562,0.019830447,0.02248862,0.02219995,0.04907517,0.5945758,0.5697465,0.003982102,0.026984466,0.019830447,0.429217,0.093040854,0.10392376,0.020964148,0.0046836147,0.0045508514,0.7141031,0.46173,0.004032121,0.02138442,0.03302757,0.005037047,0.10543196,0.99338025,0.7141031,0.0050610984,0.0076967925,0.02138442,0.5543428,0.08126229,0.24103856,0.026821494,0.009877135,0.007718502,0.10986326,0.20642054,0.20103464,0.021280615,0.026322788,0.030015713,0.48721623,0.4712391,0.20729318,0.01022701,0.047934465,0.027175598,0.19948079,0.96337974,0.98664373,0.029586328,0.0033052796,0.088074364,0.44033042,0.36129957,0.052359246,0.02546355,0.025063697,0.026644202,0.13082232,0.8816701,0.44033042,0.0024058537,0.05214529,0.02546355,0.401555,0.010215421,0.17013916,0.02586884,0.0028312872,0.003958767,0.18599911,1.2607391,0.109588854,1.2082984,0.18280727,1.271234
beef,beef_portion39_day2_rep2,beef_portion39,2,2,Fresh,0,0.56780475,0.33017787,0.23302901,0.020667717,0.021751273,0.023307709,0.047396686,0.58825123,0.56780475,0.0018156301,0.02788633,0.020667717,0.42575374,0.09431137,0.10101074,0.02098692,0.0032021054,0.0036705262,0.706925,0.45305577,0.0038150465,0.019979365,0.028529858,0.005058824,0.10437848,0.9937422,0.706925,0.0042840336,0.007745963,0.019979365,0.5465958,0.08260803,0.2386753,0.023812866,0.0077466383,0.0068910304,0.107494876,0.1995579,0.19283286,0.02022877,0.025070956,0.026068162,0.4854904,0.46321186,0.19969715,0.007515859,0.04381654,0.02519152,0.19213483,0.9645865,0.9957194,0.028181197,0.003451885,0.018814452,0.43799737,0.35673004,0.03672883,0.02482263,0.024311023,0.026153753,0.13036236,0.9168474,0.43799737,0.0023758414,0.05326038,0.02482263,0.39711842,0.011327907,0.17335485,0.025453422,0.0024791437,0.0043813973,0.18355191,1.2698268,0.11375371,1.2151725,0.17801997,1.2755405
beef,beef_portion39_day2_rep3,beef_portion39,2,3,Fresh,0,0.5687116,0.33005098,0.23232289,0.020664692,0.022091413,0.02303834,0.047249366,0.59015775,0.5687116,0.0018673126,0.027729915,0.020664692,0.4261284,0.09477252,0.101553045,0.02124458,0.0032410533,0.003721979,0.70930475,0.45810097,0.004172782,0.022148428,0.03447845,0.005062459,0.105249785,0.9931597,0.70930475,0.0052931895,0.007714883,0.022148428,0.5505727,0.081092976,0.23974985,0.02797358,0.01033,0.008062961,0.108694054,0.20107931,0.19421364,0.020612694,0.024908075,0.027178634,0.4846398,0.4618314,0.2013671,0.008171808,0.047309835,0.025258983,0.19383417,0.9642784,0.9935837,0.02814415,0.0031238364,0.046009336,0.4393186,0.35746893,0.037623115,0.020437578,0.020491406,0.024493536,0.13020837,0.9145588,0.4393186,0.002682734,0.05144542,0.020437578,0.3980802,0.011473722,0.17343874,0.021381618,0.0030726653,0.004054098,0.18647218,1.26717,0.1135471,1.2147199,0.18027192,1.2736526
beef,beef_portion40_day2_rep1,beef_portion40,2,1,Fresh,0,0.58475655,0.3546264,0.29740974,0.02033978,0.020956138,0.021442229,0.032121714,0.4900459,0.58475655,0.0022074478,0.019910553,0.02033978,0.4487893,0.09269337,0.07532716,0.020882437,0.0024078016,0.0030139848,0.72635007,0.5122957,0.004380443,0.016360417,0.031567954,0.005448415,0.1153275,0.9928999,0.72635007,0.0057199076,0.008183287,0.016360417,0.5898474,0.059944965,0.25034595,0.023788568,0.0126539655,0.0065251817,0.12464821,0.22272608,0.22121207,0.02935615,0.027097285,0.02754387,0.49433014,0.450842,0.22517136,0.013889042,0.07187838,0.027209025,0.21835814,0.9641498,0.95578426,0.031124203,0.0037963276,0.18558873,0.449911,0.3573468,0.05473607,0.02863386,0.02843748,0.03640899,0.1253955,0.8801625,0.449911,0.0024218566,0.06961014,0.02863386,0.40140828,0.017188063,0.16958167,0.02907494,0.0032829195,0.0051420294,0.22715946,1.2600553,0.1297302,1.2055014,0.20942855,1.2443305
beef,beef_portion40_day2_rep2,beef_portion40,2,2,Fresh,0,0.58570814,0.35512975,0.2977196,0.020987026,0.021386206,0.021575434,0.032214895,0.49035633,0.58570814,0.0023373521,0.01965871,0.020987026,0.44934195,0.09279546,0.07549344,0.02137676,0.002205495,0.0030858752,0.7263884,0.51057774,0.004399445,0.01599829,0.03094635,0.005495234,0.11482912,0.9929036,0.7263884,0.005674133,0.008222208,0.01599829,0.5887207,0.060858592,0.25012836,0.023289831,0.01256255,0.0064226463,0.12562327,0.22492407,0.22256303,0.028847633,0.028098196,0.027835555,0.4931268,0.4513538,0.22713333,0.014982367,0.064587764,0.028338294,0.22053897,0.9634312,0.92588395,0.03188162,0.0032626789,0.24725348,0.45034575,0.35791263,0.058129653,0.02869031,0.028027602,0.03569055,0.12522627,0.87289333,0.45034575,0.0024497402,0.068011485,0.02869031,0.40194967,0.017209925,0.16873619,0.02898723,0.0026087505,0.004480315,0.22570722,1.2383543,0.1290481,1.1861031,0.20835859,1.2253641
beef,beef_portion40_day2_rep3,beef_portion40,2,3,Fresh,0,0.58340424,0.35339957,0.29776525,0.020707835,0.020793067,0.021536715,0.03156271,0.4883844,0.58340424,0.0016813347,0.019374296,0.020707835,0.44753703,0.09265912,0.07442963,0.020788066,0.0021179148,0.0024975683,0.7285395,0.5136054,0.004444502,0.01604605,0.033119064,0.0053632935,0.11525904,0.9927883,0.7285395,0.006131042,0.008025866,0.01604605,0.5912801,0.060226407,0.25089115,0.024594499,0.013621071,0.0067593073,0.123277284,0.22167781,0.2208671,0.026302207,0.026472457,0.026660055,0.49545616,0.451081,0.22318527,0.009680334,0.06076847,0.026751636,0.21719533,0.96364087,0.9756354,0.030088017,0.0028932968,0.1258919,0.447916,0.3559422,0.057274424,0.028392827,0.028142959,0.035259213,0.12531216,0.87399465,0.447916,0.0027545847,0.06708932,0.028392827,0.39970884,0.01719489,0.16815445,0.0289691,0.0028282902,0.005069241,0.22989696,1.2742991,0.1294864,1.2171078,0.21306483,1.2574166
beef,beef_portion01_day3_rep1,beef_portion01,3,1,Sub-fresh,1,0.7561518,0.49611717,0.031153843,0.020735111,0.024606189,0.04701682,0.104754,0.9583203,0.7561518,0.0046086,0.059393723,0.020735111,0.5892074,0.08189585,0.24699128,0.021680806,0.005527167,0.011353105,0.44480327,0.3794195,0.18301655,0.027697058,0.027752923,0.0407109,0.12324774,0.58973134,0.44480327,0.0044623637,0.07166024,0.027697058,0.41821945,0.01572017,0.12014962,0.028824111,0.086573586,0.012091537,0.6372608,0.4033147,0.3270099,0.02640114,0.03096863,0.031693842,0.038548864,0.48605424,0.6372608,0.0031295493,0.030074427,0.02640114,0.49872115,0.09035068,0.08437136,0.028723579,0.00488549,0.004833693,0.20232902,0.28256127,0.29611468,0.035681985,0.033083856,0.03403264,0.5209561,0.32025462,0.29643682,0.012258179,0.04553412,0.03370382,0.28975967,0.9744406,0.98526984,0.036825184,0.0041619097,0.0037532311,0.22294597,0.1862914,1.1963947,0.11545701,1.2977209,1.2794131
beef,beef_portion01_day3_rep2,beef_portion01,3,2,Sub-fresh,1,0.7583161,0.49586764,0.028305598,0.020682827,0.023364017,0.04918087,0.10456706,0.9622713,0.7583161,0.0043881843,0.061425205,0.020682827,0.58967054,0.08304143,0.24754076,0.020977609,0.004675358,0.0121803945,0.44233793,0.38032338,0.19025654,0.029151704,0.030720413,0.03912557,0.12426992,0.5709681,0.44233793,0.0036557273,0.06668103,0.029151704,0.41844356,0.006877968,0.11634686,0.031528126,0.0036813945,0.010110604,0.6392907,0.40210703,0.32893822,0.027989605,0.03286959,0.03158923,0.036976647,0.48460874,0.6392907,0.0030355798,0.028272681,0.027989605,0.49905398,0.09225738,0.08333631,0.030225,0.005385837,0.0038182288,0.2036466,0.28369752,0.30157313,0.035037175,0.032977268,0.032919135,0.52765936,0.3271686,0.30164105,0.010101021,0.047648318,0.032836333,0.29134265,0.97552,0.98244965,0.036416687,0.004462252,0.0035195583,0.22876054,0.18777485,1.1939886,0.121972874,1.3055866,1.2773808
beef,beef_portion01_day3_rep3,beef_portion01,3,3,Sub-fresh,1,0.75551385,0.4963098,0.025605263,0.022949575,0.026156262,0.04281279,0.105420895,0.9655493,0.75551385,0.004263134,0.054359607,0.022949575,0.58912665,0.08140961,0.24809444,0.023242595,0.0054870187,0.01114141,0.44823033,0.3827761,0.18356378,0.02639696,0.028200764,0.04097468,0.123763695,0.5915372,0.44823033,0.0042530154,0.07257361,0.02639696,0.421827,0.018753791,0.121520214,0.028771065,0.102596745,0.011892066,0.6446656,0.4145802,0.3360369,0.02963414,0.034455385,0.032262158,0.04004674,0.47792485,0.6446656,0.0044341693,0.028383197,0.02963414,0.5085549,0.08813584,0.08434132,0.03184211,0.0055806604,0.0044869427,0.19068134,0.2796688,0.29128116,0.036173433,0.03263196,0.033697963,0.51658803,0.3487357,0.2913297,0.007753366,0.051777206,0.03367206,0.2848157,0.9707828,0.98556966,0.036544967,0.0033646086,0.0034107768,0.21894282,0.18262567,1.1947633,0.11712329,1.2929474,1.2811469
beef,beef_portion02_day3_rep1,beef_portion02,3,1,Sub-fresh,1,0.7538833,0.5202278,0.012243913,0.031330623,0.04449125,0.01985655,0.112168945,0.98316354,0.7538833,0.004911755,0.025055725,0.031330623,0.603256,0.06808041,0.25439945,0.037334193,0.010507321,0.009675699,0.4890957,0.39905217,0.12552033,0.021910325,0.02351013,0.033445712,0.12306079,0.74365,0.4890957,0.0025843775,0.059629228,0.021910325,0.4440956,0.015074224,0.15971611,0.023661846,0.003029844,0.006330788,0.59045845,0.283275,0.18960762,0.022989657,0.02303323,0.02317384,0.036674142,0.6780026,0.59045845,0.0025862092,0.02843657,0.022989657,0.40770158,0.12615865,0.118123494,0.021879492,0.003113001,0.0047696605,0.16750664,0.25126636,0.23673792,0.020866146,0.020064501,0.018729784,0.46896893,0.33392233,0.25126636,0.010869137,0.030955443,0.020064501,0.2523195,0.96663195,0.4798222,0.022649018,0.0019609642,0.498441,0.19263077,0.24532783,0.99063957,0.12407345,1.0221096,0.9280975
beef,beef_portion02_day3_rep2,beef_portion02,3,2,Sub-fresh,1,0.75170916,0.5168659,0.009866677,0.027290376,0.04043229,0.016706992,0.11195999,0.9860373,0.75170916,0.004801181,0.021203272,0.027290376,0.60044885,0.06883278,0.25391072,0.033482973,0.010407446,0.008677113,0.4861937,0.39763156,0.11916639,0.02301218,0.02483656,0.038968097,0.12431747,0.75565606,0.4861937,0.0038346215,0.0712351,0.02301218,0.4420633,0.020054178,0.16145875,0.024687408,0.07568347,0.008581422,0.58852476,0.28131288,0.1857736,0.020199398,0.020901691,0.022394907,0.037515245,0.6832719,0.58852476,0.0027097762,0.02910003,0.020199398,0.40574458,0.12618777,0.119392425,0.019486632,0.0040554237,0.005340019,0.16622145,0.24827698,0.2292792,0.019980744,0.02016918,0.020156551,0.46004465,0.33070233,0.24827698,0.0063528507,0.026713459,0.02016918,0.24898265,0.9654184,0.049179357,0.022809858,0.0018207227,0.2158587,0.18977013,0.24350464,0.98453504,0.11980386,0.97139096,0.8566284
beef,beef_portion02_day3_rep3,beef_portion02,3,3,Sub-fresh,1,0.7494058,0.5083114,0.009712391,0.025443433,0.035841648,0.018510792,0.1104021,0.9863169,0.7494058,0.004115593,0.023493147,0.025443433,0.5943991,0.07236925,0.25227886,0.030070141,0.008766995,0.007606702,0.49141437,0.40143505,0.13003032,0.023549482,0.027574115,0.048152003,0.12283135,0.736503,0.49141437,0.0050744573,0.08772264,0.023549482,0.4464773,0.042929474,0.15850715,0.026685981,0.1616545,0.012936496,0.58997285,0.2795406,0.19343646,0.020805692,0.021560306,0.021438023,0.034225933,0.6709919,0.58997285,0.0026536465,0.026179604,0.020805692,0.40560153,0.1280071,0.11497099,0.020032959,0.00470964,0.004146109,0.16786991,0.23953412,0.2378713,0.020710299,0.020807274,0.020919038,0.49465162,0.29945973,0.23956412,0.009598365,0.027930154,0.020811545,0.24204561,0.97461176,0.9381498,0.023629924,0.0028388947,0.23341027,0.17759699,0.23998655,1.1868503,0.103944354,1.2319362,1.1921046
beef,beef_portion03_day3_rep1,beef_portion03,3,1,Sub-fresh,1,0.69776404,0.42316195,0.004900577,0.02850025,0.049008578,0.006233186,0.09837472,0.9919828,0.69776404,0.008341016,0.009564918,0.02850025,0.5256835,0.09450392,0.23295507,0.038752917,0.014717909,0.011097497,0.4243027,0.31734252,0.017652469,0.024402115,0.0268006,0.020641254,0.120621085,0.95871097,0.4243027,0.0035974125,0.04488871,0.024402115,0.36449105,0.026905531,0.16892526,0.026848696,0.0053495024,0.005775668,0.59540284,0.37133148,0.28733292,0.027212972,0.031382054,0.029610068,0.043031015,0.516842,0.59540284,0.004729694,0.02963097,0.027212972,0.4635937,0.08725238,0.08830229,0.029599098,0.0050304285,0.0042564697,0.15239373,0.24466953,0.23883997,0.027489144,0.024448745,0.025947662,0.4873734,0.3811288,0.24520478,0.009502215,0.05666956,0.024623444,0.24390203,0.9657196,0.99321705,0.028030924,0.004209849,0.048902854,0.18615149,0.15758224,1.1901327,0.14129098,1.2551377,1.2801718
beef,beef_portion03_day3_rep2,beef_portion03,3,2,Sub-fresh,1,0.697694,0.42160463,0.0053484202,0.027911454,0.04944008,0.0061792405,0.097962156,0.99125844,0.697694,0.008510076,0.009377449,0.027911454,0.5247683,0.095297866,0.23263748,0.038727842,0.015225262,0.011018547,0.4247081,0.31784946,0.0134106055,0.026341362,0.02936059,0.018446615,0.12116564,0.9687109,0.4247081,0.00406406,0.038716048,0.026341362,0.36487123,0.026724048,0.17037481,0.029384563,0.0055054044,0.006685411,0.5951644,0.36945683,0.2760366,0.028559145,0.031360783,0.03053605,0.047200054,0.5356256,0.5951644,0.0041645328,0.031705778,0.028559145,0.46193713,0.08735251,0.09402064,0.03012243,0.0043891193,0.0049391203,0.14556372,0.2352316,0.22545797,0.025725393,0.024738725,0.025366625,0.47972444,0.38354015,0.23524116,0.007301169,0.050821427,0.024746701,0.23334031,0.9658939,0.8860607,0.028163968,0.0041308794,0.3137395,0.18478657,0.15239918,1.1268672,0.13757746,1.1880853,1.2047485
beef,beef_portion03_day3_rep3,beef_portion03,3,3,Sub-fresh,1,0.6943156,0.41398063,0.0050757774,0.026929038,0.048865773,0.0064211627,0.096675575,0.9917434,0.6943156,0.008599608,0.009729754,0.026929038,0.51909155,0.09781137,0.23114687,0.037922766,0.01542762,0.010633092,0.42184898,0.31285322,0.011447841,0.025308896,0.02755684,0.01575394,0.12013681,0.9729822,0.42184898,0.0037810302,0.03448646,0.025308896,0.3604044,0.028152477,0.1695178,0.027858583,0.0049153217,0.0067557124,0.5958067,0.3701897,0.279786,0.028930806,0.032365575,0.030211372,0.04600275,0.5298276,0.5958067,0.0046779155,0.030351857,0.028930806,0.46266526,0.08745958,0.09224473,0.030926296,0.004581482,0.0045232084,0.14403394,0.2315802,0.22215414,0.026299443,0.025346339,0.025956701,0.4796844,0.3808106,0.2315802,0.0047422396,0.048524447,0.025346339,0.22950368,0.9664565,0.9979499,0.029009972,0.003059688,0.0019585197,0.18393508,0.15028271,1.1943166,0.14122939,1.2585107,1.2834725
beef,beef_portion04_day3_rep1,beef_portion04,3,1,Sub-fresh,1,0.7500566,0.4920683,0.005129949,0.020344779,0.022178715,0.0061154263,0.1069705,0.9921041,0.7500566,0.0027339056,0.008686772,0.020344779,0.5845648,0.081027426,0.25071678,0.019863477,0.0049286247,0.0059217894,0.44943103,0.35740492,0.13579318,0.042603247,0.043369062,0.053332657,0.11553867,0.7038883,0.44943103,0.0023364334,0.09549576,0.042603247,0.40241072,0.020069283,0.13731694,0.04499277,0.0031633293,0.009707329,0.6266077,0.39109972,0.30963495,0.021137869,0.022548778,0.02454023,0.03996752,0.5046011,0.6266077,0.0018553416,0.026124058,0.021137869,0.48736572,0.09106125,0.08818409,0.021804696,0.0041547865,0.004742687,0.16556486,0.25244647,0.23671982,0.025581691,0.026661335,0.029101724,0.4675208,0.34532353,0.25244647,0.014262353,0.042691793,0.026661335,0.25290874,0.9649558,0.5756008,0.029759256,0.0029756634,0.49256784,0.22305948,0.18964496,0.9984361,0.12112493,1.0522615,1.0277338
beef,beef_portion04_day3_rep2,beef_portion04,3,2,Sub-fresh,1,0.75302684,0.49443364,0.005151591,0.019398378,0.022586709,0.005962768,0.10711703,0.9920483,0.75302684,0.0029094738,0.008408777,0.019398378,0.58698404,0.08108262,0.25150213,0.019733898,0.0054671085,0.0058566667,0.44375926,0.35402787,0.13298483,0.04218289,0.042269215,0.049152806,0.11629264,0.7059039,0.44375926,0.0027098337,0.08724613,0.04218289,0.3981668,0.019046407,0.13684997,0.04399707,0.003282481,0.007879971,0.6266413,0.39174044,0.31358933,0.01945339,0.021499649,0.023311079,0.0386965,0.4982741,0.6266413,0.0021142329,0.024387218,0.01945339,0.48801625,0.09102094,0.086157985,0.020599866,0.0041858046,0.004389125,0.16620658,0.24982381,0.24109763,0.026800971,0.026868554,0.02750394,0.4809226,0.33660138,0.24984014,0.00645515,0.043504544,0.026877424,0.25095204,0.9676809,0.9805263,0.03020942,0.0032962,0.13316298,0.2294462,0.19295616,1.1960143,0.12578924,1.2780334,1.2746085
beef,beef_portion04_day3_rep3,beef_portion04,3,3,Sub-fresh,1,0.75256824,0.4943784,0.0049783876,0.021003934,0.024157273,0.0062569636,0.10711173,0.99236417,0.75256824,0.0029528053,0.008787087,0.021003934,0.58675194,0.08091956,0.25141668,0.021322563,0.005255414,0.006240811,0.4497688,0.3621053,0.14018594,0.043377213,0.043558292,0.052535888,0.11732459,0.694399,0.4497688,0.0031671284,0.09021179,0.043377213,0.405878,0.017741881,0.13677864,0.04506964,0.0033363686,0.008590441,0.6288249,0.38949463,0.3103748,0.020620475,0.022518408,0.025171014,0.038832877,0.505091,0.6288249,0.0025250346,0.027696244,0.020620475,0.4869362,0.09302965,0.08769481,0.021564465,0.004251421,0.005318066,0.16204873,0.25368285,0.24121788,0.026493963,0.026905842,0.027172275,0.47535384,0.3625399,0.2536842,0.0074519315,0.049591616,0.026905255,0.2537107,0.96382993,0.84205633,0.029860985,0.0042010183,0.36343744,0.22326818,0.19213194,1.1132396,0.12102852,1.1898127,1.175478
beef,beef_portion05_day3_rep1,beef_portion05,3,1,Sub-fresh,1,0.7532221,0.507504,0.0062869783,0.035924606,0.03930307,0.007901028,0.10979691,0.99058264,0.7532221,0.0042530736,0.010870019,0.035924606,0.59503955,0.074348964,0.2532351,0.035364673,0.0079734735,0.010780062,0.43819973,0.35827017,0.121928036,0.044123333,0.044389073,0.047388326,0.12311485,0.726631,0.43819973,0.0026228807,0.07277952,0.044123333,0.39952388,0.013449988,0.14285196,0.045387495,0.0027503723,0.005213418,0.6155853,0.3719135,0.30385202,0.027586512,0.02785028,0.028310468,0.03462482,0.50544333,0.6155853,0.0017707288,0.025917977,0.027586512,0.4718071,0.096608944,0.08337817,0.027199741,0.0038902957,0.0036559266,0.1591439,0.25090623,0.23530439,0.060653474,0.056896668,0.043833893,0.46692213,0.3810306,0.25156432,0.045364417,0.087944284,0.05671009,0.24978384,0.9638763,0.6674858,0.061082233,0.0047763996,0.46134987,0.23263597,0.21102874,1.040223,0.12520945,1.0958892,1.0689381
beef,beef_portion05_day3_rep2,beef_portion05,3,2,Sub-fresh,1,0.7507219,0.5080838,0.0062035397,0.0349225,0.040961254,0.007413499,0.11025131,0.99059635,0.7507219,0.0046957345,0.010303325,0.0349225,0.594618,0.072951384,0.25299048,0.03601496,0.008896444,0.010937746,0.43660992,0.3574151,0.12279495,0.045180205,0.045157444,0.049822662,0.12317897,0.7246991,0.43660992,0.00256665,0.08301759,0.045180205,0.39835316,0.0131733045,0.14169851,0.046542626,0.0026231396,0.0058830082,0.62123674,0.37592572,0.316869,0.029867915,0.032374363,0.031326912,0.031015782,0.48928523,0.62123674,0.0034518973,0.028535202,0.029867915,0.47618884,0.09766185,0.07828157,0.030681996,0.004503397,0.0042131157,0.13171615,0.22814085,0.22675455,0.02403939,0.02408743,0.024762606,0.49479815,0.43065974,0.23043622,0.012810674,0.056659337,0.024678696,0.22484708,0.9648451,0.98596275,0.027349042,0.003608879,0.078165114,0.23340784,0.21250714,1.21221,0.13121897,1.2839649,1.2802596
beef,beef_portion05_day3_rep3,beef_portion05,3,3,Sub-fresh,1,0.7552178,0.5166336,0.0059490376,0.037824355,0.04550542,0.007155285,0.111464396,0.99091375,0.7552178,0.005161902,0.009963461,0.037824355,0.6013269,0.070487574,0.2549509,0.03971083,0.009926276,0.012115245,0.43750438,0.35727993,0.12021209,0.0434373,0.043922674,0.04677938,0.122854315,0.73001087,0.43750438,0.002716922,0.07302895,0.0434373,0.39862224,0.0135848755,0.14315912,0.04490934,0.0026660943,0.0048576244,0.6214104,0.37846804,0.31785372,0.029593179,0.028798562,0.028755417,0.032205276,0.4876213,0.6214104,0.002244281,0.024298891,0.029593179,0.47776952,0.09650741,0.07864474,0.028595962,0.003850424,0.0034336871,0.12888955,0.228691,0.22552173,0.024830282,0.022464914,0.023702024,0.49161348,0.44113874,0.22956483,0.013391499,0.06648944,0.022754585,0.22490482,0.9627576,0.9557694,0.025760073,0.0036659907,0.18662441,0.23837888,0.21685784,1.195402,0.13153914,1.2615237,1.2584425
beef,beef_portion06_day3_rep1,beef_portion06,3,1,Sub-fresh,1,0.745835,0.48223048,0.008435689,0.023094552,0.030935396,0.015068749,0.10503973,0.9878377,0.745835,0.0038599442,0.019483099,0.023094552,0.5772117,0.08449151,0.2481069,0.026135385,0.0076222373,0.0068112756,0.4887509,0.40721598,0.18241069,0.03322254,0.032766618,0.039853957,0.12018107,0.6285188,0.4887509,0.0025693858,0.058617774,0.03322254,0.45022795,0.012759964,0.13636905,0.033157554,0.0018684437,0.0068114116,0.63328755,0.40240774,0.3283385,0.024413425,0.025720844,0.025866436,0.037591577,0.4804482,0.63328755,0.0025931206,0.021862708,0.024413425,0.4968768,0.08949912,0.082451686,0.024911633,0.0030181322,0.0031024863,0.19597818,0.25766882,0.24822566,0.04404252,0.039656885,0.03710311,0.4734937,0.24551395,0.25786173,0.023803333,0.06765181,0.039647635,0.2635668,0.97644657,0.55142653,0.04490194,0.005431849,0.4942464,0.18372706,0.18417495,0.9929551,0.10474778,1.0657424,1.0300713
beef,beef_portion06_day3_rep2,beef_portion06,3,2,Sub-fresh,1,0.74649423,0.48325554,0.010371882,0.024672056,0.03142817,0.017382035,0.10506427,0.9852652,0.74649423,0.0037183552,0.022279449,0.024672056,0.57807815,0.084247105,0.2480083,0.02690088,0.007432043,0.006863041,0.49169773,0.40849933,0.192918,0.03578035,0.0355538,0.04461919,0.11829364,0.6101681,0.49169773,0.003324233,0.06469495,0.03578035,0.45235714,0.014102196,0.13190475,0.036357146,0.002331858,0.008026462,0.6373884,0.40152478,0.3296429,0.023901528,0.025930382,0.027530208,0.036096565,0.48172697,0.6373884,0.0016680618,0.025616681,0.023901528,0.49781165,0.091769494,0.082319126,0.024832444,0.0032031205,0.004017179,0.18682009,0.25350964,0.2527204,0.04142468,0.035656914,0.039329667,0.4946459,0.27212498,0.25576124,0.01672966,0.088166505,0.03767571,0.25873932,0.9760311,0.89391226,0.04081706,0.006716393,0.29942784,0.18494894,0.18426122,1.1464938,0.10274753,1.2423568,1.223829
beef,beef_portion06_day3_rep3,beef_portion06,3,3,Sub-fresh,1,0.73965794,0.47336137,0.005895962,0.023205755,0.029145576,0.009177682,0.10413879,0.9910891,0.73965794,0.003744978,0.012444282,0.023205755,0.56984675,0.08639219,0.24630708,0.025043162,0.006829457,0.0071089757,0.48891515,0.40695935,0.19014663,0.033975333,0.032567143,0.042204875,0.118904695,0.6133714,0.48891515,0.0037901928,0.061661817,0.033975333,0.4507652,0.013511183,0.13243818,0.033755604,0.002176416,0.008033061,0.6340938,0.39927676,0.3288216,0.023042936,0.026163729,0.026291542,0.035677887,0.4803214,0.6340938,0.0012190152,0.023859214,0.023042936,0.4953121,0.09164557,0.08133276,0.024374772,0.003591534,0.0029512832,0.17157586,0.24243948,0.24216726,0.032897342,0.029734697,0.031015007,0.49715078,0.29751882,0.2432824,0.009220525,0.06128316,0.03053727,0.24547014,0.97443503,0.96763206,0.034127258,0.004171292,0.1631546,0.18016155,0.18110643,1.1891804,0.103446476,1.2896005,1.2756429
beef,beef_portion07_day3_rep1,beef_portion07,3,1,Sub-fresh,1,0.70480454,0.42822674,0.005311406,0.019679653,0.023514811,0.007466581,0.09880866,0.9915524,0.70480454,0.0033799324,0.010728787,0.019679653,0.5309745,0.09503233,0.23465219,0.020363567,0.006304622,0.0058182776,0.4453945,0.3609615,0.021621669,0.025589442,0.025092432,0.023951123,0.13143022,0.9520081,0.4453945,0.002833424,0.04903722,0.025589442,0.4020695,0.012342879,0.17938922,0.025934497,0.0034746155,0.006080771,0.61451113,0.39933485,0.34594566,0.02870746,0.027589407,0.027733207,0.030825673,0.43590727,0.61451113,0.0026153012,0.021702865,0.02870746,0.48878312,0.08453375,0.06783261,0.02765851,0.0043123835,0.002439629,0.114498824,0.21671163,0.2026506,0.024370175,0.02492085,0.024321685,0.4748935,0.47570744,0.21671163,0.005782896,0.05795047,0.02492085,0.20984422,0.95993245,0.6893501,0.028421804,0.0028729883,0.4623608,0.16281289,0.1723923,1.0285559,0.15866837,1.0931317,1.1092402
beef,beef_portion07_day3_rep2,beef_portion07,3,2,Sub-fresh,1,0.7068978,0.42780823,0.005430034,0.018875776,0.023988973,0.0072893007,0.09839484,0.9913552,0.7068978,0.0036471211,0.010444618,0.018875776,0.5314526,0.0961404,0.23491125,0.020295084,0.007055559,0.0056241066,0.44969022,0.36016095,0.0194074,0.023239883,0.023120817,0.019604057,0.1300397,0.9567729,0.44969022,0.0025612076,0.040565867,0.023239883,0.40291563,0.014819737,0.18057407,0.02374854,0.0036157768,0.005223897,0.6186852,0.399654,0.34782758,0.026137007,0.026071489,0.025614863,0.029879725,0.43651822,0.6186852,0.0022014363,0.020720067,0.026137007,0.49069175,0.08636351,0.06767767,0.0255805,0.004247044,0.002609614,0.115185805,0.21575975,0.20302808,0.02487594,0.02649119,0.026225027,0.47690266,0.47025976,0.21575975,0.007354764,0.057942484,0.02649119,0.20904598,0.9607633,0.81149405,0.030156326,0.0030580785,0.39002472,0.16151573,0.17240681,1.0881022,0.15990233,1.1534534,1.1820161
beef,beef_portion07_day3_rep3,beef_portion07,3,3,Sub-fresh,1,0.70630544,0.4260338,0.0053866566,0.018982174,0.022837978,0.0076998034,0.09806302,0.99148935,0.70630544,0.0034305884,0.01084801,0.018982174,0.530228,0.09681775,0.234576,0.019729896,0.0062012784,0.005426311,0.44329134,0.3582821,0.015768189,0.024905968,0.025193503,0.02022884,0.13152361,0.96498495,0.44329134,0.0029249066,0.04229716,0.024905968,0.39942098,0.013850487,0.18009888,0.025833908,0.032393143,0.0059105824,0.61654943,0.3946266,0.3445804,0.028153958,0.026510827,0.026308669,0.028847216,0.4398352,0.61654943,0.0028075944,0.020815691,0.028153958,0.48683205,0.08787893,0.06752191,0.026518244,0.0040647825,0.0029946882,0.110133156,0.21106188,0.19231962,0.025809754,0.026817387,0.027126128,0.46665305,0.48271137,0.21106188,0.008828239,0.064461954,0.026817387,0.20315807,0.9588958,0.23344362,0.030645275,0.0032828718,0.4221617,0.1642005,0.17282991,0.9220383,0.1606066,0.9666827,0.93095183
beef,beef_portion08_day3_rep1,beef_portion08,3,1,Sub-fresh,1,0.70907223,0.4908427,0.0066756248,0.026118807,0.038893368,0.008187356,0.1127752,0.9895259,0.70907223,0.006678416,0.01189601,0.026118807,0.570907,0.06362914,0.24415165,0.031206962,0.01404093,0.008926284,0.51231354,0.4277423,0.22908685,0.030590212,0.032752432,0.03628217,0.115127794,0.55376154,0.51231354,0.0029070973,0.047006045,0.030590212,0.473457,0.015008858,0.122757286,0.032669283,0.0038035784,0.0054162713,0.6370193,0.43386382,0.37359452,0.022531489,0.028755339,0.027916258,0.035555854,0.41231754,0.6370193,0.003122808,0.024857398,0.022531489,0.5191115,0.07729299,0.06807365,0.026171766,0.005761618,0.0029424645,0.22783156,0.31184724,0.31574956,0.04271692,0.03714948,0.033779617,0.5037567,0.28638673,0.3174345,0.013847696,0.06374776,0.034562986,0.32045177,0.97128356,0.990669,0.04109332,0.003468946,0.0056151147,0.16308594,0.184046,1.2016041,0.0946253,1.3004394,1.2999488
beef,beef_portion08_day3_rep2,beef_portion08,3,2,Sub-fresh,1,0.7088131,0.48401,0.005474518,0.021931851,0.035064667,0.006872415,0.1113676,0.9913022,0.7088131,0.0060051237,0.010168492,0.021931851,0.566474,0.0671889,0.24319795,0.027846552,0.012418193,0.0079606455,0.51414603,0.43147367,0.23385291,0.029408196,0.032025583,0.03785257,0.11569459,0.5455706,0.51414603,0.0029940016,0.05187981,0.029408196,0.47654065,0.014117205,0.12167952,0.031669464,0.004164857,0.007087402,0.6427915,0.43540087,0.37588742,0.022939673,0.032110848,0.03160626,0.034869555,0.4141728,0.6427915,0.0034321372,0.031159393,0.022939673,0.5220896,0.07919245,0.06849313,0.028334811,0.0070173084,0.004513529,0.23880404,0.31991944,0.32186654,0.038135298,0.033852577,0.029815797,0.5005781,0.2652814,0.32386395,0.012719939,0.05486718,0.030582014,0.32965067,0.97225636,0.9923195,0.037139118,0.0025960885,0.005042997,0.1602228,0.18065391,1.1985055,0.09559439,1.302928,1.2992501
beef,beef_portion08_day3_rep3,beef_portion08,3,3,Sub-fresh,1,0.7095986,0.48594505,0.005766249,0.021437518,0.033202793,0.0076675112,0.1116224,0.99092966,0.7095986,0.005809235,0.011256769,0.021437518,0.5678953,0.06644194,0.24365473,0.026291844,0.012397437,0.0074503925,0.5142693,0.43042186,0.22585551,0.031801116,0.035078857,0.04701647,0.11601219,0.56244373,0.5142693,0.0034758411,0.069091186,0.031801116,0.47540495,0.014376138,0.12548411,0.03491217,0.0041006287,0.010452783,0.64173484,0.42970031,0.36513662,0.021277433,0.028126966,0.025420412,0.036390886,0.42973965,0.64173484,0.0041632,0.022240607,0.021277433,0.51757264,0.0810934,0.072254725,0.024983998,0.0061778347,0.0028344274,0.23360842,0.316047,0.31484017,0.044419494,0.035008527,0.035197444,0.49553767,0.26782766,0.31711918,0.009349413,0.066609874,0.034595244,0.32504794,0.97111523,0.9886784,0.039757777,0.0053843413,0.074761994,0.1588383,0.17923447,1.1968579,0.09519808,1.2973285,1.2919121
beef,beef_portion09_day3_rep1,beef_portion09,3,1,Sub-fresh,1,0.72955376,0.4887348,0.007163082,0.02664866,0.032585006,0.017777491,0.109142914,0.98921186,0.72955376,0.003940278,0.022949617,0.02664866,0.5759863,0.073878944,0.24665661,0.028382096,0.00758452,0.008438979,0.48126724,0.39682963,0.077064365,0.02248846,0.02145096,0.036603555,0.12974766,0.8403775,0.48126724,0.0033882782,0.0712743,0.02248846,0.43926015,0.010835442,0.17586498,0.021924924,0.0031863237,0.0075673447,0.6376281,0.42371735,0.33604398,0.029740162,0.032597356,0.033994287,0.04650281,0.4722276,0.6376281,0.00525301,0.033280525,0.029740162,0.51194495,0.08026374,0.0857517,0.031002415,0.004696435,0.007049945,0.17913263,0.26977798,0.2656587,0.034060117,0.02994534,0.031192277,0.4907527,0.3395026,0.26986146,0.008504671,0.05827747,0.029930765,0.27241474,0.96646816,0.9948417,0.033877153,0.0048692725,0.0027444833,0.16637303,0.17329875,1.2035997,0.13499546,1.2695645,1.2919666
beef,beef_portion09_day3_rep2,beef_portion09,3,2,Sub-fresh,1,0.7262869,0.48776394,0.0077229375,0.027669031,0.0342103,0.019998565,0.10940599,0.9883826,0.7262869,0.004056855,0.026003662,0.027669031,0.57432353,0.07293865,0.24591963,0.029700842,0.00801258,0.00897971,0.47925356,0.3960753,0.09126,0.021462519,0.021905662,0.03669634,0.1292647,0.8098076,0.47925356,0.0026590023,0.07120067,0.021462519,0.4384655,0.010615381,0.17078061,0.022124464,0.0034733673,0.007892503,0.6378788,0.42152348,0.3408421,0.03026866,0.03324227,0.03627888,0.043023374,0.46508074,0.6378788,0.0057612676,0.03552474,0.03026866,0.5106763,0.08188082,0.08252121,0.031667728,0.004582467,0.007306858,0.17857295,0.27244604,0.27462366,0.032982778,0.03035302,0.031229733,0.50099766,0.35451347,0.27549285,0.009166434,0.056494437,0.03102574,0.27532598,0.9665019,0.99087477,0.033909164,0.0046202145,0.0033444664,0.16729455,0.17558466,1.2011715,0.13447264,1.2699952,1.2895931
beef,beef_portion09_day3_rep3,beef_portion09,3,3,Sub-fresh,1,0.72861344,0.48785222,0.0076567554,0.02997429,0.03730517,0.01850373,0.10896786,0.98862904,0.72861344,0.0045480253,0.023852397,0.02997429,0.57520187,0.07390675,0.24633071,0.032236308,0.009104722,0.009293404,0.48408177,0.39624012,0.091037646,0.02345769,0.02234094,0.032939114,0.12719133,0.81238955,0.48408177,0.003064062,0.06158386,0.02345769,0.4397538,0.012734032,0.1717302,0.022834871,0.002929257,0.006211403,0.6382026,0.42785573,0.3466475,0.030553324,0.031515256,0.03454813,0.044207197,0.4561156,0.6382026,0.005613033,0.032663982,0.030553324,0.51491535,0.07906258,0.08131554,0.030749466,0.0033424261,0.0072263465,0.17984957,0.27367312,0.2724909,0.034899116,0.032240644,0.03204156,0.49525857,0.34807208,0.27448878,0.006515828,0.057873294,0.032278735,0.27638522,0.96585286,0.99260336,0.035933144,0.004066655,0.0027171487,0.16629346,0.17575851,1.2007424,0.13499461,1.2684469,1.2937307
beef,beef_portion10_day3_rep1,beef_portion10,3,1,Sub-fresh,1,0.7505861,0.5005957,0.005976701,0.0395316,0.06387604,0.00694299,0.10836769,0.9908306,0.7505861,0.009134296,0.009562454,0.0395316,0.5901241,0.07697397,0.25204927,0.051316388,0.018511735,0.0149112735,0.45691177,0.350762,0.06261883,0.023192052,0.02307494,0.027080065,0.11936609,0.86350507,0.45691177,0.0020783078,0.053216387,0.023192052,0.39886028,0.024573535,0.16702692,0.023823313,0.0024845547,0.0034892198,0.63481057,0.40814805,0.34142658,0.029269684,0.034387212,0.033438724,0.035471696,0.4613734,0.63481057,0.0027255688,0.031116316,0.029269684,0.50141716,0.08785869,0.07729983,0.03155547,0.0062326486,0.003739776,0.147434,0.22931318,0.21451414,0.024943262,0.024439061,0.025907205,0.46841976,0.3594818,0.22931318,0.013857823,0.04236026,0.024439061,0.22752446,0.96675855,0.38919958,0.028106002,0.0028454994,0.48610052,0.21576943,0.19627725,0.97056955,0.15024605,0.9830714,0.9719895
beef,beef_portion10_day3_rep2,beef_portion10,3,2,Sub-fresh,1,0.7489724,0.49589062,0.0057710917,0.041565366,0.064635254,0.0068696826,0.10756749,0.9911649,0.7489724,0.009075289,0.009615193,0.041565366,0.58672255,0.07871213,0.2510936,0.052509323,0.017832246,0.015341642,0.45799834,0.3509656,0.058996752,0.023489516,0.023589356,0.030884158,0.119549334,0.87190264,0.45799834,0.0025172215,0.061717566,0.023489516,0.3993924,0.024928393,0.16824159,0.024362136,0.0030080825,0.0053020515,0.6359195,0.40424174,0.33550072,0.030882526,0.03583268,0.034192163,0.035860345,0.47171798,0.6359195,0.00345637,0.03259966,0.030882526,0.49912938,0.09004888,0.07960739,0.03299591,0.006273091,0.0047666607,0.1486258,0.23119348,0.21481426,0.024261028,0.023871223,0.02495226,0.46519873,0.35917413,0.23119348,0.009820194,0.040273704,0.023871223,0.22948734,0.9657042,0.30858362,0.027436221,0.0020498256,0.4615602,0.21177755,0.19289531,0.9579546,0.14847279,0.96624154,0.94440943
beef,beef_portion10_day3_rep3,beef_portion10,3,3,Sub-fresh,1,0.74237615,0.48228315,0.0058263256,0.038512185,0.05976014,0.007062631,0.105507836,0.99106556,0.74237615,0.008610991,0.009935489,0.038512185,0.57628673,0.08295948,0.24810468,0.048510905,0.016792838,0.014072364,0.45591646,0.34632966,0.04779018,0.024390128,0.02422718,0.02864477,0.119326204,0.89592147,0.45591646,0.0023036695,0.05796387,0.024390128,0.39538965,0.02626952,0.17056291,0.02512866,0.0034122763,0.0048206747,0.6377716,0.4068416,0.34094983,0.030653303,0.03497165,0.033608805,0.03485539,0.46471557,0.6377716,0.0034548703,0.030878827,0.030653303,0.5014072,0.089838564,0.07776544,0.032609377,0.005748521,0.0046189884,0.14785342,0.2295991,0.21171713,0.024709467,0.024891138,0.026292581,0.46187735,0.3580565,0.2295991,0.011059227,0.04190186,0.024891138,0.22766298,0.96579576,0.24128592,0.028487595,0.0026503883,0.42692882,0.20481756,0.18619806,0.94920224,0.15457074,0.95699716,0.93218875
beef,beef_portion11_day3_rep1,beef_portion11,3,1,Sub-fresh,1,0.735379,0.4765495,0.005442872,0.01945651,0.029049778,0.0066115204,0.10556353,0.99146616,0.735379,0.004405159,0.009519916,0.01945651,0.57045346,0.08287893,0.2462619,0.02344992,0.009091949,0.006630277,0.4505586,0.37396416,0.13700247,0.033111554,0.033614483,0.038668744,0.124556325,0.6982925,0.4505586,0.002724515,0.06665806,0.033111554,0.4149564,0.013148869,0.14220227,0.034841023,0.044264715,0.006388867,0.6313784,0.4266301,0.35908845,0.036318157,0.044631414,0.04444396,0.038764793,0.43130085,0.6313784,0.0043884446,0.040042087,0.036318157,0.51249146,0.07782489,0.07269511,0.04116223,0.006803153,0.005799964,0.15160194,0.23311633,0.23058665,0.02890889,0.028946988,0.028309574,0.49258083,0.35903686,0.23529437,0.014123245,0.047786,0.02829707,0.23275748,0.9708493,0.9942327,0.032721054,0.002864698,0.0040536625,0.1996748,0.18305892,1.2091279,0.1361151,1.2947365,1.3133831
beef,beef_portion11_day3_rep2,beef_portion11,3,2,Sub-fresh,1,0.7346953,0.47230896,0.00536582,0.018585345,0.027564693,0.0067793103,0.10480581,0.99164784,0.7346953,0.0042708484,0.009688746,0.018585345,0.56768274,0.08483857,0.2455429,0.022275055,0.008647613,0.006173056,0.45222533,0.3742834,0.13663448,0.03412757,0.03434468,0.038309813,0.12413522,0.70032114,0.45222533,0.0029045623,0.06442032,0.03412757,0.4155797,0.011709299,0.1428538,0.03557406,0.002724835,0.005999202,0.636096,0.42634684,0.3563423,0.03583513,0.04397278,0.043771014,0.039060168,0.43976146,0.636096,0.004391767,0.04059377,0.03583513,0.51384544,0.0798755,0.07505889,0.040357877,0.007301733,0.006276952,0.1562427,0.23066263,0.22893833,0.028835604,0.028040573,0.028337248,0.49457392,0.3260475,0.23079637,0.006106726,0.04739854,0.028071908,0.23131293,0.97314376,0.9959372,0.032076456,0.0029693735,0.0011137638,0.19755575,0.17885157,1.210505,0.1374734,1.2984844,1.3136855
beef,beef_portion11_day3_rep3,beef_portion11,3,3,Sub-fresh,1,0.73372805,0.47129303,0.005177269,0.019279577,0.027454577,0.0062904865,0.10478909,0.991837,0.73372805,0.004112279,0.009104994,0.019279577,0.566783,0.08492452,0.24528532,0.022371097,0.008491604,0.0063913646,0.4515372,0.37138906,0.13888618,0.03469615,0.034702104,0.03752341,0.12244643,0.6949869,0.4515372,0.0023278822,0.06100083,0.03469615,0.4133281,0.013133326,0.14094318,0.035897695,0.0023684378,0.004419671,0.6344667,0.42369246,0.35345027,0.034336362,0.04265934,0.042961713,0.038976252,0.4427228,0.6344667,0.004447652,0.040905617,0.034336362,0.5116092,0.080407515,0.07555616,0.03901306,0.007151017,0.0068676765,0.15311186,0.23065458,0.22736405,0.029292122,0.029023258,0.02907779,0.4914303,0.3401857,0.23081161,0.0060788025,0.048583154,0.029002922,0.23059991,0.971801,0.9959485,0.03306532,0.0027480659,0.0012911358,0.19897151,0.17852883,1.2095718,0.13586925,1.297485,1.3117434
beef,beef_portion12_day3_rep1,beef_portion12,3,1,Sub-fresh,1,0.73878735,0.48435965,0.0057241363,0.02403449,0.03015257,0.0073376736,0.10683386,0.99119514,0.73878735,0.003941979,0.010287163,0.02403449,0.57629156,0.08019114,0.24782914,0.025855819,0.0073499726,0.007486927,0.4976848,0.41085893,0.11660731,0.0359774,0.037405726,0.04736927,0.12664789,0.7689318,0.4976848,0.0038433145,0.08113323,0.0359774,0.45462984,0.01496158,0.1675243,0.03741713,0.0527513,0.006736046,0.6170187,0.38911778,0.3176013,0.027684893,0.029300867,0.02951083,0.036732968,0.484448,0.6170187,0.0026962308,0.025283178,0.027684893,0.48261026,0.08870279,0.081261665,0.028454734,0.0030898766,0.0032693713,0.17507312,0.2708615,0.24407557,0.026626745,0.02793684,0.03292043,0.4499526,0.3544955,0.2708615,0.02510792,0.040870573,0.02793684,0.27126852,0.9601705,0.24376853,0.030817267,0.0030176158,0.42308757,0.15970391,0.19129391,0.93135345,0.11688418,0.9658439,0.9113341
beef,beef_portion12_day3_rep2,beef_portion12,3,2,Sub-fresh,1,0.7437022,0.49102008,0.0084001655,0.027895158,0.03889377,0.012681654,0.10736376,0.9877176,0.7437022,0.0048113107,0.016198333,0.027895158,0.5819679,0.07888236,0.24913457,0.03250492,0.009812911,0.008801053,0.4982632,0.40750113,0.11791407,0.038100474,0.0382951,0.04657673,0.12457821,0.7668294,0.4982632,0.0037157754,0.0780838,0.038100474,0.45260713,0.014333019,0.16632198,0.038834203,0.0040744795,0.005763332,0.6182885,0.38960165,0.319615,0.026537001,0.027519248,0.028804589,0.03610792,0.48209783,0.6182885,0.0020209667,0.02561221,0.026537001,0.48359993,0.08912735,0.08053741,0.026801165,0.0027130626,0.0037480497,0.18175107,0.26831645,0.24253999,0.03028196,0.030443398,0.03688176,0.4478319,0.3242723,0.26832205,0.03029395,0.044627216,0.03044936,0.27004895,0.96395534,0.35022157,0.03397048,0.0041863783,0.46959656,0.16660957,0.19546412,0.9438571,0.117956504,0.984342,0.94003063
beef,beef_portion12_day3_rep3,beef_portion12,3,3,Sub-fresh,1,0.7462601,0.49382898,0.007989167,0.027901527,0.038116377,0.013346856,0.107676595,0.98848104,0.7462601,0.004557409,0.01684496,0.027901527,0.58451086,0.07851096,0.25002223,0.03206696,0.009147215,0.008614523,0.49372607,0.40575266,0.12005558,0.03805224,0.03678763,0.043035075,0.12522873,0.7597916,0.49372607,0.0037498951,0.07180059,0.03805224,0.45011398,0.013159809,0.16450892,0.03778926,0.004116034,0.005176935,0.618251,0.39102697,0.32360297,0.025370773,0.026044581,0.026931144,0.035381306,0.4753879,0.618251,0.002040632,0.023810197,0.025370773,0.48504713,0.08865828,0.07870713,0.025171502,0.002903652,0.003937483,0.18115142,0.27317342,0.25199533,0.028352782,0.02827146,0.034331165,0.45838618,0.33813122,0.27317342,0.025509253,0.04391742,0.02827146,0.27484304,0.9626766,0.5294776,0.03152026,0.0034890769,0.49439624,0.17217961,0.1983554,0.9776187,0.11950854,1.0322325,1.0056281
beef,beef_portion13_day3_rep1,beef_portion13,3,1,Sub-fresh,1,0.71929157,0.44436717,0.0055996627,0.02833328,0.027724242,0.0069963173,0.10041493,0.9911839,0.71929157,0.0029213785,0.010214974,0.02833328,0.54557157,0.09283597,0.23910777,0.026093967,0.004750076,0.007998662,0.37710628,0.29325587,0.05012646,0.03633562,0.03717758,0.037300885,0.12167817,0.87068605,0.37710628,0.0048955395,0.08923234,0.03633562,0.3321892,0.01835004,0.1447946,0.039137594,0.0043952134,0.011487877,0.65113056,0.45976388,0.41258934,0.03287573,0.035474747,0.037974387,0.03101759,0.365783,0.65113056,0.003098029,0.030605942,0.03287573,0.5420108,0.07285686,0.057714444,0.03381836,0.0038397713,0.0054063867,0.18716365,0.26585415,0.26180845,0.023854982,0.02376934,0.023783198,0.48997152,0.29635862,0.26585415,0.0023415908,0.028644659,0.02376934,0.27025124,0.97232825,0.99608034,0.02667488,0.0013048984,0.00054897345,0.24489827,0.18252502,1.1926086,0.23362158,1.2800775,1.327943
beef,beef_portion13_day3_rep2,beef_portion13,3,2,Sub-fresh,1,0.715422,0.44269416,0.00567749,0.029087674,0.027228352,0.0070149875,0.100631736,0.9910116,0.715422,0.0030482938,0.010323818,0.029087674,0.5431905,0.091968805,0.23825324,0.025944171,0.005435538,0.008027557,0.37741292,0.2932783,0.03977001,0.039019283,0.04210177,0.03361149,0.1229398,0.89841163,0.37741292,0.0057316306,0.07960953,0.039019283,0.33211142,0.024666466,0.14894687,0.043487534,0.0784751,0.011030142,0.6508511,0.45673582,0.40675965,0.03331765,0.037687626,0.039533406,0.032251526,0.3745271,0.6508511,0.0027648655,0.033678338,0.03331765,0.53992754,0.07374016,0.059857782,0.035572264,0.004816666,0.005557447,0.18474516,0.26414236,0.2598509,0.024367422,0.023664154,0.024036203,0.48947906,0.30120033,0.26416537,0.0046926336,0.033377122,0.023682607,0.26820874,0.9718581,0.9960007,0.026609257,0.0023418802,0.00075758726,0.23887153,0.17935403,1.1933153,0.23137121,1.2723033,1.3254472
beef,beef_portion13_day3_rep3,beef_portion13,3,3,Sub-fresh,1,0.7192858,0.4456937,0.0051397183,0.025823204,0.0259953,0.006158166,0.10079899,0.99176526,0.7192858,0.0029314477,0.009072047,0.025823204,0.54634494,0.09211546,0.2393583,0.024162767,0.0048372657,0.0074579464,0.37751183,0.29104704,0.034983713,0.034491476,0.036606383,0.032484833,0.12233323,0.9099055,0.37751183,0.005377757,0.078572825,0.034491476,0.33052957,0.020096952,0.15010726,0.03794153,0.026400467,0.010711301,0.65703416,0.46466026,0.4157867,0.030759668,0.034274198,0.035428315,0.0316823,0.366327,0.65703416,0.0031186203,0.028336007,0.030759668,0.54733413,0.07278316,0.05857802,0.032163754,0.0048900624,0.004660523,0.1776025,0.2565889,0.24847193,0.021751603,0.021480037,0.021592524,0.48179576,0.30809098,0.2565889,0.0019992343,0.028285146,0.021480037,0.259637,0.96895206,0.99997085,0.024092337,0.0016107435,0.00033714192,0.24439453,0.18181372,1.1956484,0.24115899,1.2757821,1.3312057
beef,beef_portion14_day3_rep1,beef_portion14,3,1,Sub-fresh,1,0.7888778,0.55538,0.051225778,0.026600277,0.03521755,0.05942606,0.11189577,0.9354051,0.7888778,0.002335699,0.07299552,0.026600277,0.6361614,0.06544237,0.2572656,0.030122276,0.0071001025,0.0064792545,0.49938068,0.42408377,0.14616641,0.023050865,0.023059784,0.030464537,0.1299566,0.7074863,0.49938068,0.0021191135,0.050153006,0.023050865,0.46479028,0.0068276096,0.15965766,0.02324604,0.0020645969,0.0049150935,0.6306846,0.40172243,0.3329266,0.024501156,0.02808196,0.028978728,0.0355463,0.47110018,0.6306846,0.0014508166,0.027168822,0.024501156,0.49573234,0.08894008,0.07929334,0.0262075,0.0041049756,0.003727643,0.17203557,0.26410362,0.24137822,0.027649596,0.023385286,0.032468136,0.45896652,0.35045385,0.26414812,0.02399619,0.057521142,0.023413822,0.2647311,0.96217686,0.48488098,0.026927285,0.0070499983,0.49395865,0.20574512,0.22791794,0.9969463,0.11898862,1.0288275,0.99015427
beef,beef_portion14_day3_rep2,beef_portion14,3,2,Sub-fresh,1,0.7893356,0.55545956,0.05873675,0.027537216,0.035109855,0.06349209,0.111227594,0.9261792,0.7893356,0.0024470289,0.077656716,0.027537216,0.6363967,0.06577472,0.25562042,0.030392518,0.0065271845,0.007169428,0.5041364,0.42834702,0.16208737,0.023388345,0.022653364,0.027392032,0.12855491,0.6782849,0.5041364,0.002109498,0.041211355,0.023388345,0.46916923,0.007576053,0.1544888,0.023583025,0.0016593814,0.0046350993,0.63339096,0.40458125,0.34247467,0.026022354,0.029387917,0.031727247,0.03326757,0.45842254,0.63339096,0.00223687,0.030672392,0.026022354,0.498661,0.08934973,0.0753056,0.027714195,0.004107802,0.0051960014,0.17308322,0.25576937,0.24799952,0.025464935,0.023790304,0.025319329,0.48282242,0.32449085,0.25577217,0.0068668746,0.043585457,0.023795543,0.25798085,0.968389,0.98451483,0.026980957,0.0037277853,0.11660829,0.20391105,0.2281235,1.220327,0.117586896,1.2871306,1.287361
beef,beef_portion14_day3_rep3,beef_portion14,3,3,Sub-fresh,1,0.78299344,0.54501665,0.033466954,0.025948891,0.033486445,0.048547205,0.11176554,0.9572894,0.78299344,0.002642457,0.05962444,0.025948891,0.62779003,0.06803944,0.25831985,0.02879832,0.0068916017,0.006360122,0.5052559,0.42997482,0.15828118,0.024710294,0.024169417,0.030743575,0.12923636,0.6869271,0.5052559,0.0024924555,0.04786486,0.024710294,0.4706867,0.006885924,0.15689903,0.024745597,0.0021602241,0.005624319,0.63400316,0.40223804,0.33263135,0.026656004,0.029800491,0.030684754,0.03569272,0.4744098,0.63400316,0.0013561221,0.028234497,0.026656004,0.4972048,0.09018962,0.080192305,0.027991995,0.0040023103,0.003838964,0.17881456,0.26316956,0.2444356,0.025063677,0.023010422,0.02721831,0.46226555,0.32144699,0.26316956,0.02048877,0.041928917,0.023010422,0.2652705,0.96538293,0.5242904,0.026140625,0.0045750686,0.49605083,0.19674194,0.22197424,1.0036863,0.11630408,1.046847,1.0084542
beef,beef_portion15_day3_rep1,beef_portion15,3,1,Sub-fresh,1,0.6963984,0.4657854,0.0056911493,0.033876803,0.04761194,0.0071828635,0.10879725,0.99090415,0.6963984,0.0069358326,0.01065444,0.033876803,0.5509692,0.07127825,0.23860855,0.040039726,0.013166554,0.011737081,0.44380227,0.3555858,0.03409496,0.029887984,0.032142326,0.041137863,0.12894195,0.9257998,0.44380227,0.0027512347,0.08403929,0.029887984,0.39793625,0.014997906,0.17438546,0.032518547,0.0045189005,0.0075250617,0.59299237,0.37972987,0.33260456,0.027851382,0.033084225,0.031014755,0.027983278,0.43827894,0.59299237,0.0045348387,0.028276604,0.027851382,0.46952042,0.08487863,0.06467178,0.03095522,0.005751704,0.003938764,0.112704836,0.21018624,0.19115691,0.020763187,0.020632451,0.024150051,0.46448073,0.46563652,0.21019743,0.01894279,0.052929725,0.020637194,0.20272817,0.96038264,0.43739238,0.023589937,0.0029337446,0.49247247,0.175246,0.19254318,0.97534275,0.14847457,1.0005155,0.9882338
beef,beef_portion15_day3_rep2,beef_portion15,3,2,Sub-fresh,1,0.70294225,0.47913265,0.0059827385,0.034866206,0.050609216,0.007902664,0.11099437,0.9905618,0.70294225,0.007736214,0.011403181,0.034866206,0.5615091,0.06716192,0.24158068,0.041807245,0.015405666,0.012127975,0.43957737,0.3572657,0.020733718,0.028408686,0.029779002,0.029055994,0.13198972,0.9542633,0.43957737,0.0028696547,0.059325702,0.028408686,0.3978282,0.011693097,0.17806076,0.030172117,0.0039323457,0.0064949794,0.59004754,0.37953967,0.3262455,0.025063524,0.03080045,0.029136313,0.03214867,0.44622603,0.59004754,0.003547092,0.027070832,0.025063524,0.46763626,0.08320791,0.06783331,0.02874822,0.0057141613,0.0025646936,0.11272712,0.20941775,0.17990118,0.018788192,0.01936656,0.021963032,0.44723406,0.46295884,0.20941775,0.016178252,0.0452133,0.01936656,0.20118345,0.9587837,0.037040677,0.022218574,0.0023409617,0.17078403,0.18412767,0.19813561,0.983189,0.14878717,0.9775154,0.9157392
beef,beef_portion15_day3_rep3,beef_portion15,3,3,Sub-fresh,1,0.69864154,0.46926093,0.0075552296,0.033030517,0.050430037,0.016687592,0.10921832,0.98822945,0.69864154,0.007906226,0.0230737,0.033030517,0.5540528,0.070569254,0.23915201,0.041057825,0.016141566,0.011662753,0.4396916,0.35356763,0.03163926,0.02820823,0.02920261,0.037762616,0.12965189,0.92967427,0.4396916,0.0028328085,0.0788193,0.02820823,0.3953293,0.0140618505,0.17402853,0.029823976,0.004098498,0.008230696,0.59082896,0.37580252,0.3305382,0.02742741,0.03391292,0.029535718,0.026862463,0.43962884,0.59082896,0.0052330396,0.02637185,0.02742741,0.46634817,0.08589517,0.06406547,0.031243967,0.006206563,0.0037928892,0.1122946,0.20548452,0.19610195,0.02214578,0.022053227,0.022060938,0.4809946,0.4556932,0.20549566,0.010851958,0.053759024,0.022060696,0.19866082,0.9635913,0.9221697,0.02503776,0.003234767,0.26308176,0.18063033,0.19642374,1.179112,0.14931704,1.2247448,1.2563239
beef,beef_portion16_day3_rep1,beef_portion16,3,1,Sub-fresh,1,0.6810308,0.4159367,0.004210791,0.016704803,0.02177868,0.005672677,0.09937499,0.9930612,0.6810308,0.0036801852,0.008804888,0.016704803,0.51522315,0.09095281,0.22920395,0.018225905,0.0071504954,0.005213884,0.40759334,0.3275359,0.05307709,0.03626695,0.038442653,0.039253294,0.12718898,0.87482643,0.40759334,0.0036989485,0.08395985,0.03626695,0.36684793,0.014987004,0.15706912,0.039515384,0.037117843,0.005517978,0.6210252,0.3778289,0.31807032,0.02123744,0.026965678,0.03020738,0.03152586,0.48679453,0.6210252,0.00265315,0.03441898,0.02123744,0.477384,0.096662566,0.07830097,0.023942104,0.006188604,0.006375512,0.17507489,0.24989758,0.24772795,0.031152371,0.029968372,0.030503746,0.4937037,0.3022893,0.2499399,0.0044774413,0.0431469,0.029940441,0.25302732,0.97376245,0.9959885,0.03395788,0.0024922763,0.0007816745,0.18162996,0.15567952,1.1983564,0.1584094,1.2790588,1.2891046
beef,beef_portion16_day3_rep2,beef_portion16,3,2,Sub-fresh,1,0.6821921,0.413407,0.004567268,0.020995313,0.025278341,0.0059096874,0.09851426,0.99241227,0.6821921,0.003947918,0.009189673,0.020995313,0.51414776,0.09285352,0.22902204,0.022104844,0.0065571624,0.0066114385,0.4048154,0.32187983,0.047731437,0.03506212,0.037500784,0.03868094,0.12601306,0.88672835,0.4048154,0.0034740875,0.08403021,0.03506212,0.36181593,0.015411635,0.15710637,0.038514897,0.0049634837,0.0058137793,0.6182042,0.3766269,0.319231,0.02181793,0.026876064,0.030479088,0.03078642,0.48258027,0.6182042,0.0030143813,0.03460255,0.02181793,0.47547486,0.096140675,0.07665806,0.024331665,0.0055513633,0.006529233,0.17338987,0.24518746,0.2441456,0.030095216,0.03028327,0.029974084,0.49595913,0.29499775,0.24519975,0.0064764773,0.035652872,0.030283488,0.24832085,0.9747318,0.9746106,0.034009516,0.0023815308,0.14475909,0.18540253,0.1572297,1.1850213,0.16095795,1.2654997,1.276652
beef,beef_portion16_day3_rep3,beef_portion16,3,3,Sub-fresh,1,0.68270916,0.41451,0.00436098,0.021407316,0.02480945,0.0056755114,0.09880747,0.9927749,0.68270916,0.003968921,0.008824258,0.021407316,0.5150345,0.0924659,0.22932161,0.021760982,0.0069712247,0.0065235253,0.40872,0.32521605,0.05471918,0.033848867,0.036457337,0.042075574,0.1256042,0.87054557,0.40872,0.0033643867,0.09158824,0.033848867,0.3656376,0.015649932,0.15592252,0.03734223,0.0052508027,0.007024599,0.6228191,0.3797854,0.32314962,0.021315277,0.026221093,0.027701868,0.030313946,0.48001766,0.6228191,0.0026260728,0.029255113,0.021315277,0.4792367,0.096780024,0.07625936,0.023542902,0.0056992676,0.004638264,0.1702488,0.24639978,0.24361572,0.029352784,0.028277174,0.028743505,0.49251142,0.31214514,0.24660842,0.006384076,0.04160762,0.028393669,0.24879149,0.97309875,0.9870802,0.032128777,0.0024200254,0.09321232,0.18332362,0.15725186,1.1918883,0.16072668,1.2732574,1.2847701
beef,beef_portion17_day3_rep1,beef_portion17,3,1,Sub-fresh,1,0.74100816,0.49873167,0.0052615195,0.018292557,0.019558521,0.006203093,0.10991399,0.9917344,0.74100816,0.0025309708,0.008897906,0.018292557,0.5857677,0.073573336,0.25028747,0.017607404,0.0045501986,0.005138799,0.44245908,0.34321472,0.060189832,0.027260406,0.028703956,0.040932596,0.1211043,0.86649024,0.44245908,0.0030754928,0.085187644,0.027260406,0.38909006,0.021861771,0.16329886,0.029219113,0.0041363062,0.0067242286,0.6224395,0.4061545,0.34462103,0.038750306,0.041859455,0.042568427,0.03462213,0.44621086,0.6224395,0.0030235655,0.038293738,0.038750306,0.49626997,0.084063165,0.072502285,0.04006086,0.005620413,0.005798018,0.14322962,0.23820253,0.2113362,0.024256809,0.022965003,0.022191597,0.45072278,0.4004435,0.23820253,0.010561242,0.041504446,0.022965003,0.23478635,0.96073514,0.012670573,0.025880886,0.00049783225,0.09011788,0.22118588,0.19931746,0.98321193,0.15362476,0.96331805,0.91679186
beef,beef_portion17_day3_rep2,beef_portion17,3,2,Sub-fresh,1,0.7464049,0.49952188,0.0047034207,0.017481307,0.019589685,0.0060833707,0.10922896,0.9926336,0.7464049,0.002259396,0.008650371,0.017481307,0.58800286,0.07552667,0.25127992,0.017545335,0.0039525335,0.0051222914,0.4458346,0.34122437,0.06199747,0.025906615,0.027205482,0.03668879,0.118819386,0.8628107,0.4458346,0.0019471914,0.07589498,0.025906615,0.388801,0.024669241,0.16306607,0.027784286,0.0032546604,0.005611641,0.6254244,0.4052317,0.34958,0.03954667,0.042201407,0.04151542,0.03190333,0.44102576,0.6254244,0.00266024,0.033864975,0.03954667,0.49637017,0.08618172,0.07005221,0.040850382,0.005088799,0.003781469,0.14037709,0.23859353,0.22162072,0.02130074,0.019383991,0.019309793,0.468975,0.41196594,0.23859353,0.006113961,0.04937485,0.019383991,0.23540823,0.96006376,0.37659866,0.021965377,0.0040231096,0.484344,0.22371754,0.20335577,0.9604341,0.15494028,0.97164214,0.96215475
beef,beef_portion17_day3_rep3,beef_portion17,3,3,Sub-fresh,1,0.73804414,0.49493477,0.0051325215,0.017858714,0.019174179,0.006320832,0.109557904,0.99197006,0.73804414,0.0022350668,0.009119129,0.017858714,0.5824884,0.074328184,0.24935208,0.017309142,0.003853436,0.0050499463,0.4372189,0.33344927,0.043619525,0.026272515,0.027407782,0.031061335,0.12041514,0.9019295,0.4372189,0.0022927965,0.06511321,0.026272515,0.38030136,0.024427228,0.16614927,0.027927676,0.0034414178,0.0041686813,0.6172155,0.3998143,0.34079212,0.038239792,0.041442838,0.041508388,0.033409424,0.44775364,0.6172155,0.003655213,0.037506685,0.038239792,0.49034423,0.0849412,0.07164285,0.039855797,0.0055087246,0.0057500363,0.13939285,0.23465843,0.20793527,0.026647763,0.02417199,0.022400394,0.45117342,0.4088213,0.23465843,0.011171834,0.051203936,0.02417199,0.23067309,0.9607438,0.0077392943,0.027487297,0.0012739202,0.055385184,0.22425972,0.20045887,0.98381066,0.15717137,0.96133816,0.9157199
beef,beef_portion18_day3_rep1,beef_portion18,3,1,Sub-fresh,1,0.7054378,0.43923548,0.0055860044,0.024402892,0.032935664,0.006422677,0.101199836,0.9910325,0.7054378,0.0046792417,0.009581238,0.024402892,0.53774923,0.089437105,0.23619263,0.027807664,0.008527956,0.008128287,0.4228647,0.33644077,0.013444103,0.022129906,0.02433036,0.01748361,0.1295175,0.9680236,0.4228647,0.0037733167,0.038247123,0.022129906,0.37767047,0.015157668,0.17359644,0.024293873,0.0055289613,0.0056915637,0.5966504,0.37698346,0.30234772,0.02372625,0.026133988,0.027860314,0.039806206,0.49231407,0.5966504,0.004258254,0.02794014,0.02372625,0.4682202,0.08564208,0.08186658,0.024991168,0.004690813,0.0045473417,0.122246206,0.21014936,0.20163319,0.025099257,0.025160508,0.027158163,0.48076802,0.4249513,0.21144253,0.016417585,0.059120297,0.025799444,0.20491952,0.9658285,0.81746066,0.028972862,0.0027531895,0.3817238,0.18724564,0.16930805,1.1030458,0.14690703,1.1611111,1.1769257
beef,beef_portion18_day3_rep2,beef_portion18,3,2,Sub-fresh,1,0.7091356,0.43908352,0.005906882,0.0241568,0.030422151,0.006763089,0.100648165,0.9905681,0.7091356,0.0040289517,0.009995154,0.0241568,0.53894126,0.09109766,0.23673528,0.026307844,0.0069777765,0.007700941,0.42940393,0.33884922,0.012283472,0.023450566,0.023391178,0.015934413,0.1284816,0.971133,0.42940393,0.002867948,0.034006957,0.023450566,0.38144007,0.016964126,0.17533751,0.024027683,0.004227078,0.005986345,0.6007266,0.37488768,0.30683997,0.022469588,0.02448097,0.025793096,0.035818018,0.488118,0.6007266,0.0031240524,0.025261385,0.022469588,0.46819457,0.08874209,0.07943125,0.023714345,0.0034538708,0.004162593,0.12770009,0.20689169,0.20416883,0.024632597,0.025971739,0.02580516,0.49238724,0.3871707,0.20779434,0.011719944,0.062457003,0.0262541,0.20309557,0.9702651,0.9606576,0.029517315,0.0042649307,0.18249416,0.18458627,0.17249696,1.1873463,0.14790682,1.2479252,1.2743313
beef,beef_portion18_day3_rep3,beef_portion18,3,3,Sub-fresh,1,0.7071384,0.4368733,0.0053895894,0.025168056,0.030679543,0.006825874,0.100472175,0.99139357,0.7071384,0.0040003373,0.010171701,0.025168056,0.53689784,0.09140172,0.2362059,0.026807535,0.0067754206,0.007954468,0.4264878,0.33829847,0.013587827,0.02202936,0.02250835,0.017632082,0.12904924,0.9678521,0.4264878,0.002750873,0.038700283,0.02202936,0.3801584,0.015837124,0.17443854,0.023018071,0.0042687636,0.0057994314,0.6029553,0.37760523,0.3103629,0.02352451,0.026025694,0.028379755,0.035572242,0.4842727,0.6029553,0.0033031302,0.028319467,0.02352451,0.47082204,0.08841029,0.078800425,0.025044164,0.0036559738,0.00480486,0.12558913,0.2094532,0.20832127,0.024292426,0.02529745,0.027921429,0.49435872,0.40814078,0.21207218,0.014232567,0.06855718,0.027307346,0.20542243,0.96913975,0.9858017,0.028720375,0.0037465505,0.088604525,0.18464147,0.17073794,1.2009138,0.15044403,1.2639734,1.2918098
beef,beef_portion19_day3_rep1,beef_portion19,3,1,Sub-fresh,1,0.6911339,0.45461717,0.0049501187,0.024846526,0.035818078,0.0061742524,0.10713033,0.99194086,0.6911339,0.0061700833,0.009403812,0.024846526,0.5424519,0.07489576,0.23625124,0.029150436,0.012388751,0.008452247,0.3865773,0.30137706,0.050309483,0.03794188,0.040386453,0.042148888,0.12233468,0.87532514,0.3865773,0.004911791,0.09477445,0.03794188,0.3411079,0.01838009,0.14840245,0.041790947,0.005722538,0.009337747,0.60358876,0.37948948,0.31296915,0.016092142,0.016392773,0.016378243,0.035301782,0.47966677,0.60358876,0.00055377063,0.0136526115,0.016092142,0.47353828,0.0876327,0.07833869,0.016237827,0.002057643,0.0012046628,0.13925986,0.24542548,0.24917412,0.029574947,0.03126083,0.033587717,0.50249505,0.44632757,0.24985132,0.008381408,0.056175224,0.033205234,0.24324465,0.9624743,0.9884979,0.03511556,0.0026305954,0.0039250203,0.22682779,0.17276485,1.2013308,0.1650535,1.2675376,1.2832664
beef,beef_portion19_day3_rep2,beef_portion19,3,2,Sub-fresh,1,0.6907721,0.45145747,0.0053607104,0.027455172,0.037128225,0.0066935574,0.10639158,0.99134976,0.6907721,0.005813044,0.010066596,0.027455172,0.5403002,0.07641092,0.23565024,0.031124355,0.011228506,0.009101482,0.38355798,0.29929852,0.04986711,0.03802643,0.04125873,0.04449226,0.12248638,0.876125,0.38355798,0.0048144674,0.10174034,0.03802643,0.33853158,0.018161632,0.14742295,0.042521827,0.005603744,0.010067828,0.6051609,0.38106284,0.31504944,0.016387185,0.016819652,0.016612599,0.035142124,0.47759724,0.6051609,0.0007702272,0.013668249,0.016387185,0.47508907,0.087568045,0.07801739,0.016671084,0.0020380483,0.0015520575,0.13781714,0.24452764,0.24776123,0.02960033,0.03123046,0.03352757,0.5018366,0.4498348,0.24876608,0.008799125,0.059118416,0.032936677,0.24207252,0.9622049,0.98866177,0.035065196,0.0032533603,0.0039576627,0.22778851,0.17095347,1.2002487,0.1681735,1.2681501,1.2839624
beef,beef_portion19_day3_rep3,beef_portion19,3,3,Sub-fresh,1,0.69262135,0.45459166,0.00494203,0.029051373,0.039033327,0.0063918,0.10690303,0.99200135,0.69262135,0.006571983,0.0097290035,0.029051373,0.5429563,0.075580575,0.23651329,0.03231327,0.013278353,0.009525374,0.39323246,0.31122112,0.082616925,0.03674825,0.040510423,0.05131948,0.12060873,0.796857,0.39323246,0.0048797107,0.11393898,0.03674825,0.35096517,0.017118433,0.13879351,0.041711617,0.005558409,0.010804875,0.60266817,0.37252966,0.3154458,0.015830364,0.017115436,0.01707822,0.03207266,0.4750067,0.60266817,0.0016319595,0.015952365,0.015830364,0.46684247,0.091599934,0.074540295,0.016746381,0.0028039864,0.0029075367,0.14447725,0.23845398,0.25128946,0.027418561,0.028979441,0.031208161,0.5174905,0.42829975,0.25155786,0.010188756,0.04983152,0.030941192,0.23794091,0.9689157,0.9836192,0.032653037,0.0033528777,0.0042969533,0.2232209,0.1796808,1.2038476,0.15199842,1.2776631,1.2839406
beef,beef_portion20_day3_rep1,beef_portion20,3,1,Sub-fresh,1,0.73996466,0.4760819,0.005067141,0.022485627,0.032745764,0.00637755,0.104815096,0.9920726,0.73996466,0.004557338,0.009091829,0.022485627,0.5717035,0.08513601,0.24697408,0.026895605,0.0091611715,0.0076608974,0.45956808,0.37059078,0.037063777,0.02907144,0.03002817,0.035672046,0.12965025,0.9215618,0.45956808,0.00265897,0.0710037,0.02907144,0.4134798,0.014177601,0.1792275,0.030432519,0.0035356125,0.0053160596,0.59539205,0.37002546,0.26764038,0.026054498,0.027072117,0.025642734,0.04984232,0.54952157,0.59539205,0.0023772672,0.024781268,0.026054498,0.46125495,0.08668302,0.09888939,0.026455889,0.0033362885,0.002943333,0.13274011,0.22618131,0.2134184,0.022137979,0.02502111,0.026249874,0.47462434,0.4142074,0.22618131,0.011427073,0.046077907,0.02502111,0.22219947,0.9628534,0.8417378,0.027932815,0.0030621614,0.36285564,0.18617043,0.18474402,1.1163713,0.11829503,1.1728145,1.1733055
beef,beef_portion20_day3_rep2,beef_portion20,3,2,Sub-fresh,1,0.7437915,0.48309872,0.0055682547,0.023959842,0.034872264,0.0069287317,0.10573166,0.9914563,0.7437915,0.0048050308,0.009756477,0.023959842,0.5771565,0.08307968,0.24847163,0.02858567,0.009587983,0.008185052,0.4601054,0.37224528,0.04265151,0.031946212,0.03194839,0.039850775,0.12955496,0.9103405,0.4601054,0.0029963197,0.07812908,0.031946212,0.4148291,0.013596,0.17794041,0.03263632,0.0035752428,0.006089915,0.5964977,0.37527785,0.27839664,0.024416551,0.02555674,0.024385236,0.049622215,0.5322918,0.5964977,0.0030471738,0.023327164,0.024416551,0.46620286,0.08461258,0.09458161,0.02492522,0.0031477218,0.0027496188,0.1349522,0.22629341,0.21334451,0.022257226,0.02555081,0.028836781,0.4730878,0.40501902,0.22646132,0.012931036,0.044685125,0.02570383,0.22256115,0.96333945,0.6097102,0.028701972,0.002300648,0.48598686,0.19013894,0.189724,1.0154252,0.12095994,1.060851,1.0473202
beef,beef_portion20_day3_rep3,beef_portion20,3,3,Sub-fresh,1,0.7357118,0.47011533,0.005273321,0.022123115,0.031251192,0.006312065,0.10407819,0.9917497,0.7357118,0.004336294,0.009106192,0.022123115,0.56668097,0.08639083,0.24542183,0.025862593,0.008470633,0.007433296,0.45346144,0.36416587,0.034406573,0.030328792,0.030896712,0.03731581,0.12909737,0.9267011,0.45346144,0.0033571874,0.074803144,0.030328792,0.40697598,0.014754379,0.17756362,0.031500485,0.004006054,0.0064541115,0.5913122,0.3696869,0.26941958,0.025467651,0.027310193,0.025857896,0.050102122,0.54343164,0.5913122,0.0034758262,0.026192905,0.025467651,0.46019512,0.085026436,0.09688751,0.026367588,0.004169759,0.0038068101,0.13821435,0.22845784,0.21295424,0.022632262,0.025368888,0.028942151,0.46812,0.39605275,0.2284729,0.014636129,0.04553935,0.025365023,0.22513784,0.9633962,0.48025087,0.028489975,0.0024995664,0.4971406,0.18772906,0.18276636,0.9700179,0.11949509,1.0122283,0.9867891
beef,beef_portion21_day3_rep1,beef_portion21,3,1,Sub-fresh,1,0.73446065,0.5114922,0.0045796256,0.017289432,0.034268368,0.0057335175,0.1138172,0.99268746,0.73446065,0.0059916526,0.008490192,0.017289432,0.59189177,0.06399173,0.25145712,0.02579396,0.013131909,0.0071671726,0.45595565,0.3572917,0.026692891,0.03474661,0.034728333,0.03770869,0.12633777,0.944357,0.45595565,0.0028366242,0.06895965,0.03474661,0.40286922,0.01976057,0.1786914,0.035320707,0.0035751213,0.005981507,0.5998208,0.36879143,0.31392968,0.02284525,0.02301479,0.023417715,0.031188635,0.47542435,0.5998208,0.0015972927,0.019468917,0.02284525,0.46302924,0.09247018,0.07345343,0.023079818,0.0019964715,0.002400555,0.14770496,0.24635565,0.2392185,0.032753117,0.0317076,0.03230343,0.48505145,0.40632796,0.24682398,0.012534837,0.060794078,0.03198432,0.24458915,0.96253014,0.9311504,0.035766345,0.0029961301,0.24397469,0.20731804,0.22158946,1.1789713,0.14135396,1.2165779,1.2411143
beef,beef_portion21_day3_rep2,beef_portion21,3,2,Sub-fresh,1,0.7425751,0.5102501,0.0040157577,0.015446777,0.033201136,0.0053858813,0.11224236,0.99362427,0.7425751,0.006157787,0.007893919,0.015446777,0.59357524,0.06824157,0.25255543,0.024379877,0.013730551,0.0066649984,0.46687773,0.3644497,0.03857565,0.034684975,0.035387736,0.044349022,0.12467079,0.92125505,0.46687773,0.0026910822,0.08188499,0.034684975,0.41139424,0.02121514,0.17829932,0.0355715,0.0033355085,0.005456598,0.6008497,0.36863512,0.3126561,0.023022644,0.022466984,0.023617359,0.031555153,0.47838885,0.6008497,0.0020745997,0.020271711,0.023022644,0.46328837,0.092883885,0.07443516,0.022575285,0.0023405529,0.0027873975,0.15192196,0.24589802,0.237839,0.03368072,0.032499596,0.031244935,0.48259374,0.38878646,0.24692687,0.019964922,0.057368554,0.032947056,0.24480316,0.9644362,0.83828497,0.036223177,0.003346441,0.36104372,0.20227548,0.22205572,1.1260043,0.13644476,1.1631851,1.1793243
beef,beef_portion21_day3_rep3,beef_portion21,3,3,Sub-fresh,1,0.73825943,0.5067102,0.0038406325,0.015327691,0.033156745,0.0050763777,0.11217727,0.9938003,0.73825943,0.006179566,0.0075128274,0.015327691,0.59001416,0.06814519,0.2514314,0.024181783,0.013918309,0.0065226033,0.46000946,0.3578789,0.027492492,0.03386553,0.035089746,0.03910161,0.12520689,0.9433406,0.46000946,0.0026350485,0.07152165,0.03386553,0.40469927,0.021464061,0.17920315,0.03511387,0.003715202,0.0053741853,0.6013483,0.37375012,0.30893382,0.021970702,0.022820659,0.022175249,0.035004806,0.48484325,0.6013483,0.0011381635,0.018598732,0.021970702,0.4680561,0.08981846,0.07818856,0.02264058,0.0035585766,0.0012267852,0.14568987,0.24381062,0.2320256,0.032067463,0.02993237,0.029252335,0.47725877,0.40728146,0.24382009,0.015293775,0.061407164,0.029939555,0.2414822,0.96181566,0.8128568,0.033897188,0.0028887072,0.385799,0.20429796,0.21297084,1.1114495,0.13744222,1.1456081,1.1625198
beef,beef_portion22_day3_rep1,beef_portion22,3,1,Sub-fresh,1,0.7044826,0.4477115,0.0033603495,0.014250033,0.018745076,0.004586299,0.10364996,0.9943696,0.7044826,0.0029199382,0.0071789967,0.014250033,0.5423493,0.08435088,0.23762621,0.016129332,0.005366218,0.0046970905,0.4833287,0.39448017,0.16776788,0.038238317,0.04147921,0.052894328,0.11752917,0.6565305,0.4833287,0.00270392,0.0882308,0.038238317,0.43935847,0.016715616,0.1384238,0.04128884,0.0044209347,0.011034365,0.6040992,0.38482696,0.3272049,0.020299839,0.02205545,0.021538347,0.03260653,0.45705968,0.6040992,0.0021049567,0.018956946,0.020299839,0.4756693,0.08645772,0.07162921,0.020913776,0.0042697345,0.0024427383,0.19217566,0.2767411,0.27144384,0.04495415,0.039714515,0.040937424,0.4881683,0.31250027,0.27685374,0.0071040927,0.070935786,0.039729677,0.28099197,0.96931887,0.9929699,0.0448701,0.005166313,0.056226015,0.15818581,0.17890127,1.1924847,0.10316954,1.289489,1.2908182
beef,beef_portion22_day3_rep2,beef_portion22,3,2,Sub-fresh,1,0.7097199,0.45333043,0.0040494804,0.018510967,0.02221688,0.004980735,0.10410628,0.9932883,0.7097199,0.003009456,0.0076866816,0.018510967,0.54770786,0.08376058,0.2390854,0.019653639,0.0051179253,0.0059007755,0.48180625,0.3913902,0.16923425,0.036094084,0.038213897,0.04716188,0.11621457,0.6515471,0.48180625,0.002494255,0.07769783,0.036094084,0.43697116,0.017843466,0.13655959,0.038501147,0.0036899636,0.009895032,0.60217375,0.3891201,0.3326155,0.019836092,0.02313709,0.022549959,0.032170404,0.44627607,0.60217375,0.0019582591,0.021568324,0.019836092,0.4775246,0.08389269,0.06946101,0.021497034,0.0041960743,0.0031411797,0.18055812,0.27219623,0.2702218,0.04947243,0.044105712,0.04400694,0.494222,0.34791866,0.27277112,0.0073983893,0.08129076,0.044206303,0.27485162,0.96659964,0.99237585,0.04973951,0.004582578,0.03223097,0.16467917,0.18357052,1.1921836,0.102514885,1.2879605,1.293066
beef,beef_portion22_day3_rep3,beef_portion22,3,3,Sub-fresh,1,0.71113634,0.4540482,0.004601526,0.017811418,0.024712296,0.005407915,0.10398543,0.9924575,0.71113634,0.0038437883,0.008212707,0.017811418,0.5486571,0.08405731,0.2393678,0.020646084,0.007365675,0.006031829,0.48037818,0.3865785,0.16048026,0.03809045,0.041632097,0.051733717,0.11572519,0.66969186,0.48037818,0.003180357,0.087380745,0.03809045,0.43298295,0.01948662,0.13905829,0.04171649,0.0043740715,0.0107783135,0.6109081,0.38628078,0.33373508,0.021181138,0.023962123,0.023970015,0.0301279,0.4524379,0.6109081,0.0026156288,0.021686194,0.021181138,0.47941098,0.08876334,0.06975024,0.022842813,0.0033621825,0.0035578771,0.1924289,0.27761346,0.27442282,0.049780462,0.04499286,0.046392597,0.4916263,0.3172636,0.2784491,0.008740727,0.07902032,0.0452323,0.28188017,0.96956456,0.9916857,0.050585978,0.0048428923,0.055353247,0.16616824,0.18326835,1.1921725,0.1084363,1.285478,1.290269
beef,beef_portion23_day3_rep1,beef_portion23,3,1,Sub-fresh,1,0.7340483,0.49166533,0.018787082,0.023538556,0.028872415,0.027508944,0.108238995,0.97366816,0.7340483,0.0033951902,0.036262397,0.023538556,0.57935303,0.074357316,0.24588677,0.024862612,0.0075618243,0.005964628,0.43081778,0.32345304,0.05445232,0.033470765,0.03859082,0.06123298,0.116771065,0.8799871,0.43081778,0.0036874,0.12905844,0.033470765,0.3712425,0.027766295,0.15785247,0.038735572,0.0052824276,0.013792195,0.6282021,0.4054537,0.34657827,0.018359954,0.019994937,0.022090822,0.03286988,0.44680482,0.6282021,0.003781358,0.022330578,0.018359954,0.49776417,0.08709032,0.072171345,0.019041939,0.0033852754,0.005119868,0.10873031,0.20238261,0.19279112,0.044848867,0.038688127,0.04052039,0.48082274,0.48362488,0.20238532,0.004594644,0.12965249,0.038689025,0.19464451,0.9644059,0.9978832,0.0456744,0.004137465,0.002174397,0.23071793,0.19234324,1.2270639,0.16391562,1.270485,1.3109182
beef,beef_portion23_day3_rep2,beef_portion23,3,2,Sub-fresh,1,0.7355757,0.48877677,0.02515067,0.023671992,0.028458305,0.032666545,0.106820464,0.96515805,0.7355757,0.0030975782,0.04315089,0.023671992,0.5780754,0.0766379,0.24452081,0.024822341,0.0066265045,0.0058882004,0.43681768,0.324098,0.06175855,0.032592263,0.037559774,0.062058005,0.114195816,0.8646479,0.43681768,0.004228968,0.12951934,0.032592263,0.37367505,0.030433476,0.15624942,0.037706338,0.0057966495,0.0141858645,0.62806517,0.4009574,0.3476309,0.019333748,0.019990297,0.021744065,0.03009824,0.44498926,0.62806517,0.00314048,0.020168606,0.019333748,0.4948428,0.08955867,0.07015454,0.019616676,0.0021463882,0.004278194,0.10517772,0.19303632,0.1885069,0.042810142,0.0382204,0.037095446,0.4889711,0.4768156,0.19347852,0.009232946,0.124283716,0.038353987,0.18502091,0.96711725,0.986236,0.044980317,0.003374665,0.09186397,0.22738996,0.19364454,1.2237593,0.15996793,1.26564,1.3058728
beef,beef_portion23_day3_rep3,beef_portion23,3,3,Sub-fresh,1,0.7350627,0.49110928,0.023428163,0.023451509,0.028748421,0.03152564,0.10762562,0.9674182,0.7350627,0.0028577757,0.041516535,0.023451509,0.5793581,0.07516019,0.24510922,0.024990117,0.0066488916,0.0058192094,0.4342731,0.32867047,0.05983477,0.033364985,0.03830071,0.060046293,0.11730321,0.8683755,0.4342731,0.003282212,0.12588829,0.033364985,0.3760649,0.026528964,0.15781705,0.03836575,0.0053794743,0.012601916,0.6301613,0.4057489,0.3486767,0.019852847,0.020805372,0.022068897,0.031902157,0.445186,0.6301613,0.0024830739,0.020211246,0.019852847,0.4986406,0.087983325,0.07141537,0.020068457,0.0025927052,0.0039459956,0.10502512,0.20023412,0.19014606,0.041647736,0.036828216,0.03795574,0.48010355,0.49242604,0.20023412,0.0020132358,0.11237736,0.036828216,0.19191124,0.96389896,0.9983353,0.04296493,0.0037215762,0.0019387043,0.22652383,0.1919617,1.22773,0.16207002,1.2724174,1.3116751
beef,beef_portion24_day3_rep1,beef_portion24,3,1,Sub-fresh,1,0.7064294,0.45022327,0.005211884,0.022228044,0.028016245,0.006931293,0.10371813,0.99175507,0.7064294,0.0037713868,0.010174314,0.022228044,0.5447277,0.08398357,0.23800257,0.024225876,0.0067400257,0.0070423232,0.42339054,0.32428843,0.051648777,0.036962472,0.03806206,0.047416184,0.11979984,0.883248,0.42339054,0.003498416,0.10048031,0.036962472,0.36930823,0.023249598,0.15889698,0.039427,0.0039524892,0.009435082,0.60429454,0.37609005,0.30705306,0.025001578,0.025972953,0.02658672,0.035628833,0.49078724,0.60429454,0.0015213711,0.024074404,0.025001578,0.47008532,0.08955662,0.0804259,0.025566457,0.0026444136,0.002994955,0.1577493,0.22533226,0.19889562,0.030551951,0.029508907,0.032597255,0.43317756,0.30302817,0.22533226,0.018428447,0.052003197,0.029508907,0.2246514,0.96991026,0.022546168,0.03421709,0.004094102,0.118959315,0.20178774,0.17445041,0.96630037,0.14391091,0.9673073,0.91575676
beef,beef_portion24_day3_rep2,beef_portion24,3,2,Sub-fresh,1,0.7140982,0.46593425,0.0050997534,0.023170134,0.03774839,0.0063141393,0.10623301,0.9918565,0.7140982,0.005967824,0.00929021,0.023170134,0.5569171,0.079057224,0.24147098,0.03033459,0.011797771,0.008633964,0.42716604,0.32942376,0.062954664,0.037650038,0.039278533,0.049302086,0.11954102,0.8582512,0.42716604,0.003763544,0.10311125,0.037650038,0.37436184,0.022476375,0.15667967,0.040453453,0.0047705323,0.008883171,0.6035921,0.37414074,0.30248263,0.025500758,0.027250724,0.026371587,0.03647752,0.49792242,0.6035921,0.0028634882,0.022885123,0.025500758,0.46787605,0.08999152,0.08224539,0.026531743,0.0034254256,0.0021482818,0.15304662,0.22030234,0.1915059,0.028216012,0.027764115,0.030213282,0.42678228,0.30831268,0.22030234,0.015258132,0.047583546,0.027764115,0.21873231,0.96926963,0.011401377,0.032265745,0.003076699,0.04146862,0.20908698,0.18275845,0.97968316,0.13727224,0.97043484,0.91663593
beef,beef_portion24_day3_rep3,beef_portion24,3,3,Sub-fresh,1,0.71298784,0.46918052,0.0050556534,0.024697218,0.04075392,0.0061542927,0.107198924,0.9918967,0.71298784,0.0062720315,0.009138899,0.024697218,0.5585925,0.07684046,0.24171863,0.032791812,0.012488002,0.009399871,0.4276909,0.33291167,0.06551212,0.036182635,0.03817442,0.047574956,0.12086549,0.85189354,0.4276909,0.0037517871,0.099922076,0.036182635,0.37710643,0.02085561,0.15673159,0.039094098,0.005270285,0.008217062,0.6051816,0.37916663,0.31073913,0.025059799,0.027412467,0.026356433,0.036395594,0.48542666,0.6051816,0.002400615,0.023289945,0.025059799,0.47280422,0.08860145,0.07957736,0.02654841,0.0036255585,0.002828713,0.15217255,0.22505209,0.19290695,0.026516262,0.02788165,0.028101524,0.42433253,0.32592353,0.22505209,0.007962879,0.044452894,0.02788165,0.22292373,0.96692693,0.010732289,0.031789314,0.0028088968,0.0021220378,0.20807281,0.18381444,0.97891885,0.1403579,0.9696077,0.9157705
beef,beef_portion25_day3_rep1,beef_portion25,3,1,Sub-fresh,1,0.7057921,0.45855576,0.004123183,0.015135974,0.019349806,0.005087224,0.10605893,0.9931904,0.7057921,0.0028152284,0.0078281555,0.015135974,0.5495486,0.07914517,0.23924735,0.016821919,0.0049230955,0.004978996,0.45410967,0.35872412,0.0854503,0.032379642,0.033958137,0.057103343,0.1209917,0.81666565,0.45410967,0.0035935217,0.113675125,0.032379642,0.40403438,0.019629851,0.15888043,0.034657404,0.0035538166,0.011638551,0.63312864,0.41393605,0.35688365,0.023640055,0.028554328,0.027506202,0.032388072,0.43515107,0.63312864,0.0019350443,0.023626294,0.023640055,0.50478524,0.08542819,0.07005351,0.026372151,0.005168899,0.0022095833,0.15854496,0.24940744,0.20693555,0.019168075,0.019127263,0.019654686,0.42143393,0.36462024,0.24940744,0.009760448,0.028691668,0.019127263,0.24706997,0.95966434,0.0141240135,0.021547863,0.0020305784,0.0037586023,0.17656532,0.17512792,0.9578559,0.1495673,0.96397984,0.9131452
beef,beef_portion25_day3_rep2,beef_portion25,3,2,Sub-fresh,1,0.70409536,0.456359,0.0038379584,0.015530613,0.01766056,0.004835384,0.10575611,0.9936211,0.70409536,0.002320947,0.0074961167,0.015530613,0.54761016,0.07948592,0.23867992,0.016045094,0.003800574,0.004809543,0.45433795,0.35701814,0.08712321,0.030500302,0.032204166,0.05395864,0.12008169,0.8124711,0.45433795,0.0032272162,0.10724561,0.030500302,0.40297523,0.020688104,0.15812671,0.032769658,0.0032701534,0.010496088,0.63440156,0.41400045,0.35901576,0.020335332,0.025364703,0.024877578,0.03159065,0.43273816,0.63440156,0.002469311,0.022896962,0.020335332,0.5054353,0.08611561,0.0691593,0.023126032,0.0050206035,0.0030153985,0.15839688,0.24828695,0.21100838,0.017096702,0.016502572,0.018323699,0.42977196,0.3619339,0.24828695,0.008529039,0.02772024,0.016502572,0.2463146,0.96064395,0.010976086,0.01883201,0.0017115448,0.0030760062,0.17568514,0.17481394,0.95868003,0.15064536,0.9642162,0.9139632
beef,beef_portion25_day3_rep3,beef_portion25,3,3,Sub-fresh,1,0.7061851,0.4561632,0.0040133228,0.015750956,0.018572897,0.0049254005,0.10530953,0.99334913,0.7061851,0.0025408235,0.0076288464,0.015750956,0.548246,0.08061782,0.23897587,0.016544836,0.004353571,0.004991316,0.45621336,0.35886443,0.10405774,0.030401018,0.03292159,0.05393507,0.11813791,0.7758488,0.45621336,0.0028295359,0.106132105,0.030401018,0.40505543,0.021183485,0.15224251,0.033143427,0.003591009,0.011385878,0.6346148,0.4136213,0.36296505,0.021164676,0.025922054,0.024682064,0.029514523,0.42661905,0.6346148,0.0027333263,0.021118792,0.021164676,0.50527817,0.08661984,0.067048736,0.02385,0.0049196957,0.002288074,0.16726351,0.2570234,0.22365391,0.023922827,0.023389822,0.02557849,0.4364968,0.35034487,0.2570234,0.009858015,0.03414474,0.023389822,0.25639057,0.9611708,0.021364266,0.026396032,0.0019648934,0.11105095,0.17764758,0.17731665,0.95284206,0.14691661,0.96062815,0.91042376
beef,beef_portion26_day3_rep1,beef_portion26,3,1,Sub-fresh,1,0.7029225,0.5131737,0.012829867,0.026480736,0.04157373,0.024939638,0.118758336,0.9809258,0.7029225,0.0060647894,0.03458113,0.026480736,0.583215,0.04925263,0.2456375,0.033869505,0.013575571,0.008986986,0.46062505,0.36990944,0.1707445,0.04739257,0.047459055,0.052271493,0.11287129,0.6350382,0.46062505,0.0031248417,0.08348509,0.04739257,0.41540325,0.020084133,0.12586902,0.049188554,0.003268128,0.0070804167,0.58995205,0.38599387,0.34484187,0.041469954,0.043406215,0.043235205,0.025877435,0.4157323,0.58995205,0.006608488,0.03872515,0.041469954,0.473168,0.08139207,0.0594024,0.04274457,0.0050791274,0.0067296294,0.16457154,0.25965598,0.267292,0.03360026,0.032702267,0.033452265,0.5096079,0.38828778,0.26730144,0.0034718388,0.048485737,0.03344057,0.2611061,0.9680427,0.9880392,0.0365905,0.0016944589,0.0015544866,0.20822121,0.21869339,1.2243732,0.10729977,1.2906473,1.30134
beef,beef_portion26_day3_rep2,beef_portion26,3,2,Sub-fresh,1,0.69635385,0.49657407,0.0064080046,0.026098004,0.03407707,0.008922835,0.1162493,0.9898757,0.69635385,0.004876454,0.013096622,0.026098004,0.57053703,0.05498456,0.24315783,0.029226888,0.00971934,0.008588101,0.45675838,0.36317554,0.1557619,0.04659733,0.04732019,0.060581833,0.11304034,0.66598815,0.45675838,0.0035720957,0.10819254,0.04659733,0.4091815,0.021329138,0.13016796,0.04894622,0.0033619243,0.011343299,0.5914232,0.38417262,0.34187192,0.041004684,0.042479552,0.0403267,0.025982168,0.42190352,0.5914232,0.006114056,0.033334758,0.041004684,0.47240514,0.082634196,0.060695946,0.04189224,0.0040584933,0.0057009337,0.17213182,0.26704472,0.27486953,0.03845606,0.037517697,0.04010902,0.50981355,0.37903172,0.27493292,0.0066184937,0.050518367,0.040037487,0.26928806,0.96775395,0.9878497,0.041899614,0.001971819,0.0026916002,0.19983745,0.20901367,1.2159214,0.11216906,1.2848767,1.2978088
beef,beef_portion26_day3_rep3,beef_portion26,3,3,Sub-fresh,1,0.69449383,0.4935749,0.00636829,0.025363203,0.034119423,0.00829989,0.115871854,0.9899359,0.69449383,0.005043075,0.012235935,0.025363203,0.5679104,0.055746466,0.24244824,0.028944053,0.010144929,0.008413489,0.46303514,0.36925623,0.17357928,0.046970278,0.047600996,0.048762076,0.111189045,0.6301002,0.46303514,0.0036455907,0.07307323,0.046970278,0.41576073,0.021670762,0.124799594,0.04909468,0.0037839923,0.0049451003,0.5906014,0.38331422,0.3413315,0.04126744,0.042529084,0.04202248,0.025842378,0.42224193,0.5906014,0.006573534,0.036127042,0.04126744,0.47135997,0.08272126,0.06063183,0.04218746,0.0036355867,0.0064922343,0.173534,0.26571935,0.2750011,0.035415955,0.03366844,0.03515304,0.51244074,0.3731173,0.27500248,0.0062115453,0.05054474,0.035153605,0.26848274,0.96939445,0.9872275,0.03781,0.0024929962,0.0024831742,0.19532505,0.20762184,1.2161849,0.10457505,1.2898268,1.298433
beef,beef_portion27_day3_rep1,beef_portion27,3,1,Sub-fresh,1,0.73351294,0.48919836,0.008548997,0.025584804,0.031111257,0.012043151,0.108513854,0.987323,0.73351294,0.003517113,0.016034793,0.025584804,0.57753795,0.075292654,0.24728763,0.027149698,0.006950157,0.0073818644,0.48154393,0.39908442,0.128938,0.03254134,0.03497069,0.059323076,0.12563166,0.7355836,0.48154393,0.0040355055,0.11125169,0.03254134,0.441828,0.012293002,0.1560598,0.035164274,0.026439352,0.015174421,0.64666235,0.4539938,0.4040229,0.025679855,0.029384062,0.03333727,0.03243444,0.37431592,0.64666235,0.0037742455,0.029871799,0.025679855,0.5365137,0.07324846,0.059809577,0.027575841,0.0039574597,0.0060919016,0.16748503,0.24805056,0.24473543,0.033732258,0.03371412,0.034772232,0.49133128,0.33008155,0.24860632,0.008284799,0.04902683,0.034215994,0.24974096,0.9710157,0.9952447,0.038063996,0.0029316226,0.00231815,0.17523886,0.19192496,1.2121099,0.14813861,1.2885177,1.3278793
beef,beef_portion27_day3_rep2,beef_portion27,3,2,Sub-fresh,1,0.7359443,0.49080947,0.0077459808,0.028309658,0.032295864,0.010730874,0.10854741,0.98854387,0.7359443,0.0034535704,0.014321147,0.028309658,0.5792552,0.07557558,0.24800053,0.028878268,0.006087721,0.008206268,0.4784527,0.39611596,0.118804626,0.032895442,0.034569267,0.058320817,0.1264197,0.75452596,0.4784527,0.0033938077,0.112476654,0.032895442,0.43875024,0.011886098,0.15887527,0.034997627,0.018846162,0.015280879,0.64585245,0.45247012,0.39983347,0.026279341,0.029555837,0.0315634,0.034006283,0.37986228,0.64585245,0.003094571,0.026427839,0.026279341,0.5353724,0.07322554,0.061587676,0.028011914,0.0040472616,0.004825711,0.1761289,0.25588995,0.2515508,0.038687304,0.03748069,0.037809823,0.4894385,0.31737915,0.25601643,0.0064605293,0.055177677,0.037435237,0.25858197,0.9713429,0.98974115,0.042183243,0.0030893337,0.079323374,0.17816092,0.19152279,1.2064035,0.15021066,1.2819345,1.3208697
beef,beef_portion27_day3_rep3,beef_portion27,3,3,Sub-fresh,1,0.73605126,0.48861057,0.008656239,0.028260527,0.03210917,0.010914811,0.10802154,0.9873018,0.73605126,0.00333018,0.0145586515,0.028260527,0.5779507,0.076771714,0.24751893,0.028750755,0.006057229,0.008027103,0.47522786,0.39019468,0.12908952,0.033386886,0.034573738,0.050269287,0.12362587,0.7312591,0.47522786,0.0037056394,0.0932105,0.033386886,0.43358472,0.0135494135,0.15315302,0.035122104,0.003548163,0.012009038,0.6433099,0.44961435,0.40261018,0.025916932,0.0307804,0.03385461,0.03064798,0.37329882,0.6433099,0.0030800335,0.030335486,0.025916932,0.5327751,0.07398432,0.058178164,0.028663412,0.0043626856,0.0054183304,0.17021653,0.2499047,0.25179678,0.038003705,0.03766601,0.036664203,0.50074863,0.33631894,0.25444537,0.015565887,0.05921941,0.03670621,0.25232118,0.9724117,0.9921549,0.042239763,0.0029538719,0.0051718736,0.1836941,0.19467546,1.2094165,0.15003777,1.2869334,1.3259482
beef,beef_portion28_day3_rep1,beef_portion28,3,1,Sub-fresh,1,0.7268442,0.45892307,0.011312669,0.03217018,0.039923638,0.017645912,0.10221874,0.9838403,0.7268442,0.0046855337,0.023114592,0.03217018,0.55690086,0.08842606,0.24143566,0.03449744,0.009207083,0.009036868,0.48876992,0.41376957,0.24285978,0.037754558,0.03908955,0.050092075,0.113413915,0.50489265,0.48876992,0.0059867147,0.07735242,0.037754558,0.45698693,0.013093993,0.10690418,0.039625365,0.0035584345,0.015157886,0.60316247,0.4025456,0.3414932,0.02146131,0.027716123,0.029886497,0.03661338,0.43257433,0.60316247,0.0036906342,0.037010603,0.02146131,0.48730433,0.077714235,0.06933585,0.024512494,0.007500939,0.0065880185,0.22335841,0.30130243,0.27626026,0.052001625,0.04434092,0.047831755,0.4463745,0.266007,0.30130243,0.01384796,0.07251799,0.04434092,0.30786258,0.9672217,0.009329658,0.050072208,0.006664267,0.06487728,0.18372925,0.18594828,0.9424304,0.08066164,0.97062784,0.90940833
beef,beef_portion28_day3_rep2,beef_portion28,3,2,Sub-fresh,1,0.7198728,0.4443174,0.007918169,0.02922284,0.0363514,0.013075402,0.10006513,0.9882693,0.7198728,0.0045103934,0.017444724,0.02922284,0.54572725,0.093027055,0.23881303,0.031407647,0.008116401,0.008618428,0.4944413,0.41927174,0.25982094,0.040419295,0.041991547,0.049225945,0.11061871,0.4760811,0.4944413,0.006281867,0.06912992,0.040419295,0.4629498,0.013938094,0.10065444,0.042460952,0.0033636943,0.014018598,0.6067054,0.39894924,0.34344128,0.022414217,0.026588362,0.027193928,0.033496723,0.43270203,0.6067054,0.0035665208,0.028921457,0.022414217,0.48628223,0.08105641,0.067706585,0.024572847,0.0057773194,0.004762901,0.26294968,0.33143958,0.3121587,0.057684693,0.05203789,0.051617168,0.45258647,0.21275865,0.33143958,0.01799678,0.06339914,0.05203789,0.3426183,0.9726074,0.077950716,0.057077225,0.005951536,0.2629035,0.17942955,0.18153353,0.9169468,0.07832517,0.9664585,0.90310985
beef,beef_portion28_day3_rep3,beef_portion28,3,3,Sub-fresh,1,0.7185842,0.44918644,0.008722415,0.030238291,0.036595885,0.012811776,0.101290144,0.9870867,0.7185842,0.0046217386,0.01722126,0.030238291,0.5482236,0.08992189,0.23911825,0.031768277,0.008734645,0.008739833,0.4888342,0.41465393,0.2508951,0.040549967,0.041213475,0.05337261,0.112116635,0.48906934,0.4888342,0.007050816,0.079796955,0.040549967,0.45776922,0.013284809,0.102877066,0.041891366,0.0034502035,0.01588425,0.60216576,0.40355656,0.34752202,0.021088531,0.02352134,0.023274513,0.035169665,0.4215136,0.60216576,0.00308399,0.02205638,0.021088531,0.48810902,0.0770284,0.066024184,0.022350216,0.0044597154,0.0034962026,0.24778862,0.3202489,0.29433918,0.050621707,0.043939505,0.043503176,0.43789512,0.23154446,0.3202489,0.0152711915,0.062042154,0.043939505,0.3294995,0.96990526,0.005633382,0.048836093,0.0057331095,0.01895969,0.18060149,0.18368876,0.9363366,0.07963595,0.9700681,0.90886366
beef,beef_portion29_day3_rep1,beef_portion29,3,1,Sub-fresh,1,0.74193764,0.49183246,0.0065610674,0.027539775,0.037663184,0.008815563,0.107863754,0.9901542,0.74193764,0.0048954138,0.011806528,0.027539775,0.58192617,0.07763099,0.24927093,0.03152195,0.009749012,0.00890545,0.48050806,0.38115877,0.14573851,0.032614544,0.033579197,0.0515762,0.11502464,0.6996905,0.48050806,0.003581624,0.09185329,0.032614544,0.4289481,0.021722706,0.14426391,0.034255873,0.0030195536,0.012910199,0.58926505,0.3635667,0.30846563,0.03339293,0.03389052,0.03429315,0.031341184,0.47628143,0.58926505,0.0016009393,0.029248435,0.03339293,0.4569424,0.09022341,0.07278876,0.03365768,0.0030820642,0.0032126158,0.23338886,0.30870652,0.30365595,0.048675895,0.04540963,0.049799796,0.48793146,0.24967888,0.30930462,0.01578103,0.04794887,0.04594656,0.31784,0.9728473,0.82660335,0.049954887,0.0044781147,0.37439165,0.19378982,0.21662286,1.0974818,0.102882095,1.1758274,1.1690212
beef,beef_portion29_day3_rep2,beef_portion29,3,2,Sub-fresh,1,0.7419122,0.49099305,0.006279657,0.026477026,0.037000816,0.009419045,0.10776794,0.9906242,0.7419122,0.0048100934,0.012484388,0.026477026,0.5814276,0.078151844,0.2492238,0.030754033,0.009670135,0.00853946,0.47715575,0.37844583,0.12738794,0.032396898,0.032887984,0.0552774,0.117407456,0.73650295,0.47715575,0.0036521715,0.10276076,0.032396898,0.425409,0.020896347,0.1507705,0.033481635,0.0028251915,0.013789555,0.5906466,0.36371398,0.30983174,0.030839939,0.031123847,0.032405637,0.03067716,0.47495487,0.5906466,0.0022963427,0.027784366,0.030839939,0.45761955,0.09077683,0.072258666,0.031011274,0.0025145246,0.00361635,0.22630641,0.30284607,0.2985819,0.051542047,0.048194956,0.050312113,0.4894828,0.2587151,0.3029881,0.008882785,0.052470736,0.04839269,0.31114474,0.9727113,0.9752804,0.052914247,0.0035708144,0.14473751,0.19316584,0.21634342,1.183405,0.10993139,1.2644464,1.2707131
beef,beef_portion29_day3_rep3,beef_portion29,3,3,Sub-fresh,1,0.7453251,0.49557444,0.005928161,0.025547016,0.03770694,0.0076126596,0.10825826,0.9909335,0.7453251,0.0052874126,0.0103387395,0.025547016,0.5852997,0.07722886,0.25046518,0.030820392,0.010841614,0.008720957,0.47265738,0.37164754,0.11820658,0.030470325,0.030701661,0.04686382,0.11672245,0.7520416,0.47265738,0.0031052723,0.087599,0.030470325,0.41916907,0.02213294,0.15273212,0.03131767,0.0024071862,0.012042184,0.59312373,0.3657537,0.31222764,0.03018237,0.030566387,0.03256175,0.030385055,0.47304064,0.59312373,0.002609681,0.028608661,0.03018237,0.45973358,0.09089522,0.07206401,0.030423159,0.0026643875,0.0040884484,0.23281245,0.3089457,0.30249938,0.050139837,0.048454236,0.050007965,0.48512465,0.25095335,0.3089457,0.013993463,0.046897806,0.048454236,0.31773126,0.97244734,0.835594,0.052527323,0.0038123692,0.36785644,0.20046617,0.21858771,1.1024449,0.11349482,1.174601,1.1748519
beef,beef_portion30_day3_rep1,beef_portion30,3,1,Sub-fresh,1,0.75736386,0.52963895,0.018908245,0.025357777,0.035675682,0.032349177,0.11315079,0.973894,0.75736386,0.005255418,0.042126115,0.025357777,0.6102784,0.06476212,0.25485623,0.029727556,0.009593498,0.010178952,0.5325672,0.4595457,0.23135698,0.029115887,0.02817948,0.032979365,0.12428023,0.5654684,0.5325672,0.003583306,0.04048203,0.029115887,0.5013804,0.008957916,0.13482405,0.028315138,0.041248623,0.0049936534,0.605528,0.3862319,0.3238007,0.0266497,0.032199387,0.03252483,0.034560848,0.46458325,0.605528,0.0024939599,0.031359896,0.0266497,0.47782207,0.08601615,0.07445189,0.029632974,0.005424075,0.003921849,0.21046141,0.28710088,0.28745902,0.044684604,0.038615357,0.03901527,0.49776277,0.27828065,0.28959888,0.0127522,0.06952367,0.03836424,0.29436815,0.97351533,0.97000116,0.043645937,0.004191343,0.1513977,0.17140774,0.2248158,1.198776,0.10068646,1.2925733,1.2740953
beef,beef_portion30_day3_rep2,beef_portion30,3,2,Sub-fresh,1,0.75829196,0.5256924,0.012795908,0.023335975,0.032254905,0.025564628,0.112603895,0.9822211,0.75829196,0.0048218905,0.032816138,0.023335975,0.6081186,0.06714579,0.25551894,0.026857467,0.008954828,0.00838414,0.53142935,0.45713997,0.22623158,0.028428178,0.029071499,0.03572706,0.12412324,0.5744391,0.53142935,0.003342151,0.04686289,0.028428178,0.49931097,0.010684805,0.13641603,0.028978972,0.0552006,0.0063068327,0.6013291,0.37747186,0.318928,0.025702417,0.029353734,0.028609598,0.032763388,0.46875605,0.6013291,0.0022409032,0.026027337,0.025702417,0.4702171,0.08858947,0.07362322,0.027774688,0.0046689496,0.003064682,0.2147112,0.28914255,0.2916457,0.044828475,0.03973537,0.04035482,0.5016077,0.27067822,0.2927165,0.012461306,0.069280595,0.039766766,0.29718816,0.9747047,0.99296695,0.044741027,0.0040310053,0.0056312457,0.17091648,0.22926559,1.2100291,0.10420426,1.3053228,1.2885387
beef,beef_portion30_day3_rep3,beef_portion30,3,3,Sub-fresh,1,0.7602545,0.53427553,0.009102024,0.023933172,0.03450085,0.01820449,0.11446376,0.98709303,0.7602545,0.0048721097,0.023493277,0.023933172,0.6140336,0.06349262,0.2578024,0.028472044,0.009629612,0.008412245,0.52991843,0.45544377,0.22823729,0.029095609,0.029869668,0.034909137,0.12330878,0.56931144,0.52991843,0.002854335,0.044971727,0.029095609,0.49770987,0.008318635,0.13456537,0.029741246,0.018842654,0.005486095,0.6027252,0.37973365,0.3222783,0.024527138,0.029582622,0.027858745,0.032425385,0.46436808,0.6027252,0.0019393971,0.025280366,0.024527138,0.47191498,0.08808178,0.072782785,0.027547976,0.0048296247,0.0026467019,0.21580547,0.28653595,0.28921068,0.046050556,0.03770153,0.038414408,0.5026977,0.26103306,0.2899959,0.0116014695,0.07605285,0.037501395,0.29498294,0.9758796,0.9930447,0.043164108,0.004684578,0.0050030462,0.17822103,0.23459451,1.2144235,0.104137525,1.3092972,1.2908802
beef,beef_portion31_day3_rep1,beef_portion31,3,1,Sub-fresh,1,0.7049704,0.513158,0.003457807,0.024352375,0.03303246,0.004894457,0.118992426,0.994298,0.7049704,0.0039862012,0.007510417,0.024352375,0.583709,0.050036076,0.2474233,0.028358858,0.0074814656,0.00854453,0.48028064,0.406374,0.10145382,0.033257354,0.035071533,0.045052893,0.13263246,0.7919504,0.48028064,0.0021655082,0.08009626,0.033257354,0.44602057,0.008472614,0.16976264,0.03504323,0.048811767,0.0044545555,0.6197449,0.4110924,0.35663003,0.019821431,0.021755716,0.020906178,0.031879064,0.42306694,0.6197449,0.0018241181,0.016114896,0.019821431,0.49796903,0.081313886,0.06680204,0.020946644,0.0031190692,0.00092396763,0.17863403,0.2634194,0.24770726,0.03476664,0.027104424,0.02591847,0.46660376,0.32565922,0.2634194,0.014575599,0.069050394,0.027104424,0.2656866,0.9662634,0.54315966,0.031252403,0.0050652595,0.49668676,0.16345276,0.20237018,1.0139383,0.13640153,1.0436996,1.0315074
beef,beef_portion31_day3_rep2,beef_portion31,3,2,Sub-fresh,1,0.7055581,0.508611,0.003843354,0.026031,0.035273608,0.0049946834,0.11775249,0.9936601,0.7055581,0.004353991,0.0076092104,0.026031,0.58099264,0.052676935,0.24675778,0.0302237,0.008333336,0.009043326,0.47767177,0.4015723,0.10452783,0.034883995,0.036455337,0.046624012,0.13119486,0.7846507,0.47767177,0.002750438,0.08141196,0.034883995,0.44212362,0.0073758066,0.16700262,0.03670361,0.0034935272,0.0057792105,0.621841,0.41165775,0.35658994,0.022918962,0.025955787,0.023934033,0.031605817,0.42526227,0.621841,0.002200604,0.019457275,0.022918962,0.49895993,0.08168997,0.0673904,0.024558336,0.003928222,0.0016787233,0.1835233,0.26935712,0.25507,0.036974084,0.03574256,0.03547638,0.46952164,0.3225319,0.2693627,0.018074976,0.052304074,0.03575163,0.2719715,0.9666369,0.58610374,0.039649058,0.0030813108,0.48970354,0.1664262,0.19935842,1.022728,0.13665853,1.060556,1.05058
beef,beef_portion31_day3_rep3,beef_portion31,3,3,Sub-fresh,1,0.704343,0.50599027,0.0043219216,0.027248992,0.03778112,0.005942002,0.117331885,0.9929983,0.704343,0.0048943353,0.008801701,0.027248992,0.57889336,0.053503294,0.24611068,0.032181296,0.009211766,0.009539565,0.47954667,0.40370956,0.10255036,0.03895765,0.039719697,0.05597494,0.13149022,0.791699,0.47954667,0.002883655,0.10028652,0.03895765,0.44414037,0.008157261,0.167878,0.040280916,0.032046296,0.007138702,0.6208033,0.40975383,0.3572813,0.026229538,0.029820371,0.027150726,0.03047841,0.42331442,0.6208033,0.0038128092,0.022096045,0.026229538,0.49785012,0.0823802,0.06615765,0.028141577,0.004705824,0.002899367,0.1780736,0.2601389,0.248797,0.032662433,0.029771028,0.027709378,0.47475418,0.31868258,0.26019034,0.015502169,0.05261492,0.029812494,0.2626274,0.9689928,0.67944926,0.033514995,0.0035534254,0.46355802,0.16228057,0.19946173,1.0610974,0.13689709,1.1035657,1.1034212
beef,beef_portion32_day3_rep1,beef_portion32,3,1,Sub-fresh,1,0.7118478,0.4493568,0.010543927,0.030611783,0.04569971,0.015749592,0.10214463,0.9844185,0.7118478,0.0069477274,0.021286227,0.030611783,0.5461534,0.086868726,0.23776984,0.03735614,0.013204887,0.010115936,0.44658688,0.34172896,0.0063750306,0.020754697,0.021310259,0.008936713,0.12492577,0.9850068,0.44658688,0.002928875,0.018949242,0.020754697,0.3889799,0.023698963,0.18011609,0.021546904,0.0035978567,0.005750624,0.6199517,0.40528122,0.33884162,0.028211873,0.036358405,0.038138613,0.036748264,0.45280746,0.6199517,0.0035996358,0.04260209,0.028211873,0.49461216,0.082923435,0.074956656,0.032683514,0.008186438,0.0065584034,0.14979899,0.22947288,0.21504202,0.03231316,0.026986653,0.027269298,0.46810073,0.35215732,0.22947288,0.01018313,0.07270052,0.026986653,0.22814071,0.9673828,0.46630287,0.03171418,0.005100333,0.4983633,0.17893542,0.17082214,0.9636724,0.1603877,0.9991553,1.0032085
beef,beef_portion32_day3_rep2,beef_portion32,3,2,Sub-fresh,1,0.7124049,0.45065007,0.013696723,0.03057699,0.04733136,0.02090524,0.102116026,0.9801402,0.7124049,0.0070474953,0.027917366,0.03057699,0.5471683,0.086474106,0.23750618,0.0383744,0.013749967,0.009998689,0.4456084,0.33682027,0.005325369,0.020482132,0.020394573,0.008204341,0.123380624,0.98735374,0.4456084,0.00279649,0.017354745,0.020482132,0.38481477,0.025925446,0.17928664,0.02079997,0.003473228,0.00562979,0.61194474,0.39093506,0.32759374,0.026966296,0.03161549,0.031608727,0.034695733,0.46387148,0.61194474,0.0027476703,0.0294836,0.026966296,0.48260763,0.08645696,0.07509851,0.029484013,0.0048389924,0.0040598125,0.1592727,0.22432375,0.22369416,0.03315194,0.028723037,0.028013604,0.4962439,0.29539815,0.22441675,0.009705022,0.06094096,0.028803479,0.22586031,0.9758509,0.96156853,0.033667117,0.0033202912,0.1818132,0.18279587,0.17476937,1.1910063,0.15518594,1.240802,1.2817059
beef,beef_portion32_day3_rep3,beef_portion32,3,3,Sub-fresh,1,0.7078924,0.44589457,0.010272305,0.030818192,0.046283986,0.015087001,0.101948515,0.9846911,0.7078924,0.007018215,0.020585155,0.030818192,0.5426742,0.08699595,0.23673773,0.037810966,0.013388961,0.010366213,0.44298327,0.3398024,0.0053525255,0.017266791,0.018549124,0.007250554,0.12537868,0.9871036,0.44298327,0.0027278499,0.016203906,0.017266791,0.3866986,0.023081245,0.1795035,0.018597392,0.0031136747,0.0051013534,0.6162959,0.39939314,0.33527476,0.026605016,0.03238992,0.032718625,0.03541931,0.45517573,0.6162959,0.0026857245,0.031582642,0.026605016,0.48983717,0.08421433,0.07427813,0.029654644,0.005787928,0.004119378,0.1507294,0.22792378,0.21209706,0.029717512,0.02695661,0.027632134,0.46531335,0.34253407,0.22795995,0.011893163,0.0627715,0.026945474,0.22667481,0.96804744,0.2046304,0.031318173,0.0051358007,0.4028294,0.17801468,0.17085844,0.9365566,0.15952177,0.9587492,0.93134695
beef,beef_portion33_day3_rep1,beef_portion33,3,1,Sub-fresh,1,0.7682615,0.52377045,0.006855873,0.022803467,0.030966844,0.01121787,0.11119372,0.99000555,0.7682615,0.004337222,0.0144194495,0.022803467,0.60996205,0.07241702,0.2578163,0.025711441,0.009040248,0.0074189017,0.47304422,0.3893307,0.10771821,0.031554468,0.036144227,0.067432806,0.12650837,0.7783688,0.47304422,0.003062731,0.12953435,0.031554468,0.4320896,0.01240632,0.16009885,0.036031872,0.004290089,0.013517702,0.6736988,0.48213992,0.41057256,0.018150825,0.019150134,0.019243058,0.042856302,0.38896897,0.6736988,0.003016458,0.015886536,0.018150825,0.562486,0.070161395,0.07039596,0.01830951,0.0041473946,0.0035315116,0.14613149,0.24288926,0.23017585,0.037427817,0.030186491,0.03034857,0.47600028,0.40498412,0.24289343,0.009895206,0.0814097,0.03019118,0.24069859,0.96262014,0.8944976,0.034719013,0.0047185994,0.30531213,0.21163316,0.19335318,1.1550672,0.1684799,1.2160914,1.2566516
beef,beef_portion33_day3_rep2,beef_portion33,3,2,Sub-fresh,1,0.7750316,0.5342984,0.0069503128,0.019015113,0.03039983,0.013745095,0.11257923,0.9899843,0.7750316,0.00497543,0.017313056,0.019015113,0.6187046,0.069992155,0.26038948,0.02385526,0.010709099,0.006775498,0.47677454,0.3941748,0.11700008,0.032939665,0.03817233,0.07154608,0.12647547,0.76130617,0.47677454,0.003276324,0.13701056,0.032939665,0.4367889,0.0119724,0.15790623,0.037935797,0.0045736074,0.014822458,0.6755118,0.47828802,0.4073915,0.019102486,0.02049996,0.020575134,0.04165988,0.39539042,0.6755118,0.002955803,0.015885612,0.019102486,0.56031704,0.07287354,0.07150241,0.019563856,0.0037462926,0.0028946511,0.1413418,0.23819114,0.22473425,0.03235435,0.026686363,0.025245126,0.47437662,0.4114798,0.23819114,0.01101479,0.07007052,0.026686363,0.23526818,0.962025,0.8061236,0.030616343,0.003596255,0.39395586,0.2167082,0.1977264,1.1138096,0.16258468,1.1676456,1.1982969
beef,beef_portion33_day3_rep3,beef_portion33,3,3,Sub-fresh,1,0.77912915,0.5417037,0.010396456,0.019302288,0.035157196,0.017886627,0.113252856,0.98562545,0.77912915,0.005761145,0.02246126,0.019302288,0.62462056,0.067954764,0.26164895,0.026624376,0.013306408,0.0070868083,0.47829556,0.39272553,0.12160867,0.03299847,0.038427413,0.06718016,0.12458785,0.75183904,0.47829556,0.0026437233,0.12681374,0.03299847,0.43615705,0.013568178,0.15631326,0.03811357,0.004367916,0.013458554,0.67758656,0.48001656,0.41037768,0.019788127,0.021141538,0.021647623,0.040925883,0.3928393,0.67758656,0.0032184431,0.017168231,0.019788127,0.5622106,0.07303815,0.07074242,0.020251133,0.0037044703,0.003578604,0.13144185,0.2292745,0.22216266,0.028232113,0.023712266,0.02376497,0.48530307,0.43090746,0.22947343,0.009698367,0.0661154,0.023680659,0.22547339,0.96280104,0.96867675,0.027271263,0.003774299,0.16193114,0.22264771,0.20091327,1.2082866,0.16354984,1.26703,1.3081881
beef,beef_portion34_day3_rep1,beef_portion34,3,1,Sub-fresh,1,0.7297449,0.49913293,0.006732274,0.027810408,0.042339373,0.011301164,0.1114647,0.989707,0.7297449,0.0063586803,0.015203059,0.027810408,0.58258146,0.06848709,0.2484932,0.034281585,0.013438261,0.009691444,0.47769487,0.39008352,0.08753708,0.02548798,0.030582001,0.059617627,0.12743445,0.81949705,0.47769487,0.0033898936,0.11781891,0.02548798,0.4336733,0.013780624,0.16888513,0.02967547,0.019235011,0.012705164,0.63719416,0.43729132,0.38264138,0.020866627,0.023883075,0.0251649,0.034238227,0.3981873,0.63719416,0.002941634,0.021812037,0.020866627,0.5220684,0.07643488,0.06456886,0.022708545,0.0039869407,0.003740488,0.13098587,0.21366283,0.20343456,0.030990949,0.025536956,0.026509559,0.47757277,0.39184043,0.21369973,0.0106195565,0.077610396,0.025587011,0.2097524,0.96711445,0.86205053,0.03010436,0.005572457,0.34310094,0.17749333,0.19378638,1.150211,0.15040323,1.1997768,1.235649
beef,beef_portion34_day3_rep2,beef_portion34,3,2,Sub-fresh,1,0.73065066,0.4950738,0.008533533,0.030972267,0.04257906,0.015116232,0.11024098,0.9874514,0.73065066,0.0059078787,0.01965127,0.030972267,0.58029395,0.07099463,0.24769196,0.035442177,0.012355083,0.009983475,0.48460314,0.39587745,0.107265964,0.026992382,0.030391056,0.055727687,0.1255285,0.7811255,0.48460314,0.0031057803,0.10752372,0.026992382,0.4402502,0.014067425,0.1644054,0.0301225,0.004977757,0.01228981,0.6333437,0.43284777,0.37838176,0.021713847,0.024154482,0.025511488,0.034316044,0.4012873,0.6333437,0.0027237944,0.022414645,0.021713847,0.51795024,0.07682055,0.06480207,0.023227792,0.0038990015,0.0037055246,0.12542827,0.20933732,0.19909368,0.028928146,0.025866866,0.02567644,0.47781023,0.40522176,0.20933868,0.009741638,0.07314453,0.025868384,0.20450073,0.9669078,0.86660784,0.030062713,0.0050914995,0.3376698,0.17259668,0.19331163,1.1519278,0.14105345,1.2068847,1.2383046
beef,beef_portion34_day3_rep3,beef_portion34,3,3,Sub-fresh,1,0.72942,0.49480924,0.0068995813,0.029599711,0.044130277,0.012866621,0.11050721,0.98970664,0.72942,0.006224951,0.016761318,0.029599711,0.57971436,0.070655644,0.24777153,0.036160976,0.012956607,0.010156052,0.48074284,0.39055613,0.095631495,0.025068922,0.029304266,0.058839362,0.12565805,0.8036552,0.48074284,0.0028761446,0.116079554,0.025068922,0.43518323,0.014912908,0.16650409,0.028669326,0.005018579,0.012897329,0.63177997,0.42959595,0.37554374,0.019278798,0.02146129,0.02185633,0.03381131,0.40410498,0.63177997,0.0025421272,0.018838558,0.019278798,0.5151551,0.07771145,0.06502638,0.020578748,0.0033955171,0.0030448323,0.12739684,0.21140078,0.20077062,0.029644748,0.025960116,0.026050374,0.47678792,0.40197936,0.21145743,0.013227525,0.07367556,0.02603174,0.20691171,0.9668778,0.7201281,0.030222734,0.0050291936,0.44654372,0.17493112,0.19394195,1.0794984,0.14365542,1.1246531,1.1466426
beef,beef_portion35_day3_rep1,beef_portion35,3,1,Sub-fresh,1,0.70715,0.4609829,0.005748496,0.020480435,0.024447775,0.0070828306,0.10623603,0.99085015,0.70715,0.003245927,0.010418735,0.020480435,0.5515552,0.078525975,0.23947647,0.021678856,0.0054673203,0.0062407646,0.43285114,0.36027184,0.11202711,0.026445933,0.02612175,0.044037122,0.12732366,0.74266875,0.43285114,0.0036155821,0.09354398,0.026445933,0.39934573,0.009376318,0.1459822,0.027173782,0.0026022138,0.013329097,0.5949021,0.3905833,0.33732906,0.036516476,0.037164774,0.03566611,0.032913744,0.4326673,0.5949021,0.003957738,0.028694918,0.036516476,0.47700623,0.08011806,0.06606919,0.0369157,0.003447875,0.0029674824,0.15326259,0.23923816,0.21352167,0.03367245,0.03154061,0.032210737,0.44804433,0.3639419,0.23923816,0.013063348,0.05372513,0.03154061,0.23728861,0.963482,0.14100549,0.035712272,0.0028570972,0.3401756,0.19154786,0.18875957,0.9442496,0.13199104,0.9677835,0.9183746
beef,beef_portion35_day3_rep2,beef_portion35,3,2,Sub-fresh,1,0.7091931,0.45675912,0.0057757692,0.020921426,0.023733003,0.006793423,0.10483052,0.99077755,0.7091931,0.002922255,0.01002108,0.020921426,0.5496386,0.08171944,0.23921983,0.02131496,0.0048801433,0.006248965,0.43891957,0.36374253,0.14134206,0.026840907,0.027162556,0.05024397,0.1224387,0.6800223,0.43891957,0.004990881,0.10129663,0.026840907,0.40427038,0.016327864,0.1345453,0.028314628,0.066407524,0.016365087,0.5964333,0.3899367,0.3415791,0.035693336,0.036509063,0.035988223,0.029322436,0.4269372,0.5964333,0.0036309406,0.030109428,0.035693336,0.47727865,0.0814786,0.06354399,0.036213346,0.0033108864,0.0038639728,0.15847412,0.24034499,0.22868928,0.038445596,0.033385932,0.034680136,0.47411418,0.3468774,0.24034499,0.011531303,0.068107374,0.033385932,0.2402407,0.967239,0.8199544,0.038441192,0.004675773,0.3832405,0.19069542,0.1899948,1.1032337,0.1208967,1.183606,1.1886611
beef,beef_portion35_day3_rep3,beef_portion35,3,3,Sub-fresh,1,0.7100127,0.46096852,0.0052924375,0.020301338,0.023314655,0.0066007595,0.10584549,0.99150974,0.7100127,0.002998208,0.009796664,0.020301338,0.55250305,0.07979309,0.2400348,0.020933708,0.004867834,0.0062418864,0.43791598,0.36237493,0.12255016,0.026412532,0.026311966,0.04951507,0.12489397,0.7214775,0.43791598,0.004595947,0.10458204,0.026412532,0.4026579,0.011214554,0.14236614,0.027189294,0.0034202028,0.01638206,0.5972691,0.39087674,0.3381125,0.035299104,0.036448378,0.03564862,0.031994823,0.43353134,0.5972691,0.0037567161,0.029713096,0.035299104,0.47776544,0.08111892,0.06616068,0.036022663,0.0037191352,0.0034511816,0.15191133,0.23871487,0.21341139,0.02918718,0.027165342,0.030989418,0.44974047,0.3664839,0.23871487,0.016152304,0.046851266,0.027165342,0.23668987,0.9631164,0.21332645,0.030934608,0.0030985894,0.40308073,0.19156136,0.18926087,0.93846226,0.1278086,0.9688642,0.9261181
beef,beef_portion36_day3_rep1,beef_portion36,3,1,Sub-fresh,1,0.74318826,0.49413672,0.00685089,0.022205751,0.027996663,0.011455767,0.10836972,0.989874,0.74318826,0.0033452725,0.015098088,0.022205751,0.5837022,0.076967746,0.24975836,0.023963561,0.0068270196,0.006480708,0.46229875,0.39571792,0.20171769,0.031059338,0.031196842,0.044068385,0.12199547,0.56496173,0.46229875,0.006057973,0.074579306,0.031059338,0.43559748,0.011821624,0.118519396,0.03226799,0.059048075,0.014342306,0.6420819,0.42115375,0.35455608,0.026275525,0.027376343,0.027686322,0.035573605,0.44659334,0.6420819,0.0016335866,0.021092204,0.026275525,0.5124249,0.084816486,0.075452395,0.02610711,0.0026410383,0.0025377832,0.21651582,0.27647293,0.27436876,0.041870095,0.03584162,0.035404284,0.4924381,0.22163089,0.2767669,0.015217305,0.05903988,0.035904463,0.28559074,0.9787658,0.89994156,0.040682502,0.00440789,0.2936429,0.20833313,0.1884798,1.1510205,0.11439172,1.2522395,1.2370858
beef,beef_portion36_day3_rep2,beef_portion36,3,2,Sub-fresh,1,0.74311924,0.49075487,0.005951942,0.021672143,0.02679024,0.0074441805,0.10759344,0.990962,0.74311924,0.003233298,0.010404518,0.021672143,0.5816392,0.07869392,0.24938914,0.02309143,0.006186739,0.0066436413,0.47230247,0.40225738,0.2011989,0.028243681,0.029444704,0.04084319,0.12172475,0.5744478,0.47230247,0.004584217,0.06908708,0.028243681,0.44297472,0.009125184,0.12248605,0.029939149,0.0030684464,0.013380593,0.64570326,0.4233508,0.35222957,0.02535977,0.028769473,0.027943151,0.037730973,0.4533833,0.64570326,0.0037509855,0.02294439,0.02535977,0.51465964,0.085145555,0.07821056,0.026857723,0.0042582643,0.003452437,0.22803651,0.28780985,0.27336067,0.038991507,0.037477035,0.033520903,0.45847952,0.20963597,0.28781527,0.02492109,0.04444132,0.037473686,0.297365,0.9766888,0.26433697,0.041297283,0.0043525724,0.4373655,0.20042962,0.1839293,0.9420351,0.11348191,0.9886877,0.93632764
beef,beef_portion36_day3_rep3,beef_portion36,3,3,Sub-fresh,1,0.744779,0.49227276,0.0064100665,0.02142739,0.027468653,0.010434908,0.10764465,0.9903703,0.744779,0.0034394814,0.013827901,0.02142739,0.5830507,0.078650124,0.24975201,0.023465754,0.0066621937,0.006601162,0.46566862,0.39591134,0.19180068,0.028229998,0.02910211,0.040918835,0.12259008,0.58857715,0.46566862,0.0045458577,0.0719178,0.028229998,0.4362396,0.009077393,0.124194205,0.029869255,0.0028165134,0.013838161,0.64358956,0.42197433,0.35572013,0.027212787,0.03003712,0.029403394,0.03546183,0.44614342,0.64358956,0.0023298846,0.022905126,0.027212787,0.5134556,0.08513216,0.07537077,0.028061155,0.0035219823,0.0030467864,0.2156557,0.27313572,0.26810813,0.039040778,0.036203165,0.032911386,0.48336375,0.2146376,0.27364093,0.024514597,0.051302675,0.036091942,0.28215557,0.9790921,0.7130344,0.040328436,0.004071283,0.44811285,0.20532568,0.18786779,1.0563921,0.118871234,1.1451652,1.1221759
beef,beef_portion37_day3_rep1,beef_portion37,3,1,Sub-fresh,1,0.7242957,0.4496474,0.005663838,0.02051762,0.025864622,0.0072607226,0.10098538,0.9911467,0.7242957,0.0034760416,0.010365677,0.02051762,0.55047065,0.09220504,0.24065109,0.022163829,0.0064367903,0.0063465936,0.4301997,0.35172993,0.05942908,0.030861551,0.031966317,0.034259614,0.13000621,0.86472017,0.4301997,0.003417492,0.07070769,0.030861551,0.39163417,0.011019045,0.16414408,0.03271782,0.004493152,0.0037073982,0.62347513,0.37871477,0.31973502,0.032399677,0.044241734,0.045222085,0.030824654,0.48751494,0.62347513,0.003023295,0.047379967,0.032399677,0.47873202,0.09737226,0.078258336,0.039294813,0.008280558,0.0063466844,0.15230343,0.25331315,0.2387047,0.021237794,0.021761678,0.023679944,0.47342813,0.39944997,0.25331315,0.011613108,0.035010133,0.021761678,0.25166,0.96036893,0.776563,0.02434475,0.0018762997,0.41419357,0.19409667,0.17760782,1.0631077,0.14973068,1.1383826,1.1331171
beef,beef_portion37_day3_rep2,beef_portion37,3,2,Sub-fresh,1,0.7243473,0.4459976,0.005442873,0.019797409,0.024360945,0.006713842,0.10009797,0.9913979,0.7243473,0.0032469716,0.009694631,0.019797409,0.5482677,0.09414448,0.24025325,0.021082679,0.005728668,0.006066319,0.43180797,0.35225222,0.061688818,0.03217036,0.033069532,0.03511561,0.12948029,0.86025167,0.43180797,0.0035300488,0.071770616,0.03217036,0.39237738,0.011532694,0.1637458,0.033869866,0.004691708,0.0036933231,0.62257266,0.37350577,0.31999123,0.032165322,0.043100275,0.042309586,0.027701367,0.48619056,0.62257266,0.00400768,0.043232076,0.032165322,0.4752538,0.099854514,0.076229006,0.038316403,0.007899997,0.005429547,0.1578913,0.25486487,0.24633518,0.021128748,0.021517761,0.023408746,0.48331192,0.38112345,0.25491205,0.014582356,0.034663998,0.02155934,0.25452337,0.96275777,0.9293245,0.02398281,0.0027429494,0.24832794,0.19230157,0.17963183,1.1469934,0.14942701,1.2287976,1.2333272
beef,beef_portion37_day3_rep3,beef_portion37,3,3,Sub-fresh,1,0.7218166,0.4464797,0.005348315,0.019977672,0.025743417,0.0069536874,0.10059995,0.99156475,0.7218166,0.003543738,0.010021352,0.019977672,0.5478052,0.092771836,0.23988917,0.021978028,0.006248461,0.0063587236,0.43043992,0.3482621,0.060180064,0.032116,0.033170752,0.036480457,0.12796468,0.8634161,0.43043992,0.0034925174,0.07553149,0.032116,0.38900664,0.013139879,0.16299759,0.03407264,0.004483602,0.0048398855,0.62344766,0.3755635,0.32228348,0.03424391,0.04484974,0.045080166,0.027750034,0.48347723,0.62344766,0.0036368533,0.045306217,0.03424391,0.47699973,0.09926177,0.07583718,0.04024773,0.0077564036,0.0058283,0.15651329,0.25487456,0.2427536,0.024309948,0.024009898,0.025142778,0.4768021,0.38722113,0.2548759,0.020352868,0.038719617,0.024008323,0.25403997,0.9616212,0.8361153,0.026811339,0.0024417345,0.36572456,0.19357309,0.17879762,1.09393,0.15085323,1.170863,1.1710669
beef,beef_portion38_day3_rep1,beef_portion38,3,1,Sub-fresh,1,0.7227093,0.45345464,0.0054053254,0.024790885,0.03755153,0.0065342966,0.1020212,0.99143505,0.7227093,0.0056342753,0.009602042,0.024790885,0.5522517,0.08955384,0.24100278,0.030578388,0.010805961,0.008810913,0.42519504,0.32196885,0.048545122,0.038154926,0.03926732,0.04436472,0.118723534,0.8896333,0.42519504,0.0036641115,0.09553757,0.038154926,0.3681966,0.02538794,0.15973568,0.040389832,0.006032236,0.010659517,0.6168765,0.38524306,0.3093916,0.027596932,0.026162243,0.027397191,0.038090084,0.4975894,0.6168765,0.0021553978,0.022530105,0.027596932,0.48057655,0.090362996,0.084693596,0.026360523,0.0030292505,0.0026815692,0.12945701,0.21855962,0.2052511,0.019804472,0.020068884,0.019968329,0.47265005,0.40876117,0.21855962,0.008945234,0.043000013,0.020068884,0.21414413,0.9639234,0.86974424,0.022948228,0.002612329,0.3354825,0.2111821,0.17196088,1.1287845,0.14994106,1.1868838,1.204325
beef,beef_portion38_day3_rep2,beef_portion38,3,2,Sub-fresh,1,0.72170186,0.44905946,0.0051361523,0.025690325,0.039191507,0.0064305402,0.10111015,0.99188286,0.72170186,0.0058548884,0.009439914,0.025690325,0.5492941,0.091367915,0.24031332,0.031720266,0.011188582,0.009101148,0.42410672,0.32041886,0.04848055,0.0372394,0.039748043,0.044116467,0.11836068,0.88972265,0.42410672,0.0037744143,0.09436282,0.0372394,0.3667568,0.025753435,0.1592838,0.040591285,0.0058782846,0.009990358,0.6210867,0.38365504,0.3063193,0.024508901,0.026057148,0.027717438,0.03797539,0.5057891,0.6210867,0.0020238492,0.027343197,0.024508901,0.48041922,0.0926123,0.08661884,0.025186941,0.0038073412,0.0044298302,0.13036998,0.21803376,0.20497096,0.0204313,0.021065172,0.020756416,0.47285286,0.40352282,0.21803376,0.012320045,0.039597254,0.021065172,0.21376269,0.9651044,0.8048815,0.023976171,0.0030508614,0.39347216,0.21021634,0.16842592,1.0930389,0.15056378,1.1500365,1.1611414
beef,beef_portion38_day3_rep3,beef_portion38,3,3,Sub-fresh,1,0.72419196,0.4510734,0.005119035,0.023843959,0.037952054,0.0061889044,0.10129036,0.9918322,0.72419196,0.0058846097,0.009075885,0.023843959,0.55138105,0.09139002,0.24096993,0.03033884,0.011355764,0.008697722,0.42244244,0.31659207,0.050411887,0.037240595,0.039862674,0.04598747,0.11698141,0.8848326,0.42244244,0.0037604596,0.09929836,0.037240595,0.36354178,0.027228227,0.15746506,0.040638905,0.0063964995,0.01056748,0.6188542,0.3796525,0.3058061,0.023516567,0.024547856,0.026162032,0.036769718,0.5047331,0.6188542,0.0023164821,0.025484264,0.023516567,0.47757074,0.09393104,0.085350364,0.023790302,0.004148169,0.0038851956,0.12989466,0.21477725,0.20609702,0.021317866,0.0205821,0.02110855,0.480767,0.3976985,0.21495888,0.009903017,0.044011846,0.020718003,0.2108253,0.96735793,0.9587877,0.023793735,0.0029088254,0.19142762,0.21534482,0.17225523,1.1826074,0.15050714,1.2447025,1.2636932
beef,beef_portion39_day3_rep1,beef_portion39,3,1,Sub-fresh,1,0.7529239,0.48497036,0.0046452214,0.01914515,0.024131965,0.0057059056,0.105072424,0.9927834,0.7529239,0.0031444526,0.008069093,0.01914515,0.5812067,0.08609726,0.25019038,0.020693962,0.0056536025,0.0061034737,0.48651886,0.3953309,0.17292093,0.035210215,0.036728468,0.049888145,0.11603097,0.64720064,0.48651886,0.0035990383,0.08222041,0.035210215,0.44134945,0.017994503,0.13660346,0.037088353,0.0036168483,0.012070111,0.6310526,0.3940088,0.32783723,0.022016242,0.023675878,0.024703164,0.034380224,0.4791369,0.6310526,0.002308429,0.024364349,0.022016242,0.49111968,0.092861846,0.07971798,0.022058772,0.0048256633,0.0043730265,0.19189122,0.2663208,0.23608841,0.034280807,0.029205998,0.027527453,0.42746738,0.28161108,0.2663208,0.02525661,0.060926408,0.029205998,0.26970676,0.96757793,0.06801288,0.03268915,0.005314783,0.23366864,0.19261365,0.19293073,0.95248574,0.10638682,0.9674061,0.90237963
beef,beef_portion39_day3_rep2,beef_portion39,3,2,Sub-fresh,1,0.75379413,0.48179293,0.0042194678,0.01960394,0.023384262,0.0054586297,0.10428141,0.9934154,0.75379413,0.0027269437,0.007814117,0.01960394,0.57956165,0.08827934,0.25002328,0.02058487,0.0044955327,0.0060683866,0.484901,0.39149648,0.16350481,0.03157048,0.03295847,0.048039768,0.11592618,0.6649331,0.484901,0.0025255918,0.081685156,0.03157048,0.43798506,0.018944003,0.13987741,0.03337167,0.0029577687,0.012161888,0.6305217,0.38651338,0.31882745,0.022274163,0.021849435,0.023913667,0.034463502,0.49304265,0.6305217,0.0021538087,0.021967754,0.022274163,0.48608142,0.09608605,0.08250903,0.02138009,0.0030971603,0.0040599103,0.18925396,0.26077783,0.22709288,0.032575257,0.02678557,0.025826862,0.4162941,0.2763133,0.26077783,0.023949377,0.06265495,0.02678557,0.26390073,0.96784824,0.011589373,0.030432701,0.005642658,0.019310305,0.19231077,0.19199093,0.96443456,0.10749552,0.973233,0.90242076
beef,beef_portion39_day3_rep3,beef_portion39,3,3,Sub-fresh,1,0.7537997,0.4838562,0.0039952747,0.018756956,0.023151614,0.004830137,0.10478235,0.993633,0.7537997,0.0029897864,0.0070342235,0.018756956,0.58080757,0.08718551,0.25034693,0.020039264,0.005260843,0.0059477394,0.4825309,0.3918722,0.1657455,0.033760104,0.03613679,0.04878431,0.11667035,0.65905666,0.4825309,0.0025985017,0.08183453,0.033760104,0.4373619,0.017736964,0.13854364,0.036176495,0.0037013546,0.011042859,0.6315838,0.39139932,0.32357198,0.02219279,0.023176769,0.025380274,0.034703832,0.48639193,0.6315838,0.0025611727,0.025145153,0.02219279,0.4897602,0.09426151,0.08150123,0.021962725,0.0043044565,0.0047275457,0.19283631,0.26652557,0.23248874,0.03903882,0.030943999,0.02822697,0.4171336,0.28061882,0.26652557,0.028936641,0.06999516,0.030943999,0.26983353,0.9672232,0.045605518,0.035303414,0.005475612,0.18020381,0.19467854,0.1919598,0.9555576,0.10888261,0.9686214,0.9009541
beef,beef_portion40_day3_rep1,beef_portion40,3,1,Sub-fresh,1,0.7340867,0.48034564,0.0053428942,0.02332108,0.029092053,0.00634714,0.10665781,0.9915942,0.7340867,0.0040497626,0.009140175,0.02332108,0.5723424,0.0801956,0.24656159,0.024813166,0.008148002,0.007364254,0.44294408,0.3393452,0.06073993,0.024648,0.025864594,0.037018422,0.11902461,0.8647796,0.44294408,0.0021315776,0.07714998,0.024648,0.38641727,0.024222743,0.16246828,0.02637319,0.0032281564,0.0058327965,0.6366618,0.41510546,0.3458752,0.024381286,0.026686238,0.026647914,0.03699302,0.45555142,0.6366618,0.003906567,0.022427812,0.024381286,0.506741,0.085121974,0.07745975,0.02495715,0.0034518102,0.003991337,0.16307797,0.24510121,0.224268,0.021287922,0.021245234,0.023790395,0.45630145,0.3354024,0.24510121,0.014428017,0.03182852,0.021245234,0.24518137,0.96574557,0.17575775,0.024232095,0.0022464138,0.37627915,0.21159585,0.18144764,0.94670284,0.15941444,0.9521499,0.9238906
beef,beef_portion40_day3_rep2,beef_portion40,3,2,Sub-fresh,1,0.74050957,0.4848426,0.005229615,0.024970308,0.030815031,0.006148534,0.1066645,0.99184877,0.74050957,0.0041049193,0.008889878,0.024970308,0.57714146,0.08063657,0.2481748,0.026466647,0.00799856,0.007894031,0.4460919,0.3433197,0.06406265,0.02427248,0.025690366,0.036156334,0.11957759,0.8581704,0.4460919,0.0024030039,0.07444268,0.02427248,0.39024585,0.023529107,0.1626855,0.026045255,0.0032104594,0.005115422,0.6332134,0.41089395,0.342659,0.024847405,0.027383247,0.02863452,0.036181223,0.45778763,0.6332134,0.0030671877,0.025813947,0.024847405,0.50283813,0.085639834,0.07717829,0.025823332,0.003248744,0.00430571,0.16680157,0.2487364,0.23131247,0.019524237,0.019245712,0.022514772,0.46325734,0.32959035,0.2487364,0.017211441,0.03026423,0.019245712,0.24950051,0.96655864,0.39787996,0.02194634,0.0030211501,0.48654377,0.21330647,0.18650958,0.9563567,0.1544223,0.9820542,0.9711063
beef,beef_portion40_day3_rep3,beef_portion40,3,3,Sub-fresh,1,0.73771524,0.48299393,0.0045570508,0.02363336,0.030519964,0.0055787303,0.10672047,0.99274945,0.73771524,0.004363923,0.008141441,0.02363336,0.5751217,0.0804426,0.24761257,0.025718912,0.0087441,0.007612772,0.4484862,0.34636936,0.07425683,0.026414337,0.029181462,0.04053521,0.11880025,0.8369316,0.4484862,0.0020796813,0.082347974,0.026414337,0.3933453,0.023256803,0.16022095,0.029359486,0.0038308413,0.0054810825,0.6390083,0.4163226,0.34879875,0.024016012,0.026328785,0.027386196,0.0359502,0.45298412,0.6390083,0.0024457173,0.023698058,0.024016012,0.50821024,0.08573012,0.07650536,0.024637703,0.0031249153,0.0038233052,0.16922677,0.25088206,0.2333575,0.019728025,0.01982987,0.022058144,0.46273792,0.32555792,0.25090435,0.014528555,0.02965649,0.019828824,0.25210124,0.9665419,0.20758675,0.022489611,0.003195832,0.40344968,0.20964296,0.18380092,0.9439895,0.1552584,0.9549765,0.92660856
beef,beef_portion01_day4_rep1,beef_portion01,4,1,Spoiled,2,0.6415834,0.42997238,0.34334734,0.028609417,0.03563815,0.03419739,0.046488065,0.4640951,0.6415834,0.0052874023,0.03166665,0.028609417,0.5175477,0.07898108,0.084472574,0.032314397,0.0068197763,0.0051420256,0.5748498,0.40877977,0.015891014,0.030041732,0.034334306,0.03490013,0.11502369,0.97287565,0.5748498,0.0045298478,0.053921774,0.030041732,0.47530928,0.047047284,0.208498,0.032230917,0.0056131072,0.011068805,0.053936094,0.1668619,0.26764593,0.032302868,0.031903278,0.03290624,0.5770081,0.8067582,0.26764593,0.0035375534,0.0899526,0.03290624,0.16211638,0.9892385,0.92710274,0.03671218,0.052070957,0.0035854909,0.19789332,0.15109392,0.1533385,0.029182933,0.030270262,0.02993777,0.38826916,0.24449427,0.19789332,0.47391585,0.048853785,0.029182933,0.1681109,0.023303976,0.0086815655,0.035818364,0.0028656954,0.041245226,0.13485608,1.2903199,0.36187056,1.2256455,0.36723453,1.3328776
beef,beef_portion01_day4_rep2,beef_portion01,4,2,Spoiled,2,0.63849646,0.4263029,0.33444002,0.028010607,0.033707473,0.03629003,0.049263716,0.47560605,0.63849646,0.002528114,0.035083696,0.028010607,0.5138661,0.07902419,0.08791154,0.031153018,0.004827972,0.00563177,0.5704505,0.40410468,0.010205318,0.028821502,0.03193483,0.029290086,0.11496921,0.98227274,0.5704505,0.003979869,0.045123838,0.028821502,0.47069743,0.047414582,0.20830142,0.03037862,0.0050312206,0.010144563,0.05404797,0.16646814,0.26283184,0.030435724,0.029197989,0.029811993,0.57535857,0.8015567,0.26283184,0.0046438617,0.088413656,0.029811993,0.16120374,0.9888843,0.9296887,0.033671953,0.041252673,0.004723426,0.19739947,0.15248448,0.14595401,0.026620913,0.02732506,0.026889076,0.038125157,0.26497787,0.19739947,0.12990509,0.04199007,0.026620913,0.16863312,0.020822985,0.012105263,0.032513294,0.0026801503,0.0019196812,0.13174379,1.2887223,0.35821757,1.2257859,0.36116877,1.3338505
beef,beef_portion01_day4_rep3,beef_portion01,4,3,Spoiled,2,0.64223486,0.4292382,0.34033248,0.026584437,0.03365711,0.03382588,0.047445986,0.4692615,0.64223486,0.0045048455,0.03334222,0.026584437,0.5171474,0.0794531,0.08616007,0.030306218,0.0063048876,0.005664653,0.5744326,0.40816963,0.011065004,0.02935098,0.033467125,0.0309242,0.115219414,0.9807083,0.5744326,0.004521992,0.048684943,0.02935098,0.4746584,0.04708652,0.2093616,0.03141634,0.0055871434,0.011497169,0.05618329,0.16736324,0.26723891,0.029604686,0.028924698,0.029883197,0.57733274,0.79594135,0.26723891,0.0049884063,0.08474637,0.029883197,0.16290228,0.9772027,0.9277828,0.033300735,0.11977315,0.0043591447,0.19684051,0.1531974,0.14574872,0.025943335,0.025934072,0.025928896,0.022274278,0.2627459,0.19684051,0.0054251733,0.03700943,0.025943335,0.16903335,0.019989917,0.012215159,0.031052416,0.0014610993,0.0016623834,0.13428153,1.280536,0.36081454,1.21591,0.3647021,1.3245974
beef,beef_portion02_day4_rep1,beef_portion02,4,1,Spoiled,2,0.61457914,0.30123228,0.20793352,0.022231702,0.024748357,0.026343752,0.036079388,0.66076744,0.61457914,0.002538664,0.033285078,0.022231702,0.42718738,0.12780498,0.117876776,0.022491276,0.0052312477,0.0061383513,0.7434634,0.48891708,0.005212988,0.023168815,0.031835213,0.005967652,0.107130915,0.9917749,0.7434634,0.004403013,0.008533443,0.023168815,0.58061105,0.07988766,0.24925452,0.0266641,0.008465851,0.007834822,0.15648289,0.23389003,0.21854986,0.020144043,0.019528767,0.020665161,0.4671717,0.3309531,0.23398736,0.017088225,0.04521329,0.019596117,0.23369601,0.9681048,0.27409184,0.022141116,0.005611536,0.44444507,0.46077132,0.36066893,0.026826521,0.024340367,0.024218544,0.029760927,0.12619114,0.94237125,0.46077132,0.0032291643,0.059953615,0.024340367,0.40704322,0.020153563,0.18011598,0.024620425,0.003163141,0.0062153894,0.20759337,0.8763252,0.12596957,0.95388496,0.19614813,0.9682418
beef,beef_portion02_day4_rep2,beef_portion02,4,2,Spoiled,2,0.616093,0.30164567,0.20429201,0.021780595,0.022957528,0.02433652,0.037472907,0.6674491,0.616093,0.002894964,0.030167202,0.021780595,0.42790902,0.12802126,0.12035148,0.021413166,0.0043461216,0.005455913,0.7442826,0.49188694,0.0050259894,0.023516653,0.03370251,0.0061242767,0.10766291,0.99216443,0.7442826,0.004635239,0.008795325,0.023516653,0.58268356,0.078682564,0.24986304,0.02795082,0.008983593,0.008168095,0.1552174,0.23688233,0.2174357,0.018797394,0.018381137,0.01948729,0.45913944,0.34502673,0.23690282,0.009813654,0.029792314,0.018388335,0.23603413,0.9654164,0.07807089,0.02112271,0.0023696844,0.26633996,0.4631683,0.36140865,0.02474822,0.021781994,0.022411883,0.027206274,0.12592927,0.94670194,0.4631683,0.0027525437,0.055182923,0.021781994,0.40819418,0.0208887,0.18119225,0.022488171,0.0029122285,0.005555259,0.20775637,0.86013615,0.12477042,0.9674581,0.19622017,0.9656115
beef,beef_portion02_day4_rep3,beef_portion02,4,3,Spoiled,2,0.61539793,0.29987627,0.20313719,0.021890098,0.022594206,0.02490133,0.03711122,0.6688838,0.61539793,0.0025487875,0.031477753,0.021890098,0.42670462,0.1286325,0.12037168,0.021208037,0.0042674895,0.0062565957,0.7419359,0.4873434,0.005349634,0.021981664,0.031144397,0.006284141,0.10697163,0.9916809,0.7419359,0.0045143412,0.008977035,0.021981664,0.5791127,0.080031104,0.24879718,0.025777454,0.008812375,0.0074124555,0.15564157,0.2373805,0.21532917,0.018836256,0.018664652,0.019506019,0.4536864,0.3445103,0.23738606,0.008819724,0.030597234,0.01866919,0.23638624,0.9652109,0.022151262,0.021283444,0.00208701,0.1376908,0.46764034,0.36874434,0.03631184,0.023359282,0.02709075,0.038260505,0.12638928,0.9231296,0.46764034,0.0036588942,0.075249285,0.023359282,0.4149367,0.0294695,0.17990975,0.026225487,0.09900143,0.0074263895,0.20514247,0.86355764,0.116260774,0.97589606,0.18508302,0.9655983
beef,beef_portion03_day4_rep1,beef_portion03,4,1,Spoiled,2,0.60299027,0.3836882,0.3080974,0.02929534,0.03574037,0.034517094,0.04025565,0.4886663,0.60299027,0.0047534956,0.03341876,0.02929534,0.4743518,0.085082754,0.081975035,0.033302736,0.006070132,0.004291492,0.6721802,0.39476925,0.0050687995,0.030512717,0.051000085,0.006194206,0.09503458,0.9915037,0.6721802,0.008760018,0.009699515,0.030512717,0.49969175,0.09834587,0.2249078,0.040732387,0.01479338,0.01153164,0.17284691,0.24538238,0.26633695,0.022580706,0.021822011,0.022890907,0.5340393,0.35169852,0.26639014,0.010463539,0.034103043,0.022897812,0.25017995,0.9778943,0.98133063,0.024841936,0.0023212652,0.0039083427,0.3988307,0.30654758,0.039243907,0.026035186,0.027494548,0.03526031,0.12152532,0.9041113,0.3988307,0.0029739065,0.08160448,0.026035186,0.3487131,0.021116396,0.15565433,0.028558176,0.0039036847,0.0068553956,0.14576626,1.2869366,0.15907675,1.1866075,0.18318021,1.2676255
beef,beef_portion03_day4_rep2,beef_portion03,4,2,Spoiled,2,0.603286,0.384598,0.31312492,0.02984437,0.035336033,0.03507848,0.03857552,0.48058823,0.603286,0.0037048603,0.03382604,0.02984437,0.47532535,0.08515953,0.07941495,0.032944106,0.005702808,0.004027406,0.67003506,0.39209217,0.0051067392,0.029667135,0.051253024,0.0064559355,0.094668575,0.9914656,0.67003506,0.00899174,0.010123563,0.029667135,0.49738306,0.09878545,0.22418642,0.040422287,0.015529363,0.011348008,0.16969408,0.24306825,0.2666242,0.022204883,0.021650027,0.022103347,0.53763926,0.36432853,0.2666242,0.004226978,0.031603448,0.022103347,0.24762724,0.9779485,0.9800683,0.02465611,0.0018990448,0.0017479568,0.40145683,0.30660936,0.03930542,0.027064199,0.027701948,0.037326947,0.12065164,0.90503204,0.40145683,0.003149663,0.08477155,0.027064199,0.34959978,0.022369659,0.15603073,0.029057387,0.003817409,0.0071269153,0.14707477,1.2884468,0.16006081,1.1860282,0.17979008,1.2659254
beef,beef_portion03_day4_rep3,beef_portion03,4,3,Spoiled,2,0.6053649,0.38635573,0.31442076,0.030075762,0.037065383,0.03601855,0.038592204,0.4802885,0.6053649,0.0038049992,0.036068466,0.030075762,0.4768508,0.085123375,0.07968333,0.03399153,0.0067296857,0.0039775963,0.67750543,0.41161388,0.0052077784,0.0316614,0.05214556,0.0058554094,0.09849614,0.99121475,0.67750543,0.008910047,0.009193595,0.0316614,0.51159453,0.091669865,0.22795233,0.04183166,0.015254643,0.011968504,0.17109911,0.2450945,0.2684493,0.022543099,0.022401407,0.022717316,0.5371957,0.36337358,0.2684493,0.0055769,0.032098126,0.022717316,0.24982524,0.977765,0.9800906,0.025339007,0.002271253,0.0021251421,0.39833754,0.3014124,0.035973698,0.024235409,0.025850726,0.03426457,0.1198062,0.911673,0.39833754,0.0029038177,0.08015826,0.024235409,0.34479487,0.023710726,0.15551811,0.026816444,0.0043813246,0.0069872113,0.15242599,1.288054,0.16419867,1.1913856,0.19413213,1.2645785
beef,beef_portion04_day4_rep1,beef_portion04,4,1,Spoiled,2,0.62607944,0.39212182,0.3209165,0.018590638,0.018281344,0.018576644,0.03579153,0.4858545,0.62607944,0.0013707416,0.015640598,0.018590638,0.48765385,0.09134913,0.08213496,0.018208588,0.0023926282,0.0021060999,0.73060215,0.4773191,0.0046214275,0.01702914,0.020044893,0.005581299,0.106534734,0.9925142,0.73060215,0.0030294817,0.008225351,0.01702914,0.56931585,0.080311574,0.24572937,0.017281588,0.005882697,0.005095702,0.13608952,0.2187492,0.2032248,0.031750727,0.031586476,0.030023785,0.46698117,0.385593,0.21879093,0.017112056,0.06958087,0.031575304,0.21511057,0.96646553,0.4698829,0.03651135,0.0025550865,0.49596047,0.40433726,0.3032754,0.061475832,0.048613936,0.049562044,0.047599994,0.115267225,0.8570396,0.40433726,0.003870603,0.1001615,0.048613936,0.34798288,0.026351975,0.14755963,0.051994666,0.0047571044,0.008385232,0.18317653,0.9952171,0.16737084,0.98029333,0.24806696,1.0026768
beef,beef_portion04_day4_rep2,beef_portion04,4,2,Spoiled,2,0.62955683,0.3931382,0.3283454,0.018972648,0.01903649,0.019610705,0.034012925,0.47697148,0.62955683,0.0028694512,0.017751217,0.018972648,0.48950773,0.09268582,0.07907487,0.018579679,0.004127497,0.0037041588,0.7345539,0.47962615,0.0047326125,0.017797846,0.019926742,0.00588194,0.10649102,0.99244714,0.7345539,0.0029386599,0.00851926,0.017797846,0.57198334,0.08085128,0.24662347,0.017476678,0.0056560542,0.005149583,0.14009981,0.21695735,0.2101535,0.0342733,0.03486451,0.033853028,0.48453736,0.36220026,0.21706112,0.016007708,0.0700399,0.03486557,0.2145624,0.97033376,0.7580865,0.040141415,0.00425061,0.42488924,0.3997429,0.2986442,0.06244672,0.049856722,0.05136727,0.047997274,0.114552796,0.85348415,0.3997429,0.0044739926,0.10260113,0.049856722,0.34315878,0.026867623,0.14522083,0.053899743,0.0056023765,0.0092265485,0.18712246,1.143205,0.17356654,1.0865189,0.2560418,1.1323735
beef,beef_portion04_day4_rep3,beef_portion04,4,3,Spoiled,2,0.6294225,0.39515695,0.3242643,0.018319678,0.018635612,0.019410476,0.035782516,0.4832635,0.6294225,0.0014805415,0.01847189,0.018319678,0.49112436,0.09143483,0.08170741,0.018202482,0.00294066,0.003235057,0.73227966,0.48077214,0.0050193504,0.017701514,0.019040456,0.005607792,0.107081726,0.9919398,0.73227966,0.0027535607,0.008207311,0.017701514,0.57199126,0.079141766,0.24642192,0.016844746,0.005412259,0.005051635,0.13835496,0.22176391,0.20767787,0.0352045,0.03396461,0.03488751,0.47002178,0.38535884,0.2217721,0.016728362,0.07789481,0.03397365,0.21842651,0.9668713,0.589439,0.039513536,0.0029878141,0.48874757,0.40255377,0.30220398,0.053404815,0.048076082,0.049052484,0.045340814,0.11625348,0.87556267,0.40255377,0.0043696957,0.09619976,0.048076082,0.3465205,0.025881778,0.1501115,0.051428832,0.00486233,0.009497872,0.1839061,1.0481148,0.1728774,1.01525,0.25089714,1.0463642
beef,beef_portion05_day4_rep1,beef_portion05,4,1,Spoiled,2,0.5935317,0.36540607,0.3033654,0.024845377,0.030790634,0.030154351,0.033865165,0.48809323,0.5935317,0.0024750845,0.032206,0.024845377,0.4597058,0.09075932,0.07703893,0.02832705,0.0059309513,0.004013149,0.7087439,0.48027438,0.0051695486,0.037096675,0.039497275,0.00627913,0.11048107,0.9916222,0.7087439,0.0042633153,0.009495375,0.037096675,0.56392765,0.06909087,0.2426499,0.03626939,0.0074688974,0.011368773,0.13242686,0.22094728,0.21474147,0.021079313,0.02177505,0.022826884,0.48566213,0.4033954,0.22142048,0.010865954,0.0408679,0.021985427,0.21750326,0.9671351,0.9720602,0.024752215,0.0024750053,0.14958303,0.33810866,0.26701048,0.0779507,0.046309255,0.046517454,0.04396993,0.119020365,0.77781016,0.33810866,0.0047134063,0.09519225,0.046309255,0.30060634,0.015302284,0.120061204,0.0499186,0.003955458,0.009856162,0.19687232,1.2758368,0.18126589,1.2076973,0.29539686,1.2801539
beef,beef_portion05_day4_rep2,beef_portion05,4,2,Spoiled,2,0.5955217,0.36766005,0.30339074,0.021962715,0.023692086,0.024209645,0.034367938,0.4893075,0.5955217,0.0019276467,0.023376387,0.021962715,0.46195868,0.09033297,0.07815868,0.023160314,0.0032490795,0.0036538208,0.7064696,0.47886568,0.004803174,0.03503377,0.04026907,0.0053975843,0.11052663,0.99203134,0.7064696,0.0046733464,0.008281307,0.03503377,0.56237584,0.0688349,0.24216168,0.03605883,0.008301236,0.011145218,0.13072789,0.2180723,0.21044806,0.026325,0.025043717,0.025810016,0.48286015,0.40401304,0.21809177,0.013418352,0.05106698,0.025033882,0.21422607,0.966864,0.9123822,0.028633816,0.0025667187,0.27504143,0.3327794,0.26039708,0.06884575,0.043048136,0.043543804,0.04329205,0.11867674,0.7999149,0.3327794,0.004902011,0.09517028,0.043048136,0.29380774,0.016207788,0.121242665,0.046397693,0.0036856295,0.011003766,0.19350131,1.2351546,0.18874721,1.1733968,0.29919866,1.2393475
beef,beef_portion05_day4_rep3,beef_portion05,4,3,Spoiled,2,0.5956285,0.36893132,0.30537552,0.02029033,0.023144888,0.023382483,0.03422395,0.48598826,0.5956285,0.002204009,0.023493452,0.02029033,0.46291122,0.08980082,0.07736197,0.021886328,0.0040531075,0.0035920439,0.704724,0.4798702,0.0042627202,0.03358124,0.037742097,0.0053414665,0.11108937,0.9929154,0.704724,0.0044370154,0.008259681,0.03358124,0.5625217,0.067495205,0.24217753,0.033976633,0.007913878,0.010511814,0.12924722,0.21839854,0.2110878,0.0215763,0.021722108,0.023008095,0.48391423,0.40986884,0.21845315,0.011937669,0.04226042,0.021729803,0.21435922,0.9661632,0.93327874,0.024718301,0.003044889,0.24108551,0.33902478,0.26611024,0.073825486,0.040929914,0.04096224,0.041615125,0.1185536,0.78755206,0.33902478,0.004635899,0.09098932,0.040929914,0.300261,0.016245537,0.12166862,0.04369118,0.0033727807,0.011430359,0.19386582,1.249953,0.1839254,1.1859351,0.29313752,1.2523712
beef,beef_portion06_day4_rep1,beef_portion06,4,1,Spoiled,2,0.62355494,0.40002242,0.3316141,0.020943396,0.022087932,0.021738455,0.03611295,0.46669424,0.62355494,0.0022915306,0.017910387,0.020943396,0.4929696,0.086553305,0.07811088,0.02094927,0.002251083,0.002789261,0.6964007,0.42539063,0.0047519514,0.017213956,0.023089107,0.0058184206,0.099342756,0.9922644,0.6964007,0.0035941817,0.008905981,0.017213956,0.5262849,0.09280246,0.23297536,0.019413747,0.0065431343,0.005557698,0.116714306,0.17470723,0.18025994,0.026539812,0.028333416,0.028408462,0.5118829,0.35751402,0.18031389,0.012664916,0.06271072,0.028429972,0.1696461,0.97977114,0.99140346,0.033347104,0.0034165953,0.004458673,0.41605076,0.32401428,0.05642376,0.04127585,0.042411514,0.04313694,0.12169034,0.8704226,0.41605076,0.0041318424,0.090257555,0.04127585,0.3668235,0.019923026,0.15627961,0.0440271,0.005160012,0.0073970347,0.15853067,1.3177555,0.16267386,1.2202941,0.19136767,1.2874856
beef,beef_portion06_day4_rep2,beef_portion06,4,2,Spoiled,2,0.62133443,0.3989194,0.3312457,0.022090565,0.022805328,0.022820208,0.035964116,0.46543854,0.62133443,0.0020134074,0.018373083,0.022090565,0.49155354,0.086150505,0.077577,0.021724757,0.002230608,0.0025232444,0.6975426,0.43136525,0.0050700963,0.017440198,0.026747214,0.0063095014,0.100641064,0.9917946,0.6975426,0.0044817775,0.009522925,0.017440198,0.53042465,0.09011561,0.23394492,0.021420117,0.008959924,0.0059172288,0.1142703,0.1729399,0.17746145,0.024898514,0.027397553,0.025730833,0.5102731,0.36202928,0.17791572,0.013741738,0.059654824,0.02612548,0.16728297,0.9792374,0.99187154,0.03185636,0.0044390014,0.0038119291,0.41187474,0.31660417,0.058108747,0.042856485,0.042868428,0.04441211,0.11927649,0.86589414,0.41187474,0.003733688,0.09308619,0.042856485,0.3600533,0.022173245,0.15334,0.044984285,0.0040989323,0.0072542275,0.16117573,1.318594,0.164698,1.2234632,0.20034899,1.2869605
beef,beef_portion06_day4_rep3,beef_portion06,4,3,Spoiled,2,0.6241081,0.40013036,0.3307851,0.020515632,0.021539036,0.021450263,0.036540333,0.4685316,0.6241081,0.0027013456,0.01837696,0.020515632,0.49279398,0.08674446,0.078721225,0.020460999,0.003093872,0.0029171293,0.6959659,0.43449187,0.0055680294,0.018009555,0.033328075,0.006501468,0.1015393,0.99101883,0.6959659,0.006318357,0.00981776,0.018009555,0.53174806,0.087811396,0.23405609,0.025246194,0.013109974,0.006805982,0.11364778,0.16967064,0.17544359,0.025733449,0.026865449,0.025581747,0.51313245,0.358074,0.17544359,0.012726209,0.06179683,0.025581747,0.16403227,0.9805914,0.9913474,0.031857595,0.0033471948,0.003743632,0.41452447,0.32063332,0.055886775,0.043477923,0.043649938,0.045490306,0.12057227,0.8724122,0.41452447,0.0044981353,0.09486398,0.043477923,0.36382794,0.021155179,0.15535343,0.045667373,0.004866023,0.0075886673,0.16014831,1.3190652,0.16372748,1.2270947,0.19706427,1.2881467
beef,beef_portion07_day4_rep1,beef_portion07,4,1,Spoiled,2,0.6198844,0.39382324,0.339729,0.027018901,0.02621617,0.025502522,0.03083554,0.45070624,0.6198844,0.0021173756,0.019552572,0.027018901,0.48737976,0.08945899,0.07050956,0.02637397,0.0025724838,0.0028111434,0.6994536,0.42592502,0.00470342,0.017828282,0.025328329,0.005920429,0.0990672,0.9923295,0.6994536,0.004210133,0.008893329,0.017828282,0.52771074,0.09383247,0.2335553,0.020609418,0.008424714,0.005755564,0.0602814,0.16301933,0.14472046,0.023639781,0.023961544,0.023748768,0.46804887,0.64149535,0.16301933,0.0046015624,0.101545446,0.023961544,0.1465622,0.9583486,0.20571597,0.028516172,0.0029995642,0.40398654,0.34932828,0.27002388,0.024653887,0.029243186,0.029090263,0.028081536,0.12356801,0.92757344,0.34932828,0.0063257986,0.08169724,0.029243186,0.3058864,0.017431078,0.14397424,0.030950332,0.0038136702,0.015980644,0.16801675,0.94308347,0.20862627,0.94521815,0.25113338,0.9563064
beef,beef_portion07_day4_rep2,beef_portion07,4,2,Spoiled,2,0.6177356,0.39303443,0.33914822,0.028864728,0.027570643,0.026892608,0.030818693,0.44975862,0.6177356,0.0019867497,0.020216776,0.028864728,0.48615906,0.08906573,0.07015492,0.027892135,0.0029889506,0.0025461188,0.69896007,0.42286906,0.0044998643,0.015964879,0.022149134,0.005870862,0.09841598,0.9926855,0.69896007,0.003528474,0.008892347,0.015964879,0.52562034,0.095297955,0.23306118,0.018344225,0.00680993,0.005171438,0.06732931,0.16318883,0.14959231,0.023372574,0.024885885,0.024797117,0.47402325,0.59708655,0.16318883,0.0057473,0.09683626,0.024885885,0.14800094,0.9618686,0.7782564,0.029322822,0.0033481375,0.41510078,0.34152937,0.26363957,0.035941772,0.02922518,0.02969765,0.03317048,0.12148308,0.89154434,0.34152937,0.007290595,0.09977661,0.02922518,0.29880956,0.01761208,0.13664258,0.03148697,0.003917921,0.018920735,0.16773337,1.1736879,0.21124883,1.0912282,0.25840816,1.1515346
beef,beef_portion07_day4_rep3,beef_portion07,4,3,Spoiled,2,0.61918736,0.39238814,0.34002247,0.026082883,0.026064057,0.025005385,0.02993573,0.4496143,0.61918736,0.0020602269,0.018863764,0.026082883,0.486225,0.09008443,0.06965481,0.025988441,0.001814249,0.0020961962,0.6977149,0.42216936,0.004541867,0.016326355,0.02351316,0.0060026264,0.09845677,0.9925991,0.6977149,0.003874763,0.009061676,0.016326355,0.524849,0.095088065,0.23278496,0.01916867,0.0076787625,0.0054300437,0.061840408,0.16594896,0.15121499,0.025112871,0.024333619,0.025208207,0.4742749,0.63994485,0.16594896,0.005561268,0.102499455,0.024333619,0.15015104,0.95924234,0.65289396,0.029090928,0.0022550921,0.475973,0.34304816,0.26388705,0.03260154,0.028390072,0.027675442,0.031786304,0.12156608,0.90255475,0.34304816,0.006554585,0.0944481,0.028390072,0.29944786,0.018140512,0.13839471,0.029725986,0.003639061,0.017303213,0.16771492,1.0993403,0.21162893,1.0313355,0.25619546,1.0828997
beef,beef_portion08_day4_rep1,beef_portion08,4,1,Spoiled,2,0.6097866,0.40025383,0.32189518,0.019154714,0.026560334,0.028832883,0.0431893,0.4710239,0.6097866,0.0032444198,0.032827966,0.019154714,0.48790747,0.07990568,0.08098855,0.023463767,0.0057741418,0.005436872,0.6819321,0.45605695,0.004029413,0.019542396,0.034859333,0.005212863,0.10904971,0.9932608,0.6819321,0.0062280954,0.008174993,0.019542396,0.540328,0.06993606,0.2352109,0.027464697,0.012052455,0.007818714,0.1567206,0.2414633,0.2548599,0.02312624,0.02005807,0.018942254,0.5195265,0.38695323,0.255309,0.012677153,0.056058552,0.01901591,0.2431262,0.97227067,0.9840896,0.022850169,0.0036089795,0.0053656646,0.41852555,0.31547073,0.0620616,0.024938565,0.026965238,0.03697807,0.11616377,0.8537354,0.41852555,0.0025926803,0.08207525,0.024938565,0.3617558,0.02614119,0.15278526,0.027651114,0.004597151,0.0069907233,0.16319264,1.2929906,0.154789,1.2096925,0.20149447,1.26503
beef,beef_portion08_day4_rep2,beef_portion08,4,2,Spoiled,2,0.61129403,0.40188092,0.3267812,0.018639835,0.025798652,0.028163916,0.041537788,0.4643037,0.61129403,0.0038814596,0.03159404,0.018639835,0.4897485,0.079939194,0.07910492,0.022681924,0.0055631963,0.0057213083,0.67800915,0.45271778,0.0046778047,0.022349948,0.037271667,0.0056268102,0.10878882,0.99216574,0.67800915,0.0066432864,0.008792702,0.022349948,0.5369012,0.070021175,0.23394065,0.029700264,0.012990101,0.008523976,0.15023705,0.23746537,0.25396988,0.02210033,0.019650357,0.019166358,0.52377534,0.40944606,0.25412548,0.010062479,0.052611962,0.019263918,0.23837481,0.9722063,0.98193544,0.022373907,0.0032819672,0.0047732494,0.4170902,0.31455323,0.067116454,0.026767576,0.029169654,0.03950657,0.115619116,0.84148526,0.4170902,0.0024913768,0.08768797,0.026767576,0.36071575,0.02614666,0.1502852,0.029868914,0.0044447863,0.008272806,0.16215993,1.2939986,0.15687485,1.2093602,0.19991127,1.2655585
beef,beef_portion08_day4_rep3,beef_portion08,4,3,Spoiled,2,0.6109574,0.4046499,0.3284125,0.017780133,0.026683507,0.02819544,0.042840023,0.46125048,0.6109574,0.004207436,0.031880736,0.017780133,0.49153852,0.078620546,0.07910062,0.02291331,0.006262625,0.0053527458,0.67932403,0.4524291,0.0040388256,0.018159233,0.03234856,0.005129154,0.108563386,0.9932373,0.67932403,0.0058171935,0.008092618,0.018159233,0.53720284,0.070768,0.2342716,0.025447108,0.011258816,0.0072530108,0.14888418,0.2369918,0.25325155,0.02000376,0.016603474,0.015993582,0.52364796,0.4128545,0.2533389,0.007737799,0.04934945,0.015998023,0.23773414,0.97123253,0.98142815,0.019142123,0.0034659621,0.0034197,0.41862905,0.3172511,0.07713736,0.02098502,0.025462508,0.038603995,0.11510438,0.81694317,0.41862905,0.0029186413,0.08692155,0.02098502,0.3633013,0.025620986,0.14731774,0.025202278,0.0054714475,0.009061192,0.16194111,1.29436,0.15461989,1.2077917,0.19960202,1.2671576
beef,beef_portion09_day4_rep1,beef_portion09,4,1,Spoiled,2,0.64645314,0.4442287,0.38164434,0.029498223,0.03104127,0.031715162,0.037764795,0.4087867,0.64645314,0.0030991228,0.02441756,0.029498223,0.5291506,0.07666572,0.06888668,0.029890064,0.0033173515,0.004198641,0.70456356,0.4633473,0.009208534,0.0322338,0.03913333,0.021303073,0.10680783,0.9863725,0.70456356,0.004451144,0.027643476,0.0322338,0.55216426,0.07629623,0.238765,0.03445336,0.008607594,0.009445262,0.10671109,0.2068212,0.21393292,0.04260859,0.04098765,0.040384077,0.5094442,0.5198584,0.21395381,0.0073140543,0.11497216,0.040391143,0.19999585,0.9659426,0.9866572,0.047413588,0.002262502,0.003690662,0.38324872,0.2894916,0.012882891,0.024154646,0.025683777,0.014806366,0.12198215,0.96642625,0.38324872,0.0040644337,0.03607383,0.024154646,0.33117238,0.02273443,0.15845975,0.02667839,0.0047446615,0.0069370717,0.17143047,1.3196435,0.22389126,1.2144283,0.24115393,1.262046
beef,beef_portion09_day4_rep2,beef_portion09,4,2,Spoiled,2,0.64353055,0.44469535,0.3835035,0.028161125,0.029400095,0.030196687,0.037393503,0.4029928,0.64353055,0.0031946485,0.024449198,0.028161125,0.5286532,0.07521254,0.067422375,0.028329201,0.0038902694,0.0045444937,0.70749235,0.46386987,0.007561236,0.027904222,0.034722686,0.014001696,0.10662153,0.9884376,0.70749235,0.0042195907,0.018531298,0.027904222,0.5534612,0.077281445,0.23963267,0.030377844,0.0077188914,0.00856616,0.1027117,0.19811727,0.21505813,0.041020583,0.038985673,0.038438205,0.52265817,0.53798527,0.21505813,0.008794193,0.11451399,0.038438205,0.19148393,0.9699997,0.9806363,0.045262516,0.0040582726,0.0050027487,0.39322907,0.29626143,0.010548644,0.027290538,0.027302885,0.0125018805,0.12214742,0.9729164,0.39322907,0.0036814956,0.029814042,0.027290538,0.33906138,0.023689525,0.16208838,0.028785264,0.0040037124,0.008267493,0.1740003,1.322228,0.2180856,1.2153434,0.2342061,1.259882
beef,beef_portion09_day4_rep3,beef_portion09,4,3,Spoiled,2,0.64596355,0.44648036,0.3830638,0.028269101,0.030176073,0.030915877,0.0383973,0.40601724,0.64596355,0.0040227496,0.024633236,0.028269101,0.5304519,0.0752626,0.06865667,0.02904568,0.0041907993,0.004726438,0.70614773,0.46595287,0.008851288,0.031010473,0.03846866,0.019773526,0.10726483,0.986798,0.70614773,0.004285464,0.02593874,0.031010473,0.5542074,0.07555047,0.23945475,0.03363317,0.008412742,0.0092309145,0.10613106,0.20715103,0.2151416,0.042496253,0.03958263,0.039174724,0.5103852,0.52459866,0.21518528,0.0074396287,0.11771557,0.03913184,0.20039208,0.96586835,0.98601854,0.045951188,0.0025976584,0.0039434386,0.3989437,0.30615607,0.010079177,0.024203448,0.025839927,0.01335505,0.1246359,0.97447985,0.3989437,0.003779136,0.031304553,0.024203448,0.3482335,0.02076319,0.16506341,0.026620975,0.0045690457,0.0072252857,0.17244242,1.3204813,0.21323225,1.2145817,0.22574535,1.2605746
beef,beef_portion10_day4_rep1,beef_portion10,4,1,Spoiled,2,0.6157417,0.3867634,0.31614664,0.03312139,0.034442976,0.03620758,0.03652994,0.4862268,0.6157417,0.0027619086,0.035332456,0.03312139,0.48106483,0.08944815,0.08105725,0.03360766,0.0042168805,0.005140604,0.71242553,0.4554716,0.005680772,0.03688503,0.05224577,0.007001076,0.10381376,0.99099594,0.71242553,0.007385269,0.010341047,0.03688503,0.5499328,0.08391295,0.2395921,0.04383746,0.013293452,0.012942928,0.14974108,0.22051175,0.20342502,0.020987663,0.022262014,0.021472534,0.45991272,0.32036963,0.22051175,0.00996726,0.049766447,0.022262014,0.21935886,0.9706101,0.043838106,0.02489462,0.005663152,0.2007081,0.43202922,0.32540008,0.020606112,0.023914333,0.02470773,0.022738183,0.12116015,0.9529984,0.43202922,0.0028557037,0.048375517,0.023914333,0.3726531,0.026129583,0.1707851,0.025327561,0.0034479604,0.0049296026,0.17293563,0.9199574,0.15431601,0.96634907,0.1987496,0.9652243
beef,beef_portion10_day4_rep2,beef_portion10,4,2,Spoiled,2,0.6252988,0.40172127,0.32315397,0.032199826,0.036075857,0.03316132,0.040992387,0.48251307,0.6252988,0.006092656,0.03141334,0.032199826,0.49375114,0.08590629,0.08367436,0.03401126,0.0055406643,0.006128073,0.7224408,0.47177592,0.005628334,0.03826934,0.05628569,0.0064069834,0.10601456,0.9910618,0.7224408,0.0081773335,0.009407568,0.03826934,0.5632498,0.07969478,0.24351695,0.046484083,0.01558757,0.013696287,0.14809456,0.22663002,0.20908615,0.021665372,0.02279778,0.022023357,0.46165705,0.3469501,0.22663002,0.0060946885,0.043677095,0.02279778,0.22492698,0.9669707,0.07248633,0.025738904,0.0042785625,0.25918397,0.43174458,0.32534575,0.020357158,0.024799608,0.02628363,0.022828007,0.12125724,0.95342094,0.43174458,0.0028896527,0.048455037,0.024799608,0.37258378,0.02600283,0.17082551,0.026586697,0.0038893744,0.0055757114,0.17440845,0.92123073,0.16082686,0.9648691,0.21099861,0.95754564
beef,beef_portion10_day4_rep3,beef_portion10,4,3,Spoiled,2,0.6217595,0.39626577,0.3269039,0.028734285,0.031334516,0.03220742,0.036493897,0.47349766,0.6217595,0.0034694758,0.03180065,0.028734285,0.4893249,0.08767433,0.07909672,0.029956555,0.004256442,0.005400684,0.7156578,0.46121073,0.0052370615,0.039063893,0.053694315,0.006253362,0.10472758,0.9916302,0.7156578,0.007347601,0.009286235,0.039063893,0.5544942,0.082274035,0.24101391,0.045445934,0.013066821,0.013568654,0.14779432,0.22776939,0.21263996,0.021460218,0.022757843,0.023224892,0.4672979,0.35166937,0.22777486,0.013458008,0.040713016,0.022748468,0.2261539,0.9673292,0.3459831,0.025692163,0.0040636496,0.47434795,0.43045828,0.32386044,0.021192979,0.024023205,0.025484977,0.023650305,0.12097114,0.9515678,0.43045828,0.002761275,0.050483022,0.024023205,0.37108213,0.026267054,0.17005736,0.025823258,0.003666631,0.004922473,0.17462353,0.9561799,0.16132589,0.94981503,0.20447887,0.96827275
beef,beef_portion11_day4_rep1,beef_portion11,4,1,Spoiled,2,0.6237194,0.40172505,0.31247586,0.03709087,0.040503766,0.040152438,0.046155706,0.49930534,0.6237194,0.00472952,0.037773978,0.03709087,0.49271634,0.08453098,0.089310475,0.038812105,0.004904183,0.004488644,0.72361547,0.46325776,0.0053538764,0.01715544,0.022419808,0.0066190064,0.10430445,0.9915632,0.72361547,0.0033841052,0.009675439,0.01715544,0.5585462,0.08462692,0.24254118,0.018700015,0.006839127,0.005344856,0.1605485,0.23650809,0.24377276,0.021246595,0.021882046,0.022048904,0.51026857,0.34681863,0.24569534,0.020667464,0.037338898,0.02166322,0.23846225,0.9745536,0.976198,0.024566896,0.0030857201,0.11205749,0.4344474,0.36142635,0.12552921,0.032829043,0.032384723,0.037263107,0.1260898,0.71388817,0.4344474,0.0018882708,0.0659836,0.032829043,0.4008138,0.009984579,0.14122865,0.033849005,0.0021744696,0.005022998,0.16677298,1.2819341,0.12922361,1.1969442,0.20178013,1.2860503
beef,beef_portion11_day4_rep2,beef_portion11,4,2,Spoiled,2,0.6169851,0.39720988,0.3016787,0.03822638,0.0409869,0.040167924,0.049576595,0.5113848,0.6169851,0.0026931255,0.037681628,0.03822638,0.48734552,0.08340597,0.092687026,0.039584145,0.004074538,0.0032804024,0.7161814,0.45979568,0.0051695495,0.018488776,0.02404732,0.006422469,0.104640394,0.9917212,0.7161814,0.0039087757,0.009470453,0.018488776,0.55388385,0.083216205,0.2409327,0.019946706,0.007984373,0.005737983,0.15571463,0.23096849,0.24115902,0.021118391,0.021215977,0.021840727,0.51579267,0.3570127,0.24205482,0.017111113,0.03831028,0.021577386,0.23251364,0.9751774,0.98770815,0.024094798,0.0025318817,0.005979347,0.42533392,0.35428137,0.116122894,0.03305535,0.032666266,0.037913784,0.12701368,0.7302898,0.42533392,0.0025962633,0.07033732,0.03305535,0.39273116,0.009243393,0.14197786,0.03413362,0.0031637575,0.004900559,0.16249359,1.2888981,0.12992902,1.206875,0.20306212,1.2938153
beef,beef_portion11_day4_rep3,beef_portion11,4,3,Spoiled,2,0.62026566,0.40058452,0.30561462,0.037348505,0.040448323,0.039277308,0.04938576,0.507476,0.62026566,0.002853365,0.036215328,0.037348505,0.49066737,0.08323787,0.092164114,0.03895354,0.0042394493,0.0032170352,0.7226515,0.4723757,0.0050835744,0.019780068,0.031309735,0.0059232423,0.1065091,0.99181527,0.7226515,0.0051075723,0.0086944,0.019780068,0.5637955,0.07938615,0.2438088,0.024923407,0.010560153,0.007035218,0.1586843,0.2345777,0.24280228,0.021233417,0.021368036,0.02143413,0.5119726,0.35093427,0.24440096,0.018562807,0.040140394,0.021203032,0.2363943,0.97469497,0.97256243,0.024105687,0.0027683484,0.12476996,0.43080312,0.36027494,0.11791755,0.033458978,0.03326555,0.03955839,0.12732047,0.72977203,0.43080312,0.0030000187,0.07444755,0.033458978,0.39878675,0.018679213,0.14371593,0.034628373,0.09911647,0.005576771,0.16840033,1.2784568,0.12356155,1.199938,0.2023161,1.2756661
beef,beef_portion12_day4_rep1,beef_portion12,4,1,Spoiled,2,0.6398686,0.4169967,0.3314367,0.022293434,0.024736041,0.022059318,0.043933522,0.48072952,0.6398686,0.0052946843,0.017491737,0.022293434,0.5086696,0.08429318,0.086558476,0.023250086,0.0037195797,0.003939677,0.73291266,0.49792463,0.011418182,0.02502047,0.035692375,0.021930179,0.11044062,0.98363394,0.73291266,0.004292603,0.02812692,0.02502047,0.58278644,0.07055367,0.24797942,0.0297283,0.0095994305,0.007199355,0.12517655,0.21987422,0.22975871,0.038143355,0.0363776,0.042111352,0.50948507,0.47173345,0.23295403,0.025066374,0.10896554,0.040600706,0.21627878,0.9682976,0.9089126,0.042272,0.0035361976,0.26106605,0.44166136,0.3611169,0.13475426,0.030300364,0.030232131,0.03155354,0.12176367,0.6965501,0.44166136,0.0020517018,0.05200933,0.030300364,0.40300885,0.014012566,0.13830437,0.03142165,0.0025206145,0.0030009446,0.17815386,1.242265,0.13704452,1.173501,0.21804929,1.2407116
beef,beef_portion12_day4_rep2,beef_portion12,4,2,Spoiled,2,0.64023066,0.41493136,0.33121154,0.023809973,0.02487498,0.023712767,0.042439755,0.4815068,0.64023066,0.004811461,0.018956633,0.023809973,0.5077441,0.08553736,0.086083315,0.024010465,0.0027083496,0.004001084,0.73530984,0.49655196,0.007211745,0.024644092,0.03340765,0.013248666,0.11005072,0.9892879,0.73530984,0.0040809354,0.017047582,0.024644092,0.58266026,0.07229225,0.24885789,0.028243909,0.00834937,0.007620299,0.14958005,0.2360863,0.2362773,0.037186414,0.034676127,0.040464103,0.49467388,0.39035466,0.24279083,0.02834901,0.08807359,0.037002392,0.23539934,0.968978,0.79187787,0.040097907,0.0037601532,0.39407143,0.4426436,0.36067218,0.12797292,0.031080311,0.031265322,0.032544132,0.12129817,0.7126698,0.4426436,0.0033146553,0.05549427,0.031080311,0.40261832,0.014252355,0.14147928,0.03239835,0.0027612092,0.004219936,0.17967589,1.1630929,0.13857016,1.1043125,0.21751757,1.1672539
beef,beef_portion12_day4_rep3,beef_portion12,4,3,Spoiled,2,0.64176244,0.41789472,0.32872832,0.02277038,0.022720117,0.023475833,0.045459405,0.48648462,0.64176244,0.0053382525,0.01958281,0.02277038,0.5098207,0.08454384,0.08880374,0.02239183,0.0028728188,0.0047699655,0.7311829,0.4913027,0.006889999,0.023885353,0.029937193,0.010679264,0.10958189,0.9895011,0.7311829,0.0036292016,0.014294177,0.023885353,0.578074,0.07317212,0.2474861,0.025922937,0.0069208806,0.00729417,0.14632092,0.23315428,0.23157738,0.035497863,0.035582524,0.04072881,0.49174795,0.39438075,0.2393009,0.028541815,0.07679111,0.037137922,0.2318497,0.96838164,0.7596304,0.040795658,0.0031381065,0.4165867,0.4480066,0.36633158,0.13166405,0.030938094,0.03139519,0.033417758,0.12193931,0.70782185,0.4480066,0.0033369,0.056248985,0.030938094,0.40843382,0.014210049,0.14233804,0.032284725,0.018645931,0.0046949205,0.17311245,1.1438731,0.13450673,1.0879169,0.20811157,1.1500762
beef,beef_portion13_day4_rep1,beef_portion13,4,1,Spoiled,2,0.625212,0.4203427,0.36504877,0.026344767,0.026858607,0.027025966,0.034397226,0.41498023,0.625212,0.0020397094,0.019472832,0.026344767,0.5066829,0.07903432,0.066373356,0.026688036,0.0020345591,0.0022372354,0.6911007,0.42989904,0.0048555,0.028293442,0.0265775,0.0061210333,0.10121314,0.9920084,0.6911007,0.0029821296,0.009412808,0.028293442,0.52720094,0.08801977,0.23265244,0.02555104,0.0050546858,0.008020329,0.14646842,0.22769694,0.22300944,0.021182166,0.019573385,0.020678435,0.4886328,0.35902536,0.22801517,0.0064240233,0.04132854,0.019723877,0.22658628,0.9707424,0.99574536,0.02272965,0.0022463626,0.0015604493,0.34261975,0.25956413,0.026142118,0.034401763,0.03482299,0.024104739,0.12062357,0.92573327,0.34261975,0.0048716986,0.06495584,0.034401763,0.29579878,0.020149935,0.14026366,0.037290677,0.0041879304,0.011371051,0.167781,1.318078,0.23108278,1.2049395,0.25824204,1.2807283
beef,beef_portion13_day4_rep2,beef_portion13,4,2,Spoiled,2,0.6241355,0.42110047,0.3630426,0.024795527,0.026025757,0.02681924,0.035627447,0.41714945,0.6241355,0.0020671638,0.022377994,0.024795527,0.5069145,0.07800209,0.067454375,0.025375415,0.0035526203,0.0031633966,0.6917155,0.43061477,0.0045018503,0.027889442,0.024487061,0.005470105,0.101318136,0.99252015,0.6917155,0.0026435487,0.008517812,0.027889442,0.52774304,0.08789688,0.23292401,0.024152707,0.004633125,0.007616099,0.1446136,0.22529027,0.22024265,0.021904452,0.019958245,0.020877963,0.48794767,0.3599226,0.22529027,0.0035599803,0.04387159,0.019958245,0.22387269,0.97084284,0.99608964,0.023277245,0.0022250582,1.1205673e-05,0.33613375,0.252973,0.02401117,0.032230314,0.034127302,0.02436389,0.11998263,0.9308163,0.33613375,0.005460246,0.06610283,0.032230314,0.28876567,0.020665802,0.13844645,0.036260776,0.0043240734,0.010980069,0.16706866,1.3189543,0.23646614,1.2059654,0.2656242,1.2816393
beef,beef_portion13_day4_rep3,beef_portion13,4,3,Spoiled,2,0.6205216,0.41530854,0.35392776,0.027785195,0.030008052,0.031185132,0.036413133,0.42875552,0.6205216,0.0027623537,0.027714916,0.027785195,0.5017359,0.078822546,0.06989765,0.028873201,0.0043134727,0.0039026116,0.6913367,0.4313521,0.004596064,0.025958285,0.024089258,0.005267096,0.10152026,0.9923279,0.6913367,0.0028471763,0.008141964,0.025958285,0.52811,0.087338425,0.2329611,0.02308661,0.005420035,0.0072823544,0.14468925,0.2230321,0.21917479,0.021853058,0.018448843,0.01989523,0.49033153,0.35279262,0.22303757,0.0074635404,0.051948875,0.0184586,0.22184613,0.97157264,0.9960525,0.021667264,0.003446272,0.00046723036,0.3413757,0.25848126,0.019662263,0.03178588,0.03387604,0.019536942,0.12143221,0.94360214,0.3413757,0.0053104092,0.053318392,0.03178588,0.29456168,0.0199831,0.14234918,0.03580531,0.0045088935,0.010997693,0.16540195,1.3164741,0.22722779,1.2074668,0.2594072,1.2804763
beef,beef_portion14_day4_rep1,beef_portion14,4,1,Spoiled,2,0.6205664,0.39374182,0.3263556,0.021213932,0.022048373,0.023489615,0.035188556,0.47269458,0.6205664,0.001343207,0.021688955,0.021213932,0.48755243,0.08829832,0.078543715,0.021346392,0.002607001,0.0034991554,0.720793,0.4907352,0.0043832264,0.018432798,0.022173006,0.0056109456,0.11124862,0.992919,0.720793,0.0029057187,0.008375059,0.018432798,0.5743572,0.06872398,0.246233,0.019341089,0.005240144,0.005780646,0.12952545,0.21879366,0.2106244,0.02599832,0.023825405,0.023230797,0.48199126,0.41288537,0.2190943,0.00991075,0.06175023,0.02367139,0.21472085,0.9655948,0.9844237,0.027605087,0.0025830348,0.11179222,0.40160263,0.32803234,0.044696346,0.028271792,0.025970697,0.031656705,0.13066286,0.8879773,0.40160263,0.002999746,0.077213585,0.028271792,0.36550927,0.010169212,0.15873195,0.027628766,0.0036305934,0.011767893,0.18983656,1.2902344,0.16561656,1.2159939,0.23388577,1.2717477
beef,beef_portion14_day4_rep2,beef_portion14,4,2,Spoiled,2,0.6197735,0.3950292,0.32178995,0.01980281,0.021462748,0.022206036,0.037837107,0.47947332,0.6197735,0.0035652076,0.020802664,0.01980281,0.48772082,0.0870577,0.0813159,0.020629348,0.0033963632,0.003851535,0.7205022,0.49300858,0.004312307,0.017819565,0.02195488,0.0053624515,0.111805,0.99296016,0.7205022,0.003023882,0.008125235,0.017819565,0.575645,0.06751274,0.24650568,0.018976757,0.0053850585,0.0057042153,0.13433081,0.22559164,0.21025449,0.025813766,0.022470348,0.024590671,0.46940362,0.40841797,0.22570847,0.018968116,0.061527073,0.02249745,0.22172655,0.96330506,0.6892885,0.02618164,0.0032046246,0.45917502,0.40738496,0.33214438,0.0344663,0.026302205,0.0254157,0.027658898,0.1313784,0.9152331,0.40738496,0.0029064459,0.06520606,0.026302205,0.3701522,0.010367002,0.16400746,0.026769774,0.00344391,0.009365291,0.18814975,1.0991783,0.16291635,1.0600749,0.2286895,1.0981991
beef,beef_portion14_day4_rep3,beef_portion14,4,3,Spoiled,2,0.6210983,0.39412814,0.32499763,0.020355444,0.021686375,0.022592243,0.03573591,0.47532487,0.6210983,0.0015244287,0.021260163,0.020355444,0.48752528,0.08824109,0.07951367,0.02089507,0.0028838366,0.0034000666,0.7249116,0.4958201,0.0046725315,0.018087534,0.023565376,0.0057844385,0.11161816,0.99248385,0.7249116,0.0032757944,0.008604277,0.018087534,0.57878053,0.067927524,0.24754924,0.020026393,0.0059774388,0.0059696995,0.13501021,0.22269605,0.20514321,0.026443074,0.02395593,0.02376594,0.464449,0.39777032,0.22283359,0.019721752,0.063069515,0.023841947,0.21884193,0.9639544,0.41318342,0.027662007,0.0032752112,0.48902985,0.39741695,0.3226161,0.039742284,0.027198901,0.025579104,0.031392206,0.1299408,0.8988693,0.39741695,0.003837968,0.078176156,0.027198901,0.36019146,0.0110968705,0.15830573,0.027106548,0.0033322913,0.012902913,0.19229174,0.9748846,0.16844383,0.9797217,0.24284832,0.9964335
beef,beef_portion15_day4_rep1,beef_portion15,4,1,Spoiled,2,0.5953925,0.37754732,0.31952578,0.023986321,0.028977012,0.025109576,0.032734957,0.4622531,0.5953925,0.0038353999,0.022218063,0.023986321,0.46813163,0.086100966,0.071939066,0.026766859,0.0054858867,0.003095402,0.6932044,0.46919954,0.0054623457,0.03233176,0.044794325,0.007269616,0.11018078,0.9912529,0.6932044,0.006359888,0.010781267,0.03233176,0.55212057,0.068107866,0.2386489,0.037961565,0.011811785,0.011129659,0.14768101,0.24618608,0.22300431,0.018917408,0.019542105,0.022334855,0.4574172,0.399939,0.24618608,0.01530546,0.03688345,0.019542105,0.24351817,0.95934886,0.20995915,0.021840371,0.0019853567,0.40300205,0.43701446,0.35432002,0.017183842,0.029142333,0.029977208,0.02320643,0.131801,0.96181077,0.43701446,0.0028038686,0.04791095,0.029142333,0.3949111,0.012411217,0.17819378,0.030733958,0.018980158,0.0064626746,0.18753684,0.91217464,0.14859842,0.94359374,0.1774028,0.9594893
beef,beef_portion15_day4_rep2,beef_portion15,4,2,Spoiled,2,0.5948245,0.376567,0.3201083,0.026130604,0.030839084,0.026683658,0.032081492,0.4609117,0.5948245,0.004171803,0.022669703,0.026130604,0.46728066,0.086468935,0.07113219,0.028684566,0.0056582335,0.0030524891,0.6935294,0.46242175,0.005378907,0.029177962,0.04285422,0.007110332,0.10857612,0.99136806,0.6935294,0.006509734,0.010559759,0.029177962,0.54803777,0.07184303,0.23766498,0.035504647,0.012591571,0.010274752,0.15143332,0.24322635,0.22378376,0.020156963,0.019612266,0.024078703,0.4622481,0.3777133,0.24322635,0.019181265,0.039686084,0.019612266,0.24157406,0.9624104,0.5354665,0.022277987,0.0030645211,0.49518868,0.43582648,0.35461378,0.018662058,0.029100472,0.030798288,0.02569196,0.13227528,0.9584309,0.43582648,0.0026785603,0.05325958,0.029100472,0.39470047,0.011341831,0.17761932,0.03128487,0.0039404705,0.006628837,0.18565774,1.016771,0.14916928,0.9877834,0.17543718,1.027635
beef,beef_portion15_day4_rep3,beef_portion15,4,3,Spoiled,2,0.5949034,0.3775694,0.31975815,0.021306913,0.025938472,0.022835288,0.032803092,0.46136865,0.5949034,0.0031603894,0.020276817,0.021306913,0.46778473,0.0858896,0.071674846,0.023795374,0.0053777066,0.0022486134,0.69341356,0.4714208,0.005337498,0.028753659,0.043182697,0.006637884,0.110726,0.99133945,0.69341356,0.0067315353,0.009952789,0.028753659,0.5536117,0.06701807,0.23903221,0.035603717,0.013016433,0.010400636,0.14586265,0.24391744,0.22101127,0.018556133,0.01951573,0.023274748,0.45765826,0.4018208,0.24391744,0.01682493,0.035516057,0.01951573,0.2410584,0.95956206,0.21272798,0.021881541,0.0019842854,0.4045219,0.43389326,0.35292348,0.017205942,0.02994533,0.030696549,0.024249477,0.13226582,0.96158344,0.43389326,0.0026464183,0.0498835,0.02994533,0.39287788,0.011330342,0.17743352,0.031407256,0.0035924318,0.006790056,0.18902616,0.9135669,0.14951594,0.94605297,0.18091679,0.96095693
beef,beef_portion16_day4_rep1,beef_portion16,4,1,Spoiled,2,0.6276974,0.37608978,0.30735984,0.020364285,0.022538453,0.022018569,0.03404405,0.5089688,0.6276974,0.0020534378,0.020371772,0.020364285,0.4788635,0.099929385,0.08504665,0.021316724,0.003629838,0.002636978,0.6911152,0.4193255,0.004810438,0.021882664,0.026263226,0.0060614487,0.098583095,0.9921406,0.6911152,0.003943108,0.009371055,0.021882664,0.5207974,0.09368789,0.2312404,0.022901393,0.0066140075,0.0069043986,0.17082871,0.2477651,0.23756407,0.025020696,0.02529337,0.025748411,0.47763392,0.3119807,0.2479672,0.018735565,0.0362499,0.025254497,0.2498505,0.97019124,0.5165745,0.028355539,0.0049595814,0.49784485,0.399814,0.31274813,0.035745703,0.037990548,0.041471235,0.037706133,0.12480657,0.9156427,0.399814,0.0044748397,0.08158874,0.037990548,0.35337508,0.017915837,0.15843596,0.042411845,0.006141704,0.007249023,0.15221702,0.9980075,0.16691183,0.9607735,0.19766667,1.0226481
beef,beef_portion16_day4_rep2,beef_portion16,4,2,Spoiled,2,0.6293296,0.37578714,0.3077796,0.020986924,0.02318274,0.022726057,0.033576306,0.5096093,0.6293296,0.0022929665,0.021061296,0.020986924,0.47918493,0.1007078,0.08502742,0.021954011,0.0037474637,0.0030262147,0.6919461,0.41887444,0.004673761,0.019369097,0.024484403,0.0059961816,0.0984012,0.9923613,0.6919461,0.0037302452,0.009203046,0.019369097,0.52079123,0.0942746,0.23132356,0.021030197,0.0062800613,0.0061483122,0.16881377,0.2433099,0.2386486,0.026131209,0.025976438,0.026788993,0.48872086,0.30741942,0.2433099,0.014893442,0.03801249,0.025976438,0.24555722,0.9727512,0.80995965,0.029300472,0.004294932,0.38829345,0.3983242,0.30842957,0.03434165,0.037249573,0.04051276,0.03568947,0.12335213,0.9182716,0.3983242,0.0041259527,0.07893021,0.037249573,0.3497031,0.01962513,0.15775983,0.041537967,0.0057366774,0.007701089,0.15223348,1.1578292,0.16920386,1.0873337,0.20063727,1.1595949
beef,beef_portion16_day4_rep3,beef_portion16,4,3,Spoiled,2,0.6292308,0.37684506,0.30973685,0.02031004,0.023428362,0.022702824,0.03332216,0.50641006,0.6292308,0.0022116832,0.021673733,0.02031004,0.47980496,0.10018995,0.084280275,0.021811552,0.0044924296,0.0027237127,0.6895494,0.41727534,0.0045728525,0.023692101,0.027799368,0.0059158537,0.09834684,0.99248785,0.6895494,0.004155061,0.009149395,0.023692101,0.5189895,0.09406626,0.23077177,0.024488095,0.0069430224,0.007419655,0.16899006,0.24197571,0.23842765,0.025348166,0.025430968,0.026246456,0.49082243,0.30325407,0.24218468,0.014698775,0.03478612,0.025421929,0.24439079,0.97358596,0.85538816,0.028694754,0.0038316278,0.34660226,0.40026286,0.3116354,0.03788256,0.036508758,0.040981907,0.037827164,0.123851344,0.90989494,0.40026286,0.004760855,0.08331514,0.036508758,0.35274434,0.019554356,0.15752357,0.041424077,0.026801586,0.007474572,0.15176523,1.1886328,0.16736512,1.113151,0.1963537,1.1869843
beef,beef_portion17_day4_rep1,beef_portion17,4,1,Spoiled,2,0.6323924,0.41669753,0.35964325,0.030189646,0.03462292,0.033933293,0.032923844,0.43050268,0.6323924,0.0026339944,0.028872604,0.030189646,0.50643855,0.08385059,0.06942762,0.03261155,0.005366767,0.00357159,0.7269935,0.48813972,0.004145287,0.015274477,0.016146434,0.0051464713,0.1098114,0.9932179,0.7269935,0.0020201076,0.0077917743,0.015274477,0.5748187,0.07289236,0.24686281,0.014602581,0.0037020608,0.004429143,0.0987485,0.20044374,0.17510651,0.03202375,0.024941832,0.023623155,0.4560257,0.5173151,0.20044374,0.00997373,0.10566781,0.024941832,0.19037196,0.9585015,0.012462392,0.02974622,0.0030175357,0.0925815,0.4030896,0.2936715,0.011779639,0.020660603,0.020960834,0.015985336,0.11781521,0.97099906,0.4030896,0.00284703,0.036574416,0.020660603,0.34057832,0.030105041,0.16282396,0.021706454,0.0033534735,0.004802303,0.19047092,0.93174964,0.19779049,0.9935021,0.25251105,0.952413
beef,beef_portion17_day4_rep2,beef_portion17,4,2,Spoiled,2,0.6331262,0.41665408,0.35966155,0.029382978,0.033521563,0.032547712,0.032393526,0.43102768,0.6331262,0.0024348742,0.02709409,0.029382978,0.50645465,0.08401226,0.06952372,0.031603757,0.005114542,0.003100867,0.72685015,0.48958156,0.0039037887,0.016223732,0.015885245,0.0046643363,0.1100848,0.9935308,0.72685015,0.0019949211,0.0071337568,0.016223732,0.5755985,0.07206478,0.24708971,0.014649913,0.003951684,0.0045196116,0.09159189,0.19869876,0.17434034,0.031654865,0.023680747,0.024304332,0.45983768,0.548924,0.19869876,0.0120617,0.110513404,0.023680747,0.18769312,0.956323,0.043482676,0.028446976,0.0039041506,0.19715595,0.4045852,0.29504415,0.0120288255,0.020495044,0.021463161,0.014383607,0.117884554,0.97026867,0.4045852,0.0028492436,0.033098362,0.020495044,0.3421161,0.030021893,0.16322155,0.022007667,0.003508032,0.0046597174,0.19092745,0.92909265,0.19672674,0.98683286,0.25162572,0.9466877
beef,beef_portion17_day4_rep3,beef_portion17,4,3,Spoiled,2,0.6328102,0.41717726,0.36065573,0.030897679,0.03352177,0.03359628,0.03231481,0.42933598,0.6328102,0.0021313154,0.027715208,0.030897679,0.5067405,0.08381234,0.069077045,0.032140236,0.004959807,0.0031620145,0.72736686,0.4894034,0.003989682,0.01591945,0.016393958,0.0048527042,0.1099909,0.9934489,0.72736686,0.0021638263,0.0073717246,0.01591945,0.57569045,0.07238405,0.24708757,0.014886352,0.0040488937,0.0045575625,0.09654604,0.1990726,0.17576557,0.029886601,0.024689462,0.023366347,0.4593846,0.52373123,0.1990726,0.010435958,0.09614469,0.024689462,0.18873529,0.95805925,0.018289382,0.029166158,0.0026360918,0.124476425,0.40285054,0.29308254,0.009174967,0.019426946,0.020203901,0.011914654,0.118113525,0.97701514,0.40285054,0.0029968629,0.027927605,0.019426946,0.34012026,0.030295046,0.16354479,0.020776547,0.0035557125,0.0047870437,0.19123924,0.9316729,0.19887324,0.9932288,0.2534644,0.9511903
beef,beef_portion18_day4_rep1,beef_portion18,4,1,Spoiled,2,0.61052805,0.38811204,0.31803098,0.024297401,0.02841346,0.03103455,0.037331954,0.4782364,0.61052805,0.0032680011,0.031052765,0.024297401,0.48030132,0.08656862,0.07936593,0.026559334,0.004374907,0.0050491355,0.6874087,0.41770682,0.005020595,0.019812629,0.024939753,0.0062551033,0.09879427,0.9917835,0.6874087,0.0038150484,0.009601085,0.019812629,0.5185759,0.092926234,0.23032396,0.021308074,0.006955794,0.0062426184,0.1076038,0.18292308,0.18200251,0.030397015,0.030475415,0.031610195,0.49520877,0.42603981,0.18490054,0.014427011,0.08891602,0.031649288,0.17558354,0.97159266,0.9493132,0.03591937,0.0032431835,0.20791002,0.41465122,0.32316458,0.006274195,0.01982264,0.020723505,0.008178508,0.12728132,0.9841158,0.41465122,0.0031299775,0.018917767,0.01982264,0.36532134,0.018666275,0.17181185,0.021208901,0.0039639585,0.0060453094,0.15586433,1.277861,0.16241112,1.1860203,0.18006991,1.2444185
beef,beef_portion18_day4_rep2,beef_portion18,4,2,Spoiled,2,0.6033988,0.37828144,0.30912837,0.019608578,0.022074388,0.02352304,0.036126602,0.48639235,0.6033988,0.0023671258,0.023835288,0.019608578,0.4714192,0.08801431,0.07976031,0.021211153,0.0034205408,0.0035561167,0.6841037,0.4107683,0.005195491,0.019718403,0.022354955,0.006330444,0.09749787,0.9915374,0.6841037,0.0032258306,0.009729834,0.019718403,0.51324344,0.09513835,0.22882055,0.01994578,0.005510597,0.0058459463,0.10028309,0.17798929,0.17969981,0.03172035,0.031271677,0.030770868,0.50011075,0.46028447,0.18230155,0.016734717,0.10706821,0.031607106,0.1695895,0.9717706,0.95439106,0.036915805,0.0038872296,0.1905423,0.41334224,0.32009837,0.0063288086,0.021389453,0.021313585,0.009136976,0.12645586,0.98411113,0.41334224,0.003107155,0.020856546,0.021389453,0.3625496,0.01971547,0.1709939,0.022022502,0.0039371154,0.006212464,0.15498056,1.2794942,0.15760991,1.1887114,0.1781605,1.2479398
beef,beef_portion18_day4_rep3,beef_portion18,4,3,Spoiled,2,0.6046577,0.37992442,0.31002656,0.019668479,0.021806873,0.024249911,0.036711007,0.486038,0.6046577,0.0031566345,0.025164105,0.019668479,0.47282287,0.087789014,0.08003203,0.020940065,0.0035070963,0.0044810465,0.69061106,0.4215291,0.005332035,0.021896824,0.027276985,0.006445077,0.099155895,0.99133736,0.69061106,0.0038948872,0.009802191,0.021896824,0.52199405,0.09230749,0.23138593,0.023597563,0.006950412,0.006958211,0.10507255,0.18453372,0.18518086,0.03213561,0.030792672,0.033137955,0.49776128,0.44906604,0.18769482,0.014505654,0.105596006,0.03235601,0.1770263,0.9707275,0.9847185,0.036494512,0.0035111413,0.0924307,0.41461527,0.32040143,0.006401173,0.021043396,0.020753635,0.009027078,0.12616482,0.9839115,0.41461527,0.0026556067,0.020363366,0.021043396,0.36315832,0.020164695,0.1712178,0.02157731,0.0033993297,0.00606098,0.15920497,1.2982811,0.15784235,1.2075324,0.18453611,1.2649103
beef,beef_portion19_day4_rep1,beef_portion19,4,1,Spoiled,2,0.62402153,0.3888135,0.31272426,0.01612587,0.014652809,0.015385408,0.037899487,0.4971323,0.62402153,0.0026180241,0.014701828,0.01612587,0.4852631,0.09168878,0.08532436,0.014794525,0.0032807272,0.0035602115,0.6864426,0.44392303,0.0046404907,0.027215382,0.032974698,0.0058643203,0.10534702,0.99235964,0.6864426,0.0047195586,0.009046768,0.027215382,0.5341469,0.07840119,0.23401205,0.028832356,0.008496193,0.008615468,0.06473986,0.18272322,0.21628888,0.027194798,0.028459152,0.03309505,0.53371406,0.7095867,0.21628888,0.008194771,0.09402392,0.03309505,0.17243108,0.96785057,0.9682604,0.033294883,0.0029619168,0.0070820595,0.34324095,0.24842006,0.036391426,0.040844884,0.043524545,0.033997532,0.112885416,0.9010783,0.34324095,0.006029099,0.08219137,0.040844884,0.28779027,0.027477624,0.13364314,0.046057034,0.0064676413,0.008709867,0.15708028,1.2826142,0.2131978,1.2087511,0.27084816,1.2626143
beef,beef_portion19_day4_rep2,beef_portion19,4,2,Spoiled,2,0.6235808,0.38830194,0.31364754,0.01607817,0.014741848,0.015509646,0.037371047,0.49536946,0.6235808,0.002374711,0.014173593,0.01607817,0.484765,0.09185177,0.08459101,0.014947754,0.0030811196,0.0030594692,0.6902821,0.4477654,0.004772463,0.02742067,0.032370593,0.005739968,0.105629,0.9921532,0.6902821,0.0044436455,0.0088133905,0.02742067,0.5378264,0.07810809,0.23507434,0.028524071,0.007838892,0.008626865,0.068274096,0.1854304,0.21655515,0.028230662,0.029941734,0.036149852,0.53122336,0.6935806,0.21662529,0.011766902,0.09698855,0.0361486,0.17535895,0.96726793,0.9700443,0.03501864,0.003570515,0.008971561,0.34592122,0.24999622,0.037892777,0.04082944,0.043656528,0.034342557,0.112562984,0.8976661,0.34592122,0.0059289993,0.082246065,0.04082944,0.28983015,0.02793041,0.13391438,0.04605439,0.006620358,0.008165902,0.16015504,1.2830094,0.21099366,1.2092017,0.27249455,1.2627636
beef,beef_portion19_day4_rep3,beef_portion19,4,3,Spoiled,2,0.6201276,0.38924035,0.3096586,0.01562904,0.014684699,0.015101868,0.039541423,0.49897534,0.6201276,0.0013165678,0.01494384,0.01562904,0.48426497,0.08930525,0.08666028,0.014645197,0.0032566972,0.0027386455,0.6872394,0.44576666,0.0049986443,0.028523786,0.03329775,0.0062806476,0.10567077,0.9918374,0.6872394,0.0046080314,0.009596983,0.028523786,0.5355347,0.07785746,0.23431411,0.029454194,0.008279494,0.008893615,0.061545487,0.18387458,0.20948112,0.026924495,0.029979896,0.03491999,0.5256028,0.715408,0.20962034,0.009996481,0.09837992,0.034757745,0.17238422,0.9645609,0.97328895,0.034853593,0.0030571332,0.0073922686,0.34574774,0.25174388,0.03376036,0.040142667,0.04244803,0.03322123,0.11421577,0.90889144,0.34574774,0.0061144438,0.079853676,0.040142667,0.29102618,0.026677819,0.13600115,0.044889998,0.006570484,0.00890366,0.15672041,1.2843101,0.20904055,1.2100434,0.26845708,1.2628347
beef,beef_portion20_day4_rep1,beef_portion20,4,1,Spoiled,2,0.5978469,0.37047562,0.27183062,0.023661464,0.025510628,0.02502695,0.04864812,0.5442806,0.5978469,0.0027393945,0.026192436,0.023661464,0.4627809,0.0875572,0.09712997,0.024699716,0.0037423854,0.004034459,0.714969,0.4425772,0.00509172,0.017056514,0.023972813,0.0061168084,0.100745276,0.9918383,0.714969,0.0036457533,0.009058975,0.017056514,0.5431262,0.091882885,0.23832554,0.01980699,0.007067451,0.0055865934,0.115357324,0.21459518,0.21477109,0.025881672,0.034266833,0.03744149,0.49668744,0.47229522,0.21807426,0.013259835,0.05385216,0.035551053,0.20877555,0.96418095,0.99074775,0.037813257,0.0043269037,0.005585334,0.40173936,0.32031253,0.0115824435,0.030684268,0.0301963,0.016675223,0.12982056,0.9716314,0.40173936,0.0036527049,0.03591163,0.030684268,0.3593321,0.013993717,0.16780265,0.03138962,0.0042932066,0.008264025,0.16251238,1.2773178,0.14528544,1.1995138,0.21170847,1.2660023
beef,beef_portion20_day4_rep2,beef_portion20,4,2,Spoiled,2,0.5998173,0.37177977,0.27649164,0.023225928,0.024530424,0.024457123,0.04698729,0.53797346,0.5998173,0.0038796836,0.02633419,0.023225928,0.46485743,0.08801722,0.09539316,0.023936382,0.0033940303,0.0052286247,0.71857977,0.451429,0.0057805274,0.019744838,0.028914623,0.006933459,0.10220871,0.9908843,0.71857977,0.004378477,0.010071546,0.019744838,0.5496895,0.08874987,0.24001157,0.023624877,0.008630908,0.0066487,0.112099685,0.205693,0.20604604,0.024885911,0.030153992,0.034751672,0.4967869,0.4658711,0.2093663,0.013779892,0.05772345,0.03265119,0.19955622,0.96616507,0.991303,0.033961274,0.0030538898,0.0055995774,0.3991374,0.31930602,0.013823698,0.031204915,0.031693105,0.019908894,0.13007739,0.96614045,0.3991374,0.0038626925,0.042203978,0.031204915,0.357739,0.014339786,0.16655064,0.032696493,0.03217112,0.008354645,0.16766484,1.282257,0.14820968,1.2070168,0.2185826,1.2693343
beef,beef_portion20_day4_rep3,beef_portion20,4,3,Spoiled,2,0.59817815,0.3681985,0.269134,0.023237187,0.026090356,0.02652202,0.048413012,0.54902023,0.59817815,0.0031957375,0.0306278,0.023237187,0.46152627,0.08869328,0.09799565,0.024541525,0.004899789,0.0052470164,0.71585834,0.44601348,0.0053024376,0.018149361,0.02731543,0.0063102324,0.10135613,0.9915034,0.71585834,0.0044072703,0.009343041,0.018149361,0.5454931,0.09039334,0.23891802,0.022011297,0.008737958,0.0061822557,0.11263933,0.20656215,0.20428449,0.023782408,0.030588761,0.033020463,0.49278763,0.46002665,0.20807539,0.010620345,0.05327492,0.03138104,0.20023215,0.9650865,0.9927745,0.03403705,0.0042103627,0.0042361277,0.3995171,0.32035372,0.011479244,0.029372785,0.029717356,0.017182456,0.13062644,0.97167474,0.3995171,0.0036950693,0.03705486,0.029372785,0.35868394,0.0128350705,0.16748871,0.03070864,0.004345172,0.008044066,0.1640501,1.2794409,0.1454658,1.2052356,0.2145113,1.270034
beef,beef_portion21_day4_rep1,beef_portion21,4,1,Spoiled,2,0.6106298,0.38597617,0.31912473,0.020664152,0.021481965,0.020995818,0.03562959,0.47589228,0.6106298,0.001717581,0.017385636,0.020664152,0.47946727,0.08771528,0.07816823,0.020723108,0.0026583204,0.002169681,0.73348445,0.51032484,0.004927867,0.018795965,0.035730883,0.0060501336,0.11362386,0.99217474,0.73348445,0.006101713,0.008861156,0.018795965,0.5907596,0.06418347,0.25107113,0.027332481,0.013229497,0.0076027196,0.083232574,0.19242276,0.17997284,0.03825566,0.035151646,0.03636928,0.47848412,0.58708537,0.1926549,0.010425031,0.124111764,0.035325807,0.18072769,0.95814747,0.8158564,0.04122755,0.0030644708,0.3845926,0.44671145,0.35112634,0.01339165,0.0301719,0.031260498,0.022410238,0.12806217,0.9710026,0.44671145,0.003045392,0.042434182,0.0301719,0.3953714,0.018463133,0.18007086,0.031440016,0.004038601,0.0063940715,0.2069665,1.1794411,0.14917144,1.1341429,0.21285658,1.1546869
beef,beef_portion21_day4_rep2,beef_portion21,4,2,Spoiled,2,0.61061233,0.3851387,0.31689662,0.023576243,0.024645712,0.024531782,0.035854485,0.47969028,0.61061233,0.0018343538,0.021600336,0.023576243,0.47878212,0.0880434,0.07913408,0.023943795,0.0027072744,0.0027936846,0.73623186,0.5190674,0.0049999943,0.019175338,0.039679434,0.0059709535,0.115171224,0.99205774,0.73623186,0.00681726,0.008686781,0.019175338,0.5972266,0.060788248,0.2528153,0.029931359,0.014940197,0.008378989,0.08144799,0.18892623,0.1779209,0.03818814,0.034590594,0.03607219,0.48042178,0.58885527,0.18892623,0.009339544,0.13237226,0.034590594,0.1770057,0.95897573,0.9471174,0.040826965,0.0035215283,0.21774215,0.44522643,0.34650114,0.012967526,0.032164287,0.033583447,0.02305148,0.12669082,0.97210467,0.44522643,0.003500495,0.04258725,0.032164287,0.3916364,0.020346014,0.17904626,0.03379191,0.0046028965,0.0068682083,0.21198376,1.2660913,0.14886153,1.2105296,0.22213686,1.2316759
beef,beef_portion21_day4_rep3,beef_portion21,4,3,Spoiled,2,0.61133033,0.38719267,0.32208484,0.020703522,0.02088101,0.021680795,0.034769375,0.47159958,0.61133033,0.0017934028,0.018844105,0.020703522,0.48072383,0.08765111,0.07695983,0.020263992,0.002651046,0.0031586294,0.73381054,0.50845253,0.004892366,0.019533137,0.037758663,0.006142867,0.113105804,0.99226034,0.73381054,0.0064619523,0.008932338,0.019533137,0.58983153,0.06533999,0.2508195,0.028725492,0.014013638,0.007999622,0.07898883,0.1877271,0.17951556,0.03747289,0.03454091,0.03466026,0.4847035,0.60012347,0.18788685,0.008668657,0.12992214,0.034514345,0.17564568,0.95889187,0.9249261,0.040723994,0.002748533,0.25564688,0.4457118,0.34846017,0.016555652,0.029480392,0.031786494,0.02500653,0.12702373,0.96383446,0.4457118,0.0033687197,0.049449813,0.029480392,0.39334688,0.019556366,0.17856568,0.031697,0.004824891,0.0067034275,0.20646903,1.2534671,0.15031758,1.1934842,0.21429646,1.2193437
beef,beef_portion22_day4_rep1,beef_portion22,4,1,Spoiled,2,0.63078034,0.42741328,0.33018067,0.020488767,0.020270763,0.022267608,0.051950317,0.47527713,0.63078034,0.002393654,0.019586636,0.020488767,0.51209235,0.07461538,0.08874173,0.01973567,0.002187154,0.0040079337,0.6864766,0.45247573,0.004433286,0.016584206,0.021460438,0.005580246,0.10753268,0.99273354,0.6864766,0.0032335753,0.008640527,0.016584206,0.5394969,0.07384141,0.23529679,0.018468386,0.005940164,0.0053288103,0.056376778,0.19387583,0.23494,0.03866329,0.03904184,0.040336616,0.5363628,0.7763919,0.23494,0.0066174464,0.1221757,0.040336616,0.18364799,0.9652756,0.96248114,0.04441597,0.0041929167,0.0055374554,0.36464843,0.28922018,0.027650988,0.04410715,0.046009053,0.031240253,0.12759496,0.93005556,0.36464843,0.004912516,0.07062539,0.04410715,0.32486555,0.013860217,0.1505561,0.0482093,0.0050322874,0.01008275,0.14909726,1.290183,0.20631549,1.2041929,0.23842262,1.2587119
beef,beef_portion22_day4_rep2,beef_portion22,4,2,Spoiled,2,0.63033456,0.42718214,0.3299498,0.020473339,0.020212892,0.022040308,0.05193961,0.47524428,0.63033456,0.002270739,0.018822154,0.020473339,0.51174754,0.07459081,0.08871478,0.01979835,0.0019617965,0.003750484,0.68995166,0.45497757,0.004939331,0.01741782,0.021826027,0.005884107,0.10755533,0.9919683,0.68995166,0.003298141,0.009004893,0.01741782,0.54211515,0.07401685,0.23609751,0.01900802,0.0059698066,0.0055312915,0.056453794,0.19081874,0.23386358,0.036286816,0.037140753,0.03645121,0.53848064,0.7735594,0.23386358,0.0058974735,0.11664189,0.03645121,0.18069527,0.96668696,0.961428,0.04235675,0.004031889,0.0044988077,0.3683265,0.29113108,0.028294846,0.043403286,0.04497669,0.031264856,0.12691334,0.92863274,0.3683265,0.004769849,0.070897676,0.043403286,0.32743144,0.014601415,0.15125802,0.047230694,0.0048662345,0.01015573,0.15047987,1.2911465,0.20367329,1.2056485,0.23836324,1.2587191
beef,beef_portion22_day4_rep3,beef_portion22,4,3,Spoiled,2,0.6299057,0.42743486,0.33056,0.019782852,0.019709196,0.02296254,0.051792145,0.47394198,0.6299057,0.0036979031,0.021758862,0.019782852,0.5116501,0.074529365,0.08859736,0.019456992,0.002342641,0.005569674,0.69104755,0.46200216,0.0044569257,0.017221795,0.022746073,0.0054056915,0.109049596,0.9926411,0.69104755,0.0033823666,0.008368334,0.017221795,0.5469516,0.07084048,0.23737715,0.019513153,0.0063920957,0.005710796,0.064123854,0.20013224,0.24077748,0.042339996,0.040522493,0.040640917,0.5363845,0.7511295,0.24077748,0.006659839,0.13394456,0.040640917,0.1909486,0.96520156,0.9627128,0.046079144,0.004235494,0.0058071264,0.3702179,0.2952351,0.03235538,0.044515368,0.045514956,0.034391493,0.12791057,0.9191217,0.3702179,0.0041360534,0.07737222,0.044515368,0.33109215,0.013237872,0.15113081,0.047993332,0.0043152724,0.009449554,0.152955,1.2884969,0.2006695,1.2052932,0.23948234,1.2587852
beef,beef_portion23_day4_rep1,beef_portion23,4,1,Spoiled,2,0.6188761,0.39276072,0.30979562,0.01840386,0.01893964,0.021001223,0.041948784,0.49811706,0.6188761,0.0041306713,0.02128397,0.01840386,0.48598346,0.08673627,0.08726333,0.018628815,0.0029606537,0.004208728,0.6399097,0.45122242,0.0055368524,0.029858783,0.035236575,0.0070589883,0.11499398,0.99043804,0.6399097,0.0045111524,0.011427036,0.029858783,0.5236946,0.05380208,0.22778839,0.03189647,0.0076562827,0.009597204,0.061890483,0.1684672,0.22068697,0.033995155,0.0315244,0.030702889,0.55245817,0.73025787,0.22068697,0.0035044842,0.11157763,0.030702889,0.15893567,0.97743213,0.9575293,0.03668323,0.0026897856,0.005351587,0.3177072,0.24242471,0.06924925,0.030920777,0.03315201,0.03092129,0.113930665,0.7872554,0.3177072,0.003386853,0.07577845,0.030920777,0.27560925,0.019236201,0.11420573,0.035491284,0.0041292575,0.0041010138,0.14917801,1.2875023,0.2225746,1.2323406,0.27503115,1.2817749
beef,beef_portion23_day4_rep2,beef_portion23,4,2,Spoiled,2,0.6189593,0.39212385,0.3126239,0.01931637,0.019526616,0.021402014,0.0403493,0.4936395,0.6189593,0.004920294,0.020788172,0.01931637,0.48527083,0.087551795,0.08556406,0.019163748,0.0036222045,0.00417302,0.6435698,0.4527945,0.0061076046,0.0303025,0.034399528,0.007134724,0.11471807,0.98950434,0.6435698,0.0043383483,0.011510145,0.0303025,0.5257972,0.05459676,0.22840503,0.03150371,0.0073101628,0.0096432185,0.059648808,0.16936004,0.21910314,0.03248618,0.032249246,0.03128862,0.54964876,0.7395624,0.21910314,0.0059305923,0.10364642,0.03128862,0.1592597,0.97571605,0.9591503,0.03722972,0.0034480935,0.004915019,0.3156701,0.24232428,0.07176572,0.032373667,0.032573156,0.032437805,0.114450514,0.77841383,0.3156701,0.003520665,0.0810991,0.032373667,0.27492097,0.01841831,0.112341896,0.035641573,0.0032469481,0.0053980625,0.15209195,1.287739,0.22303262,1.2315841,0.27878022,1.2833086
beef,beef_portion23_day4_rep3,beef_portion23,4,3,Spoiled,2,0.6187768,0.38935286,0.3089852,0.01733396,0.01852797,0.022481522,0.04057521,0.49929857,0.6187768,0.004570658,0.025850255,0.01733396,0.48323974,0.088704176,0.08659602,0.0178203,0.0034356727,0.005805818,0.6434837,0.4542358,0.006079795,0.029739423,0.03408516,0.0070994115,0.11508302,0.9895162,0.6434837,0.004370095,0.011435594,0.029739423,0.5267392,0.053794492,0.22865033,0.031034186,0.007532677,0.00943686,0.06536048,0.17169957,0.22475189,0.03357652,0.03196525,0.031662863,0.5530347,0.72041607,0.22475189,0.0040143672,0.10748002,0.031662863,0.16287588,0.97748715,0.95711344,0.037175845,0.00304966,0.0041194563,0.3143751,0.239784,0.06773226,0.03327598,0.03331301,0.03494722,0.11411764,0.7914887,0.3143751,0.0038833637,0.08803828,0.03327598,0.27248648,0.019090103,0.11328311,0.036519907,0.003563129,0.005098976,0.15261166,1.2846668,0.22355147,1.2313664,0.28135106,1.2816353
beef,beef_portion24_day4_rep1,beef_portion24,4,1,Spoiled,2,0.61562246,0.38784268,0.31996962,0.025056146,0.025350653,0.02475524,0.035464376,0.47900727,0.61562246,0.0013364714,0.02012272,0.025056146,0.4817134,0.08905204,0.0792592,0.02474434,0.002596546,0.0025545864,0.69965214,0.45623317,0.004639098,0.020660488,0.030900417,0.006009241,0.106269985,0.9924422,0.69965214,0.0048218123,0.009008043,0.020660488,0.546192,0.07775318,0.23786162,0.025430085,0.00917522,0.007345516,0.104324274,0.1849407,0.17862687,0.02412847,0.02398576,0.024170285,0.48540202,0.44098738,0.18509772,0.009720422,0.065837465,0.023974504,0.1768341,0.96856594,0.94134945,0.028112525,0.0026786781,0.22938247,0.332495,0.2511115,0.059037168,0.045628425,0.045181405,0.039504852,0.11476163,0.832148,0.332495,0.004527688,0.09883209,0.045628425,0.28642866,0.02117,0.1228847,0.04939419,0.004409062,0.00951809,0.17158052,1.2687378,0.21129906,1.1936783,0.28965208,1.2567636
beef,beef_portion24_day4_rep2,beef_portion24,4,2,Spoiled,2,0.61696833,0.38623896,0.31472582,0.025191065,0.026434358,0.025781812,0.0361517,0.48881313,0.61696833,0.0024692207,0.021431632,0.025191065,0.48034602,0.090091996,0.081969485,0.025829263,0.0030341016,0.00201996,0.6956295,0.4501478,0.0047803996,0.020537809,0.02558299,0.0060595353,0.105428986,0.9922366,0.6956295,0.0034006026,0.009167149,0.020537809,0.54106426,0.07917729,0.23626259,0.02231779,0.005838057,0.006570888,0.105513155,0.18535349,0.17309606,0.025922194,0.024854284,0.027154619,0.47342452,0.43713096,0.18544085,0.015011855,0.06816084,0.024962483,0.17689995,0.9674176,0.53765,0.029511517,0.0035725662,0.49683735,0.34021404,0.25660923,0.052093685,0.046612713,0.04605619,0.037171055,0.11598899,0.855375,0.34021404,0.0041931653,0.09173776,0.046612713,0.2928712,0.0215169,0.1286715,0.050175183,0.0042347894,0.010489994,0.16616918,1.0341297,0.20501325,1.0061913,0.27658695,1.0370346
beef,beef_portion24_day4_rep3,beef_portion24,4,3,Spoiled,2,0.6177661,0.39146626,0.32578218,0.026433462,0.028253715,0.027387448,0.035289526,0.4715377,0.6177661,0.0012111716,0.022224227,0.026433462,0.48498133,0.08840798,0.077507034,0.027178837,0.00314999,0.002116781,0.6946364,0.4442771,0.00485845,0.019297048,0.025152221,0.006256768,0.10420144,0.9921639,0.6946364,0.003529495,0.009427342,0.019297048,0.53710717,0.08194073,0.23525257,0.021553947,0.006330747,0.0062671597,0.10152648,0.18193114,0.17730221,0.026574284,0.024398658,0.02512943,0.48875257,0.44973505,0.18234761,0.009627693,0.08536092,0.024336178,0.17346811,0.9689018,0.97281224,0.028990488,0.0029001224,0.15261465,0.33413863,0.25147927,0.05555673,0.046240114,0.045247283,0.03869152,0.11488285,0.8429944,0.33413863,0.0040130964,0.09756145,0.046240114,0.28713658,0.021597032,0.12477263,0.049681038,0.0043438296,0.0102377115,0.1662606,1.2937857,0.21410343,1.2095155,0.2798794,1.2765101
beef,beef_portion25_day4_rep1,beef_portion25,4,1,Spoiled,2,0.6226717,0.40351668,0.3312538,0.02097409,0.023317374,0.022161113,0.03877288,0.46658245,0.6226717,0.004119522,0.018755702,0.02097409,0.49490133,0.084402986,0.07913432,0.021721335,0.0037290088,0.0033454373,0.6836795,0.456854,0.0049181064,0.018241895,0.021455882,0.0060978173,0.10902173,0.99193573,0.6836795,0.0028429208,0.00935344,0.018241895,0.5411062,0.07049299,0.23538485,0.01922571,0.00504368,0.0055983816,0.089240484,0.19740988,0.19601706,0.028449586,0.026636496,0.028093282,0.49516204,0.56402373,0.2007321,0.013586639,0.08424624,0.02718898,0.18774086,0.9606357,0.9840659,0.030991195,0.0037988164,0.08666141,0.36405993,0.28569636,0.051551707,0.030739732,0.030827222,0.039872475,0.12287041,0.8616804,0.36405993,0.0035261677,0.100620165,0.030739732,0.32265073,0.016303046,0.14026392,0.032834847,0.0037873413,0.011205399,0.16353168,1.2965463,0.19505051,1.2156252,0.24435087,1.2735646
beef,beef_portion25_day4_rep2,beef_portion25,4,2,Spoiled,2,0.62124085,0.40369034,0.3243022,0.021890234,0.023893055,0.023325056,0.041939627,0.47673342,0.62124085,0.0034480714,0.019941635,0.021890234,0.4941525,0.08329687,0.082718566,0.022880333,0.0037864791,0.0028979864,0.68993455,0.45366472,0.0049501136,0.016720103,0.02163479,0.0059634475,0.10717658,0.99191934,0.68993455,0.003211703,0.009006151,0.016720103,0.54133517,0.07470706,0.23590088,0.018671723,0.00578554,0.0053199916,0.089974,0.18920334,0.19050978,0.027159004,0.026140155,0.027623788,0.49935558,0.5410561,0.1928405,0.013143505,0.08105071,0.027813783,0.1795618,0.9640597,0.99079263,0.030554779,0.0030526589,0.005921293,0.36708733,0.28390768,0.04230799,0.031600367,0.03160151,0.038326003,0.12184374,0.88723284,0.36708733,0.004204981,0.096567035,0.031600367,0.3221063,0.018621989,0.14379352,0.033563573,0.0045499257,0.012161989,0.1605142,1.3035755,0.19368243,1.2213475,0.2443166,1.2773328
beef,beef_portion25_day4_rep3,beef_portion25,4,3,Spoiled,2,0.6219351,0.40019807,0.32830694,0.021096915,0.0235087,0.022653736,0.038163353,0.47069162,0.6219351,0.004176779,0.020229733,0.021096915,0.49239075,0.08553845,0.07971149,0.02194922,0.0037904927,0.0038874748,0.6881212,0.449301,0.005102638,0.016864927,0.020137202,0.0058789146,0.10648737,0.99166226,0.6881212,0.0027445173,0.008973136,0.016864927,0.53802717,0.07615559,0.2349333,0.017934559,0.0048138094,0.005165234,0.09378703,0.19297446,0.19461675,0.027533183,0.027454648,0.028427983,0.49982935,0.53106415,0.19688916,0.013348136,0.07787931,0.028611483,0.18399228,0.9642037,0.9901329,0.031858854,0.003093775,0.01957412,0.36296675,0.28219813,0.044517167,0.03235056,0.03230768,0.03872947,0.1222945,0.8811729,0.36296675,0.0036805973,0.09655883,0.03235056,0.31951293,0.01760573,0.14198919,0.034502935,0.0038107517,0.0106580425,0.16206338,1.3023169,0.19590841,1.2183172,0.24457139,1.2781868
beef,beef_portion26_day4_rep1,beef_portion26,4,1,Spoiled,2,0.5598802,0.350843,0.2876002,0.04469571,0.045236908,0.043650102,0.035888188,0.48762152,0.5598802,0.004208398,0.04294941,0.04469571,0.43790826,0.083280705,0.07451564,0.045412857,0.004080667,0.00456678,0.5381125,0.42972434,0.007502376,0.042931598,0.05125062,0.009945468,0.13032039,0.98547345,0.5381125,0.006388445,0.018457586,0.042931598,0.4782232,0.049837105,0.20895435,0.048154507,0.17043518,0.014792778,0.040214706,0.17181706,0.27692133,0.02498733,0.026763607,0.031085035,0.572273,0.85902876,0.27692133,0.0043183398,0.07380209,0.031085035,0.16656265,0.98588955,0.92341286,0.03071514,0.05845071,0.007818249,0.29689363,0.22235017,0.09224292,0.046812125,0.04709453,0.04738274,0.1040406,0.70351994,0.29689363,0.005020895,0.118963525,0.046812125,0.25364074,0.022193184,0.09144218,0.052569047,0.003988651,0.009590025,0.14428283,1.2684469,0.19486588,1.2181041,0.2549717,1.2761146
beef,beef_portion26_day4_rep2,beef_portion26,4,2,Spoiled,2,0.55861014,0.34852374,0.28505504,0.04618879,0.046126425,0.045249645,0.035662357,0.4912679,0.55861014,0.0033887704,0.04628883,0.04618879,0.43601122,0.08375556,0.0750496,0.046576034,0.0039946446,0.0047318065,0.52090764,0.40588048,0.0074143363,0.037558153,0.04460195,0.010057262,0.12709273,0.9851992,0.52090764,0.0060722753,0.019217756,0.037558153,0.45665509,0.023372132,0.2022422,0.042317607,0.008660258,0.012879402,0.04359143,0.1700557,0.27753448,0.023863852,0.025180744,0.03126556,0.57487243,0.84693444,0.27753448,0.005135199,0.069180645,0.03126556,0.16539681,0.9664737,0.92229223,0.02917686,0.15386824,0.008483881,0.28768614,0.21367113,0.09349928,0.05000645,0.050585996,0.04926044,0.101280384,0.6929191,0.28768614,0.006319054,0.12614752,0.05000645,0.24387167,0.022929758,0.08589932,0.056764666,0.0041506486,0.008950233,0.14230348,1.2530936,0.20182939,1.221779,0.24251318,1.2633235
beef,beef_portion26_day4_rep3,beef_portion26,4,3,Spoiled,2,0.5637117,0.35329172,0.28990662,0.043212786,0.043955844,0.04228112,0.03583253,0.48669565,0.5637117,0.004407231,0.04162348,0.043212786,0.44094598,0.08375659,0.07476706,0.044005375,0.004298624,0.005029556,0.50968784,0.39262158,0.0068913717,0.037350316,0.04170073,0.009569522,0.1255854,0.98593223,0.50968784,0.005297658,0.018489476,0.037350316,0.44388697,0.025368368,0.19832201,0.040444855,0.007297536,0.012353682,0.04162514,0.16820718,0.27864316,0.024737,0.025693392,0.029695103,0.5760072,0.8549841,0.27864316,0.004980392,0.07179155,0.029695103,0.16364579,0.94839454,0.9204634,0.029602816,0.20319971,0.0074952934,0.29588282,0.21953139,0.09944942,0.047739852,0.04850455,0.048354704,0.09987811,0.6788275,0.29588282,0.006540573,0.119794436,0.047739852,0.25133106,0.02380623,0.086402856,0.054073174,0.004131055,0.009602008,0.13668819,1.2408451,0.19920656,1.2049899,0.2227243,1.2482826
beef,beef_portion27_day4_rep1,beef_portion27,4,1,Spoiled,2,0.6526425,0.46978855,0.3699674,0.021556213,0.025759554,0.026775142,0.056650657,0.4317629,0.6526425,0.0036528532,0.02593393,0.021556213,0.54714215,0.064093255,0.084777094,0.023801299,0.0047974167,0.00484662,0.68677324,0.47805026,0.0064025396,0.0225253,0.024997568,0.00796154,0.11346466,0.98981714,0.68677324,0.00317818,0.011921268,0.0225253,0.5557721,0.060560945,0.23884559,0.02253988,0.0058981357,0.0065696402,0.07116629,0.1837661,0.24091569,0.0369235,0.03738815,0.03747495,0.55375755,0.718652,0.24091569,0.0056131417,0.10964684,0.03747495,0.1764183,0.9766403,0.9543988,0.043090567,0.003993572,0.004858346,0.2998785,0.25167271,0.12386973,0.03876103,0.04065035,0.0381358,0.11779614,0.59205973,0.2998785,0.012722272,0.09325366,0.03876103,0.27832365,0.051525105,0.08486291,0.044194914,0.20235479,0.014467636,0.15435043,1.3139331,0.26911214,1.2227539,0.31744283,1.2737014
beef,beef_portion27_day4_rep2,beef_portion27,4,2,Spoiled,2,0.6511503,0.46545917,0.36334828,0.020664718,0.023947388,0.025914803,0.056558896,0.4405447,0.6511503,0.0035237614,0.026062502,0.020664718,0.54388887,0.06546702,0.086527355,0.022191737,0.004849286,0.005019891,0.6893461,0.47955132,0.0058781332,0.021892436,0.024671858,0.0068503725,0.113437474,0.9905296,0.6893461,0.0034965225,0.0103268465,0.021892436,0.55748665,0.060871113,0.23955415,0.02189659,0.006892575,0.0064763627,0.07034955,0.17897487,0.23392864,0.03579491,0.036502503,0.036272693,0.5536452,0.7136718,0.23392864,0.0029984491,0.10906781,0.036272693,0.17102167,0.9772714,0.9561242,0.042395312,0.002733945,0.0024104402,0.29978248,0.2471549,0.12354405,0.039260272,0.04044631,0.03857514,0.11383772,0.5931865,0.29978248,0.011302151,0.09296572,0.039260272,0.27475247,0.012910447,0.08346808,0.04425118,0.04877751,0.013683309,0.15369847,1.3140075,0.27423704,1.2258129,0.32649916,1.3047148
beef,beef_portion27_day4_rep3,beef_portion27,4,3,Spoiled,2,0.6505386,0.46500075,0.37029558,0.022321142,0.025736624,0.026867753,0.05452298,0.429345,0.6505386,0.0032457078,0.025247123,0.022321142,0.5436227,0.065789804,0.082554914,0.023838127,0.0046442933,0.004434783,0.69113004,0.4814579,0.0062796474,0.021102779,0.026103955,0.007357861,0.11361773,0.989927,0.69113004,0.003976321,0.010953889,0.021102779,0.5592508,0.06068245,0.24006408,0.022486722,0.008022723,0.006492597,0.06472455,0.17139179,0.24372682,0.033868723,0.034796253,0.03367048,0.566388,0.7469383,0.24372682,0.0048196637,0.10532497,0.03367048,0.16435097,0.98376375,0.94502497,0.040464353,0.0038517825,0.0036832464,0.29394385,0.23788762,0.13426189,0.038010802,0.03970026,0.037899047,0.10437623,0.5479431,0.29394385,0.012770802,0.09105416,0.038010802,0.2661463,0.0202361,0.07288524,0.04356346,0.07750788,0.014223235,0.15836497,1.3154382,0.28135705,1.2267823,0.33984542,1.303601
beef,beef_portion28_day4_rep1,beef_portion28,4,1,Spoiled,2,0.60811746,0.40423477,0.33420017,0.022930698,0.02702672,0.027769417,0.04017783,0.4493733,0.60811746,0.0033548854,0.028323717,0.022930698,0.49033687,0.07802895,0.0747178,0.025086695,0.0052766874,0.004546897,0.70138955,0.44205275,0.005702917,0.022005972,0.026110554,0.006968755,0.10253272,0.99090785,0.70138955,0.003841371,0.010324913,0.022005972,0.53811985,0.0860815,0.23587404,0.022672765,0.007411009,0.0065381867,0.072789825,0.19391052,0.21135943,0.035857413,0.037313465,0.035732064,0.5187289,0.6713196,0.21136628,0.0066048573,0.113493375,0.03573538,0.18332408,0.9624026,0.97874856,0.042459745,0.003972101,0.0031360977,0.34365848,0.26638404,0.058156937,0.053345677,0.053241525,0.04384965,0.119310595,0.84195447,0.34365848,0.0051987995,0.102598175,0.053345677,0.30124557,0.017701436,0.12923758,0.057356633,0.004658302,0.011885235,0.16828366,1.3014013,0.20583326,1.2023648,0.2686198,1.2759446
beef,beef_portion28_day4_rep2,beef_portion28,4,2,Spoiled,2,0.60636604,0.40177086,0.32787445,0.0242513,0.028171496,0.029957978,0.041994896,0.45822036,0.60636604,0.0038750784,0.032806206,0.0242513,0.4878256,0.07815942,0.07725353,0.026015572,0.0056419456,0.0057743024,0.70417714,0.4410996,0.0056597986,0.021650525,0.025157401,0.0070834113,0.10188047,0.99100006,0.70417714,0.0035161253,0.010419047,0.021650525,0.5384586,0.08784848,0.23623486,0.022002898,0.006795838,0.006373049,0.069682084,0.18517134,0.20421985,0.030346356,0.03285571,0.031590816,0.52116466,0.6712346,0.20422803,0.0072746603,0.100846104,0.031591404,0.17408943,0.9644704,0.97836363,0.037673786,0.003930999,0.0035450053,0.33299732,0.25115368,0.052189056,0.04694647,0.047442485,0.04208774,0.11598017,0.8548863,0.33299732,0.0044708964,0.10106363,0.04694647,0.28652856,0.021101251,0.12602453,0.051286455,0.004648831,0.007339583,0.1671306,1.3022968,0.21483655,1.2049838,0.28296688,1.2763501
beef,beef_portion28_day4_rep3,beef_portion28,4,3,Spoiled,2,0.6076594,0.40431127,0.33458292,0.023164678,0.024896864,0.027221581,0.04007952,0.44829226,0.6076594,0.004590606,0.027466489,0.023164678,0.49013832,0.07787056,0.0743546,0.023842841,0.0048359204,0.005162147,0.70380855,0.44192466,0.005417842,0.022335019,0.026941888,0.00716261,0.10215203,0.9914285,0.70380855,0.0039474107,0.010582432,0.022335019,0.5388314,0.08721346,0.23628785,0.023252409,0.007637347,0.0066885785,0.078597315,0.19452134,0.20666423,0.03651001,0.038497355,0.036380433,0.51386076,0.63712317,0.2068659,0.0072391275,0.11380825,0.036459807,0.18418889,0.9625629,0.9822088,0.043901376,0.0034353267,0.003452049,0.3536748,0.27715832,0.05817443,0.049963262,0.053852234,0.04212191,0.12104563,0.8439332,0.3536748,0.008154471,0.09773891,0.049963262,0.31262884,0.049590267,0.13376977,0.056333415,0.1751807,0.013493504,0.16935372,1.3040264,0.18931338,1.2034974,0.25118333,1.2529424
beef,beef_portion29_day4_rep1,beef_portion29,4,1,Spoiled,2,0.6030994,0.3812271,0.3111014,0.029198477,0.032034762,0.03202555,0.037131548,0.48352337,0.6030994,0.0036229372,0.030161275,0.029198477,0.47334352,0.08673491,0.07950225,0.030630725,0.004358893,0.0044333464,0.73613673,0.49521163,0.006261241,0.025495624,0.036186155,0.0073336693,0.109627366,0.9903306,0.73613673,0.005121115,0.010255566,0.025495624,0.5821542,0.073324874,0.24893281,0.029883172,0.010421543,0.008633211,0.10360294,0.20872808,0.21687298,0.047777284,0.04665892,0.0480078,0.5096485,0.5398153,0.21687992,0.009011081,0.0950613,0.04800679,0.2014911,0.9640681,0.9853397,0.05221772,0.00367767,0.0037434539,0.42872667,0.32695034,0.051219735,0.033959974,0.034225527,0.035629533,0.119538076,0.88403,0.42872667,0.0029177761,0.074010216,0.033959974,0.3728626,0.024199095,0.16089754,0.0355268,0.00397452,0.0050961645,0.2018076,1.2900229,0.14363961,1.2168086,0.23230697,1.2619139
beef,beef_portion29_day4_rep2,beef_portion29,4,2,Spoiled,2,0.6057614,0.38253102,0.31364894,0.027182078,0.029157855,0.029140798,0.036388583,0.48131484,0.6057614,0.0024878227,0.026473895,0.027182078,0.4752336,0.087283656,0.07905925,0.02789952,0.003935073,0.0032583484,0.7346859,0.49120283,0.0056570116,0.02510965,0.03463199,0.006969173,0.10896552,0.9912157,0.7346859,0.0048066895,0.009875229,0.02510965,0.57913405,0.07477924,0.2481846,0.028880589,0.009664252,0.008396173,0.10536196,0.20709388,0.21823195,0.050289076,0.0488309,0.049785253,0.5143756,0.536754,0.21823195,0.008485516,0.1022235,0.049785253,0.20027341,0.96611387,0.9838373,0.054941878,0.0030460765,0.003708113,0.42592692,0.32601717,0.055344917,0.034102738,0.034213576,0.036171354,0.119319,0.8735284,0.42592692,0.0031622578,0.07575909,0.034102738,0.37143335,0.023517987,0.158791,0.035621144,0.0042370474,0.005913684,0.1988845,1.2909566,0.14559433,1.2162228,0.23185882,1.2643118
beef,beef_portion29_day4_rep3,beef_portion29,4,3,Spoiled,2,0.60293496,0.37767965,0.3071348,0.02868716,0.031041807,0.031325813,0.03667277,0.4899346,0.60293496,0.0028927918,0.029449806,0.02868716,0.47054273,0.08826009,0.08058366,0.029984342,0.0041933362,0.0035435967,0.73793733,0.4962129,0.0056979754,0.0256198,0.035780836,0.0071209813,0.10959363,0.99117583,0.73793733,0.0047972025,0.009945818,0.0256198,0.58330756,0.073557146,0.2494451,0.029834542,0.009615833,0.00860379,0.102634735,0.20354599,0.20784615,0.046750195,0.046476763,0.048662852,0.50432026,0.5238201,0.20784883,0.008904801,0.097035185,0.04866327,0.19582394,0.96419704,0.98849577,0.052515075,0.0031292755,0.004132504,0.4258336,0.32537273,0.043584306,0.03500907,0.03516329,0.03519484,0.12049429,0.90147185,0.4258336,0.0029772,0.07355639,0.03500907,0.37078664,0.023480576,0.16265406,0.036576923,0.003915225,0.005297063,0.20358357,1.2911391,0.14451025,1.2204831,0.2349585,1.2639517
beef,beef_portion30_day4_rep1,beef_portion30,4,1,Spoiled,2,0.61076826,0.39032245,0.32925996,0.025727322,0.029123826,0.030137567,0.03381622,0.45995116,0.61076826,0.0026186353,0.029005343,0.025727322,0.48230642,0.08630037,0.0737068,0.02730421,0.0046041766,0.004473423,0.7286513,0.49719056,0.0065053,0.028945155,0.039815184,0.007718318,0.1112151,0.98993707,0.7286513,0.005488486,0.011018889,0.028945155,0.58097804,0.06901461,0.24804077,0.03348838,0.010616446,0.009882543,0.070031635,0.1669538,0.2625818,0.02951151,0.031292263,0.032289725,0.5811508,0.7409091,0.2625818,0.0061064092,0.085074894,0.032289725,0.16339399,0.9417235,0.9312698,0.036254395,0.22022663,0.004104102,0.3502305,0.2872621,0.09008583,0.03148527,0.030671773,0.027212935,0.12450416,0.7437502,0.3502305,0.004680105,0.06455092,0.03148527,0.32017067,0.011350857,0.122612074,0.033012453,0.037140783,0.010164025,0.2010652,1.2525446,0.18519491,1.1843983,0.29508975,1.2426181
beef,beef_portion30_day4_rep2,beef_portion30,4,2,Spoiled,2,0.61149424,0.389928,0.3305109,0.02542054,0.028359182,0.02979918,0.033092633,0.45852828,0.61149424,0.0020479085,0.028399823,0.02542054,0.48213893,0.08700391,0.07301513,0.026816403,0.00416992,0.0042222464,0.7272815,0.49475804,0.006807752,0.029242361,0.040798735,0.007883188,0.11080951,0.98942727,0.7272815,0.005661329,0.011230002,0.029242361,0.5790101,0.06970304,0.24744065,0.034211088,0.010909756,0.010121642,0.06803278,0.15806676,0.25920445,0.02995439,0.03095867,0.031192707,0.5865826,0.7459829,0.25920445,0.0057317936,0.08922405,0.031192707,0.1546547,0.7899582,0.92811304,0.03623569,0.40351745,0.0031764929,0.34593675,0.28079295,0.0968029,0.031828508,0.03057209,0.029516451,0.12145112,0.72234595,0.34593675,0.0046703075,0.066617504,0.031828508,0.31407544,0.014297472,0.116818376,0.0331518,0.048886377,0.007869302,0.20026883,1.1543757,0.18828246,1.0780352,0.30053675,1.1336946
beef,beef_portion30_day4_rep3,beef_portion30,4,3,Spoiled,2,0.6092205,0.3860039,0.3284357,0.025789369,0.02842334,0.02830068,0.032401726,0.4599495,0.6092205,0.0017255445,0.025623903,0.025789369,0.47862053,0.087993845,0.072402045,0.027097711,0.00384526,0.0033581015,0.7265836,0.4915164,0.006384319,0.026846785,0.03550574,0.008241446,0.11025871,0.99015325,0.7265836,0.0049840347,0.011738348,0.026846785,0.5768045,0.07104766,0.24687643,0.030036984,0.009650033,0.008853573,0.06725226,0.16604754,0.26419887,0.030448794,0.032004014,0.03236576,0.5815675,0.75376225,0.26419887,0.0053475993,0.08640456,0.03236576,0.16251832,0.94766974,0.9295261,0.037007295,0.20890446,0.0031374996,0.3435284,0.28210092,0.09695036,0.031384733,0.03059543,0.029046277,0.12351297,0.720029,0.3435284,0.00418947,0.064166166,0.031384733,0.3143154,0.010029007,0.11678828,0.033062577,0.0038187024,0.00734006,0.20091933,1.2544421,0.18720263,1.1857951,0.2992436,1.2501022
beef,beef_portion31_day4_rep1,beef_portion31,4,1,Spoiled,2,0.61760485,0.40126428,0.3280234,0.028347999,0.031264503,0.029853318,0.039578147,0.46805114,0.61760485,0.0052221874,0.02738941,0.028347999,0.49121666,0.08328499,0.0791396,0.029809674,0.0046922467,0.0048648673,0.6942508,0.50630563,0.005019354,0.030445278,0.039003048,0.0067348992,0.11907512,0.9918802,0.6942508,0.004433609,0.0101322085,0.030445278,0.5760857,0.048932955,0.24456966,0.03419485,0.00804153,0.010407899,0.07565648,0.19128051,0.18132116,0.03076466,0.03169985,0.034184393,0.48306435,0.6170292,0.19174445,0.009727884,0.09380044,0.031972032,0.1788889,0.95679325,0.9522751,0.036448184,0.0027019281,0.2043784,0.43518838,0.36001897,0.026489766,0.03474674,0.034445778,0.027372431,0.13402584,0.9413777,0.43518838,0.0026025763,0.05534472,0.03474674,0.39837232,0.019112688,0.17662616,0.03524244,0.10320047,0.0066144546,0.1890765,1.2739431,0.1491368,1.217712,0.19258143,1.2365472
beef,beef_portion31_day4_rep2,beef_portion31,4,2,Spoiled,2,0.62281245,0.40685636,0.33089778,0.022018418,0.023355318,0.025372615,0.04089227,0.46747926,0.62281245,0.005314001,0.02513562,0.022018418,0.4963936,0.082682855,0.080317445,0.022323046,0.0039561098,0.005930793,0.6977172,0.50900364,0.0046363175,0.02887444,0.035595823,0.005813953,0.11916284,0.9924102,0.6977172,0.0039290553,0.008841361,0.02887444,0.57883644,0.049071826,0.24553421,0.0314977,0.006981779,0.009622429,0.07362678,0.18977976,0.17590117,0.030814003,0.030832091,0.03350998,0.47825316,0.6251971,0.18987265,0.009267295,0.09770094,0.03092482,0.17678456,0.9557757,0.72740376,0.035762455,0.0019945446,0.442906,0.4351084,0.363228,0.025218315,0.037216667,0.037520565,0.034670692,0.1355015,0.94504267,0.4351084,0.0029742478,0.06424349,0.037216667,0.40088063,0.030759083,0.17735082,0.038310394,0.15329872,0.007722254,0.1876782,1.1327673,0.14571986,1.1027039,0.19144869,1.0992875
beef,beef_portion31_day4_rep3,beef_portion31,4,3,Spoiled,2,0.6191189,0.39992705,0.32467946,0.02801563,0.030434228,0.029464599,0.04020809,0.47472674,0.6191189,0.0056681326,0.026739458,0.02801563,0.49078572,0.084398866,0.08091679,0.028955435,0.00446857,0.0051989704,0.69610757,0.50538105,0.00479809,0.029536493,0.037935823,0.006175231,0.118488215,0.9921829,0.69610757,0.0042116386,0.009310676,0.029536493,0.5759899,0.050281208,0.24472977,0.033255067,0.007748814,0.010076316,0.07384529,0.1868495,0.1753728,0.030894142,0.030478386,0.03257849,0.4808573,0.6178499,0.18699697,0.008527962,0.09814039,0.030498842,0.1739432,0.9572068,0.90342104,0.03539104,0.0022551725,0.29094332,0.43469468,0.35985097,0.020679383,0.035653684,0.036569368,0.028327981,0.13461149,0.95460075,0.43469468,0.002894391,0.053881597,0.035653684,0.39819035,0.012310598,0.17795898,0.037060928,0.06629283,0.00764612,0.18777236,1.2404419,0.15227544,1.1908106,0.19368216,1.2121925
beef,beef_portion32_day4_rep1,beef_portion32,4,1,Spoiled,2,0.6184702,0.39382318,0.32269672,0.027294545,0.032005344,0.032377448,0.03710151,0.47753355,0.6184702,0.0030591304,0.030426892,0.027294545,0.4860882,0.0871978,0.080139905,0.030021042,0.004719362,0.0038681515,0.70150745,0.44524023,0.0070442986,0.02930577,0.039792787,0.00873823,0.103037566,0.9890029,0.70150745,0.0059024175,0.012691014,0.02930577,0.5400385,0.08446285,0.23614882,0.033412855,0.010990999,0.009635042,0.11543027,0.19871068,0.20713566,0.030779688,0.025788983,0.022511676,0.5109669,0.45426908,0.20904057,0.019081926,0.104980454,0.022699608,0.19378667,0.97203034,0.987541,0.030191801,0.00401419,0.007149655,0.37322417,0.29136935,0.017193604,0.035637815,0.031031633,0.023228653,0.12613834,0.9513604,0.37322417,0.004037144,0.063744895,0.035637815,0.32921338,0.01668422,0.1552268,0.034003694,0.0045960606,0.015219592,0.16509664,1.3006712,0.1876697,1.2133658,0.23577438,1.2742738
beef,beef_portion32_day4_rep2,beef_portion32,4,2,Spoiled,2,0.6230732,0.39823705,0.32251605,0.025243321,0.030683229,0.028735846,0.039338958,0.481458,0.6230732,0.003954957,0.026252734,0.025243321,0.49084294,0.086851895,0.082449235,0.02841374,0.0057014315,0.002785012,0.70452714,0.44209525,0.0071703866,0.029457673,0.040197346,0.008764757,0.10184317,0.98884207,0.70452714,0.006073033,0.01269559,0.029457673,0.5391476,0.08748666,0.23615037,0.03359547,0.0112879295,0.009745191,0.12268859,0.20158541,0.20268592,0.03279036,0.028989527,0.024891164,0.49896327,0.4109607,0.20525719,0.015488382,0.10617065,0.025743196,0.19714335,0.9715299,0.9706584,0.034029808,0.0032898623,0.14640994,0.36232004,0.2776715,0.019509379,0.04231141,0.036502875,0.025596512,0.122990556,0.9420912,0.36232004,0.0048823403,0.07389333,0.04231141,0.31548822,0.019312667,0.14935112,0.04058902,0.0038232016,0.019181283,0.16111419,1.2875675,0.199466,1.199167,0.24940996,1.2630395
beef,beef_portion32_day4_rep3,beef_portion32,4,3,Spoiled,2,0.624436,0.40038696,0.3260066,0.027406394,0.032165192,0.032886818,0.038619872,0.47732356,0.624436,0.0031743948,0.030746464,0.027406394,0.49267098,0.086587444,0.081568144,0.03003668,0.0047296635,0.004171189,0.7037011,0.44085446,0.006997582,0.029155016,0.040044326,0.008778489,0.10171983,0.98903453,0.7037011,0.0059448,0.012690008,0.029155016,0.538177,0.08777527,0.2359103,0.03354504,0.010943465,0.009691345,0.1252869,0.20439464,0.20482093,0.02814029,0.027054505,0.023818603,0.49768984,0.40534657,0.20873421,0.019392911,0.07733652,0.023872966,0.20034792,0.97147024,0.9661374,0.031255156,0.0040784245,0.16029714,0.3533777,0.27284104,0.0268458,0.046498418,0.03990605,0.03150702,0.12254941,0.9161287,0.3533777,0.0064543188,0.09946828,0.046498418,0.30905983,0.017908279,0.14361234,0.044553246,0.004001741,0.024364011,0.16091521,1.2848865,0.20561948,1.1951054,0.25670022,1.2639803
beef,beef_portion33_day4_rep1,beef_portion33,4,1,Spoiled,2,0.63750774,0.434867,0.3663205,0.024908837,0.026181212,0.026683416,0.03968784,0.4243036,0.63750774,0.0024285817,0.021033838,0.024908837,0.51966953,0.07636769,0.07243824,0.024965568,0.0028518497,0.002928815,0.70152366,0.4541943,0.005063046,0.026918482,0.03842936,0.006255034,0.105437085,0.99183846,0.70152366,0.005822399,0.009444772,0.026918482,0.5454968,0.079758935,0.23784332,0.032036357,0.011025897,0.009355516,0.046880785,0.16016157,0.15970424,0.0316607,0.031181728,0.030859131,0.4970402,0.7283222,0.16098368,0.0052962615,0.12019225,0.03115169,0.14318459,0.96019864,0.99099815,0.036552176,0.0028377424,0.002934116,0.3927227,0.3006562,0.014187084,0.03016069,0.033576485,0.017357355,0.12389564,0.9648065,0.3927227,0.0051175742,0.039609693,0.03016069,0.34225217,0.020899057,0.16181268,0.03426282,0.0060582734,0.008211473,0.1674437,1.329154,0.20625587,1.2264874,0.22484113,1.268645
beef,beef_portion33_day4_rep2,beef_portion33,4,2,Spoiled,2,0.6373574,0.43601215,0.36560857,0.024593126,0.025563248,0.02677693,0.040867914,0.42524147,0.6373574,0.0031402882,0.02203115,0.024593126,0.52016836,0.07564665,0.073228225,0.024423745,0.0028709883,0.0037314757,0.70667034,0.46446452,0.004892189,0.025677685,0.041630473,0.0058777975,0.10705301,0.992027,0.70667034,0.0066037457,0.008887324,0.025677685,0.55357623,0.07654472,0.24013047,0.033627618,0.012826014,0.009783532,0.046535306,0.16071996,0.1600139,0.029019693,0.028822323,0.02856312,0.4967834,0.72825825,0.16139573,0.0057376567,0.110904,0.028919695,0.14380309,0.95990866,0.98960453,0.033750515,0.002577212,0.037076283,0.39185,0.30450445,0.015036726,0.02941959,0.032624774,0.019327115,0.12583111,0.96278656,0.39185,0.004628101,0.04383419,0.02941959,0.34477603,0.018250372,0.16218996,0.033276867,0.005638644,0.007549172,0.17021531,1.327899,0.20486823,1.2288032,0.23037031,1.2695374
beef,beef_portion33_day4_rep3,beef_portion33,4,3,Spoiled,2,0.63844365,0.43784633,0.36922848,0.02531614,0.026170328,0.027257105,0.040142655,0.42056987,0.63844365,0.002481984,0.021735974,0.02531614,0.5219285,0.07540265,0.07202441,0.024902675,0.00294082,0.0032298828,0.7019039,0.45617837,0.005351149,0.027864143,0.040363796,0.0063012815,0.10566647,0.9913519,0.7019039,0.0061898725,0.009532037,0.027864143,0.54692644,0.07888506,0.23812333,0.033583324,0.011475894,0.009831574,0.04656218,0.16073167,0.15940236,0.028653126,0.028723175,0.028556256,0.4956939,0.7285385,0.16173194,0.0077614374,0.10983513,0.028803125,0.14375496,0.95965517,0.9872705,0.03359203,0.0025515456,0.06354471,0.39394942,0.30880263,0.018269025,0.031066865,0.035611875,0.024096295,0.12677287,0.9553936,0.39394942,0.0052492544,0.053219926,0.031066865,0.34856513,0.01688317,0.162425,0.03578645,0.0067124283,0.007564432,0.16800559,1.327627,0.20408736,1.2245507,0.22118247,1.2693053
beef,beef_portion34_day4_rep1,beef_portion34,4,1,Spoiled,2,0.623875,0.42575732,0.34955382,0.026171416,0.02918618,0.02856733,0.04411152,0.43865374,0.623875,0.0029416082,0.02341826,0.026171416,0.5086329,0.074101456,0.076205425,0.027521344,0.0037991088,0.0028545887,0.703658,0.49072513,0.006218203,0.033672027,0.04819813,0.0071850326,0.11354948,0.9901153,0.703658,0.006844643,0.010520709,0.033672027,0.5690158,0.061376184,0.243409,0.040363614,0.013523115,0.011935607,0.08342936,0.16282453,0.25687927,0.036135327,0.032093447,0.030944783,0.58909523,0.68425924,0.25687927,0.010326023,0.10452524,0.030944783,0.16090152,0.7179479,0.9337479,0.037671767,0.44545236,0.0045460127,0.36734325,0.3060589,0.089134,0.029509729,0.03081583,0.044943284,0.1287164,0.76042885,0.36734325,0.004370677,0.11243288,0.029509729,0.33965674,0.086416446,0.13049045,0.032203946,0.26703072,0.012323711,0.17822756,1.1273129,0.17790858,1.0364418,0.25687194,1.037308
beef,beef_portion34_day4_rep2,beef_portion34,4,2,Spoiled,2,0.6227508,0.4204986,0.34771976,0.027587418,0.030924786,0.029582107,0.041530956,0.4407172,0.6227508,0.0030422627,0.023897093,0.027587418,0.50484115,0.07635086,0.0751957,0.029315554,0.0043027005,0.0020078744,0.7090036,0.49408823,0.0072993413,0.03464418,0.050571263,0.009675168,0.11341649,0.9887881,0.7090036,0.007260599,0.013533841,0.03464418,0.57283235,0.062003125,0.24454851,0.041924283,0.014710756,0.012114863,0.06580973,0.15646943,0.25482076,0.03151402,0.030231414,0.030674197,0.58492684,0.7505658,0.25482076,0.006078733,0.09383612,0.030674197,0.15234303,0.8547711,0.92972255,0.03555217,0.3472126,0.0034902499,0.36903417,0.30222508,0.09056312,0.030128548,0.030751202,0.042781442,0.12518013,0.7576115,0.36903417,0.0040455554,0.10453318,0.030128548,0.337214,0.013027743,0.12906061,0.03246636,0.048695866,0.012096701,0.18305475,1.2084739,0.18710987,1.1290509,0.2669308,1.1763369
beef,beef_portion34_day4_rep3,beef_portion34,4,3,Spoiled,2,0.6199289,0.42075202,0.34646085,0.028163088,0.03110716,0.029968465,0.0429533,0.4402221,0.6199289,0.0027840221,0.024395429,0.028163088,0.50423974,0.07492963,0.075502746,0.029377995,0.004157587,0.002246399,0.7024702,0.48602387,0.006556829,0.03272194,0.045714386,0.007546307,0.11263324,0.98955625,0.7024702,0.0063898223,0.011025067,0.03272194,0.56564397,0.06332738,0.24241796,0.038523633,0.012620131,0.01141986,0.072968036,0.1606009,0.25723863,0.036389995,0.03159109,0.032060675,0.58581364,0.7262457,0.25723863,0.008489508,0.10643067,0.032060675,0.15743689,0.81864655,0.9313066,0.037459213,0.379777,0.0034886124,0.36679915,0.30421254,0.0994313,0.031612787,0.03281755,0.04272092,0.12626858,0.7323036,0.36679915,0.004620464,0.10318528,0.031612787,0.33820057,0.07683918,0.12541708,0.034435593,0.24919502,0.011166758,0.17822957,1.1856589,0.17339,1.100776,0.2561294,1.1101403
beef,beef_portion35_day4_rep1,beef_portion35,4,1,Spoiled,2,0.6237573,0.42501125,0.35639042,0.031921353,0.03345099,0.03273221,0.040472016,0.42799756,0.6237573,0.0038516917,0.02544949,0.031921353,0.5089824,0.07506313,0.07213953,0.03218252,0.0041717235,0.003207518,0.69196045,0.47239563,0.005423521,0.020471103,0.022021562,0.0070540695,0.11136844,0.99131,0.69196045,0.0028834315,0.010537951,0.020471103,0.55375296,0.06582612,0.23892522,0.019917425,0.005501039,0.00582657,0.0571666,0.17139034,0.18706717,0.03142906,0.028633377,0.02835031,0.5169827,0.706338,0.18706717,0.009343688,0.11228403,0.02835031,0.15799427,0.9643966,0.9806056,0.033225313,0.0032905783,0.00473328,0.26779428,0.21425734,0.09325666,0.033023845,0.034174766,0.027654061,0.11098776,0.64801246,0.26779428,0.014204559,0.10186127,0.033023845,0.2383378,0.020524701,0.08291153,0.03747373,0.08764259,0.020586958,0.17293695,1.3188697,0.2762951,1.2305055,0.35479462,1.3050685
beef,beef_portion35_day4_rep2,beef_portion35,4,2,Spoiled,2,0.6226268,0.42226827,0.3540864,0.034078564,0.03502152,0.034483097,0.03984465,0.43079084,0.6226268,0.0031668972,0.026745673,0.034078564,0.5067738,0.075894795,0.07229963,0.03401965,0.003924496,0.0028345226,0.6939918,0.46859944,0.0058573666,0.02105511,0.023402985,0.0072771045,0.110096425,0.9906802,0.6939918,0.0029416292,0.010896026,0.02105511,0.55202645,0.06872976,0.23852733,0.02119762,0.0053058933,0.0061772387,0.057718344,0.16878642,0.17987435,0.028778791,0.026115403,0.02575607,0.51216555,0.6903459,0.1799121,0.009306166,0.10887532,0.025744114,0.1548124,0.9635536,0.98339427,0.03065765,0.003026319,0.004709158,0.26088604,0.2079489,0.08985568,0.030538294,0.032383572,0.02670325,0.110764466,0.65375555,0.26088604,0.014926629,0.09473495,0.030538294,0.23110996,0.012758856,0.08153422,0.035414696,0.006189852,0.018383969,0.17242618,1.3198138,0.28295228,1.2301688,0.36161718,1.3127009
beef,beef_portion35_day4_rep3,beef_portion35,4,3,Spoiled,2,0.62212956,0.42104504,0.3582607,0.035350457,0.035983186,0.034978513,0.037319984,0.42362657,0.62212956,0.002804815,0.026660848,0.035350457,0.5059716,0.0766963,0.069485486,0.03528469,0.0036444147,0.0032743812,0.6889317,0.46558577,0.0052337255,0.019587465,0.021937756,0.0061656116,0.110257484,0.991498,0.6889317,0.0031368744,0.0093845,0.019587465,0.5484559,0.068053156,0.23749252,0.019529838,0.0060077873,0.005669888,0.060271796,0.1686523,0.19196239,0.030981263,0.027931387,0.02867356,0.5275048,0.69790256,0.19196239,0.006960758,0.10586009,0.02867356,0.15608904,0.96799016,0.97560406,0.032702293,0.0029056582,0.0037290289,0.27028784,0.21237168,0.101605944,0.032934647,0.032621995,0.027066568,0.104575306,0.62027985,0.27028784,0.014753844,0.09772374,0.032934647,0.23788606,0.015904555,0.07812829,0.03618153,0.019018905,0.020210464,0.17351075,1.3182843,0.27502763,1.22827,0.35294482,1.3109617
beef,beef_portion36_day4_rep1,beef_portion36,4,1,Spoiled,2,0.63549757,0.41258678,0.34161747,0.027383696,0.031086434,0.03148686,0.03751606,0.46160427,0.63549757,0.003602518,0.02749525,0.027383696,0.5042711,0.085802756,0.078764826,0.029154174,0.00429063,0.0041818684,0.7120705,0.47857147,0.0058604614,0.022185232,0.027235102,0.0074077835,0.109586485,0.9907853,0.7120705,0.0034230014,0.010817267,0.022185232,0.5640304,0.07140527,0.24282055,0.023754526,0.0063280505,0.00697823,0.08980317,0.17378893,0.1752609,0.03526167,0.03540686,0.036299355,0.49968415,0.5144727,0.1786951,0.017002925,0.11004566,0.035793167,0.16342625,0.9696668,0.9913609,0.041825887,0.004189098,0.019390862,0.38781157,0.3197801,0.0992934,0.03131235,0.031251866,0.040884044,0.1251535,0.7447715,0.38781157,0.006369139,0.095759675,0.03131235,0.35607722,0.011084592,0.13300654,0.032933246,0.03220234,0.016739292,0.17519344,1.3153793,0.17460352,1.2359895,0.2427802,1.3010635
beef,beef_portion36_day4_rep2,beef_portion36,4,2,Spoiled,2,0.63468146,0.41235298,0.34218797,0.029692167,0.033203926,0.034143,0.03726793,0.46020755,0.63468146,0.003020329,0.029800357,0.029692167,0.5039033,0.08561666,0.078241594,0.031288914,0.0044063684,0.004169457,0.7099265,0.4791576,0.00609941,0.022737153,0.02727496,0.007403154,0.11002078,0.99035466,0.7099265,0.0034634338,0.010900899,0.022737153,0.5636955,0.07014225,0.24254347,0.023881381,0.0066170283,0.0070346654,0.09078231,0.17373979,0.17477058,0.03593711,0.036193676,0.037071444,0.4990296,0.50619686,0.17774191,0.015149476,0.11153007,0.03677291,0.1634483,0.96994096,0.9922566,0.04267641,0.0038721527,0.0054469,0.38433203,0.3204312,0.08846222,0.030280136,0.030289842,0.040842537,0.12839122,0.7707526,0.38433203,0.0064822803,0.09743309,0.030280136,0.3553627,0.031332865,0.13726917,0.03180145,0.1508754,0.015874304,0.17552683,1.3165723,0.16880551,1.2377015,0.236625,1.2840637
beef,beef_portion36_day4_rep3,beef_portion36,4,3,Spoiled,2,0.634474,0.4082345,0.33744955,0.027966766,0.031724654,0.031177778,0.03712373,0.46728966,0.634474,0.0030375181,0.027241655,0.027966766,0.50100493,0.08739979,0.07950116,0.029791012,0.0045338534,0.0037083665,0.7122519,0.47816867,0.0057529802,0.0238626,0.029652504,0.00695883,0.10955198,0.9908656,0.7122519,0.0037795282,0.01023807,0.0238626,0.5638278,0.071749926,0.24284244,0.025754983,0.0071491855,0.007594805,0.09452145,0.16846177,0.17075641,0.035708304,0.03587547,0.03574374,0.5025156,0.4677962,0.17168106,0.011065058,0.1084787,0.035873394,0.15870367,0.9731486,0.9931501,0.042693846,0.0030374876,0.0039415457,0.3893756,0.3213814,0.0824341,0.030132685,0.029802427,0.039742,0.12766255,0.7892588,0.3893756,0.0058758613,0.094086125,0.030132685,0.35743853,0.011609553,0.14097667,0.031437814,0.048679855,0.014983954,0.17570432,1.3177539,0.1735935,1.240809,0.23788661,1.3000971
beef,beef_portion37_day4_rep1,beef_portion37,4,1,Spoiled,2,0.61752105,0.38370937,0.3275731,0.029195761,0.038750913,0.03724884,0.030753432,0.4692251,0.61752105,0.003040406,0.037507936,0.029195761,0.47979313,0.092874005,0.07411661,0.03480393,0.0072926446,0.0040128105,0.6858553,0.42794523,0.0047545168,0.016569538,0.020342574,0.0058974866,0.10152363,0.99216527,0.6858553,0.0031007591,0.009048865,0.016569538,0.52411914,0.08663913,0.23157886,0.017628537,0.005370343,0.0050956653,0.099487424,0.2024306,0.20142668,0.033431184,0.028484318,0.0290053,0.494711,0.52676636,0.2057612,0.019328851,0.10765767,0.027406696,0.19433133,0.9624773,0.90654576,0.03337416,0.002875142,0.27457148,0.37272048,0.2984409,0.04614071,0.0322034,0.032083698,0.030425197,0.12751299,0.8802805,0.37272048,0.0025405164,0.071407534,0.0322034,0.33461648,0.0129279215,0.14748833,0.03422229,0.002969929,0.004396424,0.16370103,1.237189,0.18124858,1.1538774,0.22003594,1.2237206
beef,beef_portion37_day4_rep2,beef_portion37,4,2,Spoiled,2,0.61891806,0.3864555,0.33322984,0.0288397,0.040155094,0.03802102,0.029335266,0.4613256,0.61891806,0.0038693724,0.03868982,0.0288397,0.48220202,0.092477515,0.07210936,0.03552377,0.008244647,0.0040265764,0.68445194,0.42715383,0.004854401,0.017482135,0.020885855,0.00595215,0.101550445,0.992022,0.68445194,0.0030643404,0.009099902,0.017482135,0.52315927,0.08646347,0.23120728,0.018293388,0.005368788,0.005285685,0.106008194,0.20317346,0.20616308,0.03316399,0.02819961,0.02651413,0.50074816,0.5026427,0.20970647,0.020350818,0.104762584,0.026242487,0.1963267,0.96588904,0.931928,0.03290621,0.0031754232,0.22855331,0.3765944,0.2982023,0.055086993,0.031177405,0.031310625,0.031621262,0.1246273,0.85736835,0.3765944,0.0029022011,0.0730376,0.031177405,0.33583173,0.0152614415,0.14466205,0.033250824,0.0029951374,0.0049264133,0.1643953,1.2585152,0.18069443,1.1709903,0.21829203,1.2421522
beef,beef_portion37_day4_rep3,beef_portion37,4,3,Spoiled,2,0.62198216,0.38672754,0.33481157,0.02782794,0.03891963,0.036768854,0.028372644,0.4612204,0.62198216,0.0037153082,0.03749686,0.02782794,0.48357782,0.093641065,0.07190152,0.03433897,0.0078599155,0.0040758825,0.6864896,0.42861006,0.004713127,0.017515143,0.021944739,0.0056966534,0.10155161,0.9922459,0.6864896,0.0032921438,0.008738364,0.017515143,0.5247955,0.08650669,0.23175316,0.01893254,0.005853372,0.0054116766,0.109810136,0.20476764,0.2048288,0.03705372,0.030595638,0.028763276,0.49558094,0.48754516,0.2097546,0.021133807,0.11738557,0.028438408,0.19820917,0.96615773,0.9269184,0.035955124,0.0035315463,0.24136579,0.37312606,0.29607037,0.047621496,0.032794006,0.03274458,0.030925056,0.12611052,0.8765284,0.37312606,0.0027566813,0.07256216,0.032794006,0.33308455,0.014552747,0.14638723,0.034966312,0.0029180956,0.004777804,0.16523421,1.2545017,0.18561064,1.1677754,0.22185083,1.2381326
beef,beef_portion38_day4_rep1,beef_portion38,4,1,Spoiled,2,0.6008287,0.3767353,0.29652017,0.022260286,0.025757026,0.025061134,0.041357994,0.505504,0.6008287,0.0038991114,0.02442502,0.022260286,0.469179,0.08734143,0.08590525,0.024208458,0.0043011713,0.0034673347,0.63450015,0.43192044,0.0056888363,0.036447488,0.040354285,0.011194837,0.1108866,0.99017394,0.63450015,0.006157131,0.017143749,0.036447488,0.5095517,0.06177832,0.2238741,0.03632307,0.012260769,0.010994183,0.018075207,0.124827415,0.31182036,0.018604007,0.01880348,0.017346535,0.6045108,0.94258136,0.31182036,0.003558365,0.05525082,0.017346535,0.1282571,0.027282361,0.8754095,0.020965472,0.005720079,0.0050847363,0.20277724,0.14268328,0.108274125,0.028194897,0.028664473,0.028166048,0.05897713,0.47330213,0.20277724,0.010481802,0.074060604,0.028194897,0.16047695,0.025156135,0.03466653,0.033956178,0.005167491,0.0031058488,0.14600971,0.8620625,0.31904447,0.7556943,0.39874035,0.8413628
beef,beef_portion38_day4_rep2,beef_portion38,4,2,Spoiled,2,0.6008132,0.37672764,0.30066073,0.023208058,0.026968988,0.024961632,0.039384846,0.4985068,0.6008132,0.0038263523,0.022848707,0.023208058,0.4691195,0.08735529,0.08348802,0.025578104,0.004543438,0.0028527542,0.6301693,0.42172098,0.00452097,0.036285874,0.03497543,0.0059645236,0.10900234,0.99199283,0.6301693,0.004785611,0.009948142,0.036285874,0.5015626,0.06526356,0.2218222,0.03331407,0.008948364,0.010477768,0.01742649,0.12228379,0.31666517,0.018230826,0.01890111,0.017371269,0.6064526,0.9452971,0.31666517,0.0039967187,0.05347746,0.017371269,0.12710053,0.031001437,0.87135494,0.020801788,0.005988174,0.005057869,0.19372603,0.13976978,0.11204759,0.027931971,0.027395664,0.027563175,0.054572187,0.42807537,0.19372603,0.007049617,0.07153547,0.027931971,0.15510292,0.023168633,0.02904002,0.033043906,0.0031961445,0.003977355,0.1437948,0.86074793,0.3251014,0.7505255,0.398712,0.84281665
beef,beef_portion38_day4_rep3,beef_portion38,4,3,Spoiled,2,0.6021348,0.37779558,0.30454212,0.022319417,0.02644961,0.02541195,0.0381333,0.49314886,0.6021348,0.003677127,0.024922859,0.022319417,0.47019792,0.08757779,0.08194306,0.0248774,0.0048514577,0.0032587887,0.6233726,0.4179679,0.0046822065,0.034117825,0.03218459,0.0058385413,0.10930332,0.99154437,0.6233726,0.005191417,0.0098876245,0.034117825,0.49694863,0.06415302,0.22018132,0.03043629,0.010170329,0.009605018,0.017661737,0.121786505,0.3195648,0.017335946,0.019808479,0.016961828,0.6072714,0.944756,0.3195648,0.004149197,0.050794046,0.016961828,0.12730625,0.03251299,0.8694801,0.0213056,0.0073653148,0.0063659926,0.19866091,0.14323972,0.115163445,0.028491287,0.028538985,0.028810402,0.054201756,0.42644048,0.19866091,0.0070697987,0.07697864,0.028491287,0.15981536,0.023726609,0.029497655,0.033967238,0.004297633,0.004486877,0.14273798,0.86070985,0.3211928,0.7478138,0.38942704,0.8406572
beef,beef_portion39_day4_rep1,beef_portion39,4,1,Spoiled,2,0.60285926,0.3855515,0.30380437,0.02202366,0.02818116,0.02804503,0.043572273,0.49517056,0.60285926,0.003978239,0.03007472,0.02202366,0.4758971,0.08401636,0.08506909,0.02576516,0.0057811965,0.00394275,0.7071961,0.46893194,0.0055815848,0.02353193,0.029263273,0.006771996,0.108115554,0.991088,0.7071961,0.0035972751,0.010056871,0.02353193,0.5563847,0.07427693,0.24070278,0.025704876,0.0062047197,0.007642445,0.07118409,0.17632098,0.18276832,0.029025702,0.029750004,0.03320614,0.50568247,0.62461025,0.18476737,0.016710708,0.09623842,0.033484183,0.1640017,0.9639749,0.95650023,0.034682535,0.003761932,0.16884224,0.37849233,0.2994144,0.03161757,0.03468681,0.03576951,0.03011373,0.12697685,0.9206204,0.37849233,0.0033623842,0.06978712,0.03468681,0.33692995,0.014945997,0.15376875,0.03751906,0.0038138535,0.006188316,0.17548491,1.2771053,0.1697122,1.2074324,0.24338871,1.2549653
beef,beef_portion39_day4_rep2,beef_portion39,4,2,Spoiled,2,0.6054109,0.37941808,0.30677998,0.024408102,0.0271097,0.030065574,0.037601266,0.49247125,0.6054109,0.0026681782,0.03057743,0.024408102,0.47299954,0.08833382,0.0819136,0.02594578,0.003429253,0.0047654933,0.71103036,0.47148743,0.0053798244,0.023490889,0.02879503,0.006294337,0.10813782,0.9913583,0.71103036,0.0035951019,0.009350956,0.023490889,0.5592606,0.074672736,0.24173182,0.025296682,0.0059695356,0.0075907647,0.07815947,0.17139134,0.18437229,0.02941264,0.031732593,0.032440282,0.5158751,0.5879205,0.18619768,0.020539112,0.093323685,0.03326979,0.16031548,0.9696447,0.95178,0.036547676,0.0043355944,0.17138141,0.3822632,0.30208513,0.04037771,0.035436325,0.035991337,0.034780875,0.12575941,0.89900947,0.3822632,0.0037768974,0.07964244,0.035436325,0.34021768,0.015475717,0.15176105,0.037924353,0.00386703,0.007136385,0.18212485,1.277164,0.16678727,1.2100829,0.24408776,1.2581072
beef,beef_portion39_day4_rep3,beef_portion39,4,3,Spoiled,2,0.6041876,0.38191107,0.30716044,0.023114817,0.027774282,0.029310608,0.03913737,0.4907457,0.6041876,0.0033834323,0.031376738,0.023114817,0.47395563,0.086569704,0.08216347,0.02581678,0.0050552585,0.0049313144,0.70479786,0.4651561,0.005142237,0.025359375,0.02742136,0.005916693,0.107578136,0.99168,0.70479786,0.0030567062,0.008865128,0.025359375,0.553331,0.07518204,0.23981889,0.025119111,0.0047470476,0.0076682116,0.07178055,0.1739901,0.18650298,0.028988078,0.02923939,0.032014497,0.51508415,0.6278207,0.18731517,0.015153209,0.09011578,0.032569442,0.16213064,0.9665117,0.9729203,0.034238327,0.0036817626,0.09769249,0.38363475,0.30068454,0.03099265,0.03462271,0.03561391,0.030052366,0.12558499,0.922752,0.38363475,0.003701952,0.06896497,0.03462271,0.3395232,0.0167006,0.15498117,0.037253805,0.0047371364,0.0068811933,0.17687668,1.2903413,0.16809577,1.2185829,0.23734218,1.2659518
beef,beef_portion40_day4_rep1,beef_portion40,4,1,Spoiled,2,0.6109827,0.40423515,0.325756,0.02644632,0.026931206,0.027740827,0.044025302,0.46587214,0.6109827,0.003557075,0.024329174,0.02644632,0.49080923,0.07869739,0.08008799,0.026570894,0.0030438297,0.0037292084,0.7041298,0.48071805,0.00599427,0.024683481,0.031761147,0.007049107,0.11126512,0.99043125,0.7041298,0.004512853,0.010503853,0.024683481,0.56281865,0.06681198,0.24193993,0.027186865,0.0086980825,0.008070432,0.07696392,0.17952679,0.18954104,0.024129871,0.024236977,0.026530975,0.51295835,0.6011364,0.1895547,0.008497279,0.08375551,0.026524445,0.16853558,0.96587044,0.9844807,0.028592942,0.0021728806,0.0046706074,0.37870505,0.2827259,0.0109969815,0.024265805,0.026702741,0.013689615,0.12083445,0.97104555,0.37870505,0.0043319953,0.0327108,0.024265805,0.324642,0.024328718,0.15701148,0.027476916,0.0051151416,0.007017404,0.17754625,1.3072346,0.19100976,1.230907,0.2564094,1.2631608
beef,beef_portion40_day4_rep2,beef_portion40,4,2,Spoiled,2,0.6100975,0.4052654,0.32361025,0.026873056,0.027633421,0.02852729,0.0461571,0.4686599,0.6100975,0.0020319354,0.025044987,0.026873056,0.49147218,0.07774761,0.081645474,0.027152147,0.0026559425,0.0029891878,0.7044072,0.48204958,0.005967265,0.026065802,0.03147485,0.0070128827,0.11160158,0.99044394,0.7044072,0.004391056,0.010446573,0.026065802,0.5637832,0.06617906,0.24217197,0.0273213,0.0087308725,0.008185103,0.0710838,0.1716048,0.17740099,0.026254578,0.02658339,0.02784248,0.50793433,0.61173505,0.17747192,0.007287889,0.095601626,0.027780749,0.15896918,0.9654593,0.9873296,0.031593304,0.0018998085,0.00329278,0.37706938,0.2808025,0.010008261,0.024621494,0.026457848,0.013101898,0.120609626,0.9737284,0.37706938,0.0037808076,0.031471826,0.024621494,0.32266444,0.024609622,0.15671936,0.027545586,0.004174085,0.0069252523,0.17644115,1.3110507,0.19223888,1.2360579,0.25916874,1.2656649
beef,beef_portion40_day4_rep3,beef_portion40,4,3,Spoiled,2,0.6146529,0.3984893,0.32299796,0.027141176,0.02887152,0.028493218,0.040447313,0.47355372,0.6146529,0.0039214245,0.025060652,0.027141176,0.48876643,0.083104104,0.08063311,0.027722904,0.003740773,0.0039692665,0.70497304,0.476236,0.0057994016,0.024084063,0.030635642,0.006848518,0.11016381,0.9907687,0.70497304,0.004266068,0.010175292,0.024084063,0.5603212,0.06954397,0.24144872,0.026326722,0.008177767,0.007864492,0.08043359,0.16606238,0.17589948,0.024820775,0.025613781,0.02918553,0.5135524,0.55546343,0.17770995,0.019620422,0.085798904,0.027919307,0.15495524,0.9711102,0.98620635,0.030371547,0.005558165,0.0070532453,0.37431753,0.27548248,0.00801158,0.023972841,0.02662013,0.010517349,0.11935959,0.9785294,0.37431753,0.0045439033,0.025993265,0.023972841,0.31785724,0.026329061,0.15583973,0.027467847,0.0049474607,0.007697318,0.17653787,1.3115059,0.19516504,1.237662,0.26073974,1.2683285
beef,beef_portion01_day5_rep1,beef_portion01,5,1,Spoiled,2,0.26980284,0.27568153,0.06107286,0.037735596,0.036879856,0.047273498,0.16947472,0.79206544,0.27577612,0.004155815,0.1322807,0.03698558,0.2880568,0.9790633,0.11980964,0.040520143,0.0031477262,0.0095041115,0.14156047,0.0977003,0.29038525,0.020714533,0.020591624,0.021071576,0.70249134,0.66502726,0.29038525,0.0047812993,0.04958131,0.021071576,0.12642923,0.06585032,0.8893411,0.024044525,0.0033153987,0.0040360456,0.68545717,0.46937484,0.14066207,0.028770583,0.038273744,0.043728165,0.098429345,0.7941076,0.68545717,0.006034817,0.05915273,0.028770583,0.55080765,0.06685699,0.20163499,0.033308927,0.008594059,0.013255086,0.019891346,0.14066991,0.37601513,0.021358747,0.024559328,0.026868355,0.60855556,0.9482156,0.37601513,0.0033108944,0.048000373,0.026868355,0.1546474,0.04145129,0.8489229,0.0268015,0.0058480185,0.00448438,1.2050976,0.95281357,1.1952072,0.80810755,0.0550019,0.7593221
beef,beef_portion01_day5_rep2,beef_portion01,5,2,Spoiled,2,0.25563002,0.2656713,0.05528239,0.043462027,0.040811814,0.05631421,0.17218971,0.8110819,0.26593986,0.0057706754,0.14429347,0.041448865,0.27605814,0.9774007,0.11692719,0.045273293,0.0043922747,0.010736323,0.14184394,0.09664987,0.28427958,0.020241948,0.020442264,0.02073237,0.70469004,0.6617057,0.28427958,0.0041890787,0.049905654,0.02073237,0.12469218,0.064927705,0.8924999,0.023936614,0.0030248638,0.003110483,0.6768904,0.45716736,0.122524284,0.027565084,0.03330136,0.041752,0.098392196,0.8183225,0.6768904,0.0052541727,0.05750096,0.027565084,0.540223,0.06905128,0.20421764,0.02987511,0.006348283,0.012190117,0.019389281,0.14088252,0.37120974,0.021683764,0.027051277,0.029184533,0.6077024,0.9491606,0.37120974,0.0037489554,0.04845691,0.029184533,0.15369736,0.03932978,0.85146815,0.0292674,0.006735925,0.005193184,1.2070757,0.95000076,1.197706,0.8039996,0.056392916,0.7544658
beef,beef_portion01_day5_rep3,beef_portion01,5,3,Spoiled,2,0.26972336,0.27355316,0.054622773,0.036952008,0.03670086,0.047427732,0.16798754,0.81360286,0.27360103,0.00303578,0.12630604,0.03671897,0.28618774,0.9799749,0.121819265,0.04010818,0.0027146004,0.0095261345,0.14222743,0.09572439,0.2816832,0.020317769,0.01997244,0.021291174,0.7066919,0.6617787,0.2816832,0.0027353757,0.04838025,0.021291174,0.12361448,0.064952664,0.8937518,0.023769187,0.0024755357,0.0038201266,0.68100345,0.46358323,0.13037564,0.028659994,0.03727128,0.0433186,0.09867678,0.8077991,0.68100345,0.0062889266,0.059625726,0.028659994,0.5456822,0.06771437,0.20341057,0.03261297,0.008350459,0.013436339,0.020450199,0.14025,0.37636217,0.020688329,0.024389317,0.02610694,0.60890096,0.946658,0.37636217,0.0032385516,0.046474602,0.02610694,0.15449259,0.04188975,0.8486095,0.026419573,0.0061252303,0.004603702,1.2081289,0.95195264,1.193973,0.8091476,0.0593564,0.7549688
beef,beef_portion02_day5_rep1,beef_portion02,5,1,Spoiled,2,0.646262,0.46570936,0.0048221843,0.028188316,0.031393472,0.005968343,0.117724374,0.99151945,0.646262,0.003565437,0.009786223,0.028188316,0.53508234,0.048743144,0.23113213,0.028902331,0.006004492,0.00891545,0.17902638,0.12771672,0.105231375,0.040718365,0.03728164,0.025748972,0.37799188,0.42357692,0.17902638,0.42185676,0.15770288,0.040718365,0.14000304,0.023465166,0.23242791,0.043412454,0.00548826,0.3916747,0.5980177,0.29856238,0.17907074,0.020635093,0.02240116,0.02203568,0.045287594,0.69959,0.5980177,0.002352171,0.027355032,0.020635093,0.41867498,0.12086793,0.12930843,0.02110493,0.0035762878,0.0036243675,0.031936996,0.13860628,0.22599164,0.020982144,0.021997621,0.029002717,0.5711505,0.8597553,0.22599164,0.014453779,0.08619243,0.029002717,0.12810045,0.7532773,0.934616,0.024967846,0.41719937,0.017748276,0.39588928,0.17064795,1.0755893,0.31269628,1.0128354,1.0643756
beef,beef_portion02_day5_rep2,beef_portion02,5,2,Spoiled,2,0.63821936,0.45937318,0.00503774,0.02813385,0.02968828,0.006053753,0.11756777,0.99108857,0.63821936,0.0031153136,0.010015276,0.02813385,0.52840644,0.048488498,0.22888158,0.02785608,0.005020594,0.008651991,0.17732924,0.12584499,0.10214542,0.033480786,0.031800088,0.021904679,0.33419672,0.43084508,0.17732924,0.4142379,0.13867323,0.033480786,0.13778788,0.023085628,0.11085021,0.03691465,0.005937994,0.27194253,0.59641045,0.29775667,0.17778549,0.020172874,0.022428233,0.022394039,0.04536644,0.7008945,0.59641045,0.0021688566,0.02836963,0.020172874,0.41755858,0.12055396,0.12942716,0.020859653,0.004138625,0.00368646,0.03129979,0.13242699,0.2164178,0.021299835,0.024144838,0.033839878,0.57089627,0.85684645,0.2164178,0.017128952,0.09095091,0.033839878,0.12091889,0.72665846,0.93697804,0.027467102,0.43156648,0.02059994,0.40885153,0.16544443,1.0617727,0.29684478,1.0852587,1.0523765
beef,beef_portion02_day5_rep3,beef_portion02,5,3,Spoiled,2,0.63473225,0.4566314,0.0046360153,0.025617395,0.026836138,0.0056570927,0.117567524,0.991679,0.63473225,0.0031322318,0.009484902,0.025617395,0.5255727,0.04835774,0.22799495,0.02517048,0.00534621,0.007825734,0.18146129,0.13017951,0.10515651,0.040349677,0.03808107,0.026745293,0.35899663,0.42943713,0.18146129,0.41656882,0.1608154,0.040349677,0.14287478,0.022999313,0.20266236,0.043987878,0.0060705766,0.36787206,0.59729666,0.2967397,0.17898151,0.021053497,0.022940926,0.02284258,0.044481643,0.6993557,0.59729666,0.0023543872,0.028986178,0.021053497,0.41737592,0.12154282,0.12881792,0.021356912,0.0045456504,0.0039459737,0.031927742,0.1339433,0.23011388,0.021639625,0.024478246,0.036057986,0.57604426,0.861246,0.23011388,0.017059501,0.09006336,0.036057986,0.124388725,0.6263567,0.9296325,0.027550358,0.471504,0.022594167,0.38437286,0.16400819,0.9936431,0.30085662,0.9449167,0.99095035
beef,beef_portion03_day5_rep1,beef_portion03,5,1,Spoiled,2,0.6332526,0.410296,0.004643859,0.027300492,0.04277958,0.0061343424,0.10534804,0.9917338,0.6332526,0.007303609,0.010270285,0.027300492,0.49558294,0.072855346,0.22066058,0.035730377,0.01204013,0.010341808,0.19688389,0.15361692,0.11737209,0.022908283,0.020328702,0.018804565,0.06891788,0.3993001,0.19688389,0.023395084,0.0879029,0.022908283,0.16787791,0.016632758,0.03191023,0.024472505,0.0029166183,0.012865038,0.602295,0.37303042,0.28249404,0.027520053,0.030733218,0.0299821,0.045270868,0.5302048,0.602295,0.0035626765,0.030535419,0.027520053,0.46706116,0.088866346,0.09298196,0.02939963,0.004437427,0.004352839,0.10273905,0.18930632,0.37245822,0.017313184,0.01695222,0.017153548,0.61142683,0.7240034,0.37245822,0.0011227515,0.03410244,0.017153548,0.20313719,0.019451853,0.8825153,0.019037485,0.0024241118,0.0018429722,0.38233265,0.13180165,0.7255537,0.31378028,0.8513402,0.8353665
beef,beef_portion03_day5_rep2,beef_portion03,5,2,Spoiled,2,0.64266217,0.4189859,0.0046737636,0.027790502,0.043288633,0.0057015135,0.10608301,0.99177825,0.64266217,0.007236401,0.009457228,0.027790502,0.5041259,0.07239377,0.22344448,0.036162082,0.012036432,0.010600149,0.20278408,0.15557626,0.12019878,0.023710767,0.019369991,0.018847175,0.064010605,0.40089357,0.20278408,0.021202017,0.09643206,0.023710767,0.17166875,0.018584067,0.0320235,0.023658391,0.003212027,0.013875215,0.6132068,0.37965143,0.28691527,0.02635505,0.031008424,0.030350393,0.045812942,0.5312687,0.6132068,0.003216745,0.031063912,0.02635505,0.47461578,0.09004622,0.09473146,0.029217824,0.005131117,0.0039983024,0.11051529,0.19547795,0.37929147,0.016577877,0.016473282,0.016209787,0.61218023,0.70820266,0.37929147,0.0018325386,0.032083094,0.016209787,0.21038961,0.019375477,0.88259494,0.018351102,0.002560053,0.0018176555,0.3873825,0.13322723,0.72358227,0.31751543,0.85145277,0.8339897
beef,beef_portion03_day5_rep3,beef_portion03,5,3,Spoiled,2,0.64888453,0.42045218,0.004802248,0.028028736,0.042514868,0.0061109695,0.10530308,0.99174434,0.64888453,0.0068704947,0.0098596355,0.028028736,0.5070823,0.074310906,0.2246312,0.03569165,0.0116300685,0.010340783,0.20443723,0.15739392,0.11422176,0.023341503,0.019592883,0.017672552,0.0762627,0.4378811,0.20443723,0.012987345,0.071982086,0.023341503,0.17329738,0.017472267,0.037267234,0.02390362,0.0032528164,0.010237117,0.6215642,0.3840587,0.28585595,0.027637009,0.03220814,0.032281972,0.047375277,0.5396094,0.6215642,0.002658074,0.032688197,0.027637009,0.4801053,0.091296345,0.09837078,0.030271878,0.005182796,0.0040005725,0.11172014,0.19950072,0.377104,0.017017322,0.0175079,0.015767356,0.6098308,0.7030138,0.377104,0.002176744,0.033555537,0.015767356,0.21355733,0.016215911,0.88605046,0.019144917,0.0036861126,0.003702763,0.3869732,0.13022272,0.7259527,0.32142612,0.8497385,0.8349396
beef,beef_portion04_day5_rep1,beef_portion04,5,1,Spoiled,2,0.68966436,0.4678657,0.005578317,0.021557601,0.026890116,0.00906661,0.11052939,0.99108684,0.68966436,0.0036285585,0.012796718,0.021557601,0.5502274,0.06720775,0.23789667,0.023481246,0.006684629,0.0067128567,0.2642478,0.20593123,0.094435364,0.046146505,0.04332617,0.043578435,0.106609955,0.6513232,0.2642478,0.008410603,0.13694006,0.046146505,0.2303424,0.01583982,0.078164704,0.04989869,0.004740586,0.016652295,0.6007334,0.363613,0.2739964,0.018469865,0.019972164,0.021197233,0.043557435,0.5424027,0.6007334,0.0021058237,0.024284318,0.018469865,0.46013775,0.09257949,0.0945849,0.019216103,0.004254733,0.004183601,0.06073627,0.16731866,0.28720537,0.025809933,0.023746384,0.029542115,0.5858568,0.79052716,0.28720537,0.006240797,0.08003914,0.029542115,0.16629635,0.6138161,0.91610837,0.027588299,0.4828874,0.011685767,0.36121932,0.17116697,0.9519217,0.24282607,1.0314199,1.0163323
beef,beef_portion04_day5_rep2,beef_portion04,5,2,Spoiled,2,0.6913058,0.4693418,0.0054943273,0.022277951,0.0260852,0.009823498,0.11072431,0.9912136,0.6913058,0.0031871202,0.0134603055,0.022277951,0.55167156,0.06721518,0.23831455,0.023327732,0.0054325266,0.006683715,0.27381983,0.21030597,0.09423432,0.044398803,0.042843428,0.04125109,0.104409285,0.66296506,0.27381983,0.008722889,0.12534057,0.044398803,0.23691404,0.018041963,0.08177473,0.048687506,0.004187293,0.016691616,0.603684,0.36823127,0.27947092,0.017533608,0.019629309,0.020940132,0.04352585,0.5355138,0.603684,0.0022372073,0.024422452,0.017533608,0.46411744,0.091687426,0.09353237,0.018564055,0.0046689287,0.004124048,0.06113446,0.16461441,0.28407943,0.0247201,0.023567924,0.02912412,0.5870425,0.78663146,0.28407943,0.004245437,0.076801345,0.02912412,0.16341141,0.5736184,0.9163192,0.027437296,0.49179205,0.010298055,0.3549578,0.1709576,0.9310641,0.23913026,1.0052524,0.9998298
beef,beef_portion04_day5_rep3,beef_portion04,5,3,Spoiled,2,0.68936193,0.4687704,0.0057777152,0.020810569,0.026465103,0.009950039,0.11078105,0.9906971,0.68936193,0.0035535442,0.013702016,0.020810569,0.550684,0.06664994,0.2378935,0.023024995,0.006486616,0.006537803,0.2737387,0.20866817,0.103556745,0.043742787,0.04254575,0.041976422,0.09923594,0.62833107,0.2737387,0.0105202645,0.12502646,0.043742787,0.2358925,0.019615792,0.07596032,0.048361972,0.0037626764,0.017246474,0.6054733,0.36797845,0.28093478,0.019112637,0.019999221,0.022292038,0.042398006,0.5345156,0.6054733,0.002663747,0.026507147,0.019112637,0.46458566,0.09272938,0.09307498,0.019407613,0.0040416354,0.0051035965,0.054711472,0.16283384,0.28432646,0.023534719,0.023310913,0.030868182,0.58605033,0.8095659,0.28432646,0.0045733117,0.0742166,0.030868182,0.16108572,0.60285085,0.9147429,0.027361475,0.4862172,0.010562072,0.35711095,0.17048596,0.9473242,0.24070536,1.024361,1.0136441
beef,beef_portion05_day5_rep1,beef_portion05,5,1,Spoiled,2,0.5262413,0.4319771,0.009025363,0.046421956,0.047251053,0.011983244,0.13424209,0.9824866,0.5262413,0.0037171042,0.02130347,0.046421956,0.4762599,0.024209782,0.20740284,0.046718735,0.10987682,0.01417712,0.15039475,0.12319613,0.19339055,0.032879625,0.033765152,0.03317948,0.72915316,0.36915085,0.19339055,0.0053748256,0.05152078,0.03317948,0.13391992,0.027207254,0.9616649,0.0392248,0.0017384347,0.0019391624,0.6047072,0.37620077,0.23588018,0.02681481,0.03206538,0.02738124,0.06103487,0.6093331,0.6047072,0.0049350215,0.029157355,0.02681481,0.4678143,0.08526299,0.12017927,0.029343829,0.006615561,0.004585689,0.04596867,0.15292028,0.32307607,0.037007716,0.03557664,0.038535036,0.6002229,0.86018604,0.32307607,0.0050526704,0.09697851,0.038535036,0.15750146,0.05872224,0.88632256,0.039280266,0.19638696,0.015372212,0.82832175,0.10680249,0.75081956,0.90716815,0.085004434,0.8270272
beef,beef_portion05_day5_rep2,beef_portion05,5,2,Spoiled,2,0.52532405,0.42906526,0.009205783,0.04197386,0.042917132,0.011791847,0.13346465,0.9820539,0.52532405,0.0036107893,0.021261495,0.04197386,0.47415712,0.017005112,0.206732,0.042329703,0.06388268,0.0127622895,0.14685565,0.11943935,0.18989126,0.028209023,0.028589526,0.028131772,0.7294136,0.37583753,0.18989126,0.004392117,0.049038455,0.028131772,0.12952055,0.02737108,0.96143436,0.033789285,0.0015179069,0.0018756684,0.6062441,0.37688896,0.23524591,0.025555126,0.03049422,0.026629528,0.06136907,0.61120135,0.6062441,0.005024958,0.028878504,0.025555126,0.4688635,0.08545851,0.1209723,0.027813008,0.0066651963,0.004967937,0.04789961,0.14874803,0.31657517,0.0389365,0.03780048,0.035736527,0.6020934,0.85339713,0.31657517,0.0048352247,0.09823827,0.035736527,0.15291166,0.057033524,0.8878241,0.04153906,0.19080785,0.013094214,0.8297334,0.10985726,0.7541137,0.9082424,0.08273737,0.82987666
beef,beef_portion05_day5_rep3,beef_portion05,5,3,Spoiled,2,0.53507936,0.43736428,0.012178344,0.043558937,0.04538781,0.015184479,0.13334869,0.9770722,0.53507936,0.003723322,0.026682677,0.043558937,0.4826576,0.018195817,0.20904894,0.044545952,0.07132512,0.013110322,0.15120971,0.12212668,0.19421364,0.030292576,0.031037174,0.030590933,0.7318171,0.3760615,0.19421364,0.0084210355,0.05083916,0.030590933,0.13348712,0.028467143,0.9608637,0.03610167,0.0031028928,0.0025977602,0.6047048,0.3774475,0.2372469,0.024679814,0.028239522,0.026479136,0.061190527,0.6069604,0.6047048,0.0044493903,0.028685454,0.024679814,0.46865755,0.08466357,0.11979419,0.026294403,0.0056078495,0.0047296276,0.04382697,0.14945753,0.32103738,0.034352854,0.033159193,0.038703203,0.6009386,0.8647202,0.32103738,0.005066764,0.09517586,0.038703203,0.1539371,0.044908393,0.885495,0.0367326,0.15853974,0.016242739,0.8290061,0.11216227,0.75256234,0.9071357,0.079805754,0.8288107
beef,beef_portion06_day5_rep1,beef_portion06,5,1,Spoiled,2,0.4528277,0.35157156,0.0042413855,0.025536887,0.025651796,0.0058787223,0.12714596,0.98951894,0.4528277,0.003872462,0.013358356,0.025536887,0.39780724,0.021089993,0.1832415,0.025910573,0.0050470964,0.008065478,0.22017604,0.17932555,0.1443492,0.030708387,0.030685937,0.033018403,0.07188597,0.34917662,0.22017604,0.023160586,0.07727238,0.030708387,0.1974029,0.01444139,0.029964317,0.035944514,0.0032732754,0.0091024265,0.66728836,0.4306355,0.24863854,0.018248409,0.020862067,0.021312987,0.070879966,0.6259794,0.66728836,0.0034545641,0.023523955,0.018248409,0.5233762,0.08375527,0.14053565,0.019162912,0.005183339,0.005365324,0.062097054,0.1424143,0.32843018,0.027842997,0.029424053,0.030379878,0.6147223,0.8140238,0.32843018,0.0053037726,0.06965238,0.030379878,0.15114902,0.028311014,0.87876993,0.033041317,0.0061345217,0.005015757,0.2523886,0.14669116,0.7380056,0.35112542,0.85017806,0.8286236
beef,beef_portion06_day5_rep2,beef_portion06,5,2,Spoiled,2,0.45747837,0.35670152,0.004821362,0.026574101,0.028915053,0.007182394,0.12758267,0.9883463,0.45747837,0.004165751,0.015103531,0.026574101,0.40301126,0.02711073,0.18474399,0.028652247,0.07946588,0.008717349,0.2195691,0.18051733,0.1363264,0.032914113,0.033332538,0.035853993,0.08281982,0.38547286,0.2195691,0.022796243,0.09282492,0.032914113,0.19777502,0.012496829,0.035544503,0.038779672,0.0044375747,0.011056522,0.6669869,0.4306886,0.24954699,0.019872982,0.023397468,0.02145491,0.0705,0.62448436,0.6669869,0.0031699098,0.021949468,0.019872982,0.52340454,0.083418295,0.14017098,0.021188034,0.005590477,0.0035656877,0.063023865,0.14227071,0.31740007,0.028435448,0.026942383,0.027090425,0.61335665,0.80472124,0.31740007,0.0039803465,0.07373385,0.027090425,0.14924058,0.02458598,0.8848825,0.030809773,0.004793335,0.0045169727,0.25415736,0.140185,0.7447146,0.34930095,0.85080945,0.83549696
beef,beef_portion06_day5_rep3,beef_portion06,5,3,Spoiled,2,0.45337144,0.35157266,0.0044903075,0.026033027,0.028946286,0.006455441,0.12685207,0.98901486,0.45337144,0.0044105873,0.014441765,0.026033027,0.39789543,0.02415354,0.18327507,0.028502675,0.0523198,0.008690071,0.21474211,0.172773,0.14566618,0.033705313,0.03392004,0.03666619,0.09443196,0.32828745,0.21474211,0.17695753,0.097711645,0.033705313,0.19044778,0.016300742,0.03463607,0.03980921,0.0035682158,0.09565005,0.6633469,0.4283844,0.24840291,0.020397289,0.022183431,0.022376807,0.07098911,0.6240899,0.6633469,0.0036798501,0.023069102,0.020397289,0.5207125,0.083322495,0.13931027,0.020933477,0.004806366,0.0048740357,0.049424555,0.14223579,0.32591644,0.026532447,0.026623707,0.027738545,0.6088071,0.8514941,0.32591644,0.0025449058,0.06743555,0.027738545,0.14907268,0.025335588,0.87892765,0.030331919,0.005018613,0.004507184,0.25532284,0.14324072,0.7388144,0.35287872,0.84535307,0.8297665
beef,beef_portion07_day5_rep1,beef_portion07,5,1,Spoiled,2,0.5393483,0.37747115,0.0052487464,0.035104197,0.031052168,0.006918537,0.11411075,0.9897568,0.5393483,0.004715348,0.012915857,0.035104197,0.44290978,0.04759073,0.20058365,0.030991979,0.008642511,0.0097449655,0.14869699,0.102888845,0.17781691,0.014625878,0.014656855,0.01561668,0.7672511,0.4215549,0.17781691,0.0058520655,0.041789252,0.01561668,0.11562359,0.037403278,0.96286273,0.018106395,0.002626062,0.0040864344,0.6141154,0.40184447,0.27826786,0.02572063,0.026502335,0.023830416,0.05918707,0.5457716,0.6141154,0.003972432,0.022408124,0.02572063,0.48808363,0.07763218,0.10620735,0.025958266,0.0034282727,0.0054269405,0.014982475,0.12339086,0.2729903,0.015125749,0.022797896,0.018588718,0.59448886,0.9448489,0.2729903,0.008734598,0.05363823,0.018588718,0.11951901,0.11465411,0.8964206,0.023891836,0.29744405,0.011482357,0.8296321,0.108857945,0.770239,0.9349884,0.10196775,0.8727241
beef,beef_portion07_day5_rep2,beef_portion07,5,2,Spoiled,2,0.5340987,0.3699318,0.004911027,0.028363695,0.02371286,0.00643412,0.11295182,0.99029756,0.5340987,0.004127638,0.012287902,0.028363695,0.43627614,0.04935126,0.19861203,0.024104496,0.007585591,0.007599271,0.14857315,0.10340909,0.17526239,0.014999171,0.015113752,0.016095515,0.77068746,0.40979823,0.17526239,0.009251407,0.04646522,0.016095515,0.11583253,0.036436554,0.96478206,0.018523097,0.0030743382,0.0052110935,0.61290395,0.39977515,0.27571663,0.024545526,0.026661647,0.022782521,0.059084278,0.5489002,0.61290395,0.004738394,0.021758582,0.024545526,0.48636574,0.07809742,0.106803425,0.025441464,0.004801002,0.0053797923,0.014413551,0.12920612,0.27791536,0.015841823,0.021442937,0.019474171,0.59196466,0.94794726,0.27791536,0.008447517,0.055283874,0.019474171,0.12557976,0.1789836,0.89679015,0.022539394,0.36823872,0.012463393,0.83058256,0.10846257,0.7751061,0.9354987,0.15823264,0.87431324
beef,beef_portion07_day5_rep3,beef_portion07,5,3,Spoiled,2,0.5276628,0.36292058,0.0045222887,0.020309107,0.01834615,0.006174901,0.11211816,0.99102634,0.5276628,0.0037829285,0.012001204,0.020309107,0.42952144,0.05023436,0.19655922,0.017984316,0.006857144,0.0053862985,0.14352883,0.096100956,0.18226159,0.016413502,0.016645126,0.017342135,0.7576627,0.47388592,0.18226159,0.006287501,0.0435204,0.017342135,0.109026946,0.03974908,0.9553499,0.020371629,0.001957709,0.0038212116,0.6121557,0.39618465,0.27768648,0.027040245,0.028208846,0.024659906,0.05720684,0.54536533,0.6121557,0.0035838406,0.021493988,0.027040245,0.48358372,0.07979179,0.1044721,0.027422884,0.0039056398,0.0038139874,0.013501429,0.12024863,0.27885374,0.015162849,0.020046884,0.01847987,0.59755814,0.9512222,0.27885374,0.0074004303,0.052845653,0.01847987,0.11756688,0.021998564,0.8910122,0.021331502,0.07153252,0.010541557,0.82376575,0.110798955,0.7618254,0.9305317,0.06728562,0.86945593
beef,beef_portion08_day5_rep1,beef_portion08,5,1,Spoiled,2,0.5313854,0.42663732,0.0062619005,0.027239919,0.039853144,0.0074851043,0.13129283,0.98762757,0.5313854,0.0071834377,0.014291806,0.027239919,0.47436062,0.065522216,0.20778596,0.035226505,0.21069573,0.010430578,0.21788108,0.17677249,0.16152033,0.029764209,0.029968664,0.031302735,0.04000709,0.26157057,0.21788108,0.019587595,0.05961376,0.029764209,0.1956407,0.017125254,0.01710338,0.03506401,0.0023657128,0.0071341265,0.6271093,0.39976773,0.24651685,0.024353305,0.030654723,0.030418374,0.06534004,0.6061495,0.6271093,0.003675379,0.03399767,0.024353305,0.490435,0.082787454,0.12553856,0.027680414,0.0060162754,0.004869682,0.094383724,0.18831019,0.3296242,0.027910775,0.02311107,0.025636416,0.5979257,0.7143037,0.3296242,0.0040750923,0.07290859,0.025636416,0.19496179,0.067519054,0.9054045,0.026399404,0.24207002,0.009218011,0.34115526,0.08556349,0.7514914,0.3208947,0.8897297,0.8341034
beef,beef_portion08_day5_rep2,beef_portion08,5,2,Spoiled,2,0.5323888,0.42849725,0.006264485,0.026988659,0.038242463,0.007708385,0.13170175,0.98767763,0.5323888,0.0068666404,0.014722938,0.026988659,0.47590107,0.07157483,0.20823304,0.033997983,0.22379611,0.01002314,0.21932885,0.17902496,0.15794845,0.030182183,0.03049086,0.032598354,0.05144629,0.2833577,0.21932885,0.02347784,0.06711629,0.030182183,0.19765376,0.015916685,0.020788895,0.03554477,0.0029530358,0.0081487065,0.63303083,0.40907064,0.25411075,0.024915295,0.032465797,0.0319148,0.06635032,0.5980025,0.63303083,0.0036687914,0.035543375,0.024915295,0.4983319,0.08076063,0.12521312,0.029056288,0.0062773125,0.005075615,0.09459504,0.19171612,0.32825884,0.027764263,0.022963308,0.02488711,0.59509045,0.71254826,0.32825884,0.003918984,0.07164751,0.02488711,0.19782645,0.22518365,0.9079716,0.026170747,0.4146904,0.008837852,0.34008044,0.08648601,0.76847595,0.32483304,0.91152936,0.8508069
beef,beef_portion08_day5_rep3,beef_portion08,5,3,Spoiled,2,0.526265,0.41873848,0.0059956396,0.025997898,0.037797935,0.0075521995,0.13006921,0.9880653,0.526265,0.0069537833,0.014460978,0.025997898,0.4672058,0.027557272,0.20567507,0.0335363,0.091731526,0.009905992,0.21876845,0.17777218,0.15730675,0.02868481,0.028862689,0.03140201,0.05062603,0.28411514,0.21876845,0.018328534,0.06453334,0.02868481,0.19651003,0.01616536,0.020758629,0.03371024,0.0026262668,0.0069333077,0.62459576,0.39841115,0.24349397,0.023088045,0.029499397,0.029097378,0.06604597,0.6092824,0.62459576,0.00407047,0.032796446,0.023088045,0.48872924,0.082320474,0.12621468,0.026394157,0.0061913687,0.0049964553,0.09209582,0.19072857,0.32958898,0.027769502,0.023094334,0.025085924,0.595228,0.721324,0.32958898,0.0049837297,0.07173975,0.025085924,0.19676527,0.25686347,0.9065319,0.026112046,0.4325324,0.0099614365,0.32802448,0.09887476,0.78544235,0.31763116,0.91789424,0.8512362
beef,beef_portion09_day5_rep1,beef_portion09,5,1,Spoiled,2,0.698859,0.46515453,0.0086924,0.034384485,0.038762625,0.017823294,0.10812066,0.9869185,0.698859,0.004068789,0.023172345,0.034384485,0.55135304,0.07267922,0.23826459,0.03502642,0.0069862236,0.009985849,0.17803027,0.13302729,0.16491494,0.022109477,0.02287809,0.020415118,0.88102454,0.25500286,0.17803027,0.02950415,0.03592594,0.022109477,0.14808191,0.02792579,0.9716233,0.026909664,0.0032821696,0.13902512,0.6577114,0.4454655,0.34228113,0.02837325,0.0307485,0.030453006,0.052675575,0.4786765,0.6577114,0.0025295005,0.025856365,0.02837325,0.53229827,0.077645265,0.09291531,0.029288098,0.004809564,0.0037515648,0.06576879,0.17661685,0.35089839,0.035632275,0.03265127,0.03063286,0.60048527,0.81744224,0.35089839,0.0045137503,0.0845931,0.03063286,0.18445173,0.013775854,0.88467604,0.03647074,0.005753291,0.0045181355,0.8381202,0.14667706,0.74560976,0.9603239,0.09530378,0.86715716
beef,beef_portion09_day5_rep2,beef_portion09,5,2,Spoiled,2,0.7000337,0.46757773,0.0074551012,0.029582556,0.033688653,0.01325957,0.1087425,0.9884317,0.7000337,0.0037846637,0.017647259,0.029582556,0.5532877,0.07194323,0.23905006,0.030281877,0.0066984985,0.008736826,0.17387103,0.12785879,0.16523717,0.020206047,0.020703351,0.01903702,0.8631895,0.266702,0.17390381,0.017782558,0.034699593,0.020179162,0.14263482,0.02944553,0.9886837,0.024695016,0.0025283445,0.0037576891,0.6619391,0.44829565,0.34894,0.02873194,0.030372657,0.030493358,0.051454227,0.4719077,0.6619391,0.0026129305,0.025779162,0.02873194,0.53546596,0.0784223,0.09105672,0.028932828,0.0039464086,0.004387118,0.05119415,0.17369235,0.35060823,0.035038486,0.033704847,0.031651,0.5965363,0.8593546,0.35060823,0.0043229223,0.084183514,0.031651,0.18033583,0.01455911,0.8821403,0.037374448,0.03713838,0.003924941,0.8557993,0.14920329,0.7456213,0.981045,0.113993295,0.8694879
beef,beef_portion09_day5_rep3,beef_portion09,5,3,Spoiled,2,0.6943732,0.46106848,0.007923651,0.032099355,0.036637116,0.0154669015,0.107943,0.98791736,0.6943732,0.0039203153,0.02035198,0.032099355,0.5473935,0.07289905,0.23712382,0.03300118,0.0070806635,0.009325522,0.17812155,0.13290831,0.1646035,0.022101706,0.022814035,0.020253439,0.8822712,0.25603613,0.17812155,0.030325286,0.036688756,0.022101706,0.1480587,0.027908036,0.9615796,0.026828669,0.0032296188,0.16947924,0.6538431,0.4459847,0.34628794,0.02860911,0.029968439,0.030260975,0.052306205,0.46948192,0.6538431,0.0023818496,0.025918372,0.02860911,0.53120625,0.07593783,0.090320595,0.028697666,0.0040818835,0.0042457595,0.05569738,0.17411101,0.34652728,0.036136594,0.032352954,0.030732036,0.59681624,0.84459656,0.34652728,0.003713219,0.08884783,0.030732036,0.18059553,0.017089818,0.8849751,0.03627722,0.069017835,0.0050149336,0.8284496,0.14772423,0.7465699,0.9529959,0.08392816,0.8705554
beef,beef_portion10_day5_rep1,beef_portion10,5,1,Spoiled,2,0.6847668,0.45693833,0.00571163,0.051123034,0.06628175,0.007166982,0.10825004,0.9906386,0.6847668,0.00843617,0.010894714,0.051123034,0.5415261,0.07096966,0.23537694,0.057840057,0.014130128,0.017511457,0.32971537,0.2533723,0.06482144,0.02500825,0.025303137,0.02620392,0.1161562,0.80606765,0.32971537,0.0033327949,0.0663953,0.02500825,0.28771293,0.018555326,0.12178401,0.027363071,0.004074811,0.0033803058,0.6378014,0.4066221,0.2729752,0.029821737,0.034850918,0.033479758,0.058895208,0.57156503,0.6378014,0.003807959,0.036927875,0.029821737,0.49930736,0.08523159,0.11526025,0.032193728,0.006985222,0.004913211,0.0847414,0.1791511,0.21736026,0.022834059,0.02194665,0.026417514,0.5456396,0.6151947,0.21736026,0.008417055,0.06180855,0.026417514,0.17173801,0.9759759,0.96676296,0.026174832,0.0029564553,0.0052857357,0.2829695,0.12811652,1.2209443,0.22194703,1.2822222,1.2750623
beef,beef_portion10_day5_rep2,beef_portion10,5,2,Spoiled,2,0.6885524,0.46594375,0.005441273,0.0505552,0.065799035,0.0065154196,0.109824434,0.9910641,0.6885524,0.00840886,0.009956041,0.0505552,0.54841894,0.06786876,0.23740862,0.057302468,0.014525537,0.01733454,0.3310679,0.25433788,0.06003405,0.025132606,0.025178604,0.02545457,0.11740553,0.8212362,0.3310679,0.0026894924,0.06589033,0.025132606,0.28883746,0.01846174,0.12411556,0.027356079,0.0034139901,0.0038557919,0.6381521,0.41191307,0.27766287,0.027690813,0.032844413,0.032174017,0.059831038,0.56427974,0.6381521,0.00373393,0.035304993,0.027690813,0.5027208,0.08281498,0.11434009,0.030191429,0.0066828956,0.005053425,0.08703825,0.18066993,0.21434715,0.023672989,0.021700181,0.024729202,0.5418514,0.5992827,0.21434715,0.008143832,0.066146754,0.024729202,0.17323606,0.97542024,0.9699751,0.025889056,0.0039817845,0.0035532028,0.28750464,0.13212712,1.2251798,0.22356871,1.2824241,1.2796154
beef,beef_portion10_day5_rep3,beef_portion10,5,3,Spoiled,2,0.69055086,0.4691481,0.005519001,0.05264079,0.06858271,0.0066892835,0.11026669,0.99101454,0.69055086,0.0086118365,0.010169492,0.05264079,0.5510455,0.067102574,0.23815322,0.059751038,0.014753274,0.018072184,0.33103412,0.25334224,0.055885788,0.024265345,0.024246512,0.024915928,0.117620535,0.83358467,0.33103412,0.002184144,0.06453077,0.024265345,0.28802288,0.018888019,0.12530509,0.02637689,0.002763588,0.003957934,0.63720393,0.40936497,0.27295917,0.028345,0.032801893,0.03150921,0.059927497,0.57101995,0.63720393,0.0034995063,0.035066012,0.028345,0.5006817,0.08344425,0.11588181,0.03023155,0.0066630663,0.004876392,0.089587346,0.1819134,0.215886,0.023727642,0.02162332,0.024585785,0.5423927,0.5902671,0.215886,0.0078729745,0.065471746,0.024585785,0.17481576,0.97605246,0.96988356,0.025835788,0.0032742843,0.003745707,0.2902417,0.1332436,1.2260376,0.2224412,1.2815197,1.2775981
beef,beef_portion11_day5_rep1,beef_portion11,5,1,Spoiled,2,0.6933436,0.45978624,0.005665196,0.021950912,0.028920988,0.006882137,0.10804639,0.99089617,0.6933436,0.004374812,0.010207048,0.021950912,0.54631907,0.07307381,0.2372119,0.02447752,0.00853757,0.007049878,0.2237314,0.18402316,0.17443474,0.028779732,0.028897163,0.029046617,0.030697731,0.22198936,0.2237314,0.0093494,0.037262462,0.028779732,0.20405293,0.016685935,0.013039769,0.033820875,0.0019252459,0.0033410029,0.62782896,0.40215,0.28945237,0.033653516,0.03851712,0.036466587,0.053502277,0.5388743,0.62782896,0.0026328787,0.035052042,0.033653516,0.49330497,0.08441138,0.10294513,0.035939224,0.0055661667,0.003183356,0.053363804,0.1507233,0.33143926,0.025955299,0.026164517,0.024889959,0.6066489,0.8418401,0.33143926,0.0024004837,0.06507399,0.024889959,0.1577376,0.022091322,0.88083285,0.029470965,0.0055705104,0.0040256786,0.41301194,0.14479849,0.7535534,0.31038114,0.86904496,0.84946954
beef,beef_portion11_day5_rep2,beef_portion11,5,2,Spoiled,2,0.6911639,0.45867687,0.005562465,0.022717845,0.029404163,0.006684808,0.108153224,0.9910216,0.6911639,0.004445188,0.010039973,0.022717845,0.5448535,0.072673276,0.2367081,0.025009084,0.00873278,0.007236168,0.21975298,0.1830956,0.172823,0.030387443,0.030223968,0.030622814,0.035769265,0.21562557,0.21975298,0.016210053,0.039921038,0.030387443,0.20195714,0.015309244,0.012815865,0.035394926,0.0032467253,0.0030243706,0.62805843,0.40505263,0.29151118,0.030932337,0.03607146,0.033669684,0.054286785,0.53550166,0.62805843,0.0034921614,0.03233457,0.030932337,0.49517012,0.0830783,0.10280301,0.033571392,0.0056792446,0.0033902503,0.0480277,0.14747903,0.32942814,0.027350174,0.026182001,0.024359053,0.6064594,0.8572332,0.32942814,0.00290755,0.07062644,0.024359053,0.15407686,0.022772696,0.87989634,0.029415673,0.0058883238,0.004604642,0.41351697,0.14320363,0.75424635,0.31410855,0.8684335,0.85079694
beef,beef_portion11_day5_rep3,beef_portion11,5,3,Spoiled,2,0.6917071,0.4552334,0.005555968,0.020819033,0.026880817,0.0068207295,0.10727908,0.9910802,0.6917071,0.0039640614,0.0103070745,0.020819033,0.54286486,0.07474647,0.23627143,0.023004256,0.0075123655,0.006694852,0.22107343,0.18467543,0.17483963,0.028330052,0.028197479,0.028217688,0.035280183,0.21035817,0.22107343,0.01606289,0.03531494,0.028330052,0.20383486,0.01523045,0.012450723,0.032966446,0.003455576,0.002400435,0.6270928,0.40457168,0.29011822,0.033127233,0.035750367,0.033998862,0.05484999,0.5371034,0.6270928,0.002488616,0.031059362,0.033127233,0.49428463,0.08284123,0.10317934,0.034461983,0.003963593,0.0026824262,0.047002643,0.14749211,0.32870516,0.029108874,0.025953684,0.023981296,0.6058137,0.8598254,0.32870516,0.0037340287,0.07678297,0.023981296,0.15388498,0.022424992,0.88012195,0.029202402,0.005580443,0.00492259,0.41058397,0.14191218,0.7540467,0.31171137,0.8691376,0.85038924
beef,beef_portion12_day5_rep1,beef_portion12,5,1,Spoiled,2,0.44989675,0.38160822,0.017697461,0.03769419,0.0434713,0.03101513,0.13840778,0.96292293,0.44989675,0.0045484435,0.058436286,0.03769419,0.41868952,0.18459184,0.18522605,0.042313285,0.38083255,0.008906472,0.15693909,0.111137584,0.18323193,0.024294715,0.024933798,0.024328412,0.7707297,0.3984411,0.18323193,0.0070409887,0.062394608,0.024328412,0.12560764,0.036148913,0.96506435,0.029947596,0.0035237228,0.0039555538,0.66976744,0.43247965,0.22940806,0.019561583,0.020103507,0.020074693,0.07447135,0.6565717,0.66976744,0.002487612,0.020889752,0.019561583,0.5239061,0.08299714,0.15142745,0.019396966,0.0029276544,0.003595434,0.018782895,0.14159828,0.35793456,0.015392898,0.018653797,0.029604476,0.6045105,0.9467235,0.35793456,0.0025878835,0.040943716,0.029604476,0.15150735,0.033473574,0.8592033,0.021830948,0.004837557,0.008978217,0.8462151,0.15011449,0.7405865,0.90710604,0.109016135,0.801299
beef,beef_portion12_day5_rep2,beef_portion12,5,2,Spoiled,2,0.4383373,0.37078792,0.009628624,0.034132376,0.036044065,0.020137353,0.13834652,0.9789454,0.4383373,0.0032291375,0.038286306,0.034132376,0.40740162,0.10761093,0.18359637,0.036155976,0.3033125,0.008899254,0.15388611,0.11007291,0.17850403,0.024897225,0.025114717,0.02498872,0.7716505,0.38881785,0.17850403,0.0049825837,0.057486203,0.02498872,0.12324471,0.0345905,0.96730465,0.030499743,0.002598186,0.0030437652,0.6669108,0.43152997,0.22486895,0.019253882,0.01938268,0.02090961,0.07538497,0.6623629,0.6669108,0.0018642138,0.02229988,0.019253882,0.5219891,0.08204458,0.15309383,0.019046552,0.0019561453,0.003505923,0.017217163,0.14300488,0.36284748,0.014712069,0.018551407,0.026512844,0.60425043,0.9519265,0.36284748,0.0031178782,0.038407877,0.026512844,0.15367392,0.034213193,0.8570633,0.021007748,0.005607027,0.00809272,0.83682483,0.121302664,0.7234105,0.9078481,0.11436448,0.7959378
beef,beef_portion12_day5_rep3,beef_portion12,5,3,Spoiled,2,0.4441135,0.37456894,0.008269986,0.031807538,0.03278579,0.016357725,0.13815498,0.98147404,0.4441135,0.0030430316,0.031602375,0.031807538,0.41200864,0.07171875,0.18535537,0.03295183,0.24928764,0.00888187,0.15523386,0.11149711,0.17971522,0.023560982,0.023694824,0.023586364,0.7716651,0.38429967,0.17971522,0.0043231924,0.05366936,0.023586364,0.12501578,0.034497652,0.967508,0.028848471,0.0024800554,0.002545035,0.6680507,0.43359748,0.22558315,0.0192898,0.019139756,0.020060057,0.07591491,0.6617093,0.6680507,0.0023527404,0.020950224,0.0192898,0.52383,0.08143926,0.15348406,0.018858455,0.0027681154,0.0035018923,0.020778518,0.14171425,0.35790244,0.016208852,0.019704537,0.027081301,0.6051538,0.94164157,0.35790244,0.0031035435,0.04186351,0.027081301,0.15185365,0.033698667,0.8591919,0.022429157,0.00515581,0.0073398873,0.83397424,0.116680264,0.7233131,0.90768456,0.11159432,0.79916775
beef,beef_portion13_day5_rep1,beef_portion13,5,1,Spoiled,2,0.58185613,0.4052114,0.005121324,0.039899003,0.030364519,0.006886129,0.11361763,0.99042195,0.58185613,0.0037876742,0.012267271,0.039899003,0.4750891,0.05211883,0.21162683,0.032092236,0.008076779,0.010515298,0.19153312,0.13609819,0.12725101,0.026609879,0.027676126,0.022528943,0.019344123,0.33676106,0.19153312,0.032148432,0.042219035,0.026609879,0.15240343,0.026524851,0.017026933,0.032345828,0.0034847525,0.005933264,0.65337074,0.4418272,0.33331925,0.026224801,0.027496094,0.027792515,0.054430153,0.48876294,0.65337074,0.002290235,0.023307336,0.026224801,0.5281612,0.07714689,0.09609125,0.026673144,0.0035355475,0.0033992874,0.02778995,0.15156542,0.32145196,0.017293366,0.017224822,0.019505028,0.5941149,0.9134611,0.32145196,0.0041715517,0.050528843,0.019505028,0.15429524,0.01679441,0.8850469,0.01897159,0.056112222,0.009173072,0.37769064,0.1295821,0.7467604,0.3873083,0.86807656,0.87513953
beef,beef_portion13_day5_rep2,beef_portion13,5,2,Spoiled,2,0.58920157,0.41015688,0.005098409,0.03957002,0.030087044,0.006756484,0.11360262,0.99048865,0.58920157,0.003813008,0.011960513,0.03957002,0.48074538,0.05272815,0.21357663,0.03177667,0.00817667,0.010475921,0.19042903,0.13088368,0.12221357,0.025431361,0.02604871,0.0218136,0.03794967,0.35983294,0.19042903,0.13854794,0.048951086,0.025431361,0.1476473,0.028717825,0.017892865,0.030535815,0.0047988985,0.0058193924,0.6500729,0.4402837,0.33139595,0.026630042,0.02960393,0.031045137,0.054603636,0.4893489,0.6500729,0.002772763,0.029063787,0.026630042,0.5259691,0.076295815,0.09599699,0.028142538,0.0046055363,0.0046399413,0.03092852,0.14947005,0.31230444,0.020846767,0.01800276,0.022059444,0.5940761,0.900542,0.31230444,0.0056257905,0.06316879,0.022059444,0.15125558,0.08636603,0.8893358,0.019861154,0.25791043,0.012349832,0.3870697,0.12816237,0.7525593,0.3892188,0.87335515,0.87743837
beef,beef_portion13_day5_rep3,beef_portion13,5,3,Spoiled,2,0.58478725,0.40649128,0.0059082555,0.04314703,0.033872504,0.0077711158,0.11332773,0.9891099,0.58478725,0.0039982516,0.013652142,0.04314703,0.476918,0.05281076,0.21209757,0.035536487,0.008109921,0.01151783,0.2015148,0.13885137,0.13160862,0.030354943,0.03594018,0.027182464,0.036325864,0.35024065,0.2015148,0.14251442,0.04634589,0.030354943,0.15834108,0.029962096,0.01767605,0.039933506,0.007036643,0.0058028307,0.6520112,0.4428772,0.33684367,0.026895383,0.028836792,0.029352132,0.053889442,0.4823688,0.6520112,0.002411289,0.025280705,0.026895383,0.52841246,0.07622933,0.09424112,0.027734814,0.004224757,0.0035894131,0.026881764,0.14424704,0.3239698,0.01998432,0.017906481,0.020567965,0.5989795,0.9172781,0.3239698,0.004084146,0.057741888,0.020567965,0.14828332,0.019617038,0.8794966,0.020159934,0.0069743753,0.008865337,0.37391582,0.13072968,0.74466366,0.38073048,0.8619413,0.87425923
beef,beef_portion14_day5_rep1,beef_portion14,5,1,Spoiled,2,0.6269025,0.47095332,0.0054877005,0.023503857,0.024577953,0.007187987,0.12293491,0.9902519,0.6269025,0.0024899212,0.011696703,0.023503857,0.53267765,0.036926743,0.22906739,0.023450073,0.0038023032,0.0070460564,0.1872595,0.1426858,0.16953614,0.02626498,0.027122386,0.024663383,0.89872354,0.2407819,0.1872595,0.03724468,0.037623923,0.02626498,0.15912084,0.02644771,0.93343395,0.031549085,0.003592769,0.23708399,0.64355224,0.4104417,0.260715,0.021154564,0.022739092,0.024212124,0.06315397,0.5936892,0.64355224,0.0025545117,0.026658336,0.021154564,0.502586,0.08492982,0.12415409,0.021142446,0.0043653855,0.0045787273,0.051798854,0.16217633,0.3397052,0.022487478,0.021243848,0.021965045,0.6016983,0.8487434,0.3397052,0.0033187764,0.056046687,0.021965045,0.16900031,0.01721576,0.8819754,0.02386927,0.018965436,0.0039340416,0.7973624,0.11923339,0.74762195,0.8810916,0.053205393,0.8307573
beef,beef_portion14_day5_rep2,beef_portion14,5,2,Spoiled,2,0.6227152,0.4685076,0.0044791796,0.021747487,0.024633236,0.00590874,0.12321061,0.9918535,0.6227152,0.0029798483,0.00999232,0.021747487,0.52991444,0.03636306,0.22825173,0.022879666,0.004606564,0.0069155735,0.18542379,0.14106408,0.16733046,0.023737779,0.024661098,0.021780351,0.9008317,0.241654,0.18542379,0.038630366,0.0360379,0.023737779,0.15709913,0.026290063,0.9326006,0.028893571,0.0037573555,0.23887527,0.6422505,0.41007304,0.25937685,0.020460697,0.022276552,0.024278397,0.063440695,0.59495574,0.6422505,0.0027138847,0.027561588,0.020460697,0.5019455,0.08450107,0.12450658,0.02051906,0.0046334537,0.0050070686,0.055553757,0.16056742,0.33999032,0.02271862,0.019810665,0.022284038,0.6039446,0.837613,0.33999032,0.0035019403,0.057342365,0.022284038,0.16799292,0.018692264,0.8813476,0.022676447,0.00390777,0.004739138,0.79699445,0.11773948,0.7468826,0.8805246,0.05294595,0.82985747
beef,beef_portion14_day5_rep3,beef_portion14,5,3,Spoiled,2,0.63044995,0.47527176,0.005229629,0.022762103,0.02712203,0.006561623,0.12329393,0.9906536,0.63044995,0.003088666,0.010818459,0.022762103,0.5366338,0.036222186,0.23036759,0.024903793,0.0050586853,0.0073809647,0.18673736,0.14169887,0.17310897,0.026288593,0.027051633,0.024704697,0.88270366,0.24412118,0.18676603,0.0354196,0.037700005,0.026258707,0.15850757,0.027082013,0.94490796,0.03148903,0.0037474514,0.20862135,0.6470341,0.41167098,0.2635774,0.021225931,0.022977024,0.023887513,0.062125564,0.59143174,0.6470341,0.0024961156,0.025929524,0.021225931,0.5047732,0.0859539,0.12358892,0.021317767,0.0045486637,0.0044729426,0.05648383,0.16054924,0.3400638,0.022937162,0.020863356,0.02208615,0.6047271,0.83525354,0.3400638,0.002108789,0.056210402,0.02208615,0.16815045,0.018901171,0.88132304,0.02377933,0.0037294293,0.0036851831,0.8084744,0.122024685,0.7482132,0.89326966,0.06483019,0.8318485
beef,beef_portion15_day5_rep1,beef_portion15,5,1,Spoiled,2,0.6342831,0.46258324,0.0057696747,0.037841592,0.046688907,0.007768612,0.119007505,0.9900934,0.6342831,0.0064602024,0.012414059,0.037841592,0.5292683,0.04511691,0.22871476,0.041730173,0.01149495,0.012600454,0.22772366,0.1837422,0.1264358,0.0329081,0.033842742,0.024538629,0.085246146,0.43843937,0.22772366,0.02634825,0.1001564,0.0329081,0.20253037,0.013820368,0.044331115,0.037965775,0.0050872676,0.018927295,0.61572266,0.39432946,0.26150107,0.024165956,0.026416248,0.021474885,0.05998265,0.57406145,0.61572266,0.004334606,0.023576902,0.024165956,0.48354903,0.08153006,0.11341873,0.02512437,0.0043370035,0.00694545,0.06546852,0.17344029,0.2590143,0.027280828,0.025312154,0.026918288,0.5693901,0.7442294,0.2590143,0.015887305,0.105182946,0.026918288,0.16891515,0.8940816,0.9368778,0.027583037,0.28684196,0.01922696,0.3764764,0.12926464,1.1627942,0.2972023,1.2540451,1.1988825
beef,beef_portion15_day5_rep2,beef_portion15,5,2,Spoiled,2,0.6307513,0.45709428,0.0056474563,0.038806662,0.0460062,0.0071546864,0.118211366,0.9901741,0.6307513,0.0059841857,0.011662784,0.038806662,0.5244771,0.046457414,0.22730342,0.041707005,0.01061597,0.0127019975,0.2311897,0.19155337,0.12628137,0.03670065,0.035908308,0.024443459,0.096611574,0.4468723,0.2311897,0.021119688,0.09362285,0.03670065,0.20974258,0.010579384,0.048328124,0.040751766,0.0046967864,0.018559873,0.6199484,0.3953357,0.26299018,0.02643868,0.029905345,0.022407606,0.059059296,0.5746369,0.6199484,0.005884535,0.022383953,0.02643868,0.48556206,0.08288172,0.11379794,0.027787447,0.0050538573,0.0074987095,0.07943857,0.18419701,0.2558493,0.026606528,0.023920093,0.026433501,0.56349033,0.6868627,0.2558493,0.015109814,0.099441975,0.026433501,0.18012795,0.9558237,0.9459085,0.026403528,0.1614214,0.017786328,0.3638368,0.12539779,1.2090975,0.29255822,1.303846,1.2440761
beef,beef_portion15_day5_rep3,beef_portion15,5,3,Spoiled,2,0.63948715,0.46271873,0.0057265568,0.03563077,0.044879302,0.0070810653,0.1180617,0.99013877,0.63948715,0.0064439983,0.011331836,0.03563077,0.53099513,0.04735997,0.22952126,0.039673366,0.011791144,0.011867926,0.23889391,0.1990838,0.124329954,0.036039025,0.03611591,0.027664173,0.1010155,0.4729093,0.23889391,0.022957552,0.11117537,0.036039025,0.21823837,0.02455886,0.05373796,0.040470034,0.1203196,0.020593107,0.6248071,0.39997774,0.2622322,0.023860922,0.02787803,0.022215461,0.0607058,0.5791726,0.6248071,0.0053817094,0.022780012,0.023860922,0.4902918,0.082383305,0.1164924,0.02540856,0.0055318177,0.006672578,0.066122375,0.1744975,0.25580496,0.02953515,0.026732268,0.025915073,0.56694597,0.73856723,0.25580496,0.015944472,0.11630969,0.025915073,0.16955042,0.9097636,0.9393835,0.02920206,0.261835,0.019369686,0.35949472,0.1251356,1.1740046,0.2851225,1.2531265,1.2101996
beef,beef_portion16_day5_rep1,beef_portion16,5,1,Spoiled,2,0.559372,0.43741795,0.005489063,0.03790067,0.022898426,0.008408282,0.12822907,0.9894386,0.559372,0.0048036124,0.015363916,0.03790067,0.48997855,0.024090294,0.21369815,0.026027326,0.009749178,0.008838804,0.1943058,0.14190128,0.1327274,0.024828656,0.024055311,0.021279782,0.0213547,0.31685466,0.1943058,0.030900119,0.048285007,0.024828656,0.15840903,0.024498371,0.016323708,0.028646657,0.0035420714,0.0061318083,0.6376012,0.4257201,0.31060714,0.03394466,0.035441592,0.034988917,0.056785513,0.51233286,0.6376012,0.0037132183,0.03144586,0.03394466,0.5119918,0.0772725,0.1003501,0.034268375,0.004996211,0.004800121,0.035723403,0.15007886,0.26933715,0.023038885,0.019600831,0.019230517,0.583346,0.8690727,0.26933715,0.004000191,0.076750055,0.019230517,0.14530194,0.7391614,0.9153743,0.022631591,0.4360899,0.0071957633,0.38586938,0.12712479,1.0594707,0.3672415,1.1485673,1.1121254
beef,beef_portion16_day5_rep2,beef_portion16,5,2,Spoiled,2,0.5532221,0.43352965,0.0047162278,0.036250193,0.02302548,0.006814378,0.12848035,0.9908495,0.5532221,0.0045313565,0.012603949,0.036250193,0.4855648,0.023305174,0.21227533,0.025744624,0.009135161,0.008624983,0.19485743,0.1432574,0.13183227,0.02509001,0.02379951,0.02047962,0.025630735,0.32265487,0.19485743,0.018146273,0.04858664,0.02509001,0.15961957,0.023805454,0.017447995,0.028398592,0.003609617,0.0065388596,0.6385766,0.42695376,0.31350493,0.034811504,0.03737936,0.038076058,0.05591498,0.5087125,0.6385766,0.0037397381,0.034827244,0.034811504,0.5131961,0.07716216,0.09924154,0.035866044,0.0046862606,0.0061322786,0.043110337,0.15635467,0.2684209,0.025681382,0.021118872,0.020176498,0.5810048,0.8418213,0.2684209,0.0038033105,0.08269459,0.020176498,0.1516892,0.8934047,0.9199771,0.024419652,0.30227244,0.00729157,0.37973443,0.1282213,1.1702086,0.36681536,1.2533255,1.2126607
beef,beef_portion16_day5_rep3,beef_portion16,5,3,Spoiled,2,0.5472484,0.43264937,0.0058468105,0.034724843,0.023610944,0.009235705,0.12953003,0.98871106,0.5472484,0.003875875,0.016804852,0.034724843,0.4831855,0.021053588,0.21110365,0.026065897,0.0075603914,0.008507613,0.1972937,0.13962658,0.13242736,0.02623744,0.02380719,0.020553108,0.025167383,0.3273065,0.1972937,0.10437751,0.05613321,0.02623744,0.15766361,0.027568812,0.016183905,0.028747227,0.0033828416,0.0070556244,0.6395152,0.42547253,0.3171328,0.034963895,0.03812223,0.03939157,0.053772055,0.50392485,0.6395152,0.0034874429,0.035955366,0.034963895,0.5128292,0.078651495,0.097088486,0.036365576,0.0050086435,0.005920482,0.044131026,0.15300746,0.26727486,0.025209641,0.022043133,0.02108896,0.58347964,0.8375063,0.26727486,0.004455361,0.08148277,0.02108896,0.14857213,0.72149235,0.91874707,0.025347693,0.44454858,0.007762982,0.37947416,0.13113247,1.0503998,0.3678282,1.1385221,1.1050115
beef,beef_portion17_day5_rep1,beef_portion17,5,1,Spoiled,2,0.55395424,0.38674748,0.0056378986,0.02755635,0.028371487,0.0073870346,0.11376677,0.9891655,0.55395424,0.003602507,0.013694956,0.02755635,0.45401013,0.049263377,0.20424652,0.027511373,0.0052832873,0.008457806,0.30902928,0.25172168,0.07505819,0.021967698,0.022224482,0.022554249,0.12408516,0.75894016,0.30902928,0.0032695816,0.056034077,0.021967698,0.28017816,0.009354638,0.1133684,0.024157079,0.0032155372,0.0026457242,0.638428,0.41844586,0.26793393,0.024191549,0.028641334,0.024288489,0.06536845,0.5793268,0.638428,0.0045042397,0.023265153,0.024191549,0.5060157,0.078650124,0.12159404,0.026237627,0.005590472,0.0038014266,0.05002442,0.14405857,0.21138225,0.026717564,0.026667612,0.034340892,0.5656866,0.7691755,0.21138225,0.013286761,0.10356477,0.034340892,0.13345481,0.9075985,0.94841254,0.0316794,0.26570702,0.015357258,0.20017266,0.10197841,1.180372,0.23637286,1.2351795,1.228652
beef,beef_portion17_day5_rep2,beef_portion17,5,2,Spoiled,2,0.56595373,0.40181008,0.005744398,0.030962562,0.035215702,0.006764091,0.11566993,0.98909384,0.56595373,0.005074996,0.012244704,0.030962562,0.46776116,0.046570756,0.20855324,0.032821376,0.008260969,0.009946391,0.31282574,0.24915682,0.07638906,0.020682236,0.021928472,0.022133391,0.12002646,0.7573188,0.31282574,0.0053400197,0.056185283,0.020682236,0.27947953,0.013099961,0.11231249,0.023339124,0.0053025647,0.0029561678,0.63679135,0.41821948,0.26785588,0.024750449,0.028695378,0.024931083,0.06514873,0.5785593,0.63679135,0.0043079173,0.023904875,0.024750449,0.5052892,0.07806328,0.12114464,0.026343156,0.004994006,0.0039271573,0.051774442,0.15103354,0.22718054,0.034969475,0.039064694,0.05423612,0.56809205,0.7745374,0.22718054,0.013536711,0.119069815,0.05423612,0.14204721,0.85512334,0.94296426,0.04456328,0.33366948,0.021377724,0.21408537,0.10020178,1.1398273,0.23513453,1.1907449,1.1879202
beef,beef_portion17_day5_rep3,beef_portion17,5,3,Spoiled,2,0.5547143,0.38702232,0.0052760006,0.0273094,0.027492955,0.0068130144,0.113676496,0.98985404,0.5547143,0.0036957604,0.012644783,0.0273094,0.4544205,0.049468134,0.20449199,0.02668921,0.0060002916,0.008184677,0.3105507,0.2493396,0.07707178,0.022141185,0.022937546,0.023091614,0.1211199,0.75368327,0.3105507,0.0057661957,0.057647593,0.022141185,0.27887544,0.011780942,0.11156279,0.024612423,0.0050474764,0.004251992,0.64111507,0.42576715,0.2706762,0.02707805,0.034458485,0.02696922,0.067437336,0.5770024,0.64111507,0.00620312,0.025581378,0.02707805,0.5116012,0.07599313,0.12268073,0.030798089,0.007345907,0.005067339,0.05041174,0.14894128,0.21675149,0.027200507,0.026311861,0.04254498,0.5634001,0.76719695,0.21675149,0.0138788065,0.110814616,0.04254498,0.13892008,0.91295207,0.94809884,0.03155363,0.25460193,0.02010448,0.20216882,0.103277735,1.1824111,0.24167767,1.2375337,1.2331693
beef,beef_portion18_day5_rep1,beef_portion18,5,1,Spoiled,2,0.42244375,0.372565,0.0050835297,0.039945748,0.043640006,0.0070052943,0.14447396,0.9872646,0.42244375,0.004772177,0.0159489,0.039945748,0.40412322,0.6793383,0.18277772,0.043600336,0.4623384,0.013532277,0.14609998,0.08834892,0.15972461,0.021701163,0.021024223,0.025768973,0.80169636,0.45104024,0.15998542,0.016945226,0.058407415,0.02554174,0.10153565,0.04171666,0.9671493,0.026431384,0.0035422805,0.0069937687,0.6620852,0.42841336,0.27812424,0.012801376,0.0138040865,0.014247635,0.06323521,0.5784581,0.6620852,0.003915148,0.01555822,0.012801376,0.5206858,0.084239826,0.12306922,0.012867022,0.003466308,0.004557134,0.016669199,0.14357242,0.3870793,0.016467314,0.02481702,0.033588182,0.60769355,0.95733607,0.3870793,0.0037908244,0.038407013,0.033588182,0.15883414,0.04314479,0.84438545,0.027713101,0.005700149,0.007282865,1.0551585,0.60933906,0.9500703,0.94338024,0.13548478,0.8080362
beef,beef_portion18_day5_rep2,beef_portion18,5,2,Spoiled,2,0.41940737,0.3713856,0.004854645,0.042703807,0.045488,0.006905153,0.14512016,0.98770595,0.41940737,0.0046087867,0.016109226,0.042703807,0.4022211,0.74911124,0.18214713,0.045782547,0.4284602,0.014393964,0.14596896,0.08925968,0.16100264,0.021829523,0.021818893,0.026282659,0.79857063,0.44947377,0.1611583,0.017172191,0.06291964,0.026061356,0.102322415,0.04140944,0.9669539,0.02705936,0.003899548,0.0073147537,0.66189605,0.42918733,0.2738657,0.012442084,0.01303355,0.014879869,0.064705096,0.58465964,0.66189605,0.0039718035,0.017810171,0.012442084,0.5207296,0.08358214,0.12549394,0.012418167,0.00309968,0.0056040506,0.016065063,0.14362521,0.38652602,0.016986907,0.025212489,0.034181822,0.60747904,0.9590995,0.38652602,0.0036762687,0.03938152,0.034181822,0.15867768,0.042809006,0.844749,0.028223243,0.005305482,0.0068140766,1.0985003,0.67836773,0.99860775,0.94069016,0.13458051,0.8062703
beef,beef_portion18_day5_rep3,beef_portion18,5,3,Spoiled,2,0.42601898,0.37853104,0.004751749,0.040336523,0.045453027,0.006947448,0.14549008,0.9882499,0.42601898,0.0047989273,0.015590642,0.040336523,0.40937772,0.77833194,0.18454851,0.045236498,0.40931118,0.0139241405,0.14493209,0.08859438,0.15788864,0.021260686,0.021714307,0.025117131,0.8022054,0.44407934,0.1582377,0.018347558,0.062044263,0.024775129,0.10114121,0.04067534,0.96848345,0.02673843,0.0034787154,0.00683969,0.6605119,0.4282092,0.2757005,0.012500881,0.013379547,0.013936216,0.06398339,0.5810615,0.6605119,0.0038297651,0.015812233,0.012500881,0.5199411,0.083617344,0.12401971,0.012579029,0.003089562,0.004802181,0.013889152,0.1388171,0.38018012,0.014393416,0.02241707,0.033038527,0.60809255,0.96360725,0.38018012,0.003545152,0.03461464,0.033038527,0.15350582,0.043484505,0.8452971,0.025501924,0.005920786,0.008576154,1.1196879,0.70605695,1.0208133,0.94358695,0.13388361,0.81001633
beef,beef_portion19_day5_rep1,beef_portion19,5,1,Spoiled,2,0.7252686,0.46605086,0.005849544,0.024994768,0.03398702,0.011240966,0.10457007,0.9910121,0.7252686,0.0046531307,0.014646812,0.024994768,0.56068027,0.08396721,0.24308138,0.02854449,0.0090014255,0.008093284,0.23386651,0.18107027,0.13025528,0.024003861,0.021911526,0.02062791,0.07834145,0.4414301,0.23386651,0.011018276,0.068742,0.024003861,0.20279323,0.018766407,0.04206771,0.02552658,0.002741954,0.010322367,0.6243684,0.39606902,0.30095768,0.023091733,0.028105145,0.02933532,0.04769177,0.5169639,0.6243684,0.0032651543,0.032027807,0.023091733,0.48938376,0.08700527,0.09431463,0.025981992,0.005514942,0.00457308,0.016837588,0.12853037,0.30327645,0.022619113,0.033570122,0.034637276,0.600316,0.9491093,0.30327645,0.0060063004,0.059707116,0.034637276,0.12920897,0.02572496,0.8819048,0.037391685,0.06671061,0.0031590671,0.41562092,0.16499688,0.7730815,0.29919964,0.84308326,0.8682047
beef,beef_portion19_day5_rep2,beef_portion19,5,2,Spoiled,2,0.72661155,0.46894848,0.0058331597,0.025404317,0.035656508,0.011629581,0.105065644,0.99103415,0.72661155,0.005056829,0.014950347,0.025404317,0.56291384,0.08303599,0.24371369,0.029605702,0.009904331,0.008352939,0.2382241,0.18642193,0.13083263,0.02747949,0.026371608,0.02409363,0.08115738,0.44778684,0.2382241,0.015246506,0.085542396,0.02747949,0.20841591,0.017695518,0.04462049,0.030067826,0.0031938844,0.014723468,0.6253555,0.397973,0.3020772,0.022841228,0.02823769,0.028389685,0.048163615,0.5159456,0.6253555,0.0029880381,0.030319856,0.022841228,0.4908659,0.08647426,0.09449836,0.026039565,0.0053456174,0.003936728,0.019124916,0.13180445,0.30476308,0.024054637,0.03545124,0.036696896,0.59949774,0.9424844,0.30476308,0.0061806506,0.063389696,0.036696896,0.13265823,0.01973302,0.88306445,0.039517622,0.007962895,0.0038611384,0.41179636,0.16573457,0.7732377,0.29495135,0.84186196,0.8686792
beef,beef_portion19_day5_rep3,beef_portion19,5,3,Spoiled,2,0.7257041,0.46365336,0.004987953,0.023231627,0.031319328,0.008144796,0.10409089,0.9921769,0.7257041,0.004376281,0.011090181,0.023231627,0.5593582,0.085405,0.24298917,0.026341125,0.008394138,0.0075164707,0.23641476,0.18395337,0.13013025,0.022889975,0.02108372,0.019234559,0.08042036,0.44672376,0.23641476,0.011867875,0.073289126,0.022889975,0.2058792,0.018337978,0.043748584,0.024361277,0.0026824046,0.012039056,0.62470907,0.39436412,0.29775935,0.022431415,0.029446324,0.03085499,0.047687754,0.52242035,0.62470907,0.0034656888,0.035468325,0.022431415,0.4883151,0.08786815,0.095619984,0.026482789,0.00631859,0.0053989603,0.020437885,0.13355887,0.30792657,0.026329126,0.037063062,0.036198627,0.59976536,0.93922776,0.30792657,0.0065819384,0.06952956,0.036198627,0.13485222,0.020714557,0.882176,0.04106212,0.027507622,0.004123197,0.411269,0.16361803,0.7700324,0.29545748,0.84143394,0.86493695
beef,beef_portion20_day5_rep1,beef_portion20,5,1,Spoiled,2,0.7354256,0.5261962,0.0047107628,0.022040172,0.040279165,0.005830061,0.11685482,0.9924973,0.7354256,0.006521608,0.008540439,0.022040172,0.6013616,0.056684572,0.25375733,0.031395465,0.013857559,0.008968085,0.35753575,0.2845054,0.052560978,0.03557062,0.035885863,0.0337705,0.124611504,0.8538872,0.35753575,0.005594751,0.08278891,0.03557062,0.31959397,0.013767653,0.13842496,0.0379777,0.0039984267,0.014090273,0.6188037,0.38931903,0.31529975,0.021955028,0.0241467,0.021804418,0.03767773,0.48920035,0.6188037,0.0037786972,0.01820194,0.021955028,0.4832625,0.089204974,0.08296224,0.02317257,0.004108234,0.0024959657,0.046111695,0.16575482,0.2610757,0.03084212,0.026119286,0.037085786,0.5699602,0.8199473,0.2610757,0.011231362,0.11852566,0.037085786,0.15990655,0.87502366,0.9299394,0.029933022,0.31364056,0.020691758,0.30746773,0.2101807,1.1496885,0.18855847,1.1805749,1.1997669
beef,beef_portion20_day5_rep2,beef_portion20,5,2,Spoiled,2,0.73182803,0.5177192,0.004488198,0.019500608,0.039227452,0.005574363,0.11553776,0.9928123,0.73182803,0.006601201,0.008194317,0.019500608,0.5949178,0.059494633,0.25200212,0.029885575,0.014413927,0.008346777,0.3649028,0.2910421,0.05237741,0.037586413,0.036955856,0.035541557,0.12552816,0.85899633,0.3649028,0.004460723,0.08274177,0.037586413,0.32672215,0.013967302,0.14141844,0.039487995,0.0188464,0.012701831,0.61431605,0.3841135,0.31150857,0.021185912,0.022107832,0.021105496,0.036699597,0.49162114,0.61431605,0.0024808177,0.017323196,0.021185912,0.47827396,0.089715146,0.08252572,0.02182945,0.0027913586,0.0021446974,0.039790984,0.15711014,0.25211507,0.029555386,0.023983061,0.036186542,0.5711095,0.8387826,0.25211507,0.009605296,0.116707474,0.036186542,0.15003167,0.88415164,0.93017364,0.028081767,0.30375317,0.019461757,0.2936501,0.20794544,1.156676,0.17937124,1.1876763,1.2072197
beef,beef_portion20_day5_rep3,beef_portion20,5,3,Spoiled,2,0.7301391,0.5106014,0.0043147905,0.018654175,0.035730865,0.0055619716,0.11422682,0.9930705,0.7301391,0.0061703045,0.008253746,0.018654175,0.58991873,0.06252726,0.25066802,0.02723457,0.013385072,0.0076017105,0.36861497,0.29476944,0.04861856,0.033261333,0.033390112,0.034145646,0.12638617,0.86983114,0.36861497,0.0046589165,0.07976888,0.033261333,0.33076733,0.0132115325,0.14426991,0.035279855,0.0033015036,0.012004706,0.61566556,0.38656527,0.31280684,0.02209645,0.024236651,0.021746373,0.03769821,0.4906385,0.61566556,0.0037834202,0.0179479,0.02209645,0.48021513,0.08913396,0.08281068,0.02333604,0.0039002292,0.0023102,0.038843878,0.16075294,0.25395983,0.03081001,0.02325864,0.035679802,0.56814283,0.8427212,0.25395983,0.011345069,0.12265709,0.035679802,0.15366475,0.8650985,0.93092334,0.026903844,0.32378003,0.021083532,0.2844504,0.20228417,1.1389405,0.17853877,1.1729877,1.1950109
beef,beef_portion21_day5_rep1,beef_portion21,5,1,Spoiled,2,0.59494156,0.40015826,0.004788724,0.030486273,0.028184304,0.0058671967,0.10947115,0.991025,0.59494156,0.0031372707,0.010402399,0.030486273,0.47617787,0.0608749,0.21298403,0.028169967,0.0045211455,0.008970327,0.23010582,0.18112399,0.15053113,0.03373465,0.034935884,0.03266417,0.059725404,0.34957784,0.23010582,0.021663947,0.06462407,0.03373465,0.20235538,0.019002717,0.028802449,0.039998922,0.0041566673,0.008461418,0.64195746,0.38551587,0.2546005,0.021162104,0.024911707,0.022060907,0.05495038,0.60234505,0.64195746,0.004149553,0.02211238,0.021162104,0.48671994,0.09729984,0.12007729,0.022680856,0.006033784,0.0027429047,0.1056253,0.19128597,0.27506474,0.025881121,0.027120242,0.021560656,0.5789517,0.61631817,0.27506474,0.013902281,0.07929609,0.021560656,0.19217093,0.88424826,0.9401439,0.029483898,0.30606535,0.014293422,0.33264828,0.10034726,1.1346211,0.30874705,1.2567008,1.1741194
beef,beef_portion21_day5_rep2,beef_portion21,5,2,Spoiled,2,0.59994274,0.40296355,0.0041466146,0.031015398,0.028986553,0.0056241876,0.109391525,0.99224377,0.59994274,0.0031493306,0.009936545,0.031015398,0.479645,0.06176195,0.21427731,0.028936336,0.0044849007,0.009193825,0.23188226,0.1873607,0.15109137,0.03275628,0.03429389,0.031008577,0.071186714,0.35120952,0.23188226,0.01637575,0.061157886,0.03275628,0.20788369,0.015861299,0.03123312,0.038986243,0.0041224845,0.007878735,0.64458585,0.38797918,0.2562163,0.020593097,0.024144916,0.02134541,0.055186603,0.60123736,0.64458585,0.0047354875,0.021309525,0.020593097,0.4892154,0.097161815,0.120461956,0.021857737,0.0056504523,0.0037456227,0.114423394,0.19885175,0.27879515,0.027578374,0.027478797,0.02243628,0.57763565,0.5901338,0.27879515,0.012141324,0.08096543,0.02243628,0.20070618,0.928911,0.9427626,0.030236205,0.23784281,0.013434656,0.33085686,0.10072768,1.1663811,0.30613574,1.2901927,1.2046671
beef,beef_portion21_day5_rep3,beef_portion21,5,3,Spoiled,2,0.6001097,0.40251273,0.004408259,0.029411228,0.02874907,0.0057868124,0.10926642,0.9918056,0.6001097,0.0033753752,0.010162983,0.029411228,0.47933426,0.06215748,0.21419269,0.028246745,0.0046745506,0.008825721,0.23399463,0.18936051,0.15301456,0.031782627,0.034404613,0.02944892,0.07018729,0.3479624,0.23399463,0.02235435,0.05909035,0.031782627,0.21023451,0.015914109,0.031239733,0.038620222,0.0052048904,0.009171752,0.64463055,0.38738653,0.2584969,0.02079989,0.025061242,0.021649526,0.053894427,0.59773064,0.64463055,0.0047779386,0.021696085,0.02079989,0.4891606,0.0976392,0.11907059,0.02254207,0.005920519,0.0037275543,0.10718243,0.19144107,0.27272788,0.025342789,0.025792059,0.021545416,0.5789789,0.60789454,0.27272788,0.010514029,0.074793376,0.021545416,0.19228208,0.94374394,0.9417579,0.02854158,0.21080667,0.011837807,0.32867146,0.10199864,1.1785351,0.303633,1.30009,1.2168995
beef,beef_portion22_day5_rep1,beef_portion22,5,1,Spoiled,2,0.59335166,0.43081912,0.0033521561,0.024010701,0.02451945,0.004582912,0.1187158,0.99361324,0.59335166,0.0025088752,0.008315542,0.024010701,0.49569586,0.043144893,0.21791509,0.023462176,0.0034802537,0.00740218,0.22292301,0.1673895,0.12577845,0.031907633,0.03183394,0.025715448,0.06708856,0.43632933,0.22292301,0.020208001,0.0667442,0.031907633,0.18781814,0.021491887,0.03757148,0.03659187,0.0051787277,0.010112607,0.6742425,0.4667876,0.30992132,0.01870385,0.017614262,0.021322636,0.069728665,0.5390416,0.6742425,0.0037171235,0.019747052,0.01870385,0.54921895,0.071002595,0.1204426,0.016819157,0.003299577,0.004631386,0.055575326,0.1865287,0.35672638,0.030327933,0.026761528,0.028075524,0.5921688,0.84571606,0.35672638,0.0031171567,0.07720187,0.028075524,0.19285382,0.046377935,0.8860526,0.029363073,0.19180572,0.008857585,0.35746518,0.11463708,0.7335745,0.37407148,0.8488609,0.8448438
beef,beef_portion22_day5_rep2,beef_portion22,5,2,Spoiled,2,0.5901622,0.43275464,0.0064612683,0.023101749,0.03152253,0.023486529,0.119737886,0.98892736,0.5901622,0.0039180275,0.03538175,0.023101749,0.49606892,0.044558167,0.21698236,0.027752133,0.059585426,0.0072253942,0.21475592,0.16369453,0.12506098,0.028101318,0.029530883,0.023302747,0.06744591,0.41823703,0.21475592,0.018528666,0.06052719,0.028101318,0.18217596,0.019791158,0.03474714,0.03375862,0.004398617,0.009305361,0.67401886,0.46951884,0.30763137,0.0173282,0.016633842,0.020314282,0.07175072,0.54221696,0.67401886,0.0036066591,0.019237475,0.0173282,0.55049026,0.069193296,0.12244488,0.016039487,0.0033018885,0.0044102976,0.05085415,0.1845677,0.35739094,0.029192738,0.026010547,0.026129186,0.5920261,0.8585584,0.35739094,0.0033047337,0.07586052,0.026129186,0.190894,0.03093823,0.88443196,0.028221222,0.14761783,0.009457824,0.363802,0.11182981,0.7340342,0.38182047,0.8498027,0.8434437
beef,beef_portion22_day5_rep3,beef_portion22,5,3,Spoiled,2,0.60022557,0.43717,0.0032115148,0.02491336,0.024628306,0.004261743,0.11904252,0.9938471,0.60022557,0.0022888265,0.007810988,0.02491336,0.50189066,0.042875905,0.21995623,0.02380146,0.0030719372,0.0075347815,0.21679349,0.16460617,0.13050637,0.031204792,0.031198662,0.026023295,0.06000524,0.39856634,0.21679349,0.023357017,0.069017425,0.031204792,0.18380846,0.020758651,0.03205486,0.036105238,0.004224982,0.010691831,0.6750258,0.47050753,0.30898187,0.018117713,0.017467882,0.020648193,0.0715836,0.54088444,0.6750258,0.0037607222,0.019236416,0.018117713,0.5516048,0.069301344,0.122127675,0.016755955,0.0032378873,0.004568406,0.05416565,0.18720612,0.35700834,0.028684812,0.027039845,0.028409692,0.5915018,0.84929955,0.35700834,0.003314882,0.07413471,0.028409692,0.19333425,0.042447407,0.8863587,0.02941484,0.18365987,0.008587363,0.37009782,0.112872615,0.7343701,0.3817639,0.8546322,0.8444691
beef,beef_portion23_day5_rep1,beef_portion23,5,1,Spoiled,2,0.5303793,0.42022413,0.013192897,0.0339681,0.035237394,0.02120156,0.12911041,0.9755373,0.5303793,0.0035908394,0.036699146,0.0339681,0.46944386,0.020014498,0.20496757,0.034467503,0.0055887224,0.009117081,0.18993182,0.14693348,0.14480057,0.031160016,0.033889387,0.032433122,0.2994232,0.2532689,0.18993182,0.43504775,0.051922966,0.031160016,0.16149212,0.020574328,0.009123815,0.03948154,0.0035664735,0.0036556283,0.6691972,0.4413491,0.30812916,0.01791855,0.017650995,0.020767737,0.05833463,0.5381171,0.6691972,0.0038321672,0.020305354,0.01791855,0.531524,0.082071394,0.112840444,0.016772838,0.0032351865,0.0042490745,0.06708119,0.17690234,0.35328785,0.038826708,0.033029765,0.031203363,0.6012628,0.8160997,0.35328785,0.0037896084,0.09386258,0.031203363,0.18523923,0.014729985,0.8836635,0.037258558,0.0050739315,0.0043365574,0.3649512,0.1272494,0.73581815,0.38918197,0.8748815,0.8477123
beef,beef_portion23_day5_rep2,beef_portion23,5,2,Spoiled,2,0.533949,0.42554888,0.02175823,0.03587047,0.037284665,0.028592305,0.12933181,0.96044767,0.533949,0.0037823373,0.048831027,0.03587047,0.47426364,0.018931733,0.2046222,0.03640884,0.006190882,0.008312075,0.18699941,0.14132257,0.14348912,0.029495817,0.032196227,0.031200202,0.4947309,0.25856495,0.18699941,0.48077232,0.054945007,0.029495817,0.15596333,0.022761496,0.014626542,0.037570275,0.0038442528,0.08744372,0.67164624,0.44337916,0.311884,0.016335517,0.015705593,0.018299052,0.05771308,0.53397864,0.67164624,0.0036434298,0.016996121,0.016335517,0.53364354,0.08222396,0.11189332,0.014877895,0.0030169033,0.0038626904,0.05891841,0.1690004,0.3459856,0.037150078,0.032975957,0.029458432,0.6015085,0.83497596,0.3459856,0.0024004977,0.0907886,0.029458432,0.1764792,0.01607523,0.8828205,0.03675521,0.006022159,0.0056060287,0.37071297,0.127006,0.74070007,0.394511,0.868462,0.85221523
beef,beef_portion23_day5_rep3,beef_portion23,5,3,Spoiled,2,0.52957976,0.41874263,0.014790439,0.03324225,0.036496434,0.0209764,0.12866876,0.9724518,0.52957976,0.0040647457,0.036250193,0.03324225,0.46833444,0.0205129,0.20427261,0.035170954,0.0066053304,0.008909213,0.1802918,0.1338781,0.13507418,0.029111892,0.032073468,0.03080745,0.46638966,0.2783461,0.1802918,0.4764858,0.057604726,0.029111892,0.14713539,0.02294607,0.0079044895,0.03734613,0.0043950966,0.004078349,0.666923,0.44567457,0.3017186,0.017840415,0.018936124,0.019803694,0.0624922,0.54622906,0.666923,0.0016341552,0.01925167,0.017840415,0.532865,0.07893474,0.11712168,0.018124038,0.0027785841,0.0026490332,0.066248044,0.1669918,0.34462568,0.038623918,0.032269757,0.02976694,0.60515684,0.813328,0.34462568,0.0035051093,0.0942826,0.02976694,0.17535914,0.018310443,0.8830203,0.036484625,0.0051410114,0.004647874,0.37647736,0.12317706,0.7392819,0.40478447,0.87558305,0.8473998
beef,beef_portion24_day5_rep1,beef_portion24,5,1,Spoiled,2,0.6727127,0.44768927,0.005058948,0.024283642,0.029935986,0.0063630934,0.10839711,0.9915979,0.6727127,0.0038097864,0.009860723,0.024283642,0.5319089,0.070494525,0.23233221,0.026463794,0.006532102,0.007881455,0.19454482,0.1350709,0.13228111,0.03271947,0.0327584,0.032113183,0.047861125,0.32808354,0.19454482,0.19619639,0.06270978,0.03271947,0.15293935,0.029149948,0.013765643,0.03913965,0.0041960045,0.0026776122,0.6315472,0.40710756,0.3231931,0.0243457,0.025562113,0.02373296,0.042881917,0.48710218,0.6315472,0.0049977493,0.018993597,0.0243457,0.49950892,0.08553062,0.08663736,0.024625927,0.0036778655,0.0038822382,0.08661448,0.15800059,0.25703797,0.020295994,0.020405767,0.03156955,0.5941414,0.6620929,0.25703797,0.007552378,0.058979686,0.03156955,0.15725769,0.44337466,0.9312977,0.024575477,0.49420255,0.011588433,0.43942994,0.15000945,0.8763309,0.35860777,1.0067104,0.9791013
beef,beef_portion24_day5_rep2,beef_portion24,5,2,Spoiled,2,0.67309636,0.44612768,0.004880082,0.024616795,0.030778818,0.0065696575,0.10794955,0.99195856,0.67309636,0.003960862,0.010059362,0.024616795,0.53106445,0.07147901,0.23218924,0.02711023,0.006701252,0.007922278,0.19315208,0.13916737,0.13183059,0.033792898,0.033802282,0.03290288,0.016991425,0.32537133,0.19315208,0.009539818,0.06312959,0.033792898,0.15561418,0.025675554,0.015361103,0.040520556,0.00268823,0.0033837461,0.6318743,0.40821898,0.32364887,0.025438514,0.02779136,0.025160732,0.043361984,0.4867259,0.6318743,0.004907799,0.020112751,0.025438514,0.500224,0.08523461,0.08672257,0.026360502,0.0040495773,0.0036208234,0.087739125,0.16089006,0.26047298,0.01857144,0.019766334,0.030424366,0.5935944,0.66209173,0.26047298,0.0057834713,0.05255999,0.030424366,0.16046457,0.5594387,0.93086874,0.02378017,0.49477708,0.010237105,0.43597627,0.14933486,0.92930186,0.35692528,1.0597551,1.0261036
beef,beef_portion24_day5_rep3,beef_portion24,5,3,Spoiled,2,0.6786218,0.45570144,0.0045428127,0.023427753,0.032620713,0.0058472087,0.1094882,0.99240285,0.6786218,0.0046628923,0.009004573,0.023427753,0.53890634,0.068835534,0.23451577,0.027741475,0.008407848,0.008156195,0.19497398,0.14069709,0.13102,0.032337137,0.03262499,0.031070342,0.021154344,0.3344447,0.19497398,0.016101252,0.060185917,0.032337137,0.15738705,0.025600435,0.01686604,0.039013177,0.0026085456,0.0049019535,0.63378733,0.4115526,0.31857553,0.02580114,0.027471807,0.024698295,0.04755327,0.49613956,0.63378733,0.004751042,0.019861646,0.02580114,0.5027541,0.08392606,0.09099454,0.026421838,0.0032590397,0.0040848516,0.08490509,0.16166586,0.25429055,0.018880509,0.018565537,0.028624432,0.588863,0.6653043,0.25429055,0.007250381,0.056413617,0.028624432,0.15993877,0.84339637,0.93451124,0.022369288,0.35974774,0.010190978,0.44135886,0.14877181,1.1106551,0.35801578,1.2291743,1.1856804
beef,beef_portion25_day5_rep1,beef_portion25,5,1,Spoiled,2,0.6303075,0.44647506,0.005380299,0.02070571,0.022119183,0.006916792,0.11575789,0.9905304,0.6303075,0.0025151733,0.011336266,0.02070571,0.51757187,0.051873878,0.22557662,0.02077419,0.003698582,0.0062268307,0.21484232,0.1652732,0.15801407,0.027924359,0.029391581,0.02993076,0.019348951,0.26811567,0.21484232,0.021890502,0.052639846,0.027924359,0.1853763,0.023031266,0.013910264,0.03406819,0.003395805,0.0038006187,0.6507544,0.4386215,0.29891068,0.023328219,0.025539193,0.02371001,0.06317994,0.53945416,0.6507544,0.0033338426,0.020787496,0.023328219,0.52438664,0.075075544,0.11306985,0.024066994,0.0037677006,0.003558207,0.07002345,0.18006882,0.3501667,0.035131924,0.028030049,0.02619786,0.5989595,0.8031347,0.3501667,0.0036810578,0.089138515,0.02619786,0.18791898,0.012250664,0.88720167,0.03144415,0.019145515,0.0074665793,0.39495373,0.11507621,0.74026257,0.35702837,0.8733616,0.84642637
beef,beef_portion25_day5_rep2,beef_portion25,5,2,Spoiled,2,0.62870425,0.44480038,0.0053852885,0.02007182,0.020901117,0.0067049945,0.11555314,0.99046874,0.62870425,0.0023629619,0.01103523,0.02007182,0.5159314,0.052069325,0.22508535,0.019848453,0.0035805944,0.0058864597,0.21544403,0.16614437,0.15918829,0.02924792,0.031097319,0.03137538,0.018353896,0.26511574,0.21544403,0.014653536,0.056868352,0.02924792,0.18627827,0.02291169,0.013790688,0.035952147,0.0040166783,0.004182154,0.6520594,0.44173932,0.30134666,0.021985507,0.02470028,0.024408543,0.06400058,0.5366699,0.6520594,0.0034950569,0.023358608,0.021985507,0.52659416,0.07411292,0.11293688,0.023211293,0.0038587165,0.0044037607,0.07723169,0.17874283,0.34653568,0.0344702,0.026314264,0.024417343,0.6019124,0.77975756,0.34653568,0.0048395693,0.08923405,0.024417343,0.18708403,0.013668332,0.8890372,0.029701801,0.026803972,0.007924844,0.3926408,0.114790656,0.74192137,0.35814303,0.8752957,0.8492658
beef,beef_portion25_day5_rep3,beef_portion25,5,3,Spoiled,2,0.63108987,0.44907087,0.0052620918,0.021517424,0.022383323,0.006347564,0.116260104,0.99065745,0.63108987,0.002478557,0.010445249,0.021517424,0.51942134,0.050830923,0.22615921,0.021161724,0.0038364697,0.0063856775,0.21717234,0.1702749,0.16631842,0.029037269,0.030652318,0.03145749,0.12750284,0.24087691,0.21717234,0.30996212,0.05193894,0.029037269,0.19060448,0.02231047,0.010707679,0.03549628,0.0030736874,0.004148082,0.6456234,0.44008592,0.2995686,0.023852125,0.02661125,0.026446708,0.06512371,0.5349288,0.6456234,0.0038115664,0.025508175,0.023852125,0.52337515,0.072072946,0.112132505,0.024838347,0.0048766676,0.004190513,0.07638499,0.1805085,0.34906748,0.03771847,0.02717899,0.026183216,0.6015627,0.7840887,0.34906748,0.004864816,0.09720094,0.026183216,0.18895516,0.012598856,0.8887182,0.030959692,0.0052314606,0.008702417,0.39414883,0.116055794,0.74138653,0.35142514,0.87806576,0.8476198
beef,beef_portion26_day5_rep1,beef_portion26,5,1,Spoiled,2,0.4955189,0.40444168,0.007989181,0.03842902,0.050360497,0.010017566,0.13321011,0.98315305,0.4955189,0.007934127,0.019666404,0.03842902,0.44810748,0.14538975,0.19829206,0.046652153,0.33272606,0.014028835,0.18355475,0.14004451,0.1490461,0.037102833,0.03979363,0.03752387,0.8983774,0.24654205,0.18355475,0.24170424,0.07310916,0.037102833,0.15402734,0.022518165,0.1489848,0.04621929,0.005281822,0.35251647,0.59380627,0.38975522,0.2623015,0.042091336,0.04349783,0.043040805,0.062108018,0.55945426,0.59380627,0.002528967,0.046203095,0.042091336,0.47341457,0.074771054,0.10756597,0.042967193,0.004679349,0.0045976723,0.07514992,0.19763471,0.39318705,0.033469673,0.030150043,0.028749073,0.60102415,0.8116644,0.39318705,0.0028655448,0.07380957,0.028749073,0.20998777,0.016292393,0.87308174,0.03297984,0.0063036936,0.006110373,0.32250854,0.11772286,0.72712326,0.32627302,0.7262828,0.81168216
beef,beef_portion26_day5_rep2,beef_portion26,5,2,Spoiled,2,0.5043303,0.4180303,0.010659089,0.036761492,0.05088922,0.017897774,0.13531323,0.9785946,0.5043303,0.008735506,0.03286081,0.036761492,0.46035123,0.2012544,0.2015425,0.046157613,0.3849768,0.013060926,0.18345945,0.14383374,0.14964093,0.0374986,0.037426706,0.036755137,0.9083036,0.22425319,0.18345945,0.23597986,0.046783585,0.0374986,0.15702982,0.02014148,0.1601046,0.044806033,0.002046002,0.3620201,0.58920974,0.38056403,0.2577376,0.044146907,0.04391783,0.044841047,0.06025369,0.5642937,0.58920974,0.0022393214,0.04873012,0.044146907,0.4653311,0.07751537,0.10650218,0.043973245,0.004367905,0.004081996,0.07770532,0.19849724,0.39463603,0.033345893,0.030076766,0.02815918,0.6014675,0.8055398,0.39463603,0.0026519385,0.07361355,0.02815918,0.21123526,0.016682848,0.87277716,0.032784667,0.006027293,0.0060899463,0.35570052,0.15610512,0.73937905,0.3181425,0.7147394,0.80959415
beef,beef_portion26_day5_rep3,beef_portion26,5,3,Spoiled,2,0.4866777,0.38837725,0.007208146,0.03346436,0.043543097,0.009482375,0.13019386,0.9843846,0.4866777,0.0075856578,0.019307025,0.03346436,0.434169,0.03642585,0.19417903,0.040389143,0.13630997,0.012105988,0.19166161,0.14885738,0.16075866,0.040577535,0.04180591,0.040027898,0.9504654,0.23218012,0.19166161,0.043600187,0.057698477,0.040577535,0.16445535,0.022734432,0.5100453,0.04902942,0.003126948,0.4985583,0.5911912,0.38770926,0.26219633,0.04418713,0.044290584,0.0424876,0.062147815,0.5577184,0.5911912,0.0032708896,0.04428189,0.04418713,0.4709155,0.07469246,0.10649953,0.04425368,0.004337485,0.004831263,0.06881504,0.19774322,0.39618447,0.03411453,0.0310844,0.02956041,0.5991823,0.8293994,0.39618447,0.0031925123,0.07575522,0.02956041,0.20990793,0.016667845,0.87101096,0.033709828,0.019679433,0.006719338,0.41557717,0.10248089,0.7132916,0.5093787,0.3638667,0.8099194
beef,beef_portion27_day5_rep1,beef_portion27,5,1,Spoiled,2,0.52933216,0.42840135,0.0143470075,0.026371704,0.026573986,0.021318976,0.13196285,0.9730083,0.52933216,0.002514338,0.037919566,0.026371704,0.47491333,0.015100636,0.20605221,0.0261924,0.0041196835,0.006665792,0.19233157,0.14848667,0.21309216,0.03162531,0.031576004,0.031097585,0.7784487,0.30799958,0.21309216,0.0050950027,0.048840586,0.031097585,0.16923349,0.032198273,0.97041553,0.037564546,0.0022310102,0.0021097194,0.6867836,0.4993839,0.31409675,0.021887155,0.023100339,0.025956774,0.08109619,0.5413199,0.6867836,0.0022831387,0.02549537,0.021887155,0.5739023,0.058982678,0.1297481,0.022329656,0.0030647279,0.0050504077,0.0641603,0.17865579,0.37311807,0.035099566,0.033361793,0.031766433,0.60337245,0.83222353,0.37311807,0.0030217986,0.080686934,0.031766433,0.18959719,0.0201292,0.8733281,0.03673733,0.0069170175,0.0060219024,0.8233977,0.13246422,0.72573256,0.9333788,0.09993155,0.8379207
beef,beef_portion27_day5_rep2,beef_portion27,5,2,Spoiled,2,0.52132255,0.4228837,0.0127853425,0.027528249,0.028251272,0.01967688,0.1323537,0.97570807,0.52132255,0.002520274,0.035006385,0.027528249,0.46858007,0.014252367,0.20428066,0.027586747,0.004283185,0.006805,0.19045836,0.15001047,0.2141545,0.029875021,0.03250072,0.030433211,0.76927817,0.30480078,0.2141545,0.014573564,0.055418093,0.030433211,0.17002022,0.030472375,0.96985644,0.03740551,0.0050240597,0.002403113,0.68608886,0.5008115,0.31461987,0.021763584,0.02393924,0.02608273,0.08193271,0.5401882,0.68608886,0.0019252212,0.024857331,0.021763584,0.5746638,0.05796252,0.12974882,0.022980954,0.0028395623,0.004203442,0.06344245,0.17527342,0.3724662,0.036475245,0.034395617,0.032921366,0.6044415,0.8343918,0.3724662,0.0033600582,0.084237985,0.032921366,0.18655282,0.022139916,0.87188536,0.03783515,0.007421257,0.0064734165,0.8218925,0.13681862,0.7247742,0.9328842,0.09970501,0.8382601
beef,beef_portion27_day5_rep3,beef_portion27,5,3,Spoiled,2,0.5288027,0.43354228,0.021549,0.030757552,0.032816652,0.030489871,0.13339475,0.96027815,0.5288027,0.0027446158,0.052924037,0.030757552,0.47836804,0.013850472,0.2053315,0.031906106,0.0417983,0.007250285,0.19421136,0.15020828,0.2109413,0.03332469,0.03391587,0.03275771,0.78658634,0.2936356,0.2109413,0.00751913,0.056772836,0.03275771,0.17086916,0.031722687,0.97271013,0.040039595,0.0027348883,0.0032621706,0.6874729,0.4980269,0.3095199,0.02198328,0.023487832,0.026048355,0.08153127,0.5484941,0.6874729,0.0020661484,0.025777614,0.02198328,0.5731669,0.05977856,0.13189691,0.022404224,0.0034967288,0.00477646,0.05936879,0.17686608,0.36582467,0.03349216,0.03325972,0.032235403,0.60131854,0.8422839,0.36582467,0.0034421366,0.077872224,0.032235403,0.18635376,0.017832207,0.87603945,0.036633886,0.006861919,0.005007579,0.8268887,0.12840892,0.73153085,0.9325221,0.098883465,0.83972144
beef,beef_portion28_day5_rep1,beef_portion28,5,1,Spoiled,2,0.64480317,0.44176584,0.006652413,0.02973821,0.032646026,0.008519015,0.11166366,0.9888084,0.64480317,0.0047446205,0.013203094,0.02973821,0.51924187,0.06108526,0.22682825,0.029531067,0.00907767,0.008647272,0.20243761,0.15495522,0.15011053,0.030559277,0.033326425,0.031739566,0.0857527,0.26522645,0.20243761,0.24933693,0.05422904,0.030559277,0.17249207,0.02245588,0.012252017,0.038494952,0.0047687306,0.0042722723,0.6406892,0.4415616,0.33726317,0.019836407,0.022478275,0.022981243,0.054695044,0.47222403,0.6406892,0.0031601943,0.023316965,0.019836407,0.5243861,0.07190092,0.091148205,0.021213507,0.0037081486,0.0049415696,0.07642993,0.1875821,0.34839097,0.032732416,0.03557689,0.03872826,0.5966147,0.785235,0.34839097,0.0051743295,0.0693762,0.03872826,0.19444232,0.08737982,0.8926039,0.039513603,0.26817405,0.006623607,0.40959808,0.13620763,0.7412445,0.36400387,0.88301545,0.86685276
beef,beef_portion28_day5_rep2,beef_portion28,5,2,Spoiled,2,0.6481094,0.43587288,0.0063328655,0.029113872,0.031849463,0.008089407,0.10951757,0.9893177,0.6481094,0.0053481837,0.012574907,0.029113872,0.51664066,0.06573407,0.22651504,0.02814912,0.010966984,0.008250714,0.20265494,0.14880636,0.15652044,0.032896906,0.035447024,0.033084825,0.61355233,0.28152034,0.20265494,0.45245805,0.061900225,0.032896906,0.16803248,0.02744372,0.051675625,0.04104707,0.005407997,0.20847714,0.63954866,0.43889326,0.33708566,0.023918582,0.028335065,0.029823095,0.053849846,0.47188863,0.63954866,0.003803387,0.031138908,0.023918582,0.52230114,0.072900414,0.09028786,0.026273275,0.005321757,0.006068024,0.06829704,0.1844435,0.34849092,0.030377887,0.03267011,0.0391054,0.59577286,0.80751616,0.34849092,0.0031196387,0.06692717,0.0391054,0.19093476,0.022803383,0.8904404,0.036739413,0.12015822,0.007338954,0.39187068,0.13653295,0.74075925,0.35925412,0.8390902,0.8675007
beef,beef_portion28_day5_rep3,beef_portion28,5,3,Spoiled,2,0.652083,0.4475152,0.0076233526,0.035114318,0.038707107,0.0097761275,0.11170196,0.9874134,0.652083,0.005899618,0.014779131,0.035114318,0.5252025,0.061286893,0.22869499,0.034503292,0.012066019,0.010111086,0.19928347,0.15034266,0.14919308,0.033448342,0.035697486,0.03339467,0.18115829,0.2670129,0.19928347,0.36557624,0.05632507,0.033448342,0.16758029,0.02374484,0.009877533,0.041587543,0.004496106,0.0036828383,0.6392507,0.43818745,0.33369887,0.022863794,0.027437514,0.02972983,0.054548033,0.47693652,0.6392507,0.0032028365,0.03219347,0.022863794,0.52149725,0.0728993,0.091931716,0.025437683,0.0052320226,0.0060043307,0.0780786,0.18363968,0.3447543,0.029578816,0.031651612,0.03622365,0.5989057,0.7772836,0.3447543,0.0044263434,0.06343348,0.03622365,0.1907359,0.025527608,0.89274424,0.035687357,0.12691696,0.006179757,0.42093247,0.1373054,0.74438435,0.3666146,0.88317215,0.8677257
beef,beef_portion29_day5_rep1,beef_portion29,5,1,Spoiled,2,0.7182549,0.4834939,0.00561114,0.025375973,0.030554522,0.0074015507,0.109793834,0.9912214,0.7182549,0.004089681,0.0106512215,0.025375973,0.56908774,0.07158861,0.24452665,0.026464378,0.008270943,0.0077482923,0.39629123,0.30761632,0.10402794,0.036387015,0.036365703,0.041710198,0.11401821,0.74169445,0.39629123,0.004178104,0.08515171,0.036387015,0.34961173,0.02138675,0.12906563,0.038357586,0.004840558,0.009037034,0.63288087,0.41998538,0.28892276,0.024270548,0.02498987,0.025861038,0.06132979,0.5424805,0.63288087,0.0029509652,0.024960304,0.024270548,0.50577974,0.07665807,0.10951128,0.024613947,0.0029501533,0.005062876,0.113177955,0.21016957,0.25786993,0.05824905,0.055308662,0.053044297,0.55287635,0.584243,0.25786993,0.004623432,0.13688046,0.053044297,0.20760135,0.97770655,0.9617599,0.06254716,0.0027340222,0.0045821434,0.2530241,0.14920707,1.2108451,0.1668105,1.275968,1.2755886
beef,beef_portion29_day5_rep2,beef_portion29,5,2,Spoiled,2,0.7179498,0.48350844,0.0051035658,0.02211786,0.029483251,0.0065678125,0.10986488,0.9918859,0.7179498,0.004515785,0.009646261,0.02211786,0.5690525,0.07142592,0.24457648,0.024538325,0.009417744,0.0071448386,0.4034255,0.31054196,0.0920543,0.031526994,0.031439524,0.036216542,0.115006685,0.77456605,0.4034255,0.0038513606,0.076885015,0.031526994,0.3537936,0.02263939,0.13653094,0.033028804,0.004396521,0.008255046,0.63425165,0.42416373,0.2829111,0.023556087,0.024634982,0.025259849,0.06407659,0.5529579,0.63425165,0.0030614207,0.024705894,0.023556087,0.5092554,0.074689664,0.1141251,0.02380602,0.0033808558,0.0040189913,0.10042365,0.20206845,0.24896875,0.05581749,0.05220098,0.04818612,0.55094045,0.61937463,0.24896875,0.0045023337,0.14563438,0.04818612,0.19763342,0.97669315,0.96203196,0.05927122,0.0027811166,0.006305145,0.24574453,0.14354062,1.2133439,0.16546792,1.2712421,1.2765831
beef,beef_portion29_day5_rep3,beef_portion29,5,3,Spoiled,2,0.72084415,0.48956802,0.005879608,0.025377778,0.03513033,0.0068778885,0.11069371,0.9907408,0.72084415,0.005344015,0.009879015,0.025377778,0.57378477,0.06954765,0.24584977,0.028941114,0.011166112,0.008423372,0.39761996,0.30703688,0.08856242,0.031929307,0.031773604,0.036166724,0.115771465,0.7798075,0.39761996,0.003245665,0.07971783,0.031929307,0.34939736,0.021757476,0.13609345,0.03353132,0.0040999996,0.009273158,0.6336498,0.42208624,0.27964553,0.023153104,0.025074884,0.025383636,0.06408524,0.55779725,0.6336498,0.0024316001,0.025503177,0.023153104,0.5077106,0.07533224,0.1151965,0.024012687,0.0032646332,0.0034548985,0.095399365,0.1986657,0.24768817,0.053625982,0.04957988,0.04649337,0.55133396,0.6371479,0.24768817,0.0042850226,0.14235719,0.04649337,0.19379199,0.97652113,0.9603354,0.056636557,0.002963666,0.0048109805,0.25432274,0.14652486,1.2155185,0.168434,1.27089,1.2747338
beef,beef_portion30_day5_rep1,beef_portion30,5,1,Spoiled,2,0.69290984,0.4890002,0.0064100763,0.033364374,0.039786007,0.007994187,0.11495596,0.9897734,0.69290984,0.0046331123,0.011984428,0.033364374,0.5644888,0.057466667,0.24143605,0.035625413,0.007817462,0.010826224,0.20709641,0.16281463,0.15700705,0.02203008,0.02239868,0.022110943,0.071084075,0.24492854,0.20709641,0.21542816,0.027735518,0.02203008,0.18084593,0.02055124,0.011097263,0.026407493,0.0021267466,0.0020830052,0.6304183,0.4183975,0.32439226,0.026680183,0.029843133,0.03204494,0.05001572,0.48464218,0.6304183,0.0022030976,0.03187279,0.026680183,0.5055724,0.079051666,0.08930329,0.028383056,0.004141336,0.005216838,0.04596665,0.1640022,0.35113475,0.027194552,0.025382208,0.026473295,0.60083026,0.87160885,0.35113475,0.0033705663,0.06899443,0.026473295,0.17170648,0.019023547,0.8763753,0.028499631,0.005307514,0.0052517443,0.44899955,0.16456437,0.74759865,0.3390955,0.86532766,0.8570602
beef,beef_portion30_day5_rep2,beef_portion30,5,2,Spoiled,2,0.69569606,0.49123073,0.0066290633,0.035334,0.040893964,0.008049274,0.11508105,0.9894398,0.69569606,0.0047006668,0.011912235,0.035334,0.56674427,0.057550404,0.24215852,0.036797035,0.008065402,0.011220106,0.20633857,0.16227147,0.1547355,0.023996823,0.023788529,0.023811605,0.022326164,0.25182238,0.20633857,0.004117968,0.02950015,0.023996823,0.17998753,0.020130556,0.012039008,0.02826017,0.0018189681,0.0010004743,0.62854266,0.41415927,0.3210061,0.025015164,0.025420792,0.02666812,0.04957469,0.48820612,0.62854266,0.0025373388,0.0253081,0.025015164,0.50239414,0.08036929,0.08948492,0.025117798,0.0028882844,0.004405096,0.04423272,0.16340792,0.3529383,0.026141264,0.027779633,0.028622124,0.60144055,0.8779036,0.3529383,0.002406074,0.06429516,0.028622124,0.17120646,0.019774755,0.87502015,0.031000594,0.005823399,0.0038677296,0.45159274,0.16724494,0.7472556,0.33700532,0.8630259,0.8546476
beef,beef_portion30_day5_rep3,beef_portion30,5,3,Spoiled,2,0.688924,0.483636,0.0070764986,0.03778299,0.045477156,0.0124265095,0.1143016,0.988723,0.688924,0.0054862215,0.017650867,0.03778299,0.5597945,0.058559306,0.23987673,0.040489785,0.009788355,0.012133727,0.2060368,0.16031975,0.15418841,0.022666594,0.022057183,0.0223499,0.018393598,0.25291273,0.2060368,0.009650776,0.02690233,0.022666594,0.178364,0.021295793,0.011941162,0.026312647,0.0031740742,0.00089009956,0.629081,0.4095343,0.32139087,0.025009442,0.027791984,0.027856719,0.04571053,0.48816016,0.629081,0.0055632205,0.025842808,0.025009442,0.49990463,0.08297999,0.08785729,0.02631477,0.004892652,0.004767924,0.04487629,0.15950896,0.35353285,0.02524717,0.025895564,0.027045306,0.6037478,0.8754177,0.35353285,0.0023302475,0.0628631,0.027045306,0.16818802,0.022821823,0.872579,0.028944658,0.0051340708,0.0039798147,0.44590628,0.16520616,0.74494624,0.33609015,0.86069936,0.85407436
beef,beef_portion31_day5_rep1,beef_portion31,5,1,Spoiled,2,0.6706889,0.51067185,0.0046926374,0.03471214,0.03880879,0.006216375,0.12457831,0.9921266,0.6706889,0.00433667,0.009685738,0.03471214,0.57183075,0.035854474,0.24201715,0.035404846,0.008000759,0.010956682,0.38108224,0.32585543,0.10650503,0.04183945,0.041273966,0.036634415,0.13114652,0.72267634,0.38108224,0.0044889254,0.07318033,0.04183945,0.35860804,0.088093035,0.13113135,0.043339483,0.2764115,0.012643052,0.6361854,0.42151797,0.3208394,0.041907255,0.05563296,0.04589504,0.051132664,0.49657005,0.6361854,0.007757776,0.044056065,0.041907255,0.5093298,0.079769865,0.09332609,0.049930774,0.01077994,0.004732319,0.063937746,0.18296912,0.20026517,0.0309831,0.03063625,0.03073839,0.5181726,0.69119585,0.20039491,0.010170481,0.110637605,0.030670594,0.17108144,0.9633424,0.97884315,0.035267603,0.0035450119,0.0068812724,0.245944,0.16716447,1.2504985,0.1556135,1.2328191,1.2958599
beef,beef_portion31_day5_rep2,beef_portion31,5,2,Spoiled,2,0.6778978,0.5163689,0.0046698023,0.034256272,0.03864638,0.006057026,0.12457843,0.9922433,0.6778978,0.0039559766,0.009417247,0.034256272,0.5777173,0.036095195,0.2439511,0.03531217,0.0068516396,0.010927396,0.38553926,0.32410604,0.10252172,0.037882388,0.0375375,0.03132169,0.12841898,0.73557633,0.38553926,0.0041684993,0.061115537,0.037882388,0.35848472,0.026298443,0.13335553,0.039402183,0.13846707,0.010498196,0.6460594,0.43827605,0.32554582,0.032163624,0.040933345,0.033686467,0.057194285,0.49565244,0.6460594,0.006418221,0.030800607,0.032163624,0.5234622,0.07520852,0.09781596,0.037206605,0.007515038,0.0043025594,0.06697318,0.17990984,0.19955248,0.027991362,0.026535045,0.030133007,0.52109826,0.67058575,0.19965953,0.009789943,0.10529657,0.030106982,0.16848546,0.96536976,0.9777241,0.031002149,0.0028584565,0.007689064,0.24574435,0.16071388,1.2527748,0.17570662,1.277072,1.3010125
beef,beef_portion31_day5_rep3,beef_portion31,5,3,Spoiled,2,0.6758156,0.51285964,0.0047872276,0.03371307,0.040885217,0.0061893454,0.12411599,0.99202335,0.6758156,0.0045685996,0.009644349,0.03371307,0.57472175,0.037085123,0.24304458,0.036672495,0.008165826,0.011203151,0.38344207,0.32586166,0.09706374,0.037183765,0.03807917,0.03364183,0.1306723,0.7482202,0.38344207,0.00543297,0.07387527,0.037183765,0.35918126,0.112954736,0.13557951,0.03964325,0.3089743,0.0131392535,0.6392127,0.4279142,0.32176778,0.037687484,0.048075832,0.04175273,0.053541258,0.49701336,0.6392127,0.0058736303,0.041186675,0.037687484,0.5144258,0.077548325,0.09523761,0.04377482,0.008597703,0.0044729444,0.06746949,0.18509004,0.20467025,0.030651757,0.03147081,0.035358664,0.5201992,0.6771883,0.20482118,0.011216152,0.11026658,0.035291117,0.17389832,0.9641471,0.9774694,0.03614239,0.0033284235,0.008922266,0.25251266,0.16468082,1.2487926,0.16426186,1.2114606,1.2962828
beef,beef_portion32_day5_rep1,beef_portion32,5,1,Spoiled,2,0.6989939,0.4704348,0.013321244,0.032948036,0.047260888,0.022951946,0.10901727,0.9805896,0.6989939,0.006245476,0.030393852,0.032948036,0.55482274,0.07010673,0.23837127,0.039548803,0.012861246,0.009903248,0.22996683,0.1684132,0.11131426,0.016616829,0.01799759,0.019956604,0.07817035,0.517043,0.22996683,0.0027518836,0.05005818,0.016616829,0.19047958,0.022949224,0.049276225,0.020501211,0.0020322236,0.003630527,0.66059494,0.4415387,0.33753446,0.025301568,0.03163321,0.027581299,0.051633753,0.48792443,0.66059494,0.0042965775,0.023234935,0.025301568,0.5306493,0.08067182,0.09495542,0.028341953,0.005710701,0.004123992,0.06799384,0.15605849,0.26339468,0.023681162,0.021350823,0.016467648,0.58886236,0.74280035,0.26339468,0.0042234,0.08064713,0.016467648,0.15371248,0.5666081,0.92421097,0.024227278,0.49261138,0.0092959795,0.4131909,0.14582208,0.93689865,0.348043,1.0307412,1.0324147
beef,beef_portion32_day5_rep2,beef_portion32,5,2,Spoiled,2,0.6986261,0.4695491,0.0099111125,0.029894209,0.042943645,0.017003402,0.10916326,0.985244,0.6986261,0.0060890284,0.022963492,0.029894209,0.55415016,0.07037816,0.23879112,0.035682768,0.012268397,0.009360271,0.22994614,0.16903757,0.109615184,0.014239369,0.016075732,0.017473916,0.08003863,0.5233792,0.22994614,0.005097799,0.04991947,0.014239369,0.19092338,0.022348206,0.050479587,0.018080961,0.0027935808,0.004441608,0.6585291,0.4390957,0.33507967,0.0210387,0.025664164,0.021759806,0.051659692,0.4897736,0.6585291,0.0037166232,0.01801894,0.0210387,0.5284715,0.081027426,0.09509328,0.02312044,0.004736943,0.0040736706,0.06902905,0.15972401,0.26912293,0.024098553,0.019173115,0.015311632,0.5891034,0.7444273,0.26912293,0.004154097,0.08030187,0.015311632,0.15801175,0.57799697,0.9229109,0.022008788,0.49184838,0.008109856,0.41194877,0.14636211,0.9394799,0.34550306,1.0348744,1.0341669
beef,beef_portion32_day5_rep3,beef_portion32,5,3,Spoiled,2,0.69146055,0.4615344,0.008658248,0.031205544,0.043562837,0.01401862,0.10847222,0.9867875,0.69146055,0.006468518,0.019241778,0.031205544,0.546842,0.071451694,0.2366885,0.036471087,0.0128112985,0.010108718,0.22866979,0.16654271,0.10932559,0.015371885,0.015663378,0.016149247,0.07798958,0.5223055,0.22866979,0.0027978444,0.041311994,0.015371885,0.18846308,0.023216223,0.0495321,0.018299228,0.0018314044,0.0027220456,0.65816694,0.43906698,0.3373032,0.022703758,0.026255557,0.02363508,0.051355824,0.48614416,0.65816694,0.0029267329,0.019630436,0.022703758,0.5285013,0.081123814,0.09375329,0.024234483,0.0041103363,0.0038301689,0.069674686,0.15613994,0.26482722,0.024429483,0.020996513,0.016918087,0.5906204,0.7380856,0.26482722,0.003323177,0.08259461,0.016918087,0.15425655,0.53307945,0.9235544,0.024097707,0.49699438,0.00862172,0.4071727,0.14443131,0.91597396,0.34775677,1.0124453,1.0163134
beef,beef_portion33_day5_rep1,beef_portion33,5,1,Spoiled,2,0.7119875,0.49446177,0.0050336975,0.02753693,0.046998985,0.0060741766,0.11323038,0.9918833,0.7119875,0.007215926,0.009072287,0.02753693,0.573978,0.063073196,0.24543284,0.03769706,0.01458341,0.010953245,0.3670133,0.28839585,0.058127243,0.033188708,0.03518054,0.035836488,0.12269208,0.8467484,0.3670133,0.0034812868,0.08355517,0.033188708,0.32557225,0.016349329,0.1390282,0.03695169,0.004169694,0.005069048,0.6911586,0.49106058,0.3457176,0.024148293,0.023951028,0.025431346,0.068390064,0.49848455,0.6911586,0.003616951,0.0221359,0.024148293,0.57102174,0.06747337,0.11149261,0.023089863,0.003601608,0.004936351,0.04327604,0.16306332,0.21136777,0.02625393,0.026439423,0.027024223,0.5452058,0.803406,0.21136777,0.0055548786,0.09416547,0.027024223,0.15069753,0.97307706,0.9587342,0.030730458,0.0032233417,0.005117511,0.2742453,0.13404508,1.2312888,0.25222474,1.2719383,1.3094307
beef,beef_portion33_day5_rep2,beef_portion33,5,2,Spoiled,2,0.70895016,0.48523915,0.0052106413,0.025805745,0.040941335,0.0062836204,0.11160377,0.99165916,0.70895016,0.0062112804,0.009339424,0.025805745,0.567222,0.06652673,0.24345112,0.03332768,0.012179223,0.009694863,0.3640115,0.28302357,0.057602186,0.03286736,0.034085758,0.034113698,0.12057479,0.8466596,0.3640115,0.0034785722,0.079955935,0.03286736,0.32058746,0.017953996,0.1374761,0.036149535,0.003949428,0.00475386,0.6952138,0.49373472,0.35517454,0.0235688,0.023722526,0.025399081,0.06564137,0.4877572,0.6952138,0.0025286167,0.020953339,0.0235688,0.5742818,0.06855856,0.10802875,0.023071095,0.0029340312,0.0037617586,0.043181803,0.16202128,0.21361777,0.025931057,0.026711624,0.026872486,0.5480432,0.8058711,0.21361777,0.00511153,0.089595236,0.026872486,0.1499424,0.9744482,0.95678777,0.030994112,0.0032960875,0.004236138,0.27279776,0.1356215,1.2277186,0.2603628,1.2709337,1.3119038
beef,beef_portion33_day5_rep3,beef_portion33,5,3,Spoiled,2,0.7033739,0.4802479,0.0052746865,0.031040443,0.04730561,0.006164568,0.11120157,0.9914531,0.7033739,0.0069292393,0.009257341,0.031040443,0.56228584,0.06674773,0.24190038,0.039080948,0.013366641,0.01153551,0.3648804,0.2879828,0.054595407,0.035154544,0.036126222,0.037341762,0.123785846,0.8563259,0.3648804,0.0029288847,0.0875385,0.035154544,0.32447764,0.015388489,0.13992622,0.038367312,0.003338501,0.005630317,0.69235593,0.4910261,0.3500192,0.023046087,0.024061447,0.025377616,0.06656748,0.4930789,0.69235593,0.0027812077,0.022993753,0.023046087,0.571455,0.06841161,0.109410755,0.022927403,0.003806329,0.004659446,0.04627181,0.1642351,0.21166395,0.028433848,0.02805744,0.029856129,0.54507726,0.7911983,0.21166395,0.0055309297,0.101973444,0.029856129,0.15211913,0.9731162,0.9595466,0.0328392,0.002912448,0.005732344,0.26379773,0.13281694,1.2266853,0.25444147,1.2722923,1.310368
beef,beef_portion34_day5_rep1,beef_portion34,5,1,Spoiled,2,0.66833967,0.49620482,0.022299012,0.0470412,0.057692897,0.03284662,0.120143674,0.96747684,0.66833967,0.0055961385,0.04358732,0.0470412,0.56157696,0.042860888,0.23624296,0.051617943,0.01115198,0.012599934,0.22632706,0.18161584,0.17879824,0.027944513,0.029674124,0.03187144,0.28102264,0.21832539,0.22632706,0.42988703,0.046998065,0.027944513,0.20330685,0.021159515,0.016894614,0.034213595,0.0030289835,0.08523308,0.66138947,0.4664598,0.33620077,0.023578707,0.025276868,0.026468666,0.064858064,0.49055728,0.66138947,0.002435371,0.022774743,0.023578707,0.5458926,0.06732539,0.103493705,0.024023762,0.0026884333,0.003418145,0.052086554,0.1519852,0.33544296,0.03256274,0.029187221,0.033639446,0.6063589,0.8480325,0.33544296,0.004204648,0.08611288,0.033639446,0.15939553,0.022696009,0.8792789,0.033545066,0.006094848,0.0090850955,0.42064488,0.1358929,0.7587172,0.35636455,0.86350286,0.8678793
beef,beef_portion34_day5_rep2,beef_portion34,5,2,Spoiled,2,0.66880965,0.49687374,0.018550852,0.045521483,0.055219337,0.027906308,0.12045059,0.9725479,0.66880965,0.005466937,0.037199114,0.045521483,0.56217873,0.04264242,0.23713394,0.049443133,0.010800902,0.012752519,0.23558721,0.18895446,0.1822448,0.027976992,0.03006244,0.030482478,0.07447383,0.23023571,0.23558721,0.22018838,0.04491974,0.027976992,0.21226309,0.021328717,0.015254506,0.034183457,0.003053193,0.054461315,0.66102654,0.46655685,0.33184564,0.02654171,0.028402809,0.029506443,0.06661166,0.49705446,0.66102654,0.0022477214,0.025990091,0.02654171,0.5455734,0.066802174,0.10593271,0.027131466,0.0029023269,0.004043806,0.06731034,0.15410712,0.33535415,0.03078571,0.030384034,0.03531229,0.6107128,0.80175376,0.33535415,0.0039172736,0.078139655,0.03531229,0.1629606,0.023837714,0.88158584,0.034618333,0.0056588114,0.009307878,0.41488034,0.13443656,0.75831854,0.34840512,0.86773676,0.865954
beef,beef_portion34_day5_rep3,beef_portion34,5,3,Spoiled,2,0.6747193,0.50359213,0.02193855,0.04827143,0.057667114,0.033672404,0.12091758,0.9683485,0.6747193,0.0052328715,0.044040512,0.04827143,0.568333,0.041805413,0.23843941,0.051933683,0.010485824,0.012619035,0.23599397,0.18917976,0.18284683,0.028832706,0.030550983,0.030095069,0.040946797,0.22780883,0.23599397,0.14561687,0.03748423,0.028832706,0.21255523,0.021630928,0.011679728,0.034746982,0.003148915,0.0014983672,0.6570094,0.4619703,0.32749146,0.026038669,0.027237212,0.028438907,0.06618892,0.50053936,0.6570094,0.0020482081,0.025041183,0.026038669,0.54125637,0.06713174,0.10609668,0.026106607,0.002385149,0.0038133776,0.06889669,0.15261148,0.3348256,0.032524604,0.030351622,0.03419077,0.61270505,0.7970223,0.3348256,0.0058359425,0.083023936,0.03419077,0.16184738,0.025007976,0.8812783,0.034767266,0.0051768506,0.007983609,0.42237994,0.13743787,0.7607592,0.34500626,0.8710823,0.86407876
beef,beef_portion35_day5_rep1,beef_portion35,5,1,Spoiled,2,0.62842184,0.44303364,0.005269047,0.021109506,0.02119304,0.006533715,0.1151827,0.99064726,0.62842184,0.0023958096,0.010864867,0.021109506,0.5148909,0.052857034,0.22478274,0.020247811,0.0034698225,0.0060738483,0.17282774,0.10799583,0.21292448,0.023601914,0.0243356,0.060095392,0.79539585,0.48408127,0.21828885,0.06251216,0.13296293,0.056241076,0.13303633,0.05181275,0.92616814,0.029390926,0.014989089,0.1438094,0.63637227,0.4292957,0.37090552,0.03823727,0.039870888,0.038239438,0.03398877,0.41683018,0.63637227,0.003464122,0.028190281,0.03823727,0.5157253,0.07927158,0.068162225,0.0389608,0.003517285,0.0030088583,0.030767161,0.13832572,0.29393795,0.025194168,0.030188678,0.027141036,0.5967597,0.8996229,0.29393795,0.0052000247,0.07229486,0.027141036,0.13781855,0.023910567,0.8936892,0.033493903,0.103846624,0.006624182,0.7985959,0.15883453,0.76841223,0.93988246,0.04308459,0.90960056
beef,beef_portion35_day5_rep2,beef_portion35,5,2,Spoiled,2,0.6296509,0.44553393,0.005124493,0.021956252,0.021860464,0.006363684,0.115627386,0.99087363,0.6296509,0.0023132933,0.010597497,0.021956252,0.51663136,0.05208025,0.22534433,0.021096883,0.0036174261,0.0063901627,0.17634256,0.11410304,0.20808345,0.025571514,0.026153741,0.065768264,0.7922228,0.45631453,0.21800622,0.13766727,0.12686312,0.059101164,0.13818078,0.048380777,0.8385874,0.03211771,0.01444128,0.30424032,0.6383362,0.43245283,0.36367297,0.037160926,0.039161503,0.038400747,0.03899673,0.43004894,0.6383362,0.003261937,0.030267704,0.037160926,0.5180239,0.07803032,0.0734616,0.03806024,0.0037190795,0.003156098,0.04296745,0.14597712,0.28343612,0.03230523,0.027729552,0.027582677,0.5930378,0.8548635,0.28343612,0.005173066,0.094628565,0.027582677,0.14431556,0.036453307,0.9049378,0.0324027,0.17134957,0.0044320393,0.7206286,0.15408994,0.77505517,0.85473824,0.06769251,0.91254544
beef,beef_portion35_day5_rep3,beef_portion35,5,3,Spoiled,2,0.6347691,0.45016375,0.0053830757,0.023396682,0.021717548,0.006662339,0.11595323,0.99052507,0.6347691,0.0022592363,0.0110152,0.023396682,0.52134955,0.05196983,0.22682601,0.02131817,0.0037161303,0.0065745567,0.17397319,0.11428125,0.20397891,0.02269389,0.02227104,0.051779177,0.80427647,0.43981582,0.21057418,0.066502355,0.12172871,0.047523454,0.13680811,0.046142105,0.9224135,0.026957814,0.012696536,0.17682448,0.6374237,0.4321807,0.36665043,0.03762191,0.039645284,0.03831572,0.037888244,0.42454904,0.6374237,0.0034868617,0.029636398,0.03762191,0.5177805,0.078006946,0.07157854,0.038540546,0.0036390636,0.0037444278,0.04459855,0.15027358,0.2904303,0.030398259,0.028287211,0.028082326,0.59296286,0.85208285,0.2904303,0.0037557117,0.086671725,0.028082326,0.14945608,0.055202622,0.9034035,0.03264942,0.21559212,0.0052619404,0.7948258,0.15745619,0.7720572,0.93277836,0.024565108,0.9100086
beef,beef_portion36_day5_rep1,beef_portion36,5,1,Spoiled,2,0.7179565,0.48172626,0.0052454076,0.024376443,0.028162623,0.0065739113,0.10952116,0.9916966,0.7179565,0.0035480622,0.009671448,0.024376443,0.5678918,0.072395176,0.24430068,0.024877282,0.0068811383,0.0074428767,0.37870082,0.31187895,0.12555435,0.031898137,0.03234942,0.032213707,0.120545276,0.6687504,0.37870082,0.006254801,0.06985273,0.031898137,0.34794843,0.011540682,0.11727616,0.033898436,0.019079408,0.013111102,0.6551665,0.43024707,0.34213674,0.029326165,0.030561162,0.030619096,0.044801556,0.47688326,0.6551665,0.0041986876,0.023885872,0.029326165,0.52230066,0.084600456,0.08778053,0.029142164,0.0031354288,0.0039693736,0.098724335,0.18025297,0.17727503,0.035587706,0.033036657,0.034830235,0.49194014,0.47170973,0.18173586,0.012713937,0.107466064,0.0339747,0.17121916,0.9690692,0.99495864,0.039430697,0.0044064396,0.00388019,0.26117727,0.16348113,1.2348526,0.19132805,1.3108854,1.3147302
beef,beef_portion36_day5_rep2,beef_portion36,5,2,Spoiled,2,0.7123533,0.4792926,0.0054740403,0.024885066,0.027063964,0.00679979,0.10977468,0.99131805,0.7123533,0.0034993212,0.010021058,0.024885066,0.5645566,0.071158126,0.24305405,0.024182227,0.007132783,0.007323669,0.37522173,0.30910093,0.12983559,0.031724293,0.032010037,0.03460076,0.11903424,0.6539855,0.37522173,0.008836713,0.07920635,0.031724293,0.34496853,0.011500349,0.11343466,0.033533573,0.0050734086,0.016187446,0.655824,0.42824456,0.34898078,0.027656533,0.03105598,0.03031424,0.040289596,0.46696895,0.655824,0.002831563,0.02495604,0.027656533,0.52142775,0.08639337,0.08349909,0.028879855,0.0044810846,0.0032255622,0.086912654,0.17487273,0.17652188,0.03433211,0.03393321,0.03516952,0.49901935,0.53257257,0.18043683,0.017983353,0.116715916,0.034630645,0.16421627,0.968319,0.99092174,0.039962362,0.0044280617,0.006721318,0.26187623,0.16598192,1.2346967,0.19401793,1.3107848,1.3148416
beef,beef_portion36_day5_rep3,beef_portion36,5,3,Spoiled,2,0.71167696,0.4787192,0.005333014,0.021385614,0.024486318,0.00641139,0.10974942,0.9915014,0.71167696,0.003537325,0.009531866,0.021385614,0.56405616,0.07117143,0.24290168,0.021425664,0.007228569,0.006330171,0.37735566,0.31168425,0.121610545,0.030980384,0.030694565,0.03281418,0.121635504,0.67784214,0.37735566,0.0064603644,0.07523295,0.030980384,0.34734797,0.014070239,0.11878095,0.032405734,0.058935437,0.014249233,0.65591925,0.43258,0.3483238,0.03067425,0.035032168,0.034498803,0.04337429,0.46821007,0.65591925,0.0038896415,0.029474935,0.03067425,0.524034,0.08415152,0.085321695,0.032353,0.0056203394,0.004192062,0.09082076,0.17858852,0.17739941,0.03535064,0.03573746,0.03863288,0.4940861,0.5117324,0.18123616,0.013395097,0.11792253,0.03804039,0.16836728,0.96747214,0.9933883,0.041898508,0.0041166306,0.0062946137,0.25618145,0.1631003,1.2341615,0.19299966,1.3061192,1.3158036
beef,beef_portion37_day5_rep1,beef_portion37,5,1,Spoiled,2,0.6662552,0.4263813,0.0042886655,0.021281319,0.018639857,0.005665278,0.104339786,0.9926911,0.6662552,0.0033245906,0.009031969,0.021281319,0.51656926,0.078826725,0.22832324,0.017435472,0.0070399484,0.0053827604,0.2889182,0.23381735,0.12363117,0.029431382,0.029491838,0.02844196,0.108912796,0.5753327,0.2889182,0.0074824807,0.06491149,0.029431382,0.261245,0.012904709,0.077055424,0.03290825,0.004046732,0.0067813,0.6348615,0.39499432,0.32827303,0.026909897,0.039055243,0.037461292,0.034355648,0.4824531,0.6348615,0.0028704144,0.039352786,0.026909897,0.49288604,0.094256006,0.0804799,0.033672266,0.0083735315,0.004905799,0.10478894,0.20670705,0.23327923,0.018915217,0.01859528,0.020873126,0.531893,0.5515524,0.23327923,0.008277299,0.05230022,0.020873126,0.20177568,0.96992016,0.97425747,0.0215336,0.0028275864,0.0056311917,0.3040035,0.15052113,1.2039769,0.24553478,1.3131591,1.2846677
beef,beef_portion37_day5_rep2,beef_portion37,5,2,Spoiled,2,0.66743547,0.42741343,0.0041035316,0.018716794,0.019882355,0.0053125722,0.10431451,0.99305284,0.66743547,0.0035842296,0.008451302,0.018716794,0.51763815,0.07878493,0.22871858,0.017507138,0.007093255,0.005167904,0.2893845,0.22754452,0.12979771,0.02544491,0.026404954,0.02581336,0.09950257,0.5532069,0.2893845,0.008979031,0.059186578,0.02544491,0.25681472,0.01770664,0.07109494,0.029272938,0.0038146814,0.007586451,0.6387844,0.39832747,0.33146235,0.025730379,0.038374092,0.034266207,0.03445669,0.48049217,0.6387844,0.0047095446,0.034538243,0.025730379,0.49638867,0.09441842,0.08051677,0.0329941,0.0086174365,0.0041193743,0.10567453,0.20961592,0.23818834,0.020182153,0.019248279,0.019601619,0.5332029,0.5569145,0.23818834,0.009784154,0.060744926,0.019601619,0.20496805,0.96984464,0.9730037,0.021970779,0.0035559419,0.0069365217,0.31081286,0.15053146,1.202377,0.25173232,1.3125145,1.2836783
beef,beef_portion37_day5_rep3,beef_portion37,5,3,Spoiled,2,0.66598773,0.43128788,0.0043975725,0.019303204,0.021720381,0.0055526816,0.105527624,0.9925412,0.66598773,0.0042833183,0.0087909615,0.019303204,0.51964116,0.07606101,0.22898042,0.018437287,0.008748853,0.0054213116,0.28885764,0.22851525,0.12493668,0.028725807,0.028815284,0.027928919,0.102968484,0.5703918,0.28885764,0.00682174,0.0636181,0.028725807,0.25717357,0.016329337,0.07432682,0.03225248,0.003389758,0.0069716135,0.63705677,0.39685467,0.32800797,0.026489628,0.039047234,0.034707945,0.035269115,0.48460725,0.63705677,0.0041458444,0.034827463,0.026489628,0.49481577,0.094170116,0.08175793,0.03357946,0.008631176,0.0036258004,0.10219108,0.20567663,0.23410532,0.018393235,0.018603364,0.019978253,0.5331212,0.56357795,0.23410532,0.009828014,0.056055102,0.019978253,0.20054804,0.9697915,0.9733777,0.02126517,0.0034218282,0.0068282853,0.31044298,0.15039515,1.2061102,0.25017637,1.3117123,1.2838583
beef,beef_portion38_day5_rep1,beef_portion38,5,1,Spoiled,2,0.51266766,0.3950435,0.00495108,0.031850923,0.03760838,0.00644778,0.12589395,0.9896705,0.51266766,0.0057927826,0.012608191,0.031850923,0.44641858,0.025773875,0.19968356,0.035420865,0.02021663,0.010670158,0.15245628,0.1035731,0.14552249,0.020838052,0.021788893,0.022043843,0.8546139,0.32827622,0.15305027,0.019241758,0.06168553,0.020775072,0.114446685,0.031673953,0.98604614,0.026186258,0.0025094096,0.004231533,0.63523954,0.4105656,0.28008673,0.020898867,0.023334343,0.022826111,0.058215104,0.5578198,0.63523954,0.003651733,0.022671618,0.020898867,0.5014716,0.08245063,0.111885116,0.021708881,0.004656023,0.004030147,0.012965427,0.13569869,0.3463954,0.01562805,0.019010015,0.01675961,0.60308284,0.9633148,0.3463954,0.0032244972,0.04189727,0.01675961,0.14407283,0.032403518,0.86154765,0.020201232,0.005778873,0.0038288971,0.85358435,0.11811712,0.72768193,0.9573526,0.127977,0.8320051
beef,beef_portion38_day5_rep2,beef_portion38,5,2,Spoiled,2,0.50348526,0.38420087,0.004815903,0.028186316,0.031871524,0.006209027,0.12465715,0.98959845,0.50348526,0.0046838545,0.012575277,0.028186316,0.43588486,0.027157068,0.19646783,0.030742118,0.0068375347,0.009322263,0.15230726,0.10370424,0.14201626,0.020406475,0.020401176,0.020771977,0.86660737,0.32305247,0.15230726,0.009033633,0.048216235,0.020406475,0.114018366,0.031060677,0.9887106,0.025090784,0.001353985,0.001390763,0.6333246,0.4102254,0.27214682,0.02047576,0.022217726,0.02452939,0.060834132,0.5693194,0.6333246,0.003161615,0.026810307,0.02047576,0.49991158,0.08121547,0.115768105,0.020660855,0.0042213006,0.0052320445,0.013924711,0.13818565,0.34414515,0.014985243,0.017785741,0.01625902,0.60180146,0.95992106,0.34414515,0.0031010604,0.040853925,0.01625902,0.14581591,0.029825123,0.8642664,0.019057315,0.005923181,0.004803215,0.8551385,0.11633648,0.7280811,0.95574975,0.12844831,0.82962304
beef,beef_portion38_day5_rep3,beef_portion38,5,3,Spoiled,2,0.51449186,0.39302215,0.0049688295,0.029396048,0.03321496,0.0059394957,0.124856085,0.9895698,0.51449186,0.00521133,0.011823722,0.029396048,0.44556615,0.027400106,0.19957699,0.031597793,0.008060813,0.00962843,0.15292625,0.105286166,0.1414768,0.01929783,0.019737268,0.020078419,0.87156373,0.3149475,0.15292625,0.010145301,0.04742818,0.01929783,0.11537931,0.030289294,0.9897603,0.024235077,0.0018038205,0.0019120818,0.6337771,0.41456485,0.2735218,0.021435807,0.023107726,0.024604196,0.062185925,0.56762016,0.6337771,0.0023333353,0.025806228,0.021435807,0.5025734,0.07910081,0.11634664,0.02158492,0.003843685,0.0042104856,0.016842663,0.14008087,0.34372705,0.018221086,0.019912526,0.016567381,0.60171807,0.9519224,0.34372705,0.002726462,0.049523562,0.016567381,0.14746667,0.028747806,0.8655842,0.02128566,0.006273443,0.0048381463,0.8564002,0.11335818,0.7296785,0.95663637,0.12826408,0.83065826
beef,beef_portion39_day5_rep1,beef_portion39,5,1,Spoiled,2,0.66831076,0.46624938,0.0046953335,0.03127048,0.030270508,0.0061406684,0.113859825,0.9920652,0.66831076,0.0025329827,0.00941522,0.03127048,0.54220694,0.058623224,0.23448494,0.029087182,0.00364017,0.009080437,0.30820447,0.23445949,0.10947218,0.041096,0.040312972,0.041905906,0.10111208,0.6473816,0.30820447,0.010119008,0.11585094,0.041096,0.2672898,0.021663772,0.08807496,0.04450751,0.0038304687,0.019424845,0.64499205,0.42526677,0.28291953,0.022430472,0.024308663,0.03087901,0.06306925,0.560537,0.64499205,0.0033548553,0.035340827,0.022430472,0.5130453,0.07886446,0.11667549,0.023269203,0.0035488687,0.007761287,0.062214527,0.15271188,0.28436047,0.019058296,0.021651808,0.029111851,0.5966779,0.78161556,0.28436047,0.004785675,0.056676023,0.029111851,0.15288119,0.03306164,0.90965086,0.025303116,0.16368051,0.007262324,0.313658,0.123041354,0.7797929,0.25394034,0.8295819,0.87213874
beef,beef_portion39_day5_rep2,beef_portion39,5,2,Spoiled,2,0.6651522,0.4635063,0.004836882,0.03206022,0.03005335,0.0064422037,0.11366544,0.9918527,0.6651522,0.00246601,0.009895605,0.03206022,0.53944945,0.058673155,0.23355633,0.02915119,0.0034093878,0.009172307,0.29335856,0.22331013,0.11889421,0.037110176,0.036510006,0.04309506,0.09589455,0.59893435,0.29335856,0.010651531,0.118841514,0.037110176,0.25428545,0.021689875,0.07633171,0.04085521,0.00327191,0.017424278,0.64022624,0.42229223,0.28692847,0.021541877,0.024837302,0.029694805,0.06154865,0.5509444,0.64022624,0.0030611858,0.0339168,0.021541877,0.50977993,0.0786353,0.11278495,0.023137217,0.00418442,0.007003671,0.062162627,0.15124492,0.280862,0.017607348,0.021288896,0.031583514,0.59657544,0.77895105,0.280862,0.003416339,0.04894034,0.031583514,0.15096875,0.012736835,0.91114295,0.025287276,0.08875494,0.00872341,0.3277283,0.12595433,0.7824008,0.2642897,0.8412278,0.87776047
beef,beef_portion39_day5_rep3,beef_portion39,5,3,Spoiled,2,0.65418845,0.45337883,0.004492295,0.030168511,0.028208563,0.006093111,0.11307869,0.9922129,0.65418845,0.0022881483,0.009572956,0.030168511,0.5295059,0.059224226,0.23031801,0.02744561,0.0031044802,0.00867164,0.30320543,0.23419575,0.11617814,0.03921945,0.03985741,0.04515284,0.10065804,0.61789024,0.30320543,0.013343106,0.13206661,0.03921945,0.26573145,0.022996647,0.08306371,0.04345328,0.05464683,0.0227919,0.63885635,0.4217271,0.28552645,0.021661479,0.024036871,0.02903059,0.06152058,0.552382,0.63885635,0.0029198963,0.032783654,0.021661479,0.5088763,0.078277424,0.11301314,0.022467896,0.0034635295,0.006758135,0.06608734,0.15060581,0.27980262,0.018712763,0.02180427,0.030924913,0.5987551,0.7627294,0.27980262,0.0048397523,0.060101874,0.030924913,0.15086426,0.036385693,0.91152024,0.025495367,0.170945,0.009145337,0.3042585,0.12061939,0.7796971,0.2511421,0.8364891,0.8760943
beef,beef_portion40_day5_rep1,beef_portion40,5,1,Spoiled,2,0.6756874,0.481057,0.0050712368,0.026305664,0.032801624,0.0060710027,0.116165355,0.99154705,0.6756874,0.004309965,0.009418972,0.026305664,0.5541455,0.05397552,0.23787817,0.02880475,0.008116286,0.008694648,0.34091398,0.25307658,0.048514258,0.02382713,0.023302194,0.022850357,0.114346705,0.8595489,0.34091398,0.0017560436,0.058871638,0.02382713,0.29089993,0.02374465,0.12971474,0.025473678,0.002143467,0.0038550645,0.6519476,0.44153026,0.29341862,0.023496222,0.0271115,0.025207203,0.06644481,0.5489185,0.6519476,0.0034647104,0.023697175,0.023496222,0.52603227,0.07378497,0.11711894,0.025189737,0.004678235,0.0019741224,0.07828073,0.17479508,0.23725732,0.020414386,0.01953886,0.019448997,0.563128,0.67146677,0.23725732,0.0078077368,0.06848067,0.019448997,0.16899419,0.9827269,0.9518498,0.022548934,0.00442495,0.007410553,0.2862018,0.12556098,1.233157,0.24072786,1.2690209,1.2846895
beef,beef_portion40_day5_rep2,beef_portion40,5,2,Spoiled,2,0.6677122,0.47037205,0.005890497,0.028000424,0.031454295,0.007084046,0.114863075,0.99022543,0.6677122,0.0035799467,0.010835433,0.028000424,0.5448066,0.056149285,0.2348781,0.028687596,0.0064024553,0.008623478,0.33296573,0.24571626,0.05978682,0.026707135,0.027170911,0.025058458,0.111267015,0.8231799,0.33296573,0.0033895427,0.06356471,0.026707135,0.28293934,0.024572292,0.12222984,0.02948538,0.0027033347,0.004812064,0.6472613,0.43783128,0.29512817,0.025675409,0.02708006,0.026106993,0.0644812,0.5430744,0.6472613,0.0023147063,0.023524571,0.025675409,0.52257776,0.073670514,0.11408464,0.025920441,0.003070492,0.0020852727,0.07852474,0.17280912,0.2409275,0.02270085,0.019514611,0.019204155,0.5674688,0.6763765,0.2409275,0.004676289,0.07531314,0.019204155,0.16763684,0.98528576,0.9487613,0.022962896,0.0028219298,0.005458592,0.28681213,0.1240652,1.2309269,0.24475202,1.272564,1.2859668
beef,beef_portion40_day5_rep3,beef_portion40,5,3,Spoiled,2,0.6732728,0.4779537,0.0058391965,0.025177732,0.030508475,0.007104194,0.115840964,0.9903943,0.6732728,0.003846181,0.0109179085,0.025177732,0.55140615,0.054602288,0.23691261,0.027102195,0.007023931,0.008045471,0.34298974,0.25965363,0.05075602,0.025523126,0.026054632,0.023799106,0.11687908,0.854378,0.34298974,0.002495226,0.060052723,0.025523126,0.29651368,0.020940829,0.13062926,0.028116275,0.00279032,0.003832758,0.64981675,0.43314052,0.28688172,0.025719734,0.02715973,0.026292417,0.064205684,0.5577887,0.64981675,0.0020643028,0.024363697,0.025719734,0.5193859,0.07707963,0.11777276,0.026084844,0.002616361,0.0016403378,0.085024655,0.18049082,0.23544718,0.022120979,0.01961223,0.019348087,0.5592146,0.64121073,0.23544718,0.005807944,0.07188941,0.019348087,0.17504229,0.9804228,0.9568547,0.022952154,0.0034185357,0.0049813213,0.2782075,0.1253987,1.2317102,0.23019312,1.27201,1.2801015
beef,beef_portion01_day6_rep1,beef_portion01,6,1,Spoiled,2,0.7434415,0.5432389,0.07292582,0.026271071,0.031937025,0.059014987,0.11469449,0.90143424,0.7434415,0.00414523,0.077380426,0.026271071,0.61502236,0.05219878,0.24390633,0.028173635,0.0059998566,0.011376016,0.22668283,0.25346765,0.1515432,0.039709,0.036562514,0.04044092,0.20885187,0.4083602,0.25346765,0.010271701,0.06305158,0.036562514,0.26125857,0.9782344,0.05828475,0.04120622,0.003914664,0.004779419,0.20393054,0.26424816,0.43398392,0.035472542,0.031025494,0.024554895,0.6215079,0.53099346,0.43398392,0.0027111545,0.059105888,0.024554895,0.28869548,0.016306197,0.8964784,0.03376205,0.0036056754,0.008153034,0.21777697,0.18752816,0.38699567,0.016484613,0.016639244,0.018714013,0.6890263,0.5141928,0.38699567,0.0030661204,0.025406694,0.018714013,0.22722192,0.056614906,0.88838285,0.01873118,0.003382401,0.005525951,1.0085367,0.7304984,0.7521693,1.2761768,1.2408078,0.07395491
beef,beef_portion01_day6_rep2,beef_portion01,6,2,Spoiled,2,0.73801583,0.5392319,0.06729352,0.024668971,0.031607136,0.058881763,0.115152344,0.9084668,0.73801583,0.003866708,0.077489495,0.024668971,0.61070234,0.05183895,0.24365696,0.027575243,0.0063901446,0.010299889,0.21883008,0.25380352,0.15210156,0.036698893,0.03423987,0.037924234,0.2229128,0.40599427,0.25380352,0.0121752275,0.058141332,0.03423987,0.2598972,0.97457325,0.05707498,0.038518243,0.0037237373,0.004340029,0.19483677,0.2579327,0.4315558,0.033090536,0.029909067,0.02421285,0.6207266,0.5491832,0.4315558,0.0029710871,0.0550601,0.02421285,0.2817637,0.016854856,0.8935389,0.032442737,0.004021154,0.0076913927,0.21332295,0.1858159,0.38323325,0.016038354,0.016070828,0.018350856,0.6868492,0.51395595,0.38323325,0.004447973,0.022336718,0.018350856,0.22429007,0.055186592,0.888901,0.018170463,0.0019440489,0.0049811704,1.004647,0.72922635,0.7521074,1.2717605,1.2403525,0.06923908
beef,beef_portion01_day6_rep3,beef_portion01,6,3,Spoiled,2,0.74351525,0.544294,0.07465196,0.025961941,0.032836683,0.060544178,0.11481324,0.8991408,0.74351525,0.004317649,0.07926827,0.025961941,0.6156462,0.051806364,0.24364391,0.02867681,0.0064676353,0.011375522,0.22566746,0.25139052,0.15248267,0.03610357,0.033562593,0.036619224,0.20824836,0.39813185,0.25139052,0.009877244,0.05639238,0.033562593,0.25936988,0.9790137,0.056851048,0.03777819,0.003818185,0.004281834,0.20058353,0.2643653,0.43400458,0.03332063,0.032499183,0.024645254,0.6192319,0.5382189,0.43400458,0.004770279,0.056086354,0.024645254,0.28821576,0.017089443,0.89597285,0.034376483,0.04114852,0.009283781,0.21408035,0.1885386,0.38507232,0.016136648,0.016755376,0.019043386,0.68575144,0.5093405,0.38507232,0.0057405676,0.023067033,0.019043386,0.22673184,0.054283798,0.88934255,0.018688317,0.0026708415,0.0050262003,1.0107116,0.73071814,0.753782,1.2768147,1.2446817,0.07216407
beef,beef_portion02_day6_rep1,beef_portion02,6,1,Spoiled,2,0.6644378,0.37907502,0.1853308,0.019190459,0.02262398,0.022057766,0.06497408,0.719734,0.6644378,0.0036220334,0.026560377,0.019190459,0.48962173,0.10704851,0.1590948,0.020058129,0.00589519,0.005078929,0.36610448,0.36457884,0.08763065,0.031307347,0.030514166,0.034975488,0.1635636,0.7652799,0.3662909,0.0025431828,0.08015659,0.031297985,0.38427895,0.9775358,0.14878398,0.032186758,0.0021461016,0.0036371422,0.014943319,0.11041348,0.33112568,0.012101374,0.016326942,0.016914131,0.61486083,0.9544131,0.33112568,0.0042179204,0.033870704,0.016914131,0.11998274,0.044877052,0.856644,0.018002093,0.0049794493,0.0028629876,0.11167933,0.05850331,0.21947868,0.018050555,0.018953353,0.016831303,0.719154,0.73531866,0.21947868,0.003308848,0.06720579,0.016831303,0.07800709,0.0612776,0.90881854,0.0206757,0.0048530735,0.0051450343,0.87689877,0.7918795,0.8565088,1.2003211,1.2292209,0.06894287
beef,beef_portion02_day6_rep2,beef_portion02,6,2,Spoiled,2,0.66386336,0.37918812,0.19030987,0.01892163,0.02192603,0.021489926,0.06378074,0.7120264,0.66386336,0.0031799308,0.026024124,0.01892163,0.4895054,0.1068899,0.15651128,0.019547716,0.005651317,0.005229284,0.3659909,0.36240846,0.08981113,0.03170648,0.031110015,0.03497976,0.16227111,0.7594847,0.36624375,0.0038142367,0.08029644,0.031710092,0.3825658,0.979007,0.14730304,0.032801103,0.0033919178,0.0035262583,0.013676145,0.10820652,0.3338714,0.011714826,0.015751544,0.01719679,0.6155985,0.9586371,0.3338714,0.0039108708,0.03265194,0.01719679,0.118738316,0.047395226,0.8541914,0.017513359,0.0045884573,0.0031404796,0.1093672,0.05371863,0.22131677,0.017775608,0.01830936,0.016604912,0.7194122,0.75946474,0.22131677,0.0039884876,0.06363072,0.016604912,0.07460191,0.0636411,0.90555274,0.020018002,0.0039032963,0.0040175808,0.8786974,0.7923165,0.85736716,1.1988313,1.2278758,0.06964148
beef,beef_portion02_day6_rep3,beef_portion02,6,3,Spoiled,2,0.66413826,0.38260388,0.19087498,0.017525934,0.025612248,0.025827037,0.065248564,0.71125287,0.66413826,0.0048422473,0.034364257,0.017525934,0.49181798,0.105303325,0.15709701,0.02059752,0.009094791,0.007417423,0.36848652,0.3681387,0.094258666,0.032787994,0.032108244,0.037151072,0.16472799,0.75054324,0.3706615,0.0043135863,0.08338167,0.03233638,0.38779518,0.9774952,0.14730711,0.033574015,0.0034693105,0.003913033,0.011059311,0.10610874,0.33268213,0.011219162,0.015735768,0.017814469,0.6155678,0.9665548,0.33268213,0.0035513546,0.031277075,0.017814469,0.11646889,0.048091173,0.8534422,0.017539704,0.0048140627,0.0038444009,0.10692971,0.054637764,0.22224201,0.017868424,0.01856297,0.016918559,0.7162035,0.7563373,0.22224201,0.003606698,0.061933607,0.016918559,0.074599,0.062669225,0.90496653,0.020165754,0.0036922623,0.0038583481,0.8784277,0.793131,0.85743695,1.1983474,1.2284324,0.06797327
beef,beef_portion03_day6_rep1,beef_portion03,6,1,Spoiled,2,0.71724236,0.49896154,0.21109764,0.023992497,0.027532063,0.030302195,0.09293612,0.704334,0.71724236,0.004886992,0.036354616,0.023992497,0.58070266,0.06739595,0.1853385,0.024789937,0.0055239135,0.010158221,0.41395986,0.38841102,0.111934654,0.028582945,0.028744234,0.042134948,0.1510563,0.73136556,0.41405705,0.004199542,0.09005603,0.02874993,0.4151706,0.98854107,0.15176736,0.029515885,0.00313788,0.012432194,0.11287423,0.19211625,0.3853949,0.028749509,0.021976026,0.020520885,0.6164085,0.70838827,0.3853949,0.0039739255,0.061933517,0.020520885,0.20899011,0.024349585,0.8777426,0.025078645,0.0033829454,0.0036634158,0.11862484,0.08120325,0.16778445,0.018655717,0.019198846,0.021966875,0.73805934,0.51881313,0.16778445,0.010929709,0.06921678,0.021966875,0.08779613,0.0356038,0.9523906,0.022933837,0.0046467334,0.0066881063,0.9365021,0.7870493,0.9123248,1.2244246,1.286958,0.14278293
beef,beef_portion03_day6_rep2,beef_portion03,6,2,Spoiled,2,0.71646184,0.50000054,0.21316203,0.023391552,0.027715832,0.029667312,0.09312125,0.7011597,0.71646184,0.005284878,0.03542799,0.023391552,0.5810334,0.06655114,0.18466622,0.024772067,0.005834664,0.010278549,0.40781182,0.38326705,0.10407869,0.027643723,0.025260229,0.033614114,0.15123868,0.7465755,0.40781182,0.0033118695,0.072190575,0.027643723,0.40961027,0.98796177,0.1528571,0.026714914,0.0025479235,0.0071335146,0.11113913,0.19189323,0.38526416,0.027874399,0.022086352,0.020837912,0.6157705,0.71265113,0.38526416,0.004033329,0.060051855,0.020837912,0.20856246,0.024095772,0.87747675,0.025074359,0.003840877,0.0044250647,0.115788266,0.07852879,0.16237108,0.01906659,0.019219013,0.023388412,0.7403355,0.5194616,0.16237108,0.013432136,0.06453319,0.023388412,0.084140785,0.034939144,0.9542075,0.02322995,0.0045343866,0.0072673066,0.9377608,0.78773314,0.9165672,1.2225103,1.2869906,0.14658083
beef,beef_portion03_day6_rep3,beef_portion03,6,3,Spoiled,2,0.7192977,0.49754167,0.20998469,0.025347568,0.027983163,0.02883421,0.092293665,0.70679814,0.7192977,0.0033775386,0.03327969,0.025347568,0.5802769,0.06892429,0.186112,0.02566305,0.004971365,0.0079100765,0.42344916,0.39493316,0.111884646,0.029535368,0.029154798,0.03233067,0.14945993,0.73755646,0.42344916,0.0026713633,0.06463146,0.029535368,0.4225787,0.98919576,0.15532552,0.029864129,0.0027852524,0.0057894182,0.11514001,0.19363709,0.3835471,0.026884431,0.021643149,0.02058894,0.61614484,0.7008078,0.3835471,0.003910112,0.056741606,0.02058894,0.21030195,0.023234174,0.87976867,0.024678947,0.003154028,0.003587632,0.11510676,0.0779445,0.1609896,0.018479973,0.018619295,0.023359776,0.74063206,0.5184053,0.1609896,0.013835644,0.06363639,0.023359776,0.08334221,0.03464098,0.95489067,0.022530608,0.004883328,0.007516054,0.9341928,0.7874825,0.9160459,1.2259531,1.290566,0.14796014
beef,beef_portion04_day6_rep1,beef_portion04,6,1,Spoiled,2,0.6494496,0.445862,0.24043095,0.012913236,0.016054217,0.016566202,0.08188816,0.6281417,0.6494496,0.0039164056,0.02107265,0.012913236,0.5264337,0.06736283,0.14543106,0.013917847,0.005300819,0.005659727,0.36796236,0.34211966,0.058204077,0.020798793,0.021038286,0.030351117,0.15077023,0.8437679,0.36796236,0.0030371256,0.07569496,0.020798793,0.36710855,0.9903934,0.15306865,0.022269316,0.0028490957,0.0049941894,0.014786635,0.12262093,0.32827783,0.012145106,0.019752575,0.020199612,0.6073505,0.9547561,0.32827783,0.0050886683,0.03417514,0.020199612,0.12946232,0.034856766,0.8648546,0.021431087,0.0059141116,0.00345554,0.10796383,0.0642501,0.19055706,0.020147102,0.020280398,0.020238295,0.7220012,0.6688027,0.19055706,0.0030591935,0.073490724,0.020238295,0.075590014,0.04760283,0.92884666,0.023077987,0.0035826482,0.0021063068,0.9367114,0.8223218,0.9040965,1.2149754,1.2552564,0.08461486
beef,beef_portion04_day6_rep2,beef_portion04,6,2,Spoiled,2,0.6445771,0.44203556,0.24803238,0.013733457,0.0144680645,0.015002088,0.07984181,0.61345214,0.6445771,0.00273038,0.017549148,0.013733457,0.52291375,0.067726806,0.13975412,0.013732421,0.0032141074,0.004449489,0.3674953,0.34103337,0.0636354,0.020067409,0.019459248,0.029501446,0.1498126,0.82841665,0.3674953,0.0030322175,0.073687725,0.020067409,0.36631593,0.990743,0.15090236,0.020879056,0.0025103423,0.005566942,0.013173316,0.1195157,0.32736528,0.012605254,0.019388547,0.020736247,0.6083976,0.95957446,0.32736528,0.004918142,0.035830863,0.020736247,0.1264708,0.03661479,0.863701,0.021178273,0.0059947553,0.004613486,0.10836757,0.060489994,0.19541915,0.019698486,0.019355793,0.01928517,0.72396016,0.6953464,0.19541915,0.0076446934,0.07043126,0.01928517,0.07493352,0.05134974,0.9233106,0.02109213,0.003964645,0.0022820022,0.93627244,0.8259746,0.90272653,1.2148943,1.250591,0.08016554
beef,beef_portion04_day6_rep3,beef_portion04,6,3,Spoiled,2,0.65610826,0.44993433,0.2451625,0.012539688,0.014959137,0.016564395,0.08177762,0.62486595,0.65610826,0.0029816353,0.02026714,0.012539688,0.53151095,0.068489805,0.1453886,0.013515157,0.0042156754,0.004755805,0.37239805,0.346865,0.05626556,0.02028207,0.01950659,0.029595543,0.15135063,0.8506023,0.37239805,0.0032592027,0.07353182,0.02028207,0.3719905,0.9895723,0.1556136,0.020793397,0.002982808,0.0051587336,0.012902101,0.12415965,0.33117732,0.011597733,0.018838365,0.020046493,0.6064958,0.96080476,0.33117732,0.00473272,0.03205621,0.020046493,0.13114086,0.03468182,0.86412936,0.0206848,0.005859312,0.0039788513,0.10942571,0.065330446,0.19286437,0.018969426,0.018938692,0.019481763,0.72204167,0.66597426,0.19286437,0.0032998894,0.06698385,0.019481763,0.077063575,0.04847416,0.92789817,0.021863164,0.0037545133,0.0031198543,0.93484986,0.8234242,0.90512115,1.2131854,1.2526257,0.084741026
beef,beef_portion05_day6_rep1,beef_portion05,6,1,Spoiled,2,0.6712725,0.46613532,0.2216477,0.023696652,0.026290866,0.02202952,0.08790859,0.6688233,0.6712725,0.004042555,0.023339357,0.023696652,0.5460698,0.065348834,0.16434968,0.02457161,0.004979842,0.006625237,0.31459785,0.33075672,0.12005733,0.04494941,0.047253463,0.0398175,0.17728417,0.6456132,0.3309015,0.0056962804,0.083069965,0.047101088,0.3452014,0.9732894,0.117037974,0.05001336,0.004370717,0.0067879674,0.024941942,0.13161388,0.3613341,0.02840589,0.035485595,0.036684126,0.61222863,0.9336063,0.3613341,0.006539294,0.0677463,0.036684126,0.14475408,0.042927764,0.8525249,0.037975132,0.01003556,0.008066588,0.12542753,0.08225081,0.26678187,0.02736874,0.02810378,0.026993278,0.7037907,0.6962225,0.26678187,0.004943024,0.07398419,0.026993278,0.10664406,0.06434849,0.89313525,0.031847805,0.0049757585,0.0067260116,0.93109745,0.796958,0.8510137,1.2027855,1.2187741,0.059669286
beef,beef_portion05_day6_rep2,beef_portion05,6,2,Spoiled,2,0.66589427,0.4626394,0.21626343,0.025917754,0.031173998,0.021698626,0.08874173,0.6739066,0.66589427,0.005928894,0.024014566,0.025917754,0.5418933,0.06447702,0.16498375,0.028187888,0.006679674,0.009119506,0.31842414,0.330969,0.11537234,0.047188424,0.04952641,0.039805014,0.17431368,0.6605252,0.33108634,0.007087139,0.085445344,0.049496904,0.34610802,0.97459376,0.11976302,0.052318927,0.005395759,0.007996125,0.024675027,0.13091701,0.35720715,0.027489988,0.035391733,0.037151247,0.6118794,0.93342245,0.35720715,0.006432754,0.06649758,0.037151247,0.14327033,0.04174472,0.8542062,0.03802968,0.009529849,0.007494015,0.12432677,0.079008915,0.25922725,0.02778195,0.029108275,0.028203858,0.7067437,0.7009757,0.25922725,0.0063534067,0.07643498,0.028203858,0.10278495,0.06380535,0.89592016,0.032812044,0.0048010005,0.0044487393,0.93203497,0.79652035,0.8526926,1.2044739,1.2211313,0.06217549
beef,beef_portion05_day6_rep3,beef_portion05,6,3,Spoiled,2,0.66890097,0.46429244,0.21779343,0.021341035,0.02163679,0.019729005,0.08908891,0.6732202,0.66890097,0.0026921616,0.02170561,0.021341035,0.54395914,0.06498095,0.16530818,0.020819828,0.0035607743,0.00535035,0.31656414,0.33012995,0.11772245,0.045961425,0.04937976,0.038806997,0.17528717,0.65179765,0.3303115,0.006765998,0.08279171,0.049230296,0.34492728,0.9743602,0.11810594,0.051919557,0.0053675026,0.008515662,0.024367664,0.12619579,0.35666898,0.029206567,0.035388067,0.037506238,0.61418545,0.9344174,0.35666898,0.006200033,0.0697323,0.037506238,0.13930628,0.044940416,0.8521896,0.038249396,0.008974288,0.0076816636,0.123514585,0.078493,0.25800055,0.027186483,0.028669512,0.027700411,0.706593,0.7013433,0.25800055,0.0044501973,0.07599471,0.027700411,0.10193938,0.06355364,0.8961998,0.032368638,0.0044735894,0.004976825,0.9321011,0.79746574,0.8541581,1.2020732,1.2223101,0.060660012
beef,beef_portion06_day6_rep1,beef_portion06,6,1,Spoiled,2,0.69291663,0.48430726,0.21815056,0.016909553,0.017286824,0.017247856,0.09099728,0.683865,0.69291663,0.0024211856,0.01900847,0.016909553,0.5633738,0.06442285,0.17458963,0.016678048,0.0025198888,0.00472964,0.3016853,0.29488254,0.100315385,0.02538016,0.024786022,0.028580673,0.15827282,0.6714741,0.3020894,0.004281387,0.07347136,0.025168896,0.3128966,0.98591626,0.11307975,0.02727222,0.003020583,0.0057251193,0.06860435,0.148531,0.33634776,0.0356538,0.03293594,0.03205148,0.61496425,0.801135,0.33634776,0.0048991702,0.084051594,0.03205148,0.15851158,0.028404623,0.87815565,0.037359957,0.006023472,0.005797732,0.12616266,0.09781053,0.2317347,0.030521426,0.030930268,0.030869937,0.69927454,0.58567744,0.2317347,0.0047667674,0.07593867,0.030869937,0.11187912,0.044357654,0.921358,0.03664301,0.003040019,0.0020968574,0.95690775,0.81253666,0.8728763,1.2353156,1.2570816,0.06554028
beef,beef_portion06_day6_rep2,beef_portion06,6,2,Spoiled,2,0.69150066,0.4831019,0.22037552,0.016764492,0.017628264,0.017696392,0.09027142,0.67995965,0.69150066,0.0028575102,0.019862564,0.016764492,0.562355,0.064560406,0.17297703,0.016669875,0.003171203,0.005674809,0.3038464,0.29776874,0.10052889,0.022503596,0.021910554,0.026790127,0.1593577,0.672127,0.30456924,0.0051191277,0.07034668,0.022157975,0.31579703,0.9853886,0.114138074,0.023944324,0.003124345,0.0058719683,0.07265239,0.1514805,0.33847827,0.032181125,0.032132998,0.03543646,0.61558104,0.7891902,0.33847827,0.004575978,0.074397095,0.03543646,0.16184238,0.027688444,0.8788136,0.036553636,0.005386669,0.0067170556,0.12580112,0.09790225,0.23123932,0.030165916,0.030446403,0.031656034,0.6995868,0.5841802,0.23123932,0.0029771153,0.073336385,0.031656034,0.11161613,0.043878127,0.92156565,0.03644249,0.002728525,0.0028929953,0.9550798,0.81238854,0.8740585,1.23516,1.2570088,0.067915514
beef,beef_portion06_day6_rep3,beef_portion06,6,3,Spoiled,2,0.69346106,0.48459482,0.21836025,0.016758248,0.017471869,0.018163806,0.09078343,0.68375844,0.69346106,0.0026326068,0.020575136,0.016758248,0.56389636,0.064554945,0.17467101,0.016674146,0.00271223,0.0055523114,0.30083573,0.29473102,0.09568752,0.02463185,0.02386948,0.029402416,0.15899959,0.68627745,0.30148163,0.004849734,0.07971934,0.02450361,0.31248975,0.9854254,0.11508682,0.026216777,0.0035540608,0.006147149,0.069677934,0.14939867,0.33870485,0.032478787,0.032097273,0.0333663,0.61547935,0.7984589,0.33870485,0.004579413,0.07550263,0.0333663,0.15979822,0.028719155,0.87740535,0.03633104,0.005900776,0.006044699,0.12659799,0.09837091,0.23190026,0.029188473,0.029306762,0.030187748,0.69993573,0.5822746,0.23190026,0.004395391,0.06929422,0.030187748,0.11228768,0.044178262,0.92146695,0.0351143,0.0031986188,0.0031652465,0.95642984,0.81142783,0.8729661,1.2327737,1.2554983,0.06661577
beef,beef_portion07_day6_rep1,beef_portion07,6,1,Spoiled,2,0.6527003,0.4654624,0.22474794,0.024261905,0.025803633,0.026916401,0.091731325,0.65404344,0.6527003,0.004901344,0.03685199,0.024261905,0.5394938,0.057558432,0.15941995,0.024319358,0.0041904976,0.012314817,0.27688077,0.26720235,0.038943525,0.023872102,0.023116084,0.024728771,0.15833421,0.8633213,0.27702954,0.0050954954,0.07739533,0.023888495,0.2827535,0.9862885,0.127924,0.025399482,0.004355049,0.0054111867,0.0062065255,0.09775829,0.31757045,0.0083893845,0.019252267,0.021887025,0.61605906,0.9801148,0.31757045,0.0055561056,0.02448096,0.021887025,0.105759636,0.0475152,0.85701215,0.020823285,0.0059831473,0.0046071694,0.10513952,0.04752113,0.26084742,0.017150816,0.01815063,0.01659061,0.7105456,0.8188195,0.26084742,0.002350731,0.05774678,0.01659061,0.0775033,0.07822967,0.8795683,0.018886114,0.003937602,0.0039642113,0.96407837,0.8214993,0.8558482,1.2017453,1.1965231,0.04744026
beef,beef_portion07_day6_rep2,beef_portion07,6,2,Spoiled,2,0.6512327,0.459526,0.22987986,0.026752913,0.027603151,0.024693131,0.0890541,0.6456182,0.6512327,0.004429379,0.02938831,0.026752913,0.5352461,0.060152445,0.15508226,0.02628948,0.0041327793,0.009950183,0.27665272,0.2629672,0.041285206,0.024504336,0.023360658,0.023442106,0.1560274,0.85490173,0.27678925,0.0048055477,0.071140535,0.024361782,0.27932626,0.98881716,0.12564197,0.025905298,0.0040313597,0.0035084006,0.0057988823,0.09696076,0.32628343,0.0077133705,0.019002205,0.022631057,0.6175769,0.9818888,0.32628343,0.005515385,0.022348346,0.022631057,0.10724217,0.051498417,0.85181254,0.020565784,0.005988338,0.0051380675,0.10592943,0.037349023,0.26076818,0.016251665,0.016581872,0.016558718,0.7169342,0.85813224,0.26076818,0.0020777427,0.053946257,0.016558718,0.07193068,0.08397613,0.8758478,0.017699266,0.0032494832,0.0024913189,0.96373224,0.8177379,0.857165,1.1981248,1.1935489,0.053660017
beef,beef_portion07_day6_rep3,beef_portion07,6,3,Spoiled,2,0.6544274,0.46206924,0.22043738,0.025083194,0.02592092,0.028937103,0.09069552,0.66179764,0.6544274,0.004373933,0.03796809,0.025083194,0.53782207,0.059835166,0.16089584,0.024745319,0.0037943814,0.011717022,0.2760525,0.2670274,0.048569866,0.023336085,0.022246895,0.02609161,0.15831873,0.82821107,0.2762442,0.004484544,0.08099741,0.023160001,0.2826004,0.98654944,0.12386879,0.024656828,0.003643782,0.0046270564,0.008209019,0.095844194,0.3241619,0.009731798,0.019014962,0.022078184,0.618732,0.9743443,0.3241619,0.0051421938,0.02807808,0.022078184,0.10610066,0.05174845,0.8526577,0.020680029,0.005934325,0.0049572797,0.10466004,0.03493868,0.2598427,0.015455529,0.015174841,0.016570637,0.7174427,0.8666886,0.2598427,0.0011287753,0.048991434,0.016570637,0.07003027,0.08465673,0.8754033,0.016658355,0.0034196607,0.0024746547,0.96192956,0.81546503,0.8543806,1.1983898,1.1930635,0.053864557
beef,beef_portion08_day6_rep1,beef_portion08,6,1,Spoiled,2,0.6611644,0.46132097,0.20467818,0.024315344,0.030737652,0.03392983,0.09165521,0.6901505,0.6611644,0.0030082306,0.041609522,0.024315344,0.53941643,0.06247605,0.16928415,0.027721813,0.0057754344,0.006084526,0.34863463,0.3635029,0.09022749,0.02846797,0.033480193,0.029988907,0.17355792,0.75397146,0.36397877,0.007829366,0.06733885,0.03292424,0.379467,0.97008985,0.14480805,0.03339477,0.007886304,0.008048668,0.03625877,0.15886766,0.39138585,0.025256857,0.02311346,0.023045564,0.60752267,0.9078782,0.39138585,0.002717025,0.058701225,0.023045564,0.1740438,0.036521595,0.85114026,0.024902945,0.0066962815,0.006779515,0.14511706,0.12056919,0.23271307,0.027937472,0.02792965,0.030333031,0.7018941,0.48470953,0.23271307,0.00075956073,0.065487176,0.030333031,0.13509446,0.035969507,0.93510187,0.033579204,0.0050163176,0.008212475,0.921925,0.7740146,0.8664038,1.1885511,1.2477432,0.09255759
beef,beef_portion08_day6_rep2,beef_portion08,6,2,Spoiled,2,0.66238815,0.46343127,0.21071957,0.023082733,0.030454835,0.030445315,0.09135447,0.681558,0.66238815,0.0032137982,0.036008593,0.023082733,0.5412635,0.06215792,0.16733918,0.027171003,0.00621817,0.004629365,0.34600267,0.36068302,0.095566854,0.02901406,0.03445618,0.029723588,0.17359965,0.7375145,0.36108345,0.007717981,0.06388937,0.034114942,0.376667,0.9706836,0.14147803,0.034395985,0.007505765,0.0074246656,0.033382095,0.16115981,0.39200205,0.026488584,0.02370531,0.023462132,0.60587394,0.91564757,0.39200205,0.002837888,0.061237678,0.023462132,0.17568831,0.034769367,0.8518273,0.025700219,0.0060699624,0.005851283,0.14548005,0.122169994,0.2362257,0.028162504,0.027952073,0.030880457,0.6995805,0.48610216,0.2362257,0.0043745246,0.060205013,0.030880457,0.13695149,0.03605422,0.9337363,0.033777032,0.004037913,0.007165543,0.92367727,0.7764789,0.8668992,1.1920252,1.2484666,0.09061609
beef,beef_portion08_day6_rep3,beef_portion08,6,3,Spoiled,2,0.66431016,0.46632487,0.20781273,0.024452114,0.033239655,0.034887604,0.092367075,0.68688345,0.66431016,0.0037898025,0.043391988,0.024452114,0.54351187,0.061401647,0.16974889,0.029429523,0.007328419,0.006413076,0.35147947,0.36646205,0.097785465,0.027296508,0.029575966,0.027150374,0.17379618,0.73448527,0.3664676,0.005808828,0.058072142,0.02957917,0.38259494,0.9702382,0.14318146,0.030025093,0.005715371,0.006700545,0.036876213,0.16034886,0.39253065,0.0236802,0.02249342,0.022364544,0.6073062,0.9064568,0.39253065,0.00206834,0.054584634,0.022364544,0.17550951,0.035959784,0.8512168,0.02414934,0.0065151257,0.0063036615,0.14657918,0.12279404,0.23152967,0.027537365,0.027248466,0.03191733,0.7017062,0.47137442,0.23152967,0.0012907932,0.06469526,0.03191733,0.13716148,0.034698337,0.9372131,0.033039544,0.0056529385,0.009527618,0.92335474,0.774901,0.86881244,1.1904094,1.2513827,0.094167575
beef,beef_portion09_day6_rep1,beef_portion09,6,1,Spoiled,2,0.6935475,0.5121707,0.2676202,0.021696767,0.023936575,0.022235043,0.09436562,0.61291885,0.6935475,0.0028193756,0.021904495,0.021696767,0.5829848,0.052218158,0.15826626,0.022428704,0.0033087735,0.0051534656,0.46069896,0.39427954,0.041174695,0.034228317,0.035164453,0.03855592,0.1382656,0.91213334,0.46069896,0.003631478,0.073469654,0.034228317,0.43098786,0.20061956,0.18295373,0.035289813,0.39650753,0.010324483,0.035252724,0.16343191,0.38279292,0.026538277,0.024074277,0.02764958,0.6034847,0.90878636,0.38279292,0.002706309,0.061638087,0.02764958,0.17600885,0.029898873,0.8582452,0.026692752,0.005531252,0.007314561,0.14213185,0.09550621,0.24076438,0.018616805,0.018996045,0.016827697,0.71887743,0.6053307,0.24076438,0.003354397,0.051100355,0.016827697,0.11653543,0.054126658,0.9175159,0.022333182,0.0028515037,0.0038156298,0.21385865,0.80999887,0.8910885,0.7417401,0.8123559,0.08739042
beef,beef_portion09_day6_rep2,beef_portion09,6,2,Spoiled,2,0.6947168,0.51498896,0.27065992,0.024358086,0.026680574,0.02498309,0.09439421,0.6092484,0.6947168,0.0032368684,0.024626728,0.024358086,0.58514315,0.051543638,0.1577541,0.024866566,0.0038745787,0.0057674428,0.46048424,0.39707026,0.046524443,0.03511761,0.033542734,0.04169185,0.13912374,0.90020996,0.46048424,0.004090262,0.079823695,0.03511761,0.43333235,0.34200037,0.18194215,0.034136415,0.47110808,0.011293608,0.035729136,0.16468291,0.3887525,0.029656606,0.025751898,0.028096952,0.60424507,0.9095147,0.3887525,0.0029135214,0.06843084,0.028096952,0.17815283,0.031411257,0.85565406,0.0284219,0.0059960396,0.0073940232,0.13692166,0.0992176,0.24636866,0.019062553,0.021761881,0.019436704,0.70765954,0.5991266,0.24636866,0.0073100138,0.055989057,0.019436704,0.11840325,0.0513573,0.914818,0.02453474,0.0050378134,0.00368326,0.32862848,0.8081527,0.88937724,0.7845189,0.84897625,0.086418904
beef,beef_portion09_day6_rep3,beef_portion09,6,3,Spoiled,2,0.6933775,0.51243037,0.27081403,0.022554839,0.025038274,0.021306233,0.09399537,0.6082107,0.6933775,0.0031373936,0.019753838,0.022554839,0.5831014,0.052184023,0.15661094,0.023492705,0.0037734618,0.0048929662,0.46262684,0.3972869,0.045813642,0.033012852,0.03357299,0.039625708,0.13863343,0.9019763,0.46262684,0.0036841072,0.07649746,0.033012852,0.43402097,0.25137022,0.18256444,0.033621673,0.42997488,0.010659284,0.030960578,0.16353482,0.3888125,0.026585745,0.023611411,0.02560502,0.6034466,0.9211112,0.3888125,0.0027337885,0.061852507,0.02560502,0.17675537,0.031559903,0.8547746,0.025991494,0.005629181,0.0068314043,0.13633117,0.09738231,0.24575898,0.017627088,0.02062116,0.01798303,0.7086694,0.60534203,0.24575898,0.007040006,0.054716498,0.01798303,0.116796866,0.052211795,0.9142406,0.023086859,0.0049481653,0.0034980348,0.25014737,0.80806863,0.8896306,0.75257474,0.8219764,0.0869352
beef,beef_portion10_day6_rep1,beef_portion10,6,1,Spoiled,2,0.6708957,0.48200977,0.2371456,0.033208925,0.03872768,0.03600792,0.09247015,0.6461877,0.6708957,0.00459094,0.043975644,0.033208925,0.555818,0.05740431,0.16096775,0.03558623,0.0069608763,0.009324381,0.38387787,0.36525664,0.04502669,0.062248867,0.06622343,0.042888623,0.15525441,0.8899069,0.3840046,0.00530276,0.096515484,0.06234659,0.3881037,0.98080724,0.16497287,0.06766205,0.06178028,0.01796883,0.015466395,0.12863751,0.33723125,0.015216043,0.021177273,0.020880166,0.60603374,0.954658,0.33723125,0.0040489943,0.04046009,0.020880166,0.13637248,0.03421041,0.86326945,0.023079457,0.006161639,0.0037574824,0.123800285,0.095953174,0.16684681,0.018948708,0.019018773,0.018901985,0.7300097,0.42790085,0.16684681,0.0040188907,0.04727512,0.018901985,0.10089283,0.027710784,0.9607191,0.02345269,0.0015866532,0.0010848842,0.9385185,0.8183521,0.9205655,1.2029265,1.2743999,0.10391096
beef,beef_portion10_day6_rep2,beef_portion10,6,2,Spoiled,2,0.67148435,0.48192683,0.23808108,0.03044469,0.036219142,0.035108015,0.09220389,0.6449265,0.67148435,0.0040877596,0.04296021,0.03044469,0.55587125,0.05775103,0.16053903,0.033068836,0.0064419257,0.009025105,0.3884452,0.3711425,0.046889033,0.063565105,0.06805595,0.043223158,0.15594798,0.8870317,0.38863507,0.005766638,0.09454381,0.06377872,0.3937853,0.983713,0.16638948,0.06932403,0.0076620085,0.018252335,0.016767249,0.13066721,0.33788803,0.016165126,0.021404969,0.021698598,0.6054749,0.95115834,0.33788803,0.0043101883,0.04234973,0.021698598,0.13824128,0.033154313,0.864036,0.02347177,0.0063349847,0.003997034,0.12481494,0.09712369,0.16792299,0.017997041,0.017985784,0.017924348,0.7297489,0.42418826,0.16792299,0.003946671,0.045089196,0.017924348,0.10232634,0.027607633,0.9607572,0.022271948,0.0012555576,0.0009286033,0.94005936,0.81849116,0.9203047,1.2064723,1.2767559,0.10332295
beef,beef_portion10_day6_rep3,beef_portion10,6,3,Spoiled,2,0.67061454,0.48345643,0.24326691,0.023497183,0.026608849,0.029614164,0.092001416,0.636317,0.67061454,0.0027794961,0.03627682,0.023497183,0.5568078,0.05672431,0.15838842,0.024678802,0.0048162434,0.0073507093,0.37847912,0.36167976,0.04833765,0.058536343,0.06354533,0.04304143,0.15585467,0.87979597,0.3785789,0.0056066965,0.09806459,0.058594987,0.38409626,0.984216,0.16240597,0.064841285,0.0074061397,0.01697241,0.015957827,0.13152196,0.34046483,0.015450868,0.02063765,0.021711793,0.6052658,0.9538291,0.34046483,0.004178457,0.040631868,0.021711793,0.13931346,0.033483133,0.8628871,0.022733394,0.0061406144,0.004253737,0.12318165,0.09554188,0.16641134,0.01837313,0.018448139,0.018362243,0.7295886,0.42863432,0.16641134,0.0012190414,0.046335105,0.018362243,0.10032798,0.027617767,0.96066576,0.022823302,0.001205142,0.0012299946,0.94344383,0.81924355,0.9235096,1.2060205,1.2778198,0.105427414
beef,beef_portion11_day6_rep1,beef_portion11,6,1,Spoiled,2,0.6768466,0.48748273,0.25366822,0.030714575,0.03324411,0.027637085,0.09050765,0.62424326,0.6768466,0.0043072687,0.027772777,0.030714575,0.56152266,0.057587042,0.1554522,0.031266462,0.004607073,0.007567145,0.41582304,0.3754034,0.04740604,0.031368785,0.032461885,0.04846195,0.14640202,0.88962054,0.41582304,0.0044305734,0.107102126,0.031368785,0.4051402,0.9106799,0.17035037,0.03308936,0.2750207,0.01172916,0.04950433,0.15198004,0.34620726,0.021666158,0.021113666,0.02025657,0.6077934,0.85817707,0.34620726,0.0012594637,0.05383443,0.02025657,0.1610301,0.026079496,0.8731994,0.023630679,0.004421806,0.0030576226,0.1390302,0.1110982,0.23627481,0.025583448,0.025357729,0.030113949,0.7021877,0.5312841,0.23627481,0.004120498,0.06842702,0.030113949,0.12648848,0.0411901,0.9271988,0.030636445,0.0067760763,0.010119553,0.8674358,0.82252544,0.886068,1.1558998,1.1859506,0.06585888
beef,beef_portion11_day6_rep2,beef_portion11,6,2,Spoiled,2,0.67538583,0.48745415,0.2579035,0.030210728,0.03363291,0.028501285,0.08982083,0.6171283,0.67538583,0.0046514403,0.030042756,0.030210728,0.5612756,0.0571693,0.15312997,0.031323627,0.00489609,0.008692298,0.4080575,0.3668686,0.040147897,0.026998403,0.028651133,0.042036533,0.14608489,0.90424705,0.4080575,0.0037815247,0.09596449,0.026998403,0.3965106,0.9231205,0.16976897,0.029095773,0.25713703,0.0099255415,0.047742408,0.15025707,0.34503126,0.021343118,0.021034813,0.019781224,0.60767204,0.8627434,0.34503126,0.0019124325,0.05383374,0.019781224,0.15918905,0.02652728,0.872776,0.023398317,0.0049887374,0.0037275357,0.13681215,0.110362485,0.23299517,0.025728593,0.025853809,0.028263347,0.7010587,0.5296846,0.23299517,0.0029089036,0.06419221,0.028263347,0.124747925,0.03995662,0.92835855,0.031284615,0.0046822573,0.0071416893,0.88164383,0.824926,0.8898495,1.1637954,1.1955298,0.066752985
beef,beef_portion11_day6_rep3,beef_portion11,6,3,Spoiled,2,0.6757092,0.4864495,0.2584872,0.028442072,0.033707306,0.026850462,0.0894453,0.61635137,0.6757092,0.0052340203,0.027480483,0.028442072,0.56072223,0.057899725,0.1525548,0.03068552,0.006178428,0.007911088,0.40785953,0.36834103,0.03959947,0.028914664,0.029068314,0.041021608,0.146831,0.9058173,0.40785953,0.0033723605,0.09337592,0.028914664,0.39758247,0.98728067,0.1703272,0.029940391,0.084275074,0.009516315,0.047753543,0.15090369,0.34542012,0.021811042,0.019425878,0.019225856,0.60715646,0.8626852,0.34542012,0.002054896,0.055843648,0.019225856,0.15988971,0.026211603,0.87303036,0.021880344,0.0040444112,0.0035960698,0.13636912,0.10880836,0.23413615,0.023249315,0.023417639,0.027657188,0.7018161,0.53651613,0.23413615,0.0029649644,0.062276386,0.027657188,0.12360159,0.041136224,0.926898,0.028318033,0.006574922,0.009073061,0.94375813,0.8250793,0.88936096,1.2140607,1.2420363,0.06664304
beef,beef_portion12_day6_rep1,beef_portion12,6,1,Spoiled,2,0.6779997,0.46293044,0.16026832,0.016641965,0.019023577,0.02612092,0.095808774,0.76218295,0.6779997,0.003272376,0.034513127,0.016641965,0.54439837,0.06752325,0.19176228,0.017627679,0.004064546,0.007769406,0.26589736,0.29454902,0.13541014,0.033563953,0.03568839,0.039421253,0.1944378,0.547069,0.29454902,0.0053539854,0.0755334,0.03568839,0.30452213,0.97185594,0.08971525,0.03846606,0.0023617903,0.004965782,0.0077256346,0.122937575,0.3567061,0.009071854,0.017836608,0.028624171,0.6099719,0.97735035,0.3567061,0.003876705,0.025636576,0.028624171,0.13506578,0.04500324,0.84924096,0.02052012,0.005709725,0.00882213,0.122882456,0.086691335,0.26846588,0.022068063,0.023488993,0.022356592,0.69755024,0.67991304,0.26846588,0.007023246,0.06250706,0.022356592,0.10918155,0.06129786,0.89349777,0.02658222,0.005367298,0.00445032,0.9411545,0.77481514,0.82576334,1.2102275,1.230179,0.053797517
beef,beef_portion12_day6_rep2,beef_portion12,6,2,Spoiled,2,0.6776118,0.461013,0.1616514,0.017574731,0.01870694,0.025218373,0.09500852,0.759999,0.6776118,0.002958415,0.03286661,0.017574731,0.54309916,0.06838769,0.19073237,0.017720807,0.0035784084,0.007193807,0.26806334,0.296523,0.13513656,0.034030624,0.037806157,0.03698941,0.19409677,0.54973906,0.296523,0.0070296363,0.06662764,0.037806157,0.3066311,0.9713084,0.09096077,0.04017758,0.0037867355,0.005420152,0.010648391,0.124341235,0.3573357,0.011229767,0.018244715,0.028684251,0.61030227,0.96901345,0.3573357,0.0040567727,0.031128723,0.028684251,0.1367225,0.044566993,0.8497732,0.020979507,0.0055801813,0.008690446,0.12415513,0.08591619,0.27060473,0.02210298,0.021126067,0.021800946,0.69909716,0.68467665,0.27060473,0.006531467,0.054483496,0.021800946,0.10929458,0.06283335,0.8919297,0.024936195,0.0044988226,0.0036093683,0.9386892,0.77462524,0.8245574,1.2097582,1.2271185,0.05350811
beef,beef_portion12_day6_rep3,beef_portion12,6,3,Spoiled,2,0.6750721,0.4618491,0.15929928,0.017217569,0.02000893,0.026874682,0.09618434,0.76262456,0.6750721,0.0036915499,0.0354663,0.017217569,0.5429377,0.06661721,0.1915489,0.018272694,0.004655696,0.0077056643,0.26561826,0.29543027,0.133096,0.03268369,0.03584426,0.03566723,0.19537172,0.5547597,0.29543027,0.0057989317,0.06439462,0.03584426,0.30522913,0.97058797,0.09142286,0.0382324,0.0031806112,0.004261744,0.011598784,0.12582941,0.36056545,0.012759913,0.018620241,0.026366994,0.61045027,0.96716094,0.36056545,0.0038314892,0.034331672,0.026366994,0.1386984,0.04491883,0.84895694,0.020972509,0.0057108845,0.007784504,0.12445648,0.08704346,0.26830712,0.022870654,0.023363713,0.022703925,0.69912773,0.6783534,0.26830712,0.007589203,0.060316365,0.022703925,0.10988234,0.06166684,0.89412194,0.026756829,0.0051274574,0.0046819076,0.9400499,0.7720528,0.82533044,1.2076645,1.2282605,0.05613144
beef,beef_portion13_day6_rep1,beef_portion13,6,1,Spoiled,2,0.70626396,0.52078426,0.22011974,0.029782707,0.030476311,0.026592422,0.1008893,0.6871421,0.70626396,0.00300852,0.027638728,0.029782707,0.59101737,0.051228635,0.18498403,0.02888703,0.0029884216,0.0068778093,0.28422603,0.30298418,0.10464748,0.034402188,0.033029802,0.027315527,0.18030702,0.6579316,0.30299768,0.005504102,0.06070298,0.033021078,0.31520295,0.9730537,0.11123179,0.036250636,0.0026088634,0.0071608443,0.01901912,0.13964406,0.35942104,0.016409447,0.018217636,0.017143365,0.6056808,0.9473444,0.35942104,0.002911723,0.04207528,0.017143365,0.15026608,0.03558726,0.85700303,0.01986577,0.005273172,0.0033212288,0.1217342,0.07521478,0.22874391,0.020110967,0.019804822,0.02105697,0.7148611,0.67418766,0.22874391,0.004042584,0.056056872,0.02105697,0.09365939,0.057282526,0.91172904,0.023498211,0.002885553,0.0024768177,0.9650256,0.80381334,0.8806588,1.2092239,1.236331,0.08166968
beef,beef_portion13_day6_rep2,beef_portion13,6,2,Spoiled,2,0.7039988,0.5213169,0.22229749,0.028034197,0.03051963,0.025850449,0.101234,0.68301237,0.7039988,0.0035165697,0.026984561,0.028034197,0.59081674,0.050110213,0.18368961,0.028368788,0.004355243,0.006559397,0.28213894,0.29951873,0.10486443,0.033898566,0.033278443,0.028913595,0.17953366,0.65361273,0.29951873,0.006083082,0.06601307,0.033278443,0.31181008,0.97389936,0.10974754,0.036384128,0.0036448871,0.0071134144,0.017048905,0.13291399,0.3543214,0.014564124,0.017385978,0.016187409,0.6072911,0.9520811,0.3543214,0.0025331213,0.038306728,0.016187409,0.14364567,0.038195886,0.856058,0.018867297,0.005270892,0.003347617,0.114499785,0.06937074,0.21915431,0.018268976,0.018865556,0.019338164,0.7150982,0.68653667,0.21915431,0.005746392,0.05909086,0.019338164,0.08580781,0.05571365,0.91346353,0.02162921,0.0036819386,0.0031428428,0.9678319,0.80757856,0.8874883,1.2086353,1.2410083,0.08335158
beef,beef_portion13_day6_rep3,beef_portion13,6,3,Spoiled,2,0.7112333,0.5250983,0.22564898,0.029808674,0.030422967,0.027635781,0.10078375,0.6816369,0.7112333,0.0030575031,0.028599815,0.029808674,0.5954067,0.05135518,0.18434548,0.028873868,0.002965094,0.006870923,0.29000488,0.30877706,0.1049062,0.031729523,0.030936727,0.028650776,0.1800246,0.66393924,0.3087784,0.005218973,0.065043725,0.0309373,0.32140613,0.9727139,0.113937415,0.03375573,0.0027950257,0.0056509837,0.019208519,0.13760744,0.3608201,0.015521599,0.017866502,0.01660378,0.6069738,0.94682974,0.3608201,0.0031551914,0.039923295,0.01660378,0.14899853,0.03765911,0.8551802,0.01927175,0.005968828,0.0044252872,0.11712827,0.071040675,0.22046137,0.018182065,0.018119754,0.018278794,0.7163266,0.6807604,0.22046137,0.0036619722,0.056187417,0.018278794,0.088022515,0.05606593,0.91373545,0.020996405,0.0028544737,0.0018366826,0.963813,0.80590755,0.8885216,1.2056088,1.2387043,0.086519375
beef,beef_portion14_day6_rep1,beef_portion14,6,1,Spoiled,2,0.6980601,0.49318594,0.21908484,0.017353518,0.019406915,0.02003899,0.09294114,0.68451697,0.6980601,0.0025082002,0.02259158,0.017353518,0.5710217,0.062307447,0.17720301,0.017524043,0.0049002273,0.0038484603,0.35244277,0.35690325,0.134984,0.02455026,0.025050713,0.03303753,0.16848984,0.62466806,0.35703155,0.0028829798,0.06928317,0.024996132,0.37607363,0.9768695,0.12292863,0.026597578,0.0024029566,0.0061452934,0.025645586,0.14094013,0.36245397,0.020396713,0.022474324,0.024183502,0.60796237,0.9306457,0.36245397,0.0026442455,0.04979877,0.024183502,0.15255468,0.03665639,0.8566145,0.02496812,0.005405664,0.0037618412,0.14688529,0.10743624,0.26564747,0.022036767,0.02183082,0.02257324,0.70662236,0.5968201,0.26564747,0.0046909084,0.05303537,0.02257324,0.13062242,0.054374162,0.9092337,0.02586314,0.004885896,0.005486502,0.93668264,0.7983562,0.85433215,1.2133658,1.2367375,0.05969695
beef,beef_portion14_day6_rep2,beef_portion14,6,2,Spoiled,2,0.6962183,0.4906314,0.21568091,0.018438458,0.021790396,0.019301359,0.09331735,0.688621,0.6962183,0.0044485554,0.021957343,0.018438458,0.5688276,0.06272818,0.17769164,0.01913742,0.006191986,0.006053394,0.34981954,0.3545971,0.13372536,0.025101557,0.024676077,0.03654782,0.16850656,0.6264378,0.3547118,0.0028028123,0.08017576,0.02473569,0.3736752,0.97702587,0.12231657,0.0265653,0.0024638262,0.007690616,0.023683444,0.14190407,0.36659044,0.019506874,0.022401022,0.024149159,0.60791737,0.9364493,0.36659044,0.002250181,0.047153078,0.024149159,0.15404043,0.037309058,0.85467774,0.024772476,0.0053390567,0.003791595,0.14874715,0.10960308,0.27514255,0.022465609,0.021593133,0.021344088,0.7035644,0.6032902,0.27514255,0.0058367583,0.048890833,0.021344088,0.13436045,0.056130648,0.9048736,0.025664106,0.002669562,0.004105037,0.9365315,0.7943581,0.8471121,1.2114701,1.2319558,0.057106737
beef,beef_portion14_day6_rep3,beef_portion14,6,3,Spoiled,2,0.6984376,0.49447635,0.21400653,0.017885897,0.018939275,0.020263558,0.094616115,0.6920373,0.6984376,0.00271463,0.023335334,0.017885897,0.57187164,0.06162214,0.17979623,0.017239243,0.004898536,0.0046320856,0.35088027,0.35629225,0.13356815,0.023012308,0.023228388,0.032785356,0.16888781,0.62775236,0.3565411,0.004135989,0.07199279,0.023331687,0.37519488,0.9767471,0.12318044,0.024699455,0.002698714,0.007318304,0.022590581,0.13994372,0.36208448,0.019376645,0.021937678,0.02229835,0.6074891,0.93872046,0.36208448,0.002506712,0.047890846,0.02229835,0.1513969,0.036852576,0.8559412,0.02420659,0.005525173,0.0032732757,0.1468429,0.10753325,0.2653306,0.021322291,0.022064922,0.02327677,0.7068186,0.59616035,0.2653306,0.0049704146,0.052279893,0.02327677,0.130647,0.054271758,0.9094439,0.025977707,0.0046286387,0.0055012363,0.93773174,0.79660815,0.8527127,1.2126111,1.2365172,0.05997107
beef,beef_portion15_day6_rep1,beef_portion15,6,1,Spoiled,2,0.6596428,0.4650355,0.21625769,0.019998817,0.023459606,0.021707552,0.09088199,0.6700599,0.6596428,0.006284052,0.034077063,0.019998817,0.5415019,0.060593758,0.16429351,0.021339709,0.004959346,0.014199883,0.26192102,0.2987874,0.08181125,0.03828456,0.039003763,0.038536947,0.1930774,0.73568887,0.2987874,0.003479317,0.099295646,0.039003763,0.3058704,0.96353614,0.11726509,0.042230792,0.003733795,0.0059217513,0.0069808955,0.12484548,0.34934473,0.008004748,0.015766347,0.018479584,0.6076147,0.9796893,0.34934473,0.0041722306,0.022025598,0.018479584,0.13498065,0.040701754,0.8539993,0.017262455,0.0052860267,0.0042064167,0.1238131,0.08034931,0.25070563,0.021384574,0.021920485,0.01991197,0.70695555,0.68219274,0.25070563,0.003327923,0.062112357,0.01991197,0.1017406,0.061039817,0.9013102,0.025306243,0.0035347554,0.0041091517,0.93436545,0.8008429,0.8582446,1.1931487,1.2128047,0.061293215
beef,beef_portion15_day6_rep2,beef_portion15,6,2,Spoiled,2,0.654885,0.462566,0.21557608,0.025558427,0.030424561,0.022152318,0.09103366,0.66824234,0.654885,0.008449014,0.037590813,0.025558427,0.5382832,0.059782624,0.16305265,0.027181983,0.0062907124,0.017683635,0.26952922,0.3095082,0.08377178,0.03893599,0.04186656,0.036836546,0.19425406,0.7378024,0.3095082,0.0048039225,0.09079053,0.04186656,0.31661668,0.9612951,0.120999105,0.044592388,0.0048972717,0.0072507816,0.008347265,0.12447703,0.3509377,0.011605213,0.016862484,0.02050818,0.60850173,0.97633755,0.3509377,0.0030481094,0.030045213,0.02050818,0.1350921,0.041756287,0.8529114,0.018802144,0.004767619,0.0046083434,0.12492268,0.07580055,0.2505438,0.019456465,0.020746712,0.019986935,0.7123303,0.7001276,0.2505438,0.0030761794,0.05919538,0.019986935,0.098979495,0.06404016,0.90001464,0.02375972,0.0034035915,0.003726874,0.9293166,0.7992454,0.85797364,1.1892008,1.2080139,0.06339878
beef,beef_portion15_day6_rep3,beef_portion15,6,3,Spoiled,2,0.65729225,0.46059564,0.21766113,0.024254795,0.028513025,0.023023246,0.0893238,0.66656923,0.65729225,0.007806142,0.037304416,0.024254795,0.5379496,0.062038407,0.16192363,0.025853159,0.005929493,0.016699981,0.27073666,0.3066109,0.081320636,0.038917415,0.04074974,0.03857511,0.191459,0.7440568,0.3066109,0.004199028,0.0961713,0.04074974,0.314411,0.9633982,0.1212908,0.04367865,0.0040021976,0.00659939,0.0096352175,0.12428046,0.35072035,0.012476575,0.017604038,0.02052131,0.6089536,0.9726543,0.35072035,0.0032886446,0.031906232,0.02052131,0.1349918,0.04199031,0.8530637,0.01950091,0.0048899786,0.0042122346,0.123013966,0.08121449,0.25041693,0.018517088,0.018847449,0.018675797,0.7048851,0.67733496,0.25041693,0.0040847356,0.0503842,0.018675797,0.101978175,0.060199164,0.90170044,0.022245765,0.0028039222,0.002185044,0.9295536,0.8002821,0.85868746,1.1902418,1.2124089,0.06153855
beef,beef_portion16_day6_rep1,beef_portion16,6,1,Spoiled,2,0.6732014,0.43575978,0.12663163,0.019984484,0.028683476,0.035987046,0.09228,0.81115174,0.6732014,0.0038232622,0.048789676,0.019984484,0.52563787,0.07892664,0.1982836,0.024396872,0.007779333,0.0071805986,0.29299867,0.28829876,0.028567279,0.029794695,0.030106623,0.026538694,0.16135168,0.90758944,0.29322124,0.004062815,0.079623155,0.029869672,0.30385587,0.9821547,0.13957523,0.03276891,0.0039784648,0.007950485,0.021780036,0.1275525,0.33498555,0.020732926,0.022944108,0.021775225,0.6083743,0.93631,0.33498555,0.0034803618,0.053561505,0.021775225,0.13555442,0.03493868,0.86424184,0.025329022,0.0058925687,0.0032136268,0.12714025,0.08459256,0.22406355,0.022255266,0.023070121,0.024353769,0.71608436,0.6271612,0.22406355,0.007936424,0.06497553,0.024353769,0.10130751,0.051651504,0.91984034,0.027153937,0.003550134,0.0036823456,0.9319093,0.7730462,0.8375227,1.2044439,1.2311279,0.067404464
beef,beef_portion16_day6_rep2,beef_portion16,6,2,Spoiled,2,0.6717645,0.43123785,0.120195374,0.019386364,0.026122155,0.02951913,0.09190884,0.82008886,0.6717645,0.00400972,0.039862197,0.019386364,0.52223575,0.080505826,0.19950952,0.02245887,0.0067953584,0.006280695,0.2894836,0.2859088,0.027236301,0.027738063,0.028316068,0.024950828,0.16179194,0.910617,0.28968698,0.0032113246,0.074726336,0.027818125,0.3011364,0.9816464,0.13907178,0.030719256,0.003299863,0.0064859423,0.023584431,0.13116151,0.33824724,0.022274947,0.023520658,0.023313254,0.60765886,0.9319493,0.33824724,0.0033745342,0.057234082,0.023313254,0.13939586,0.03386695,0.8644765,0.026194576,0.0054725325,0.0032010255,0.12872012,0.084935285,0.22756295,0.0217249,0.022542208,0.024313813,0.7166257,0.6309403,0.22756295,0.007305611,0.062139444,0.024313813,0.10252426,0.053001907,0.91816103,0.026762098,0.003051775,0.004220378,0.92983437,0.76871496,0.83269095,1.2044326,1.2283353,0.067879975
beef,beef_portion16_day6_rep3,beef_portion16,6,3,Spoiled,2,0.6719193,0.42924407,0.121397056,0.018991048,0.024584955,0.027797215,0.09126007,0.81826776,0.6719193,0.0038150998,0.03743769,0.018991048,0.5210871,0.081704676,0.19887084,0.021361774,0.0065162187,0.005890941,0.29070714,0.28670087,0.028998286,0.02981585,0.02960962,0.027841054,0.16173156,0.9059045,0.29082313,0.0037335162,0.083817676,0.029810864,0.30196783,0.9819819,0.138746,0.032410182,0.0035576932,0.0077662547,0.020227857,0.12772413,0.33491555,0.018972822,0.021465352,0.02054373,0.6076903,0.9405864,0.33491555,0.0029468266,0.04885163,0.02054373,0.13551746,0.034552496,0.8641935,0.023759078,0.0053140777,0.0025871373,0.12839791,0.087459974,0.22691287,0.021660384,0.022551838,0.024257002,0.71389365,0.61850286,0.22691287,0.008954144,0.06253627,0.024257002,0.10416006,0.051042523,0.919723,0.026655067,0.0037592917,0.004582563,0.9285081,0.77041644,0.83330435,1.2048246,1.2311381,0.06586904
beef,beef_portion17_day6_rep1,beef_portion17,6,1,Spoiled,2,0.69467247,0.5053365,0.17090754,0.026243944,0.027082652,0.029774899,0.10473754,0.7528491,0.69467247,0.0024109238,0.037055835,0.026243944,0.57682455,0.05257368,0.20056406,0.025562286,0.003449122,0.007985562,0.34005165,0.35901088,0.13715851,0.021835854,0.02201178,0.025538623,0.1793868,0.6188679,0.35901088,0.0026963614,0.051602796,0.02201178,0.37465933,0.9710793,0.12222872,0.022981059,0.0023521823,0.0042462745,0.007031253,0.12159636,0.35600194,0.008625255,0.012077009,0.011367918,0.61036426,0.9797953,0.35600194,0.0024966307,0.023385487,0.011367918,0.1338507,0.04550606,0.84830827,0.012748191,0.004463568,0.003565881,0.12980853,0.09098028,0.20175335,0.016286947,0.017773518,0.0163842,0.7229264,0.55065376,0.20175335,0.008966873,0.059791937,0.0163842,0.10334119,0.042845856,0.9372173,0.020515775,0.005558969,0.0054635922,0.9437477,0.78476006,0.8757506,1.2007773,1.2646886,0.094035745
beef,beef_portion17_day6_rep2,beef_portion17,6,2,Spoiled,2,0.69481367,0.50587976,0.170638,0.02538322,0.026799828,0.030185308,0.10475673,0.7533173,0.69481367,0.0024951159,0.037617084,0.02538322,0.5773331,0.052455015,0.20080768,0.025118284,0.003736829,0.0076928944,0.34037298,0.35792857,0.14091471,0.022171164,0.0232502,0.028022708,0.17842011,0.607576,0.3579448,0.004692542,0.054901313,0.023242822,0.37395382,0.97208655,0.11972774,0.024118459,0.002821192,0.006355525,0.010273865,0.1253679,0.353976,0.015714066,0.016249074,0.01380332,0.6090042,0.9711708,0.353976,0.0031810447,0.04052608,0.01380332,0.13663116,0.042491943,0.8516041,0.017072806,0.00595363,0.005286496,0.13149002,0.09371064,0.20269799,0.01564492,0.018048652,0.017660664,0.72220916,0.5384499,0.20269799,0.009840703,0.06332599,0.017660664,0.10608372,0.041785024,0.9382619,0.020576958,0.0070417966,0.0068230145,0.94533557,0.7860365,0.87523055,1.2066944,1.2677593,0.09188702
beef,beef_portion17_day6_rep3,beef_portion17,6,3,Spoiled,2,0.6951733,0.5077729,0.17539032,0.025063187,0.026530739,0.030789366,0.104648165,0.74662584,0.6951733,0.002823178,0.03869396,0.025063187,0.57865864,0.051732197,0.19926088,0.024878157,0.0038637645,0.008400632,0.34293985,0.3559005,0.13629629,0.021085372,0.021236602,0.026457183,0.17413123,0.6181945,0.35592884,0.004814257,0.055168338,0.021262165,0.3729827,0.9737687,0.12137363,0.022427857,0.0031398556,0.005563891,0.008555074,0.121430114,0.3577508,0.010505323,0.0119002815,0.011476981,0.61085624,0.9756395,0.3577508,0.0024592315,0.028508998,0.011476981,0.1342772,0.046504747,0.84759134,0.012629209,0.004394852,0.0037739207,0.13120164,0.091833204,0.20414712,0.015476889,0.018311571,0.015567705,0.7226361,0.5516968,0.20414712,0.007957407,0.06429126,0.015567705,0.104713686,0.043497972,0.93643904,0.02056269,0.0062349387,0.005934958,0.94790316,0.7860245,0.8764264,1.2017449,1.2655842,0.0936854
beef,beef_portion18_day6_rep1,beef_portion18,6,1,Spoiled,2,0.6736772,0.47922337,0.17209722,0.022947492,0.028094372,0.022830727,0.099484846,0.7426708,0.6736772,0.0056252666,0.032442775,0.022947492,0.5537967,0.057066523,0.1904716,0.024959618,0.0063342676,0.01163777,0.23940098,0.25068048,0.07728284,0.027665243,0.028654251,0.031123022,0.17592882,0.69840026,0.25070474,0.0072944425,0.094527215,0.028649975,0.25988266,0.9794692,0.10037966,0.031599686,0.003807754,0.00734726,0.008568327,0.10402049,0.33017734,0.010000758,0.01927687,0.02643192,0.6156414,0.9736048,0.33017734,0.004564689,0.028031833,0.02643192,0.11394026,0.048321344,0.85358775,0.021806255,0.0052557886,0.0062620235,0.11649898,0.06421628,0.23500352,0.014280804,0.0140275005,0.014895941,0.71541286,0.72736806,0.23500352,0.0032653855,0.04298345,0.014895941,0.08562074,0.06464641,0.90303844,0.016246585,0.0028766019,0.002900931,0.97228014,0.79578465,0.85264164,1.2065065,1.2294426,0.059277944
beef,beef_portion18_day6_rep2,beef_portion18,6,2,Spoiled,2,0.67414594,0.47751266,0.18146287,0.021454573,0.025225474,0.016050268,0.09793468,0.7291689,0.67414594,0.0041536437,0.019810567,0.021454573,0.5530212,0.058589336,0.18641706,0.022715623,0.005447967,0.00792814,0.24398664,0.24918978,0.063868135,0.025524138,0.025794419,0.03055792,0.1698068,0.7509593,0.2499801,0.007881156,0.10002561,0.025662087,0.25952175,0.9815119,0.10668878,0.02862808,0.004043244,0.007530798,0.017817551,0.10778988,0.31789023,0.014099658,0.016771873,0.019806283,0.61474365,0.94412607,0.31789023,0.0028593668,0.040692814,0.019806283,0.11522657,0.04205119,0.86311275,0.019320654,0.004286208,0.004318922,0.12614357,0.07907076,0.22919638,0.01456287,0.014560038,0.015265701,0.717131,0.65588355,0.22919638,0.002295984,0.041656386,0.015265701,0.097687885,0.05662985,0.91358143,0.017426873,0.0020383701,0.0028639566,0.97174305,0.80613565,0.8579629,1.2147365,1.2380116,0.055382587
beef,beef_portion18_day6_rep3,beef_portion18,6,3,Spoiled,2,0.67046595,0.47287777,0.18950696,0.015013281,0.017808624,0.0154357,0.095746905,0.71560675,0.67046595,0.0037305912,0.02114371,0.015013281,0.54887766,0.059879627,0.1810818,0.015931563,0.0047470997,0.0072870995,0.24252175,0.25257206,0.07509876,0.027624499,0.02876358,0.034034695,0.17476122,0.7111318,0.2525857,0.0071089463,0.10582484,0.028786508,0.2622649,0.9797293,0.10232324,0.031651128,0.0037795808,0.006782612,0.015866168,0.110033326,0.32723808,0.012725421,0.018644016,0.025765954,0.6147905,0.951084,0.32723808,0.0037162984,0.03619518,0.025765954,0.1189122,0.043813232,0.8590885,0.02152309,0.0042205774,0.006151104,0.12583856,0.077237256,0.23232517,0.013538423,0.013416428,0.014922357,0.71649444,0.66764396,0.23232517,0.0031842864,0.039182674,0.014922357,0.09682448,0.058758795,0.91114205,0.016093792,0.0034251183,0.0032297974,0.9666816,0.8030078,0.8586858,1.2120984,1.2368287,0.058487702
beef,beef_portion19_day6_rep1,beef_portion19,6,1,Spoiled,2,0.673087,0.45340085,0.15428963,0.0187473,0.018966105,0.028119117,0.09436905,0.7697312,0.673087,0.0029650638,0.03673594,0.0187473,0.53670895,0.0701951,0.19109373,0.018186787,0.0033223338,0.0058974973,0.22700441,0.27280423,0.0765652,0.041937362,0.044278134,0.042026304,0.20393503,0.7335022,0.27280423,0.0074261194,0.111402266,0.044278134,0.27561182,0.9607947,0.10610453,0.048212748,0.00384495,0.007406216,0.027079266,0.15699108,0.40188247,0.029087588,0.026166536,0.021962803,0.6070531,0.9335991,0.40188247,0.0035923976,0.067199014,0.021962803,0.17380668,0.04085917,0.844217,0.027426353,0.00810086,0.007966271,0.12555869,0.08020898,0.25176364,0.02304137,0.023014516,0.029752022,0.70934194,0.68474877,0.25176364,0.004280156,0.060033966,0.029752022,0.102506675,0.06155814,0.90106523,0.027694134,0.004664039,0.008275304,0.931967,0.74774903,0.8322654,1.183831,1.2126641,0.09350861
beef,beef_portion19_day6_rep2,beef_portion19,6,2,Spoiled,2,0.6738821,0.45222247,0.15494291,0.017667133,0.018632922,0.023803033,0.09391969,0.7687525,0.6738821,0.0026917267,0.030577743,0.017667133,0.5360954,0.07121874,0.19068846,0.017393796,0.0040115817,0.0051274044,0.22411507,0.26728144,0.07612754,0.042024296,0.04357478,0.03936953,0.20285179,0.72859234,0.26728144,0.007500486,0.107694924,0.04357478,0.27015153,0.9621546,0.1040741,0.047715697,0.0038200812,0.007563733,0.018039042,0.14826004,0.40042987,0.020403158,0.022636935,0.02236722,0.6082629,0.9558207,0.40042987,0.0029917324,0.045961235,0.02236722,0.16551523,0.045087725,0.8397183,0.02425925,0.0057926644,0.0023994606,0.12499161,0.074548565,0.24798575,0.022594778,0.022279635,0.030925304,0.7141175,0.7027863,0.24798575,0.0048612645,0.060503423,0.030925304,0.09789972,0.06377565,0.9009657,0.026898714,0.005743806,0.009424703,0.9338067,0.74783164,0.83460444,1.1803105,1.2131742,0.0931254
beef,beef_portion19_day6_rep3,beef_portion19,6,3,Spoiled,2,0.67716026,0.4581422,0.15395772,0.017909015,0.017886462,0.023023799,0.09552129,0.77122873,0.67716026,0.0025733274,0.028729437,0.017909015,0.54115283,0.06925241,0.1929561,0.017326823,0.0031463183,0.004490596,0.22840148,0.27462754,0.07711545,0.04260089,0.04677705,0.04257999,0.203777,0.73426116,0.27462754,0.007893202,0.11113931,0.04677705,0.27747545,0.9604319,0.10657326,0.050537378,0.0053061205,0.0075639714,0.02314549,0.1527063,0.4034402,0.023436144,0.024412507,0.02310547,0.6077689,0.9436993,0.4034402,0.0032562711,0.052909233,0.02310547,0.17014454,0.043792106,0.8407363,0.02599555,0.006580847,0.003884275,0.124816485,0.07668539,0.24970126,0.023269944,0.022211578,0.032222394,0.71166843,0.69561845,0.24970126,0.006169316,0.060335584,0.032222394,0.09954646,0.06278613,0.9008968,0.027197422,0.0072963866,0.010221397,0.9333748,0.7469368,0.8344088,1.1792979,1.2117658,0.094679154
beef,beef_portion20_day6_rep1,beef_portion20,6,1,Spoiled,2,0.61715883,0.40946624,0.2374975,0.025933113,0.030061495,0.025223102,0.07354375,0.6141535,0.61715883,0.0054930453,0.027413677,0.025933113,0.49293315,0.07287778,0.13101064,0.028267672,0.005401643,0.0063141766,0.50335824,0.390589,0.0048678867,0.036909223,0.03599023,0.0065625147,0.1268998,0.98959714,0.50335824,0.0039057678,0.013227074,0.036909223,0.44060585,0.023446891,0.1975359,0.036037672,0.0057009393,0.011330676,0.011695064,0.13635278,0.3701011,0.01339453,0.031286325,0.03914818,0.60739,0.96893775,0.3701011,0.0062911576,0.03229389,0.03914818,0.14898977,0.041171778,0.8493253,0.034301855,0.006886054,0.0057235714,0.14427148,0.10317656,0.20244828,0.019025348,0.01900318,0.018390948,0.73512137,0.49268043,0.20244828,0.0056828484,0.04930966,0.018390948,0.11748303,0.04017232,0.9451396,0.023117227,0.0026101114,0.0019227626,0.09801617,0.79704344,0.89712787,0.71427137,0.814616,0.100866504
beef,beef_portion20_day6_rep2,beef_portion20,6,2,Spoiled,2,0.6201581,0.41386515,0.24111454,0.02576113,0.029050078,0.026561392,0.074207135,0.6102832,0.6201581,0.0044580405,0.029441878,0.02576113,0.49667624,0.07200997,0.13086687,0.027583312,0.0047629694,0.0059048953,0.50043833,0.38800725,0.004886908,0.03351745,0.033538647,0.0067046215,0.12680587,0.98952097,0.50043833,0.004046651,0.013555602,0.03351745,0.4379774,0.023568714,0.1966758,0.03339887,0.005849818,0.01033821,0.00850222,0.11068816,0.32760134,0.010582238,0.02028108,0.025433341,0.61167747,0.97388995,0.32760134,0.0047587566,0.029488,0.025433341,0.118712515,0.042428885,0.8586256,0.022683706,0.005531683,0.0054379306,0.14510332,0.105482504,0.20580082,0.020496314,0.020970378,0.02077619,0.7319741,0.48931572,0.20580082,0.0048463433,0.058134593,0.02077619,0.11989571,0.040038683,0.94433117,0.025131982,0.003717283,0.0061939084,0.100612745,0.8205878,0.8970562,0.735162,0.812672,0.08574706
beef,beef_portion20_day6_rep3,beef_portion20,6,3,Spoiled,2,0.6200901,0.41191652,0.24044937,0.026328092,0.029985148,0.02593336,0.073452055,0.61119366,0.6200901,0.0048521087,0.027962325,0.026328092,0.495411,0.07285962,0.13062182,0.028240038,0.005159256,0.005499147,0.51100796,0.39727324,0.005285738,0.038319178,0.038487695,0.0069305836,0.127076,0.988967,0.51100796,0.004286433,0.013619197,0.038319178,0.44751233,0.023381727,0.19975851,0.03808056,0.006408143,0.011829484,0.011288063,0.12385728,0.35366568,0.013131133,0.029000375,0.037807345,0.6105209,0.96858484,0.35366568,0.005819443,0.032643206,0.037807345,0.13536274,0.043610502,0.85151064,0.032336224,0.006343552,0.006575727,0.1452535,0.10550656,0.20367269,0.017540079,0.018064741,0.017658437,0.7338946,0.48377663,0.20367269,0.0028944276,0.046092186,0.017658437,0.11974736,0.03943074,0.9456142,0.022048352,0.0018036048,0.0022721826,0.0975819,0.8063318,0.8980274,0.7229297,0.8148547,0.0954819
beef,beef_portion21_day6_rep1,beef_portion21,6,1,Spoiled,2,0.61419713,0.4269473,0.272828,0.019535566,0.020859836,0.01779684,0.0733551,0.5543094,0.61419713,0.0030597728,0.01575414,0.019535566,0.50488585,0.06377526,0.11653217,0.020133065,0.0029547897,0.0029494346,0.490214,0.4312719,0.029577004,0.027616516,0.03995516,0.04185889,0.14345688,0.94075114,0.490214,0.0064320904,0.08004378,0.027616516,0.46635053,0.5543669,0.19767618,0.03624864,0.4891689,0.008339991,0.015393621,0.13032264,0.35307863,0.021017898,0.024586737,0.029208241,0.6081749,0.9572633,0.35307863,0.0040321373,0.053390536,0.029208241,0.14097539,0.039328426,0.8555673,0.027161906,0.007401185,0.008507614,0.13367341,0.08976942,0.17045197,0.028951073,0.027939042,0.027836038,0.75621104,0.48155293,0.17045197,0.01151307,0.06719806,0.027836038,0.0994416,0.037456088,0.95790356,0.034025628,0.0022947118,0.0040228246,0.49874792,0.82413673,0.93433595,0.896635,0.98983055,0.11045939
beef,beef_portion21_day6_rep2,beef_portion21,6,2,Spoiled,2,0.620867,0.4307672,0.27413335,0.01958769,0.021153431,0.018823618,0.074216865,0.5569293,0.620867,0.0027948567,0.017733138,0.01958769,0.509017,0.06498744,0.11836436,0.020326762,0.0031281994,0.0036098503,0.49808264,0.4368594,0.028709274,0.027063724,0.04066101,0.039755177,0.14312866,0.943223,0.49808264,0.006814456,0.07496797,0.027063724,0.4725064,0.53365105,0.2001373,0.0364455,0.4906202,0.008292851,0.016651528,0.1334149,0.35527313,0.02238215,0.024580268,0.028812548,0.6075129,0.9540554,0.35527313,0.0040541324,0.057063308,0.028812548,0.14405584,0.038090084,0.85605204,0.027217902,0.007014032,0.008100306,0.13706288,0.09254571,0.17276219,0.02860478,0.029465435,0.028021902,0.75797296,0.47277987,0.17276219,0.011253347,0.07626483,0.028021902,0.10300541,0.037297584,0.9584715,0.03505794,0.0036985567,0.005172824,0.477143,0.82347023,0.93348384,0.88525957,0.97875863,0.11034268
beef,beef_portion21_day6_rep3,beef_portion21,6,3,Spoiled,2,0.6223832,0.4305473,0.27492017,0.019401908,0.020234508,0.018355351,0.07375927,0.5567516,0.6223832,0.0027672192,0.017151548,0.019401908,0.5092019,0.0660651,0.11825332,0.019753318,0.0022820851,0.0037451328,0.49874118,0.43544385,0.030086227,0.02794313,0.040818516,0.042647414,0.1422461,0.9409585,0.49874118,0.0065158405,0.07993467,0.02794313,0.47162223,0.53156537,0.19950639,0.03681322,0.49071774,0.008161121,0.014716688,0.13217922,0.3593501,0.019426027,0.023527622,0.027734552,0.6081928,0.95953906,0.3593501,0.00417198,0.049089544,0.027734552,0.14373359,0.040355325,0.8531474,0.02592778,0.007053841,0.007642068,0.13651587,0.092315674,0.17293306,0.02713728,0.027582658,0.026653513,0.7566805,0.47350976,0.17293306,0.011563103,0.06912163,0.026653513,0.10268131,0.037360948,0.9580431,0.033015445,0.0035996612,0.004396409,0.47403038,0.8211561,0.93345046,0.88093406,0.9776162,0.112682596
beef,beef_portion22_day6_rep1,beef_portion22,6,1,Spoiled,2,0.6789717,0.48759857,0.14383692,0.015975995,0.01995486,0.027758408,0.1051355,0.7869672,0.6789717,0.0020445767,0.03714623,0.015975995,0.5602585,0.054163627,0.20419179,0.017847994,0.004586666,0.0056059225,0.27817094,0.30242398,0.08804443,0.04500999,0.039489582,0.041836224,0.18412608,0.71969664,0.30245677,0.006605443,0.108131416,0.039546505,0.31263918,0.9692217,0.11781967,0.044030428,0.0037236356,0.0055006463,0.013409951,0.13867587,0.38584164,0.017530562,0.024558602,0.024167286,0.60890293,0.96609217,0.38584164,0.0045675403,0.039990354,0.024167286,0.15469143,0.045818407,0.8422645,0.025759336,0.00709801,0.0028064887,0.112696,0.06096106,0.24236608,0.019537814,0.019573135,0.020984566,0.71326953,0.75117886,0.24236608,0.0027336997,0.061899833,0.020984566,0.08407642,0.06657986,0.8959762,0.022258397,0.0036084033,0.005101717,0.9518964,0.7561025,0.83992213,1.1842473,1.2134788,0.09111787
beef,beef_portion22_day6_rep2,beef_portion22,6,2,Spoiled,2,0.68203497,0.4875684,0.12825583,0.016376074,0.018893111,0.0343727,0.106342636,0.8109632,0.68203497,0.0024852278,0.04722172,0.016376074,0.5611998,0.055196173,0.21021661,0.017520824,0.0038594515,0.007030411,0.28184,0.30569142,0.08495174,0.043017186,0.036003415,0.041500174,0.18319337,0.73184663,0.30570102,0.0077919126,0.11003108,0.036011636,0.31638438,0.96935934,0.12079988,0.04047973,0.0047159493,0.0056891656,0.013626624,0.14683595,0.38736698,0.017078442,0.027199836,0.028134912,0.6056094,0.9658138,0.38736698,0.0045177476,0.038489696,0.028134912,0.16136123,0.040643338,0.84577143,0.028676681,0.0076391995,0.0038007242,0.11420851,0.063514315,0.2430056,0.0203975,0.020467293,0.022139989,0.71242577,0.7415568,0.2430056,0.0053737904,0.06391992,0.022139989,0.08631118,0.06579472,0.8970551,0.023281926,0.003598385,0.006354977,0.95059156,0.7510077,0.835092,1.1883305,1.2132332,0.09431392
beef,beef_portion22_day6_rep3,beef_portion22,6,3,Spoiled,2,0.6827621,0.49216276,0.14243522,0.015811637,0.019192733,0.027449746,0.10577969,0.79022336,0.6827621,0.0022802786,0.036159832,0.015811637,0.5645648,0.05337057,0.20652454,0.017305344,0.004426709,0.0051615746,0.2637685,0.29151127,0.075004555,0.03262375,0.029335566,0.036226306,0.18653078,0.7504186,0.29151127,0.0053130453,0.10282606,0.029335566,0.30021727,0.96782744,0.118339494,0.032835253,0.0038392232,0.0045589777,0.016833086,0.14209512,0.38662183,0.019508824,0.0274604,0.02802408,0.6085546,0.95779437,0.38662183,0.004044606,0.04358909,0.02802408,0.15775989,0.044111617,0.84382886,0.029026542,0.0073155584,0.0035210648,0.1159819,0.06323922,0.24672616,0.021138093,0.020977393,0.022462446,0.7138203,0.7471036,0.24672616,0.0023460195,0.06299746,0.022462446,0.0874237,0.06742106,0.8949154,0.024199637,0.002989702,0.0044412445,0.95597464,0.7561301,0.837701,1.1831652,1.207925,0.09000192
beef,beef_portion23_day6_rep1,beef_portion23,6,1,Spoiled,2,0.66730005,0.44811156,0.1792768,0.017362807,0.01908559,0.024414286,0.09012125,0.7298287,0.66730005,0.0023197827,0.032842133,0.017362807,0.53210694,0.071526796,0.17902201,0.01777569,0.0038340108,0.006246687,0.30676425,0.33260876,0.18720043,0.028594129,0.028129285,0.029000549,0.19439806,0.43845904,0.33260876,0.0039054928,0.040353507,0.028129285,0.34713656,0.974261,0.080768,0.030551532,0.0023077815,0.0029119905,0.021803603,0.14215194,0.3751527,0.016636135,0.017806306,0.017426385,0.608027,0.9418289,0.3751527,0.0016263891,0.039846513,0.017426385,0.1558556,0.0401804,0.85022986,0.019323438,0.005005732,0.003715084,0.12167689,0.08410375,0.24231167,0.022024466,0.025418282,0.019051855,0.704197,0.6564101,0.24231167,0.0060100127,0.07946189,0.019051855,0.10230033,0.055147026,0.9077093,0.027748963,0.005908969,0.0062086014,0.92671293,0.7701089,0.8461603,1.225221,1.2603757,0.07997532
beef,beef_portion23_day6_rep2,beef_portion23,6,2,Spoiled,2,0.6744196,0.45369014,0.17873602,0.018813843,0.020356739,0.02190572,0.090585575,0.73346126,0.6744196,0.0023181255,0.028241575,0.018813843,0.53824645,0.071515866,0.1819265,0.018974911,0.0042812354,0.0047681984,0.31851152,0.34592974,0.1938573,0.032109495,0.030631766,0.02938594,0.19494812,0.44070232,0.34592974,0.008400367,0.039598823,0.030631766,0.3608618,0.9726349,0.08400952,0.03293206,0.0036646076,0.00447566,0.018116869,0.14209107,0.37233981,0.01569572,0.017288487,0.016744459,0.6071349,0.95121145,0.37233981,0.002544709,0.037545875,0.016744459,0.15491389,0.038710404,0.85137504,0.018792482,0.004934143,0.0031371205,0.117642015,0.07761076,0.23904896,0.017720401,0.019879289,0.017330317,0.7062606,0.6770676,0.23904896,0.0053069484,0.06090876,0.017330317,0.09572788,0.057109363,0.90568423,0.022215936,0.004398602,0.0045008496,0.9236171,0.7721278,0.848443,1.2261645,1.2584245,0.08240748
beef,beef_portion23_day6_rep3,beef_portion23,6,3,Spoiled,2,0.6784805,0.45487565,0.1850991,0.015729161,0.017583044,0.02037615,0.088944174,0.72548497,0.6784805,0.0026463529,0.026282422,0.015729161,0.5405545,0.07274065,0.17995852,0.01635726,0.0036595443,0.005317996,0.30921948,0.3369967,0.18475476,0.028242735,0.027349198,0.027898584,0.19580032,0.45295164,0.3369967,0.005291543,0.03916933,0.027349198,0.35128194,0.9718123,0.08440276,0.029664572,0.0029352347,0.002945742,0.023910074,0.14401618,0.37609705,0.01781187,0.018739281,0.018947864,0.60802007,0.9366235,0.37609705,0.0010551785,0.041275878,0.018947864,0.15767209,0.039489646,0.850791,0.020500729,0.0046711816,0.0031736293,0.122227974,0.08258831,0.24202478,0.020800695,0.023863949,0.018572839,0.7060439,0.6615669,0.24202478,0.0053966036,0.07338533,0.018572839,0.101308055,0.05622235,0.9072595,0.026290413,0.005494519,0.0059283767,0.9237342,0.77312404,0.84981,1.2223179,1.256139,0.08152046
beef,beef_portion24_day6_rep1,beef_portion24,6,1,Spoiled,2,0.66592145,0.47567174,0.25981182,0.02374968,0.025988394,0.025838971,0.08664887,0.60850483,0.66592145,0.0046036085,0.030839726,0.02374968,0.5510263,0.05929143,0.14719334,0.024343122,0.0042195143,0.009392828,0.3617345,0.3382178,0.014098159,0.028415913,0.031799193,0.022185016,0.15355991,0.9630935,0.36187106,0.0045244526,0.053763352,0.028605286,0.36181444,0.986003,0.16536406,0.032164026,0.045466553,0.006911298,0.028577177,0.11784286,0.31084576,0.021575578,0.01907711,0.020992726,0.6121012,0.9076472,0.31084576,0.004244236,0.06537982,0.020992726,0.12351369,0.033651058,0.8729567,0.021188509,0.006957103,0.009023123,0.12867372,0.08925677,0.23077823,0.023589615,0.02411347,0.0235276,0.71105766,0.617789,0.23077823,0.009448437,0.07033173,0.0235276,0.10630584,0.05072493,0.9182839,0.028029721,0.0054239626,0.0037538311,0.94600505,0.842708,0.89018553,1.210144,1.2275659,0.05140215
beef,beef_portion24_day6_rep2,beef_portion24,6,2,Spoiled,2,0.66942805,0.4805696,0.25703523,0.024332028,0.02635242,0.028455038,0.088242345,0.6146238,0.66942805,0.005126478,0.036311436,0.024332028,0.5551154,0.058216535,0.15046366,0.024700671,0.0042639347,0.011917543,0.35956037,0.33082947,0.012695842,0.02749946,0.030672321,0.019368527,0.15107137,0.9663848,0.35956037,0.004881742,0.047248427,0.02749946,0.35537493,0.96878487,0.16388519,0.031077845,0.14637648,0.006827633,0.03074922,0.1203328,0.31476292,0.022409761,0.01992331,0.02358067,0.61208445,0.9022037,0.31476292,0.0035012641,0.06630245,0.02358067,0.12660465,0.033723667,0.87228906,0.022389451,0.0076613147,0.010381609,0.12905204,0.08791743,0.23029937,0.023425877,0.024012508,0.023381868,0.7127038,0.62289155,0.23029937,0.009248572,0.070863634,0.023381868,0.10539221,0.05166516,0.91806406,0.027877105,0.00531833,0.0038067466,0.93231493,0.8397936,0.88966525,1.1952035,1.213419,0.05354638
beef,beef_portion24_day6_rep3,beef_portion24,6,3,Spoiled,2,0.6674562,0.47871414,0.2568953,0.023949586,0.026399558,0.026948372,0.088144325,0.6137772,0.6674562,0.0050925408,0.033149812,0.023949586,0.5533559,0.05841506,0.1497821,0.024552401,0.004314943,0.010807218,0.37169942,0.34434378,0.025115853,0.031804964,0.04015652,0.036848385,0.15188508,0.9375832,0.37198886,0.0067600063,0.08394795,0.032320008,0.36917883,0.9518227,0.16473886,0.03944903,0.18914196,0.005898186,0.030878808,0.11716209,0.31686804,0.022894286,0.019593038,0.0235335,0.61479634,0.9023349,0.31686804,0.0042830976,0.06801173,0.0235335,0.12439083,0.036838565,0.869576,0.022347497,0.0058133053,0.008750871,0.13158709,0.08500221,0.23027995,0.023555895,0.023702944,0.023360508,0.7187095,0.6358212,0.23027995,0.004138008,0.069424085,0.023360508,0.10407201,0.054426704,0.9171549,0.027872058,0.0032151693,0.0037336862,0.9123169,0.8382003,0.8892316,1.1806407,1.200721,0.054643862
beef,beef_portion25_day6_rep1,beef_portion25,6,1,Spoiled,2,0.6897531,0.49612144,0.22451776,0.020967003,0.024080494,0.018882394,0.0947086,0.67281383,0.6897531,0.005248533,0.024893709,0.020967003,0.570932,0.057625774,0.17405842,0.02155382,0.004958601,0.010993797,0.33602414,0.33719516,0.03302682,0.023586178,0.022729015,0.026177987,0.16608581,0.9047192,0.3386369,0.0035851598,0.06952076,0.023036538,0.35462764,0.9763566,0.15610123,0.024148745,0.002577181,0.004393035,0.022405399,0.15119465,0.37928894,0.016709572,0.01585461,0.016547326,0.60515505,0.9404145,0.37928894,0.0028408514,0.04124649,0.016547326,0.16418444,0.035416577,0.8525887,0.017407864,0.0046367957,0.0041170786,0.1536591,0.117855914,0.28405967,0.029683834,0.030553877,0.029603697,0.700435,0.5896008,0.28405967,0.0066439263,0.06360514,0.029603697,0.14315294,0.05466364,0.9044217,0.03546173,0.0040554297,0.003984948,0.9440214,0.7914165,0.84642434,1.1860571,1.2059116,0.059155986
beef,beef_portion25_day6_rep2,beef_portion25,6,2,Spoiled,2,0.68934804,0.4953767,0.22660999,0.020634227,0.023722274,0.016014922,0.0940932,0.66950303,0.68934804,0.00466865,0.020125313,0.020634227,0.57037205,0.0578464,0.17265667,0.021439072,0.004565975,0.009473602,0.33953384,0.3415335,0.036476362,0.02393649,0.022949824,0.0269243,0.16655369,0.8958339,0.3423414,0.003124899,0.07011136,0.023313185,0.35904297,0.9756248,0.15644014,0.024500092,0.0021900106,0.0042850655,0.022896428,0.15271294,0.37971997,0.016565425,0.016314683,0.016872332,0.6045614,0.93896216,0.37971997,0.0027759515,0.040877126,0.016872332,0.16552623,0.034620635,0.8533185,0.017706318,0.0051253373,0.0050043045,0.15232207,0.11770538,0.28417292,0.029787546,0.031386018,0.030849423,0.6990068,0.5906887,0.28417292,0.0070520635,0.064936556,0.030849423,0.1427152,0.05438114,0.90400696,0.03632622,0.0040016705,0.004208081,0.9419342,0.7923005,0.8472164,1.1868348,1.2059618,0.058992703
beef,beef_portion25_day6_rep3,beef_portion25,6,3,Spoiled,2,0.68978643,0.4964903,0.22623762,0.021739015,0.023867022,0.02052958,0.09455746,0.67017764,0.68978643,0.0050846604,0.026632393,0.021739015,0.571174,0.057357237,0.17316173,0.021701366,0.0045760847,0.011032277,0.3427247,0.34299785,0.034890886,0.023464225,0.022307763,0.026105095,0.16515827,0.9008609,0.3446951,0.003618552,0.06842596,0.022750959,0.36099002,0.9763876,0.15770938,0.023750046,0.0022319139,0.004316802,0.026613513,0.15171163,0.3782174,0.016608592,0.016161427,0.016431367,0.6061766,0.92917264,0.3782174,0.002812926,0.04026319,0.016431367,0.16484357,0.035140004,0.8536787,0.017675767,0.0048379893,0.0038357442,0.15074925,0.11473315,0.27947748,0.029030122,0.031172741,0.02950077,0.701373,0.5942925,0.27947748,0.007707065,0.066694476,0.02950077,0.13929957,0.054513432,0.90511984,0.03569959,0.0044905925,0.004285582,0.9428854,0.79290694,0.84987426,1.1869262,1.2073199,0.060613662
beef,beef_portion26_day6_rep1,beef_portion26,6,1,Spoiled,2,0.6474057,0.45629427,0.15221336,0.031100417,0.032119215,0.032251902,0.10016592,0.76473147,0.6474057,0.0028667888,0.041632183,0.031100417,0.5304769,0.057184268,0.18889098,0.030986838,0.003748874,0.0056876107,0.25951773,0.31240472,0.14474207,0.03609483,0.043866128,0.040869128,0.21774276,0.5442381,0.31240472,0.015745968,0.074084066,0.043866128,0.3183183,0.9595921,0.09049685,0.04571448,0.007201836,0.005884157,0.026449423,0.16425356,0.4155854,0.021870576,0.024258152,0.025862081,0.605575,0.93720675,0.4155854,0.0023714504,0.047088046,0.025862081,0.1821303,0.04066977,0.8404839,0.026151318,0.0054876497,0.003236513,0.12734446,0.098108895,0.23568688,0.027717018,0.02840908,0.027365118,0.699684,0.5893226,0.23568688,0.0030260524,0.07182726,0.027365118,0.112861454,0.04593393,0.9191368,0.033702314,0.003690938,0.003963315,0.93221915,0.73904765,0.8413015,1.1939205,1.2504512,0.10493887
beef,beef_portion26_day6_rep2,beef_portion26,6,2,Spoiled,2,0.6443356,0.454139,0.14933221,0.03221605,0.033400413,0.034347497,0.1005014,0.76832604,0.6443356,0.0027853623,0.045126878,0.03221605,0.52812177,0.056930102,0.18879849,0.032205988,0.0037642675,0.0059182537,0.25422752,0.3098488,0.14183499,0.035380352,0.04388076,0.042228565,0.22057153,0.5499693,0.3098488,0.01959034,0.07994602,0.04388076,0.3149721,0.95837337,0.09035071,0.04553643,0.0077279136,0.0078518065,0.027799696,0.16625746,0.41851804,0.020869028,0.024711203,0.026286136,0.6059066,0.9341648,0.41851804,0.0033047805,0.044860408,0.026286136,0.18453057,0.040494557,0.84021527,0.026359305,0.005840908,0.0027956492,0.12659477,0.09592593,0.23545259,0.028390883,0.029623687,0.027782774,0.7010304,0.59901243,0.23545259,0.004673478,0.0793826,0.027782774,0.1111179,0.04690107,0.91821194,0.03465452,0.0044898116,0.0044347043,0.9315174,0.7366606,0.84025997,1.1923982,1.2480755,0.10730305
beef,beef_portion26_day6_rep3,beef_portion26,6,3,Spoiled,2,0.6430593,0.45200622,0.14983453,0.032324746,0.033180065,0.033774473,0.099682406,0.7671054,0.6430593,0.0022805296,0.043400597,0.032324746,0.5261447,0.05752153,0.18822503,0.03231502,0.0032070368,0.00456397,0.25901276,0.3093491,0.13797139,0.03483793,0.04162016,0.03804571,0.21379767,0.56032485,0.3093491,0.014099955,0.071885906,0.04162016,0.31545526,0.96043104,0.093009785,0.043478448,0.0069354763,0.006355782,0.028204383,0.16170746,0.41367093,0.0213042,0.023611685,0.02531711,0.60733265,0.93237555,0.41367093,0.0034224729,0.046182763,0.02531711,0.17992745,0.04189628,0.8403948,0.025425045,0.0054805554,0.003270197,0.12873359,0.09990761,0.23550573,0.028578423,0.029024957,0.027370447,0.70052147,0.5814008,0.23550573,0.0023571756,0.07467203,0.027370447,0.11463617,0.0450905,0.92038167,0.03449545,0.0040575513,0.0051594363,0.9320416,0.7385363,0.8399685,1.1919137,1.2500883,0.103300795
beef,beef_portion27_day6_rep1,beef_portion27,6,1,Spoiled,2,0.7289933,0.5559575,0.18126583,0.021774756,0.026388304,0.026917245,0.11219306,0.7501192,0.7289933,0.0027902292,0.031417936,0.021774756,0.6200279,0.041293375,0.21382284,0.023352679,0.0053219106,0.005259633,0.27139407,0.3034991,0.15846743,0.03464919,0.034346964,0.035465848,0.20130238,0.48239642,0.3034991,0.003956409,0.059522685,0.034346964,0.31394497,0.9715021,0.08116989,0.03767863,0.0021738433,0.003282461,0.033925433,0.15587032,0.39469284,0.026887977,0.028994014,0.030615121,0.6083224,0.916448,0.39469284,0.0027231842,0.059853192,0.030615121,0.17187229,0.0395212,0.8477297,0.03159863,0.0062085534,0.0036408615,0.14784436,0.1015029,0.34815136,0.023471681,0.024017839,0.023809891,0.694941,0.7095525,0.34815136,0.0019198132,0.050742302,0.023809891,0.14219655,0.08142575,0.8601958,0.026628092,0.0049739983,0.0058279135,0.9882165,0.77632755,0.8048176,1.2150667,1.1952468,0.05283981
beef,beef_portion27_day6_rep2,beef_portion27,6,2,Spoiled,2,0.72601426,0.55649436,0.17196247,0.021856641,0.026876526,0.030007306,0.113691404,0.76199776,0.72601426,0.0028526904,0.035617188,0.021856641,0.6192631,0.03963863,0.21674043,0.02391317,0.0056180223,0.005053607,0.28405827,0.31563205,0.16500363,0.038258154,0.03820545,0.040428624,0.20025165,0.48368183,0.31563205,0.0021579324,0.068567574,0.03820545,0.32715496,0.9698901,0.083685495,0.041631866,0.002050018,0.00370186,0.03462911,0.15718344,0.3918274,0.02695873,0.029518818,0.03206257,0.60789734,0.9142291,0.3918274,0.002845139,0.059694074,0.03206257,0.17242618,0.037635267,0.84997535,0.032297786,0.0062823943,0.0039531966,0.14883329,0.10280308,0.35030663,0.02347638,0.023877215,0.023862638,0.69500756,0.70740557,0.35030663,0.0016602067,0.050632846,0.023862638,0.14377928,0.08145004,0.85973966,0.026435263,0.005230577,0.0066078072,0.98407245,0.7750185,0.80080026,1.2166512,1.1938226,0.05325149
beef,beef_portion27_day6_rep3,beef_portion27,6,3,Spoiled,2,0.729783,0.5562191,0.18306169,0.02235347,0.026471626,0.027715469,0.1120292,0.7479278,0.729783,0.0027154733,0.03158586,0.02235347,0.6202718,0.041525494,0.21313821,0.023902288,0.00478233,0.0045317523,0.27695346,0.30919957,0.16402891,0.037677333,0.037950374,0.038306057,0.20115507,0.4748893,0.30919957,0.0035087543,0.06082175,0.037950374,0.32008764,0.97186136,0.080822624,0.041359283,0.0017144157,0.002621323,0.028366875,0.15860875,0.39606702,0.02437889,0.028978484,0.030947346,0.6061814,0.930295,0.39606702,0.0035063005,0.05446722,0.030947346,0.1738557,0.037403274,0.8481073,0.03127982,0.0067289295,0.0036390536,0.14784224,0.10027939,0.35440606,0.023559852,0.023984587,0.022863457,0.69478875,0.71812814,0.35440606,0.0015284021,0.05080761,0.022863457,0.1427738,0.08410101,0.8562628,0.026351057,0.0046382025,0.00569825,0.98648,0.7762023,0.80213857,1.2179168,1.1920009,0.056685757
beef,beef_portion28_day6_rep1,beef_portion28,6,1,Spoiled,2,0.6426998,0.46939912,0.28590223,0.02238651,0.026254758,0.02150736,0.083602056,0.5537395,0.6426998,0.0043853433,0.02254316,0.02238651,0.54065657,0.054468744,0.12797731,0.024222651,0.004864187,0.00607357,0.33506036,0.33423874,0.13306363,0.026648208,0.027376797,0.029065797,0.16374537,0.6079331,0.33754438,0.0066990647,0.057290435,0.027079443,0.35372987,0.9813507,0.114667505,0.028928766,0.0037916477,0.0045711347,0.024441827,0.14326462,0.37960616,0.026181238,0.032434776,0.037561852,0.60937655,0.9388813,0.37960616,0.0038990316,0.058624163,0.037561852,0.15776874,0.041457016,0.8486275,0.03566129,0.0074342075,0.0064507853,0.122067064,0.08471179,0.25131595,0.021868702,0.023993678,0.02804102,0.7020005,0.66691905,0.25131595,0.008520396,0.05968233,0.02804102,0.10451665,0.057421062,0.90284383,0.027891103,0.003795537,0.00566411,0.9456368,0.8161551,0.88918215,1.2085108,1.239748,0.07765337
beef,beef_portion28_day6_rep2,beef_portion28,6,2,Spoiled,2,0.64488465,0.4737667,0.28737247,0.021762064,0.02563504,0.021580692,0.08489973,0.55295616,0.64488465,0.0045499676,0.02236002,0.021762064,0.5441572,0.053264678,0.12907079,0.02363524,0.0050381324,0.005800334,0.33630738,0.33622485,0.13634048,0.026270987,0.027680907,0.028494501,0.16443418,0.5998274,0.33915296,0.0066013183,0.05549945,0.027106067,0.3556331,0.98095155,0.1138668,0.02894979,0.0035233796,0.0051746974,0.018774569,0.14538242,0.37887737,0.02322381,0.031770475,0.035489097,0.6066412,0.95295876,0.37887737,0.0044440473,0.052468833,0.035489097,0.15871897,0.03901163,0.8498632,0.03451462,0.0076310206,0.0053183143,0.120118834,0.08829018,0.25325546,0.022111481,0.023901066,0.028990937,0.6970325,0.6550592,0.25325546,0.006974857,0.057950452,0.028990937,0.10669685,0.055006415,0.9027985,0.028203448,0.0038211334,0.0063467557,0.946771,0.8175007,0.8888358,1.2114936,1.241675,0.07592286
beef,beef_portion28_day6_rep3,beef_portion28,6,3,Spoiled,2,0.6461431,0.47552177,0.29066366,0.020075932,0.022414396,0.019263815,0.08461583,0.54854083,0.6461431,0.0043298746,0.020361153,0.020075932,0.5458345,0.05294973,0.12791108,0.020920355,0.0042813467,0.0062067388,0.3380277,0.33390027,0.13671383,0.026465267,0.026769742,0.026765408,0.16127515,0.5986132,0.3395679,0.006237043,0.053357884,0.026037307,0.3542584,0.98334163,0.11302353,0.028288018,0.0037573306,0.0058412533,0.01945475,0.1410753,0.37675416,0.023396237,0.03149313,0.034057718,0.6085065,0.9508699,0.37675416,0.0050374684,0.053487122,0.034057718,0.15499899,0.041317955,0.84883183,0.033986963,0.0078861,0.004809066,0.121473774,0.08527395,0.2499008,0.023345772,0.022682542,0.027179029,0.7013359,0.6621712,0.2499008,0.007402748,0.056730222,0.027179029,0.10440341,0.05639506,0.9035858,0.027315514,0.004860095,0.0051092333,0.9500274,0.8201307,0.8924934,1.2118279,1.2436423,0.07606068
beef,beef_portion29_day6_rep1,beef_portion29,6,1,Spoiled,2,0.64519477,0.44369575,0.18379232,0.023231072,0.027992843,0.030433746,0.092064224,0.7144993,0.64519477,0.0031015251,0.03768909,0.023231072,0.5225066,0.06416305,0.1716875,0.02553563,0.0058965767,0.0062602446,0.43289348,0.40546554,0.08363669,0.030738106,0.036175538,0.05880438,0.15220495,0.81149113,0.43306577,0.007914556,0.12371505,0.030737733,0.4328852,0.95547503,0.16813456,0.0349922,0.17355023,0.009904623,0.047579918,0.17100203,0.3772333,0.041580252,0.03990511,0.040100414,0.6020212,0.880634,0.3772333,0.0025632582,0.08641254,0.040100414,0.18217692,0.02555952,0.86584896,0.043737106,0.032226864,0.0056604235,0.1738407,0.1451388,0.1781092,0.02593353,0.025416225,0.02630081,0.8110962,0.1864608,0.1781092,0.0043663327,0.032282576,0.02630081,0.15741155,0.020429585,0.9875241,0.03103977,0.0025410145,0.0023131205,0.89581347,0.77406377,0.89487225,1.1892867,1.2734185,0.12427581
beef,beef_portion29_day6_rep2,beef_portion29,6,2,Spoiled,2,0.6478312,0.44786686,0.17800108,0.024595626,0.027923895,0.032153822,0.093637705,0.724748,0.6478312,0.0032028353,0.03962891,0.024595626,0.5259665,0.06281321,0.17604887,0.025782255,0.005186519,0.005997268,0.42952842,0.40097493,0.068357706,0.029315818,0.034925364,0.0559039,0.15212736,0.8448703,0.42970997,0.0071611116,0.11897877,0.029443538,0.4283579,0.94350916,0.17166597,0.03371464,0.20293391,0.008975204,0.053334903,0.1756984,0.38166153,0.041113526,0.038080707,0.03799499,0.6024815,0.86627924,0.38166153,0.0028087876,0.08634616,0.03799499,0.18743353,0.02377986,0.86633945,0.04188514,0.0066017313,0.0059418706,0.17653285,0.1418657,0.18072331,0.026658408,0.026495058,0.026934069,0.8134905,0.21690066,0.18073444,0.004521745,0.04416659,0.026940832,0.15594162,0.0242703,0.98517364,0.031883594,0.003934246,0.0030738318,0.88609934,0.76982415,0.89055425,1.1775049,1.2573804,0.122937165
beef,beef_portion29_day6_rep3,beef_portion29,6,3,Spoiled,2,0.6437216,0.44285825,0.18306963,0.023897659,0.026591025,0.02898454,0.09187203,0.7149651,0.6437216,0.0027839083,0.035386167,0.023897659,0.5214689,0.06387808,0.1716251,0.024923159,0.005022637,0.0054607983,0.4364606,0.4097188,0.08958881,0.029937746,0.036082625,0.05857619,0.15263894,0.7988909,0.43675405,0.008294886,0.12318017,0.02990928,0.43707773,0.942772,0.1677388,0.03471142,0.20259236,0.010016254,0.051583398,0.17186221,0.38245282,0.044344023,0.04087136,0.041119497,0.60406816,0.87230027,0.38245282,0.0033202274,0.09087022,0.041119497,0.18413988,0.026563428,0.8637774,0.044962667,0.006756022,0.005775486,0.17336723,0.14501983,0.17758568,0.026263313,0.025674574,0.026435595,0.8109075,0.18493688,0.17759241,0.0063755293,0.030462857,0.026434017,0.15710269,0.020125253,0.98769236,0.031339318,0.0022236502,0.002013541,0.88294476,0.77088135,0.8947865,1.1780854,1.2656962,0.12699361
beef,beef_portion30_day6_rep1,beef_portion30,6,1,Spoiled,2,0.6367237,0.44014028,0.21069051,0.022700664,0.024933858,0.026698167,0.087971985,0.6682024,0.6367237,0.0030075097,0.031980697,0.022700664,0.51833516,0.06331508,0.15644746,0.023101272,0.0040736655,0.0053865216,0.4011313,0.39192426,0.12095996,0.034426615,0.040078618,0.0369271,0.15908138,0.70206094,0.40125817,0.006018877,0.07147519,0.034588456,0.41461876,0.98135066,0.1476618,0.040012997,0.005826552,0.006081086,0.041159313,0.15172292,0.36521187,0.02673566,0.0307635,0.032793745,0.6079884,0.890867,0.36521187,0.0038776982,0.06405565,0.032793745,0.16332671,0.03211615,0.8618472,0.034211017,0.0068552936,0.0040832865,0.1526795,0.105696276,0.2860012,0.025105445,0.025688697,0.024676748,0.70925486,0.63342446,0.2860012,0.003297853,0.058213603,0.024676748,0.13449109,0.062914275,0.8977189,0.029723845,0.003462096,0.003516146,0.92391753,0.7903121,0.8347573,1.2141888,1.2184346,0.055378653
beef,beef_portion30_day6_rep2,beef_portion30,6,2,Spoiled,2,0.6335458,0.43872756,0.20378679,0.022685854,0.023374593,0.028162476,0.08921544,0.67745423,0.6335458,0.0028615284,0.0350244,0.022685854,0.5162372,0.062439803,0.1587721,0.022597395,0.002674939,0.0068060816,0.4123045,0.40470573,0.1293301,0.044613216,0.050421275,0.04756153,0.16020165,0.69312453,0.41320422,0.005886661,0.08275365,0.045631263,0.42728382,0.97989625,0.14899673,0.050167445,0.0058145714,0.007159951,0.04233065,0.15426262,0.36764562,0.027608844,0.03107718,0.035194702,0.6074472,0.88845646,0.36764562,0.0034429824,0.062942505,0.035194702,0.16595894,0.031418003,0.8619711,0.034715958,0.006225675,0.0049708486,0.15491986,0.1082298,0.28636384,0.023829529,0.024577074,0.023887716,0.70917594,0.6245464,0.28636384,0.005709826,0.056592222,0.023887716,0.13713199,0.062047645,0.8989907,0.028307198,0.004631844,0.0037696084,0.9218105,0.78622264,0.8316517,1.2150037,1.2202971,0.05603231
beef,beef_portion30_day6_rep3,beef_portion30,6,3,Spoiled,2,0.6334635,0.4404267,0.20244178,0.02207468,0.0237594,0.025901848,0.09003665,0.6794384,0.6334635,0.0020971016,0.031520903,0.02207468,0.5173282,0.06140612,0.15987115,0.02262182,0.0030486216,0.004997287,0.39816374,0.38993055,0.114449225,0.032736845,0.03762812,0.035499357,0.15992649,0.716037,0.3987222,0.0066535003,0.071748205,0.032866146,0.4122913,0.9805942,0.14924483,0.0375408,0.006290595,0.0066484134,0.04195185,0.15227272,0.36422378,0.02791935,0.03068208,0.03315228,0.60783994,0.8884719,0.36422378,0.0037406366,0.06533076,0.03315228,0.16367246,0.031509846,0.86278456,0.034186956,0.0063262866,0.0040760506,0.15301126,0.112512425,0.28603876,0.022689426,0.023458283,0.022420455,0.703405,0.6087288,0.28603876,0.0058472594,0.053035174,0.022420455,0.13947606,0.058532894,0.9007236,0.027086012,0.0043632505,0.0033270062,0.925231,0.7874347,0.8316506,1.2131411,1.2203875,0.05248885
beef,beef_portion31_day6_rep1,beef_portion31,6,1,Spoiled,2,0.67041874,0.48822787,0.272391,0.040354773,0.050116148,0.027536668,0.088070355,0.59218544,0.67041874,0.010883144,0.029817538,0.040354773,0.56080693,0.055400044,0.14509912,0.04516757,0.009422743,0.015587183,0.3286976,0.3675,0.09225549,0.04209102,0.042832743,0.043483343,0.18848531,0.7564884,0.3675,0.0039049294,0.09062437,0.042832743,0.3778731,0.9583124,0.14243,0.044529438,0.0031352325,0.0062063937,0.016237488,0.13158536,0.3445588,0.019558517,0.02866536,0.037139498,0.60658675,0.95358753,0.3445588,0.0050751586,0.050072875,0.037139498,0.14026996,0.03512518,0.8610036,0.032065026,0.0066176145,0.008545374,0.1648124,0.12725629,0.23406968,0.030048542,0.031238047,0.030919615,0.7240156,0.46070236,0.23406968,0.010696137,0.06627095,0.030919615,0.1463868,0.039826896,0.94103885,0.036488514,0.0053991983,0.007016552,0.9212615,0.83053094,0.8975002,1.1937662,1.2389421,0.080406256
beef,beef_portion31_day6_rep2,beef_portion31,6,2,Spoiled,2,0.6703426,0.4864923,0.26705232,0.03841363,0.04886033,0.02781822,0.08872706,0.60049444,0.6703426,0.0095836725,0.02590574,0.03841363,0.55948997,0.055970397,0.14732903,0.043602146,0.009484621,0.01231375,0.32907566,0.36844808,0.09167673,0.040698018,0.04089956,0.042389296,0.18869762,0.75780916,0.36844808,0.0043156347,0.0901545,0.04089956,0.37879145,0.9580673,0.1429855,0.042664483,0.003376645,0.0071867243,0.0155577855,0.1292307,0.33914024,0.019701708,0.025153713,0.03012328,0.6063866,0.95528775,0.33914024,0.0042995256,0.05033526,0.03012328,0.13722564,0.03460141,0.8626637,0.02813341,0.0066663926,0.0072824755,0.16272554,0.12640211,0.23408158,0.029739626,0.030216003,0.031022318,0.72178316,0.46391952,0.23408158,0.0121415,0.06327349,0.031022318,0.1451342,0.03951581,0.9402623,0.03559918,0.005330018,0.0071387487,0.920027,0.8309437,0.894821,1.1954414,1.2385406,0.07815526
beef,beef_portion31_day6_rep3,beef_portion31,6,3,Spoiled,2,0.6746241,0.49530894,0.27049252,0.03335113,0.042994577,0.0242182,0.090466075,0.59742546,0.6746241,0.009864479,0.027159832,0.03335113,0.56649244,0.053368807,0.14874147,0.038136754,0.008825161,0.014174663,0.3284432,0.36816823,0.09109648,0.041755684,0.043341786,0.045692947,0.18896356,0.7605385,0.36816823,0.0042121955,0.09731291,0.043341786,0.37838566,0.9579661,0.14289068,0.044919156,0.0032677106,0.007322955,0.01828656,0.13285285,0.34672877,0.020937182,0.027119478,0.035290778,0.6068112,0.94802576,0.34672877,0.0041669887,0.054124363,0.035290778,0.14200906,0.03538401,0.86063063,0.030447822,0.006657351,0.009055266,0.16220982,0.12339473,0.22924551,0.02796294,0.028284729,0.029202243,0.7272791,0.46538222,0.22924551,0.008932831,0.060442526,0.029202243,0.14207856,0.040282957,0.9416634,0.033648424,0.003920997,0.0065346826,0.9239668,0.829033,0.89945734,1.1925528,1.2393632,0.08118074
beef,beef_portion32_day6_rep1,beef_portion32,6,1,Spoiled,2,0.67016256,0.47753546,0.26055145,0.023669563,0.030520923,0.034165375,0.08660928,0.61045206,0.67016256,0.0031651366,0.03990737,0.023669563,0.5535687,0.060401253,0.14808244,0.027290449,0.006146184,0.0070327586,0.3853491,0.36015537,0.08044129,0.03877901,0.041254923,0.042485632,0.15101549,0.7975224,0.38535047,0.0056708353,0.090321496,0.038779166,0.38553816,0.98930436,0.15224917,0.042157866,0.005964869,0.00558423,0.110930115,0.17660701,0.35849592,0.02377698,0.022945063,0.021094363,0.6206573,0.6909566,0.35849592,0.0025531265,0.05281559,0.021094363,0.1916393,0.025268715,0.88441825,0.025582703,0.0045015127,0.0060310457,0.12304016,0.07873355,0.21176496,0.025104119,0.024756758,0.02652658,0.72018766,0.6345239,0.21176496,0.0021737625,0.0701673,0.02652658,0.0940221,0.05035256,0.9242079,0.0295787,0.0034312452,0.004446942,0.9439876,0.82122934,0.9020282,1.2259824,1.250013,0.10835837
beef,beef_portion32_day6_rep2,beef_portion32,6,2,Spoiled,2,0.6647978,0.4729049,0.25753495,0.019767452,0.024669701,0.028630367,0.08618874,0.611496,0.6647978,0.0031952227,0.033953305,0.019767452,0.54883194,0.060297474,0.14738737,0.022341682,0.0052594305,0.0068410104,0.38762861,0.3647583,0.08523474,0.039161567,0.04254588,0.043200556,0.1520796,0.7866773,0.38766477,0.0056567737,0.09123514,0.039201,0.38974375,0.98798865,0.15207127,0.043213457,0.0058304598,0.0055050026,0.10804069,0.17764919,0.3583415,0.0273157,0.024229603,0.022847235,0.61859316,0.69960207,0.3583415,0.0031892476,0.060997143,0.022847235,0.19203831,0.023964541,0.8846823,0.027431685,0.004204024,0.0057664015,0.12296566,0.07939156,0.21146294,0.025344487,0.02519975,0.026778948,0.71965027,0.6310798,0.21146294,0.003732221,0.07137444,0.026778948,0.09430962,0.049850043,0.9247367,0.030081816,0.0035905193,0.004576601,0.94124484,0.81989366,0.90053964,1.2268451,1.2507586,0.10874424
beef,beef_portion32_day6_rep3,beef_portion32,6,3,Spoiled,2,0.66266716,0.47330657,0.25332296,0.024091352,0.028902374,0.034645993,0.0878013,0.61705834,0.66266716,0.0029297823,0.040565893,0.024091352,0.548261,0.059013955,0.14909348,0.026454184,0.00499269,0.007324165,0.3852959,0.3646445,0.083495095,0.040272724,0.043664366,0.04466269,0.15312669,0.79013276,0.38537934,0.006223729,0.0957013,0.040300965,0.38911766,0.9869065,0.15219387,0.044334013,0.0063057602,0.0072661266,0.10358876,0.17307743,0.35545668,0.024975168,0.024267389,0.022413008,0.61901104,0.7094658,0.35545668,0.003099804,0.055721156,0.022413008,0.18706308,0.02503376,0.8835593,0.02707809,0.0049122567,0.005809195,0.122444205,0.07820645,0.21114787,0.024387848,0.024127457,0.02546593,0.72019106,0.6355734,0.21114787,0.0023434926,0.069969915,0.02546593,0.09326058,0.050381657,0.92418855,0.02875966,0.003575283,0.004715819,0.9414461,0.8191817,0.8988172,1.2251207,1.2492342,0.105319336
beef,beef_portion33_day6_rep1,beef_portion33,6,1,Spoiled,2,0.7056997,0.5219674,0.2380804,0.022582592,0.024862813,0.03186121,0.099157155,0.66126764,0.7056997,0.004153309,0.038156997,0.022582592,0.5920943,0.051180433,0.17695846,0.023006253,0.00466466,0.010341397,0.41587096,0.3795125,0.03975346,0.029857064,0.03685917,0.03277848,0.14865524,0.9063837,0.41587794,0.0051122773,0.07147117,0.029862236,0.4082145,0.9662036,0.1742819,0.03579513,0.15760385,0.00849329,0.010439373,0.121794365,0.33457634,0.014415767,0.020183578,0.021293413,0.6075962,0.96950656,0.33457634,0.0047704363,0.038410243,0.021293413,0.1297393,0.037431054,0.8606768,0.021969266,0.0057635196,0.0036782394,0.1528863,0.11023952,0.1684103,0.025253017,0.02611892,0.02594461,0.7877708,0.35101515,0.1684103,0.012809863,0.055846058,0.02594461,0.12172048,0.03175998,0.97346306,0.03156217,0.003149097,0.0037596493,0.93332,0.8254889,0.9252288,1.1879835,1.262519,0.11321306
beef,beef_portion33_day6_rep2,beef_portion33,6,2,Spoiled,2,0.70695066,0.5239811,0.23542364,0.022752462,0.023966605,0.031192776,0.09979958,0.6655947,0.70695066,0.003991657,0.03739546,0.022752462,0.5938584,0.050600085,0.17895286,0.02245245,0.0038842566,0.010246872,0.40612698,0.36869463,0.047593154,0.034555383,0.037552018,0.033246234,0.14750355,0.8838218,0.40612698,0.0041295914,0.076720096,0.034555383,0.39739785,0.97468996,0.16808733,0.037823133,0.13540278,0.011589214,0.010999792,0.12689383,0.33784994,0.014926825,0.021675948,0.023306333,0.6056276,0.968233,0.33784994,0.004573551,0.03928877,0.023306333,0.13465399,0.035108734,0.86173755,0.023673763,0.006242075,0.0046295,0.153518,0.11514262,0.17214614,0.02427884,0.027838591,0.026665354,0.7776729,0.33706033,0.17214614,0.021961251,0.061256412,0.026665354,0.12630114,0.029474126,0.97313505,0.032488223,0.0050061,0.004116648,0.9448052,0.8229846,0.9218359,1.1970788,1.2708377,0.111852236
beef,beef_portion33_day6_rep3,beef_portion33,6,3,Spoiled,2,0.7073996,0.5237987,0.23829854,0.021602312,0.024608266,0.031452075,0.0992698,0.66172475,0.7073996,0.0042536356,0.038188055,0.021602312,0.5939623,0.051018834,0.1776198,0.022456963,0.004627554,0.010582807,0.40972435,0.37047642,0.040056407,0.033410825,0.03707881,0.03033963,0.14718743,0.90329844,0.40972435,0.0039891917,0.0686681,0.033410825,0.39962718,0.9758434,0.17131819,0.037099324,0.13291924,0.010640213,0.013269253,0.12894648,0.337882,0.015463035,0.020925457,0.02248919,0.60528564,0.96150595,0.337882,0.0041666967,0.040903516,0.02248919,0.13657457,0.03394758,0.86303544,0.023019943,0.005759983,0.0042259325,0.15488964,0.111908115,0.17030287,0.025312867,0.025265895,0.025628582,0.78892183,0.3475168,0.17030287,0.010900387,0.053992637,0.025628582,0.12396961,0.031997565,0.9735133,0.030966608,0.0018670155,0.003953272,0.9450431,0.82419026,0.92450064,1.1978469,1.2689953,0.11121172
beef,beef_portion34_day6_rep1,beef_portion34,6,1,Spoiled,2,0.6978188,0.51751155,0.22724135,0.022932354,0.026001034,0.02808378,0.10050739,0.6731496,0.6978188,0.0024310753,0.031446606,0.022932354,0.5866353,0.04985055,0.17961666,0.024144916,0.0042500757,0.004983549,0.3857773,0.39150122,0.1662755,0.047283858,0.054005492,0.045712277,0.16882738,0.5843548,0.3948097,0.009823408,0.07001813,0.05302243,0.41130352,0.976467,0.12401242,0.053960193,0.007434124,0.00812379,0.053072672,0.1451368,0.35081014,0.028666036,0.029156776,0.03451545,0.61323744,0.8516023,0.35081014,0.0043039923,0.0710089,0.03451545,0.1565318,0.033088185,0.8671048,0.033155486,0.006119952,0.007909589,0.16703767,0.12796031,0.2683966,0.028931,0.028274907,0.035440948,0.71162754,0.52614033,0.2683966,0.008527839,0.05210664,0.035440948,0.15223831,0.04833618,0.9209721,0.034401264,0.0036189046,0.0075417864,0.9446963,0.8111165,0.8592502,1.2276231,1.2504745,0.05614819
beef,beef_portion34_day6_rep2,beef_portion34,6,2,Spoiled,2,0.6982077,0.51722276,0.22453965,0.023664413,0.02645351,0.029665506,0.100629106,0.6773351,0.6982077,0.0022766457,0.033449806,0.023664413,0.58653486,0.049951147,0.18093981,0.024687098,0.0040121204,0.0055671986,0.38989824,0.39419898,0.1702323,0.047192197,0.054432664,0.04488164,0.16791232,0.5782245,0.39915833,0.011123577,0.06557169,0.052616023,0.41461518,0.9774619,0.12372991,0.054117907,0.008096296,0.008368708,0.05338015,0.14819033,0.35528603,0.032922868,0.032558095,0.036658023,0.6125886,0.8531579,0.35528603,0.005054469,0.07959178,0.036658023,0.15998366,0.032869037,0.8663014,0.036593843,0.006532927,0.008050681,0.1658127,0.12340645,0.2617473,0.028456705,0.02928389,0.035544094,0.7166021,0.53167903,0.2617473,0.010303617,0.06280046,0.035544094,0.147566,0.04941462,0.92274433,0.034911048,0.00481181,0.009513112,0.9450426,0.8074393,0.8619558,1.2282122,1.2533998,0.060114536
beef,beef_portion34_day6_rep3,beef_portion34,6,3,Spoiled,2,0.7036357,0.51968116,0.22905229,0.02353497,0.026611883,0.02869398,0.09980303,0.6733283,0.7036357,0.002428982,0.031070458,0.02353497,0.5898027,0.051130753,0.18025927,0.024742313,0.0040041106,0.0046811635,0.38743946,0.39077,0.16816166,0.047727715,0.053775623,0.046427052,0.16753569,0.5795591,0.3952314,0.0097459005,0.0718328,0.05239394,0.4113709,0.9778763,0.123062,0.05388886,0.007386898,0.009421832,0.056090295,0.14161023,0.34911805,0.029576575,0.031088578,0.03488125,0.6163933,0.8427143,0.34911805,0.0048210095,0.072755426,0.03488125,0.15368678,0.03547308,0.8665173,0.03509511,0.0060126106,0.0062237284,0.1695925,0.1265013,0.2691695,0.028920356,0.029226078,0.037495833,0.7158226,0.53277075,0.2691695,0.008856855,0.059331786,0.037495833,0.1520214,0.050469365,0.9203957,0.035324484,0.0045253383,0.009918465,0.9454981,0.8132603,0.85991555,1.2277014,1.2502347,0.055951234
beef,beef_portion35_day6_rep1,beef_portion35,6,1,Spoiled,2,0.6604206,0.46652886,0.25195473,0.03022748,0.031192385,0.040136676,0.08558589,0.61831367,0.6604206,0.004667284,0.048540838,0.03022748,0.5433441,0.061532427,0.14758483,0.029963445,0.003971277,0.010898337,0.41899887,0.38151926,0.073923424,0.02173296,0.021536278,0.034216616,0.1470874,0.82460195,0.41899887,0.0028398577,0.075985536,0.02173296,0.41087565,0.9932706,0.16471949,0.022317829,0.018951938,0.0064315205,0.011004035,0.117271066,0.34780824,0.013452613,0.016263636,0.017555999,0.61208004,0.9686384,0.34780824,0.0034239057,0.03522719,0.017555999,0.1287949,0.046021197,0.85093945,0.017801484,0.0050528226,0.003983447,0.18074064,0.120538324,0.38758966,0.027522858,0.032444015,0.034889556,0.70226127,0.6906354,0.38758966,0.0052758637,0.063468106,0.034889556,0.17174788,0.08859053,0.8530252,0.034021277,0.008313178,0.010353428,0.94126374,0.8165778,0.7977857,1.2032243,1.1616336,0.06050998
beef,beef_portion35_day6_rep2,beef_portion35,6,2,Spoiled,2,0.658275,0.464724,0.25356063,0.02969656,0.0319706,0.039798174,0.08506497,0.61466444,0.658275,0.0044805235,0.047888048,0.02969656,0.54156935,0.06164577,0.14586926,0.030340465,0.0042708046,0.0100425,0.41449738,0.3804542,0.071844496,0.021979189,0.021795517,0.035955805,0.14870027,0.82782483,0.41449738,0.002455098,0.0814474,0.021979189,0.40878192,0.9915236,0.16439259,0.022658924,0.01891442,0.0069455146,0.009312467,0.11640298,0.34625843,0.011976389,0.016018124,0.017720422,0.6117999,0.9733116,0.34625843,0.0035298208,0.031685654,0.017720422,0.12759374,0.045850344,0.85117745,0.017568063,0.005022723,0.004017428,0.18029545,0.11794945,0.3851733,0.028749967,0.03176438,0.033941705,0.7034451,0.69587123,0.3851733,0.0061147986,0.06087858,0.033941705,0.16947548,0.089498565,0.8531745,0.034034867,0.0071769985,0.008903263,0.9394937,0.8179761,0.79969394,1.2020974,1.1598867,0.06052467
beef,beef_portion35_day6_rep3,beef_portion35,6,3,Spoiled,2,0.6586019,0.46557018,0.25033003,0.03059765,0.03231856,0.039447166,0.08586105,0.6198114,0.6586019,0.005405302,0.046724666,0.03059765,0.54233575,0.06119597,0.14777936,0.030694157,0.0048573767,0.009980209,0.41597432,0.38229007,0.07924948,0.021077236,0.02069181,0.035500403,0.14852448,0.81051743,0.41597432,0.0028827093,0.079971924,0.021077236,0.41077733,0.99165386,0.16267766,0.021465426,0.0033741815,0.0067294748,0.010549368,0.11625297,0.343291,0.012547887,0.016514469,0.0174183,0.6114784,0.96964157,0.343291,0.0036036533,0.033354033,0.0174183,0.12700099,0.04499641,0.85279536,0.017969161,0.005322315,0.0036837389,0.1828175,0.117210634,0.38098145,0.028561847,0.03208248,0.04131824,0.70646167,0.6934402,0.38098145,0.0057482575,0.06480805,0.04131824,0.16900457,0.08935654,0.85557544,0.034764837,0.009225554,0.014149169,0.93983054,0.818421,0.800715,1.2053845,1.1630571,0.061154325
beef,beef_portion36_day6_rep1,beef_portion36,6,1,Spoiled,2,0.6549345,0.4543019,0.2717607,0.024844173,0.030472197,0.028576752,0.07764397,0.58408576,0.6549345,0.0050411676,0.030556777,0.024844173,0.5343698,0.06693065,0.13292101,0.02736368,0.0067396606,0.007092893,0.53802234,0.4193394,0.009541663,0.034326766,0.027571915,0.015368347,0.12743773,0.98114073,0.53802234,0.0039592404,0.029655429,0.034326766,0.47105947,0.024072416,0.20657627,0.028466538,0.007877931,0.009914787,0.06906186,0.1474924,0.20333765,0.026222235,0.025722764,0.032638922,0.56695414,0.6643002,0.20333765,0.0065593324,0.09500966,0.032638922,0.13830177,0.98554564,0.95731026,0.030892456,0.04166083,0.0096478285,0.22454025,0.17741169,0.17548749,0.026197257,0.02744241,0.024493853,0.33256194,0.24249332,0.22454025,0.43280062,0.03677722,0.026197257,0.19930008,0.022170506,0.115971155,0.03107268,0.0049502268,0.30327335,0.10616086,1.2962797,0.33847082,1.2644209,0.28647175,1.2804936
beef,beef_portion36_day6_rep2,beef_portion36,6,2,Spoiled,2,0.6531134,0.45410797,0.27222806,0.024741642,0.029959062,0.029470589,0.07780602,0.5822083,0.6531134,0.00477537,0.032311853,0.024741642,0.533644,0.06618472,0.13231134,0.027206521,0.006226694,0.0074397973,0.540791,0.42135164,0.0092658885,0.037091676,0.027968109,0.015578685,0.12743698,0.9816539,0.540791,0.0035367482,0.030110057,0.037091676,0.47330493,0.024262385,0.20738216,0.029751675,0.00737397,0.010602379,0.06612214,0.14488918,0.20000134,0.026274426,0.023802534,0.02569192,0.567098,0.6762564,0.20000134,0.0057972185,0.097848795,0.02569192,0.13503519,0.9870613,0.9574714,0.028816087,0.003055384,0.0056176176,0.21995787,0.17230067,0.17553395,0.024021456,0.025483442,0.024485234,0.5030825,0.24612917,0.21995787,0.45054862,0.038517985,0.024021456,0.19383548,0.023183653,0.22581881,0.028881649,0.005698599,0.4078343,0.10504244,1.2991505,0.35505292,1.2665079,0.28007898,1.2115417
beef,beef_portion36_day6_rep3,beef_portion36,6,3,Spoiled,2,0.6526881,0.45325592,0.28026578,0.023262782,0.027650096,0.02890947,0.07527352,0.56953734,0.6526881,0.0028329475,0.03136673,0.023262782,0.53339374,0.06673551,0.12769541,0.025465876,0.0047049853,0.005891853,0.53103495,0.41423905,0.010186197,0.032126315,0.025959445,0.016632486,0.12758912,0.97966534,0.53103495,0.0034232447,0.032603733,0.032126315,0.46549562,0.023552353,0.20451324,0.026878508,0.006844507,0.009547379,0.06940813,0.14552203,0.2011472,0.024467956,0.022666086,0.024946226,0.5688723,0.6603927,0.2011472,0.00537703,0.08770536,0.024946226,0.13622412,0.98783565,0.9572413,0.027471136,0.0027589155,0.0061842296,0.22388299,0.17838147,0.17980513,0.027065394,0.027585637,0.026216343,0.43499997,0.23202834,0.22388299,0.44998583,0.035878595,0.027065394,0.20015901,0.021771388,0.26420256,0.031551663,0.004174475,0.43014234,0.11124711,1.3016587,0.3629068,1.2668313,0.27197334,1.1906596
beef,beef_portion37_day6_rep1,beef_portion37,6,1,Spoiled,2,0.6463702,0.43369594,0.2611457,0.027277512,0.034994952,0.0242729,0.07266829,0.5948336,0.6463702,0.006588777,0.022493958,0.027277512,0.5185237,0.07343158,0.13117476,0.031238154,0.007472594,0.0064188736,0.405064,0.34918797,0.041153774,0.023165569,0.020927327,0.030106403,0.13960327,0.89936703,0.405064,0.0047617285,0.06960707,0.023165569,0.38243562,0.5157936,0.16555579,0.021892248,0.49679807,0.005409371,0.01822038,0.1360216,0.33492404,0.016850881,0.021163803,0.024583373,0.6027292,0.9468082,0.33492404,0.003788845,0.04558155,0.024583373,0.1422225,0.028312208,0.86843437,0.024128882,0.0045535653,0.0035882157,0.15812704,0.111361966,0.18923762,0.021510087,0.021312602,0.021616375,0.76479423,0.41523182,0.18923762,0.0029027136,0.04775276,0.021616375,0.12663905,0.03782246,0.9611028,0.026250776,0.0020354548,0.001571155,0.46409717,0.8289693,0.91848904,0.8884699,0.9626959,0.09444958
beef,beef_portion37_day6_rep2,beef_portion37,6,2,Spoiled,2,0.6469202,0.43383265,0.26084983,0.027404863,0.035684712,0.024348393,0.07290684,0.59570116,0.6469202,0.0060181944,0.022443501,0.027404863,0.51878864,0.07357303,0.13149671,0.031815212,0.007349711,0.0059676133,0.40773043,0.35342515,0.052050345,0.023740672,0.024466578,0.03813166,0.13978347,0.8744798,0.40773043,0.004769385,0.08647908,0.023740672,0.38647708,0.5566006,0.16320999,0.024733698,0.4937038,0.0067170304,0.016034314,0.13547844,0.33689705,0.0154912,0.022301668,0.024902457,0.60256207,0.95339364,0.33689705,0.0037066503,0.042211294,0.024902457,0.14205737,0.029252993,0.8668827,0.024848426,0.0053939032,0.00439976,0.1598154,0.11266925,0.19111925,0.0217605,0.021721467,0.02172731,0.7648303,0.41453004,0.19111925,0.0011895883,0.049010094,0.02172731,0.12841284,0.037975986,0.9607661,0.02661286,0.0018401925,0.0002605299,0.5018244,0.8274559,0.9172503,0.9126838,0.98573035,0.09526991
beef,beef_portion37_day6_rep3,beef_portion37,6,3,Spoiled,2,0.640132,0.4215985,0.26335913,0.024962777,0.032322295,0.022666648,0.0678326,0.5875468,0.640132,0.0065775593,0.021461366,0.024962777,0.5086343,0.07743751,0.12519495,0.02861789,0.007101198,0.005646699,0.4040749,0.35106054,0.050022695,0.02314322,0.02312666,0.037572958,0.1401525,0.8781859,0.4040749,0.0046607098,0.08629271,0.02314322,0.38374376,0.57208997,0.16283949,0.023755113,0.49185327,0.0068755522,0.015266892,0.13904367,0.33797482,0.015868882,0.021012422,0.02377672,0.6008325,0.9558599,0.33797482,0.0037282866,0.043027345,0.02377672,0.14508586,0.0270543,0.8682433,0.023649521,0.004878697,0.0035884737,0.15827326,0.11198202,0.19144374,0.02041564,0.021144053,0.021392616,0.76210463,0.41825098,0.19144374,0.0067998855,0.047975976,0.021392616,0.12742066,0.03798399,0.960104,0.025640469,0.0025939846,0.0024798017,0.5115621,0.82875013,0.91866946,0.92283046,0.9932781,0.09418019
beef,beef_portion38_day6_rep1,beef_portion38,6,1,Spoiled,2,0.65520626,0.45692483,0.19760938,0.019238112,0.023182396,0.034699496,0.0923988,0.69781446,0.65520626,0.0024191958,0.04562456,0.019238112,0.534555,0.061959177,0.17044514,0.021387156,0.0043439027,0.008506797,0.22486699,0.24932058,0.090502374,0.02872024,0.031107988,0.029245943,0.18995981,0.6433912,0.24932058,0.0069817905,0.07331051,0.031107988,0.25540408,0.9736605,0.091238216,0.03402679,0.0039829435,0.0036652423,0.008670482,0.10967853,0.33651206,0.010542232,0.014374586,0.016413013,0.6132962,0.9742741,0.33651206,0.0031995242,0.028558942,0.016413013,0.119800076,0.046852402,0.85308796,0.016089927,0.0041683665,0.0030132865,0.12587234,0.084941514,0.24527556,0.017422758,0.01669938,0.01905433,0.7072518,0.6544349,0.24527556,0.0037152867,0.046577603,0.01905433,0.10445864,0.056904443,0.90706843,0.020201933,0.0037379079,0.004532609,0.9567645,0.79890615,0.8530078,1.2073842,1.2364486,0.057011355
beef,beef_portion38_day6_rep2,beef_portion38,6,2,Spoiled,2,0.6499923,0.45427325,0.19867364,0.018602885,0.022335615,0.037374083,0.09236714,0.693554,0.6499923,0.0027972604,0.05056553,0.018602885,0.53098506,0.06121047,0.1682747,0.02055636,0.0043221293,0.01021371,0.22707771,0.2513758,0.096181706,0.030991865,0.030630514,0.03277974,0.19051689,0.62529105,0.2513758,0.0047756634,0.08623106,0.030630514,0.25785697,0.9739904,0.08946308,0.03436315,0.0031630942,0.0039541684,0.0054317154,0.11292542,0.33524245,0.008237441,0.014642478,0.014764014,0.61071664,0.9837571,0.33524245,0.0036387946,0.022782745,0.014764014,0.12175471,0.04356818,0.8549811,0.015761496,0.0048092077,0.002757157,0.11967921,0.079037994,0.23617196,0.019865254,0.018958103,0.022773812,0.70786256,0.66721046,0.23617196,0.005691782,0.05408501,0.022773812,0.096868284,0.05607686,0.908708,0.02283341,0.00437765,0.0057184286,0.95602167,0.7995914,0.858327,1.2125293,1.2408242,0.06051757
beef,beef_portion38_day6_rep3,beef_portion38,6,3,Spoiled,2,0.65461296,0.45628083,0.19158472,0.018894712,0.022346493,0.039862752,0.09319061,0.7069151,0.65461296,0.0030681996,0.054408763,0.018894712,0.53367746,0.061806094,0.17274393,0.02074725,0.004172723,0.011208238,0.21666138,0.24116601,0.0873412,0.025160309,0.024852665,0.026307002,0.19118325,0.64293987,0.24116601,0.0067597204,0.07449286,0.024852665,0.24638602,0.97407836,0.08887181,0.027965575,0.0041835923,0.0039785616,0.0061576506,0.11359348,0.33629787,0.008765022,0.014833938,0.015612796,0.61066675,0.9816942,0.33629787,0.0035634316,0.024158094,0.015612796,0.1226927,0.043637324,0.8548104,0.016185213,0.004647081,0.002644749,0.12513295,0.08288303,0.24488685,0.019524,0.019343683,0.021090277,0.70823735,0.6631965,0.24488685,0.0031548538,0.054598838,0.021090277,0.10282619,0.057767257,0.90624464,0.02286427,0.003694436,0.0051908363,0.9601102,0.7965258,0.8506894,1.2114795,1.2362579,0.056919344
beef,beef_portion39_day6_rep1,beef_portion39,6,1,Spoiled,2,0.66574305,0.47127864,0.22568117,0.016532475,0.017793735,0.027848002,0.09085963,0.6598053,0.66574305,0.0026471827,0.03690664,0.016532475,0.54749775,0.060245324,0.16279443,0.016777446,0.0035614735,0.008906623,0.37324062,0.35314026,0.07233781,0.027834704,0.028480055,0.042835794,0.1535973,0.8114269,0.37324062,0.0034195685,0.10360392,0.027834704,0.3771773,0.98704374,0.15154424,0.02974883,0.0033468958,0.005851835,0.015070429,0.12738824,0.33726814,0.014246699,0.022882858,0.028153071,0.6064334,0.9559391,0.33726814,0.0042798906,0.0381293,0.028153071,0.13521075,0.035050552,0.8625916,0.025653116,0.005461362,0.005591514,0.13760924,0.09896773,0.17847152,0.020588579,0.024019523,0.02176235,0.7457812,0.4505722,0.17847152,0.014639207,0.07075953,0.02176235,0.10903447,0.034875765,0.95765686,0.027837653,0.005202089,0.0045344373,0.94238573,0.8126078,0.90812993,1.2126118,1.2760651,0.09860338
beef,beef_portion39_day6_rep2,beef_portion39,6,2,Spoiled,2,0.6648069,0.471343,0.23001887,0.01645078,0.018466648,0.027009236,0.0905509,0.6528228,0.6648069,0.0017235986,0.035642635,0.01645078,0.5475617,0.05994773,0.16065916,0.017199999,0.0035036313,0.007968682,0.37634104,0.3536127,0.07096699,0.027696477,0.027606275,0.044408683,0.15239841,0.816894,0.37634104,0.0033360452,0.10689265,0.027696477,0.37836927,0.98821425,0.15242232,0.029070308,0.003029331,0.0065521877,0.014718022,0.118047796,0.32400194,0.013916073,0.022821823,0.03034742,0.60960513,0.9549982,0.32400194,0.004487038,0.03862356,0.03034742,0.12460647,0.03644201,0.8647672,0.02600291,0.0052903523,0.0069070584,0.1366935,0.097089805,0.17569956,0.020360688,0.02452185,0.021380665,0.7481993,0.45316073,0.17569956,0.014707732,0.07457845,0.021380665,0.10686851,0.0347147,0.9583282,0.028016156,0.0055039194,0.0036618342,0.9435956,0.8217127,0.9116596,1.2156073,1.2776378,0.09524325
beef,beef_portion39_day6_rep3,beef_portion39,6,3,Spoiled,2,0.6661065,0.4748153,0.22978994,0.016643275,0.019399047,0.028482901,0.09162631,0.6538404,0.6661065,0.0029590426,0.03753995,0.016643275,0.54990196,0.05870358,0.16178842,0.017870156,0.0039237775,0.009067433,0.37561792,0.35432857,0.06979609,0.02619309,0.026933553,0.042543553,0.15320091,0.8187883,0.37561792,0.003504877,0.10294139,0.02619309,0.37877816,0.98749244,0.15296508,0.02803758,0.0035566608,0.006417454,0.013788158,0.12885974,0.33924854,0.014476166,0.022888687,0.029699488,0.6058665,0.95990074,0.33924854,0.0042429673,0.03789507,0.029699488,0.13664733,0.034630094,0.86211926,0.025974367,0.0053781676,0.006339898,0.14080895,0.101601645,0.18134362,0.020083342,0.023974191,0.021427572,0.7463676,0.44408518,0.18134362,0.014442704,0.07092179,0.021427572,0.11242281,0.034954347,0.9576397,0.027435616,0.0057953717,0.0047438517,0.9444628,0.81352454,0.9084775,1.2122184,1.2750589,0.09854484
beef,beef_portion40_day6_rep1,beef_portion40,6,1,Spoiled,2,0.6625889,0.4864873,0.21976936,0.02411817,0.025800183,0.027023273,0.09879923,0.66721964,0.6625889,0.003000505,0.030316364,0.02411817,0.55624187,0.050366465,0.1691766,0.024350988,0.0037785273,0.006467001,0.36687505,0.35368648,0.12430717,0.030784998,0.031124277,0.033703726,0.15596755,0.66377467,0.36735985,0.00566093,0.07187457,0.030571103,0.3766831,0.9855826,0.12915733,0.032389555,0.0038917563,0.0079868315,0.019666336,0.12430019,0.3175926,0.014305494,0.017809762,0.019149777,0.60641885,0.93790895,0.3175926,0.004007063,0.041503664,0.019149777,0.12909046,0.030230667,0.8719592,0.019975532,0.0052424776,0.0042995927,0.13256401,0.085971646,0.12864392,0.01702705,0.016976776,0.017018834,0.8443573,0.35762683,0.13316202,0.020996168,0.05505817,0.017312597,0.09188013,0.030211573,0.9843192,0.020702582,0.003079038,0.003946778,0.953138,0.82265866,0.9383472,1.2352142,1.313449,0.11836122
beef,beef_portion40_day6_rep2,beef_portion40,6,2,Spoiled,2,0.67402077,0.49501258,0.2302437,0.024458004,0.025906295,0.027467756,0.09793567,0.65741706,0.67402077,0.00277946,0.029957559,0.024458004,0.5653548,0.051453684,0.16850811,0.024485486,0.0037321313,0.006472282,0.3675456,0.3575215,0.12351954,0.030661918,0.03234332,0.039425064,0.15827647,0.66887015,0.36964178,0.008740636,0.08748344,0.031053606,0.379847,0.9838237,0.13067715,0.033196993,0.005805961,0.009808165,0.019225305,0.12619554,0.3282677,0.014331766,0.01776979,0.018889276,0.6070525,0.94107556,0.3282677,0.0036160457,0.040355846,0.018889276,0.13292748,0.03296699,0.86713463,0.019669369,0.0051634256,0.0044160495,0.13336927,0.08807908,0.13085556,0.017412527,0.015572309,0.016634956,0.83943117,0.35150385,0.13543802,0.025463127,0.04550219,0.017156815,0.09407647,0.029849665,0.98389393,0.019715376,0.0028839014,0.004585246,0.951398,0.8218359,0.9420319,1.2277896,1.3113772,0.12309286
beef,beef_portion40_day6_rep3,beef_portion40,6,3,Spoiled,2,0.66846246,0.49249578,0.22346148,0.023369186,0.024630893,0.026244823,0.09899995,0.6646616,0.66846246,0.0031023778,0.029799527,0.023369186,0.56208265,0.049869623,0.16995215,0.023371167,0.0034778558,0.0069111767,0.36399466,0.3556499,0.12595761,0.030748244,0.031435527,0.032839604,0.1590679,0.6579613,0.36604697,0.008333446,0.068438,0.030696232,0.37753132,0.9832246,0.1285884,0.032512404,0.0053768964,0.0077182865,0.017943162,0.12770978,0.32351726,0.014800617,0.018025354,0.01984055,0.6050846,0.94460255,0.32351726,0.0034525362,0.04225761,0.01984055,0.13303652,0.029837433,0.870466,0.0203175,0.004909929,0.0041103084,0.1287236,0.08487276,0.1260288,0.01615831,0.016597701,0.015686054,0.83907694,0.34865084,0.1297293,0.022346681,0.06757753,0.015917435,0.089402415,0.028573591,0.9847008,0.019596528,0.0046331435,0.0037723307,0.95232433,0.8217065,0.9421759,1.2325206,1.3142698,0.12229114
