dataset,public_image_id,portion_id,storage_day,technical_replicate,label_name,label,feature_00,feature_01,feature_02,feature_03,feature_04,feature_05,feature_06,feature_07,feature_08,feature_09,feature_10,feature_11,feature_12,feature_13,feature_14,feature_15,feature_16,feature_17,feature_18,feature_19,feature_20,feature_21,feature_22,feature_23,feature_24,feature_25,feature_26,feature_27,feature_28,feature_29,feature_30,feature_31,feature_32,feature_33,feature_34,feature_35,feature_36,feature_37,feature_38,feature_39,feature_40,feature_41,feature_42,feature_43,feature_44,feature_45,feature_46,feature_47,feature_48,feature_49,feature_50,feature_51,feature_52,feature_53,feature_54,feature_55,feature_56,feature_57,feature_58,feature_59,feature_60,feature_61,feature_62,feature_63,feature_64,feature_65,feature_66,feature_67,feature_68,feature_69,feature_70,feature_71,feature_72,feature_73,feature_74,feature_75,feature_76,feature_77
pork,pork_portion01_day0_rep1,pork_portion01,0,1,Fresh,0,0.199384,0.4050444,0.39878407,0.0577567,0.053825483,0.05469589,0.49249172,0.51764923,0.40538937,0.0056490307,0.09475859,0.0537367,0.40066707,0.9314261,0.9850273,0.055992045,0.0032415083,0.003922314,0.7146684,0.5190932,0.10962807,0.036037628,0.036990743,0.0560012,0.11092551,0.84812206,0.7146684,0.0023241225,0.07255073,0.036037628,0.59094644,0.052775253,0.22650914,0.035001997,0.004335889,0.004432536,0.9341457,0.59751403,0.0012616746,0.035050444,0.043781716,0.015590739,0.10444992,0.9987111,0.9341457,0.0042099184,0.015707131,0.035050444,0.7065437,0.105431475,0.2937396,0.03599266,0.0101743955,0.0107245315,0.86917657,0.31135207,0.20589179,0.04776869,0.052665338,0.05234722,0.024866378,0.7638243,0.86917657,0.002928038,0.050053872,0.04776869,0.5415231,0.21706885,0.18159077,0.04207626,0.0046902467,0.0075927344,1.1762582,1.1196903,1.0842772,0.14371964,0.17734914,0.22863083
pork,pork_portion02_day0_rep1,pork_portion02,0,1,Fresh,0,0.16800874,0.39489818,0.39929324,0.064603746,0.058233246,0.060080096,0.5006728,0.5941177,0.4003015,0.00445489,0.11683105,0.059423074,0.38872898,0.9288985,0.97811204,0.060513176,0.002730892,0.0041400734,0.8090044,0.59734404,0.0034859898,0.046320785,0.046102386,0.01660474,0.12082011,0.9959095,0.8090044,0.0041001225,0.018644575,0.046320785,0.6680667,0.052111723,0.27525464,0.041925892,0.008885876,0.012708504,0.93611413,0.586948,0.0,0.02359791,0.023844587,0.0,0.10251276,1.0,0.93611413,0.002857355,0.0,0.02359791,0.70122087,0.11150686,0.2928174,0.020337222,0.0069041047,0.006508412,0.90566236,0.3095677,0.18965134,0.03392264,0.03711472,0.040564146,0.025678286,0.79002494,0.90566236,0.0020349598,0.03861569,0.03392264,0.5566178,0.22996645,0.19788492,0.029425457,0.0037916405,0.007516659,1.1579262,1.1114895,1.0608709,0.07025264,0.22369449,0.20965424
pork,pork_portion03_day0_rep1,pork_portion03,0,1,Fresh,0,0.17908187,0.39562976,0.3929121,0.06722091,0.06316479,0.06335288,0.49555102,0.5653808,0.3966383,0.004535296,0.123746954,0.06296322,0.389814,0.9296663,0.9827478,0.06593232,0.0028175965,0.0034889886,0.73622006,0.5262951,0.049539376,0.044751063,0.04353246,0.055430334,0.11353781,0.93509096,0.73622006,0.0025615531,0.069492444,0.044751063,0.6016612,0.05752699,0.24537589,0.04147715,0.004084343,0.0067977943,0.9289501,0.7464964,0.03297711,0.02662529,0.026003597,0.049526203,0.13093334,0.9637539,0.9289501,0.0023741785,0.053148597,0.02662529,0.7955969,0.028869072,0.31094062,0.02335897,0.0030242458,0.008886102,0.88105065,0.26438564,0.13564299,0.04652957,0.046982836,0.050618757,0.026626695,0.84666115,0.88105065,0.002706032,0.051862776,0.04652957,0.52854645,0.23714541,0.21138605,0.037717413,0.00362352,0.00737346,1.1615608,1.1947469,1.0458636,0.20671494,0.19688538,0.35299587
pork,pork_portion04_day0_rep1,pork_portion04,0,1,Fresh,0,0.22129065,0.42384097,0.39630044,0.070409834,0.06519058,0.06416552,0.47543842,0.4913151,0.42384097,0.005700739,0.10814141,0.06519058,0.41873354,0.92765325,0.9865159,0.06757576,0.004139651,0.10226775,0.7817379,0.63171756,0.18158472,0.046864007,0.050308388,0.06645331,0.12300677,0.769827,0.7817379,0.0025744014,0.075576216,0.046864007,0.68380123,0.025630135,0.23726928,0.046131395,0.0062461174,0.0076253065,0.93656015,0.62697566,0.001600306,0.044633623,0.054462243,0.014506555,0.109365754,0.99835306,0.93656015,0.005204831,0.0146397585,0.044633623,0.724466,0.09167657,0.29811174,0.045079306,0.012884572,0.013518864,0.8701279,0.30457184,0.1773992,0.03701884,0.035856374,0.038816698,0.028376399,0.7956129,0.8701279,0.0018827058,0.036869444,0.03701884,0.5384278,0.21977831,0.19475137,0.030813033,0.0041126204,0.006192437,1.2021968,1.1252687,1.0687865,0.098577686,0.24624117,0.24840215
pork,pork_portion05_day0_rep1,pork_portion05,0,1,Fresh,0,0.18398803,0.37101534,0.3169727,0.063059084,0.060063295,0.061738618,0.4490623,0.51719594,0.37101534,0.01576894,0.108206205,0.060063295,0.36429045,0.9267105,0.11911896,0.06300406,0.004737516,0.30625495,0.7884217,0.5588052,0.009735772,0.045083936,0.042140823,0.034872863,0.11553343,0.988039,0.7884217,0.0037500449,0.041657824,0.045083936,0.6378273,0.06311141,0.26519555,0.0391255,0.009693259,0.01193755,0.95931834,0.59695226,0.0,0.021451265,0.026020115,0.0,0.10172653,1.0,0.95931834,0.0033667053,0.0,0.021451265,0.7144917,0.11621403,0.2977074,0.020350035,0.009063217,0.006209758,0.87205553,0.32471365,0.19842198,0.038005386,0.047911517,0.050312318,0.02930711,0.77221966,0.87205553,0.0023895279,0.050317887,0.038005386,0.5480333,0.21253398,0.18787782,0.03572979,0.0093001,0.011298463,0.917586,0.9007992,0.7406331,0.0987641,0.19070421,0.22146891
pork,pork_portion06_day0_rep1,pork_portion06,0,1,Fresh,0,0.20142563,0.41145265,0.3504018,0.048083704,0.04341066,0.042981807,0.4494009,0.51533437,0.41145265,0.013039287,0.07073918,0.04341066,0.40325606,0.91883254,0.01246851,0.044603746,0.0031742384,0.02001838,0.80255073,0.63418794,0.17415613,0.0679449,0.0740974,0.10572828,0.11977795,0.7897346,0.80255073,0.0030498675,0.112926275,0.0679449,0.6906943,0.03366669,0.24118496,0.06757533,0.0068086474,0.017224826,0.9281691,0.70157504,0.0014928395,0.032668464,0.03944419,0.009576568,0.12378935,0.9983161,0.9281691,0.004445115,0.010211694,0.032668464,0.76712894,0.050650716,0.30780146,0.032236725,0.011865739,0.009769857,0.88817024,0.345284,0.22662039,0.045061115,0.04811896,0.051662624,0.027865702,0.74511844,0.88817024,0.0018159143,0.046202995,0.045061115,0.5638261,0.21052897,0.18090421,0.0404158,0.004604944,0.008507717,0.9583583,0.9865925,0.74555165,0.10280308,0.225853,0.2880903
pork,pork_portion07_day0_rep1,pork_portion07,0,1,Fresh,0,0.19991551,0.42023104,0.40133077,0.049739797,0.045068044,0.045067716,0.48307383,0.52987957,0.42023104,0.001702914,0.0714607,0.045068044,0.41397405,0.92449695,0.9916418,0.046695545,0.0026994995,0.0014931445,0.66834605,0.45399937,0.012834051,0.04448948,0.0430513,0.024215225,0.11002041,0.98146236,0.66834605,0.003074529,0.034053408,0.04448948,0.53434694,0.065162644,0.2312567,0.04166668,0.0042258594,0.011271242,0.9321452,0.64419925,0.0025896644,0.040218875,0.048314936,0.018675406,0.11296399,0.9973253,0.9321452,0.004088089,0.01896082,0.040218875,0.7333304,0.08116155,0.2998244,0.040679894,0.009524269,0.012032281,0.8736926,0.3200612,0.19563086,0.050214283,0.052843425,0.055761833,0.028583968,0.7771364,0.8736926,0.0018290586,0.053276602,0.050214283,0.5466462,0.21488838,0.18887971,0.043954764,0.00400301,0.008134045,1.1537464,1.1365801,1.0796171,0.21107326,0.15609251,0.2550345
pork,pork_portion08_day0_rep1,pork_portion08,0,1,Fresh,0,0.10101838,0.31829417,0.30592775,0.06015767,0.068427324,0.0834207,0.48685756,0.70857733,0.32216668,0.0153767085,0.13606592,0.07427385,0.30816424,0.9290237,0.81420875,0.07211521,0.0038233416,0.37328088,0.7212795,0.57493454,0.12487466,0.040260583,0.040579017,0.058942385,0.12371522,0.828437,0.7212795,0.002368095,0.072653234,0.040260583,0.6295291,0.026966678,0.23452066,0.038348068,0.004317899,0.007298427,0.92416394,0.63061583,0.0,0.03858259,0.042789154,0.0,0.11168451,1.0,0.92416394,0.0034541294,0.0,0.03858259,0.7227268,0.08459077,0.29707462,0.037135463,0.0067354515,0.01149972,0.8411546,0.2414146,0.13850297,0.0341308,0.038988937,0.042996887,0.022413844,0.83509624,0.8411546,0.003844266,0.04654313,0.0341308,0.50205535,0.23230591,0.19840243,0.028746504,0.0064252913,0.007728596,1.1193839,1.0734788,0.9498562,0.12617189,0.24437326,0.28328758
pork,pork_portion09_day0_rep1,pork_portion09,0,1,Fresh,0,0.14878723,0.2891476,0.20705937,0.04187824,0.04736435,0.054575972,0.39655477,0.49354592,0.2891476,0.030531932,0.08013871,0.04736435,0.28115225,0.93487084,0.03900637,0.050966736,0.005512437,0.07478301,0.73671854,0.5521893,0.03901732,0.03740511,0.043817062,0.048451025,0.120623566,0.9481746,0.73671854,0.0038341046,0.06262087,0.03740511,0.6184284,0.044055637,0.25212765,0.03883198,0.009654616,0.0076985867,0.9059637,0.6815078,2.5613546e-05,0.030207453,0.037054017,0.0005386075,0.12321754,0.9999622,0.9059637,0.0033389577,0.00073334674,0.030207453,0.7484368,0.05122643,0.30182534,0.03105331,0.008242016,0.009585039,0.8859849,0.31684864,0.20727396,0.04065157,0.045815915,0.04755655,0.024934126,0.76609176,0.8859849,0.0023282468,0.04392106,0.04065157,0.5510591,0.22062938,0.18567427,0.036669653,0.0045883446,0.007867038,0.9760777,1.0335648,0.7774973,0.1393681,0.20033212,0.28486204
pork,pork_portion10_day0_rep1,pork_portion10,0,1,Fresh,0,0.16576529,0.35786837,0.2914451,0.027914723,0.026762811,0.031503137,0.43960232,0.5378635,0.35786837,0.012635619,0.050385904,0.026762811,0.3495505,0.9222542,0.017740851,0.028223017,0.0026567404,0.007416766,0.71695626,0.5295178,0.02578774,0.043009024,0.043691754,0.045967005,0.11950058,0.96578044,0.71695626,0.0025724263,0.058439635,0.043009024,0.59781694,0.04700086,0.24768096,0.041211355,0.0039659664,0.009276006,0.89060163,0.6270628,0.0,0.038896155,0.04141888,0.0,0.11533837,1.0,0.89060163,0.0033464802,0.0,0.038896155,0.71050394,0.07207844,0.2917439,0.03655369,0.006596702,0.011613524,0.891827,0.29740193,0.2004385,0.026654294,0.026715342,0.02759887,0.020936158,0.77392924,0.891827,0.0018561091,0.024911646,0.026654294,0.54595363,0.23037674,0.18764246,0.022382386,0.0019366542,0.004914814,0.9383907,0.9634126,0.7390096,0.123566926,0.19980274,0.25094274
pork,pork_portion01_day0_rep2,pork_portion01,0,2,Fresh,0,0.20857961,0.41338214,0.40551057,0.056974202,0.052663233,0.054775875,0.49087757,0.50409657,0.4137072,0.005919486,0.090039566,0.052912388,0.40915683,0.93105423,0.9859617,0.05455865,0.0028973427,0.004345378,0.7134725,0.5253069,0.1221732,0.035054903,0.036258448,0.051911533,0.111750364,0.8298909,0.7134725,0.0023258005,0.06628135,0.035054903,0.59476215,0.049238026,0.2241142,0.034167886,0.0043940307,0.0036445956,0.93423104,0.6021734,0.0022250041,0.03639506,0.04451592,0.02175659,0.10518132,0.9977179,0.93423104,0.004005446,0.021916477,0.03639506,0.7093029,0.10314784,0.29415843,0.03693236,0.009764466,0.011075555,0.87182504,0.31183597,0.2071011,0.051685765,0.055788025,0.05700855,0.02454908,0.763706,0.87182504,0.0023492598,0.054289218,0.051685765,0.54295933,0.21780047,0.18159918,0.045313593,0.004037155,0.008407762,1.1800258,1.1198698,1.0833434,0.14467911,0.18139558,0.23126823
pork,pork_portion02_day0_rep2,pork_portion02,0,2,Fresh,0,0.17690422,0.3991676,0.40364072,0.065100186,0.060000516,0.06279985,0.5009987,0.57800347,0.40583393,0.007196467,0.11302453,0.062051147,0.3934507,0.9299634,0.97838306,0.062272266,0.0036542513,0.0056628683,0.8058607,0.5956852,0.0058122263,0.04838494,0.048938375,0.02107765,0.12084687,0.9930849,0.8058607,0.0035422342,0.024219343,0.04838494,0.6660566,0.05157173,0.27430332,0.044687025,0.0071986443,0.013268152,0.9370478,0.586035,0.0,0.025572691,0.024549108,0.0,0.10214066,1.0,0.9370478,0.002782514,0.0,0.025572691,0.7009272,0.11235991,0.29280287,0.02152737,0.0066335774,0.0069058775,0.8996639,0.31109998,0.1876668,0.035273924,0.03849193,0.041914813,0.026729148,0.7909279,0.8996639,0.0018290161,0.03965473,0.035273924,0.5545352,0.22727616,0.197632,0.030835344,0.0037009025,0.007437338,1.1582807,1.1104223,1.0626805,0.07248032,0.22178267,0.20903075
pork,pork_portion03_day0_rep2,pork_portion03,0,2,Fresh,0,0.19076608,0.40154943,0.3972998,0.06761606,0.06315741,0.06291484,0.49449754,0.5418933,0.40242162,0.00572154,0.12013102,0.0630344,0.39635783,0.93069285,0.98387915,0.0658057,0.0033345341,0.0038166458,0.74677634,0.5374619,0.060262065,0.051428664,0.052266203,0.060878623,0.11366791,0.9222322,0.74677634,0.0029987944,0.07494457,0.051428664,0.6118944,0.056556154,0.24649131,0.04904371,0.004558412,0.008864357,0.93430114,0.7526352,0.042768862,0.02704093,0.025532784,0.05155392,0.13070619,0.95349824,0.93430114,0.0019548417,0.05468437,0.02704093,0.800875,0.028185321,0.31161314,0.023175012,0.0031950253,0.007659902,0.8760326,0.26838496,0.13878533,0.0495521,0.049940027,0.0524794,0.027258098,0.8423919,0.8760326,0.0024358637,0.053896755,0.0495521,0.5276794,0.23410423,0.20919895,0.04022317,0.0043407436,0.0083879465,1.163749,1.1958661,1.0500526,0.2018896,0.20001554,0.3571094
pork,pork_portion04_day0_rep2,pork_portion04,0,2,Fresh,0,0.2210082,0.42170623,0.39575818,0.07074856,0.06543681,0.06545478,0.47695813,0.4896838,0.42170623,0.0052286666,0.10967035,0.06543681,0.41691053,0.9285595,0.9762054,0.06808865,0.004421907,0.13939835,0.7857651,0.63697106,0.18488573,0.045662314,0.048399374,0.06494931,0.123521455,0.76658344,0.7857651,0.0025179263,0.07294131,0.045662314,0.6883242,0.02474104,0.2379649,0.044456422,0.005856186,0.0074063055,0.9420047,0.6258284,0.0011125499,0.04041367,0.052846402,0.010129151,0.10849991,0.9988604,0.9420047,0.0052848863,0.010191168,0.04041367,0.72551894,0.09459295,0.29882428,0.042859454,0.013040722,0.012730812,0.8643945,0.30332786,0.18231006,0.04098638,0.038279355,0.044001393,0.02754935,0.7891036,0.8643945,0.0026494518,0.04241541,0.04098638,0.53547215,0.21834634,0.19080833,0.03359315,0.0048649176,0.0068118786,1.1981453,1.1178482,1.0655084,0.09983287,0.25113845,0.2511974
pork,pork_portion05_day0_rep2,pork_portion05,0,2,Fresh,0,0.19081521,0.375745,0.31672287,0.063655004,0.061354555,0.062534645,0.44424757,0.5054509,0.375745,0.01359424,0.106643245,0.061354555,0.36912727,0.9262416,0.052116286,0.06436449,0.004549265,0.18930973,0.7914586,0.5612522,0.01429699,0.046230022,0.043093298,0.042398285,0.11527484,0.9824374,0.7914586,0.0036507254,0.050488863,0.046230022,0.64023334,0.06316287,0.26518753,0.04021956,0.009242661,0.012555066,0.95757604,0.5855419,0.0,0.021979244,0.03047724,0.0,0.09991467,1.0,0.95757604,0.004121741,0.0,0.021979244,0.70742005,0.12104306,0.2960245,0.022787804,0.011059817,0.006740698,0.8750344,0.32738107,0.20516795,0.039259557,0.048633408,0.049638737,0.028350359,0.76540893,0.8750344,0.0028203218,0.04827274,0.039259557,0.55051994,0.21260257,0.18574202,0.036686204,0.008907369,0.010014119,0.92940986,0.9067954,0.7483581,0.093888715,0.19155236,0.2125159
pork,pork_portion06_day0_rep2,pork_portion06,0,2,Fresh,0,0.20642543,0.41014713,0.35062885,0.04770897,0.044324595,0.044697054,0.44905308,0.50138056,0.41014713,0.013325467,0.06763445,0.044324595,0.40271682,0.9207912,0.014520049,0.045664676,0.003154679,0.052401952,0.8054203,0.6388271,0.17968944,0.066435315,0.07088007,0.10339668,0.12024718,0.78324276,0.8054203,0.003177752,0.11069774,0.066435315,0.6945957,0.032638445,0.24087812,0.06500079,0.006174025,0.017089045,0.9352922,0.69902635,0.0016423317,0.031883415,0.043717794,0.008640583,0.12236971,0.99809486,0.9352922,0.0055333306,0.009352872,0.031883415,0.76767206,0.054924935,0.3084608,0.034072123,0.015046423,0.0099689495,0.88548076,0.3472044,0.231503,0.04504793,0.047597438,0.049574472,0.027421946,0.7386437,0.88548076,0.0015674916,0.043371297,0.04504793,0.5635592,0.20891406,0.17809981,0.040227104,0.0045345426,0.0079372395,0.96189743,0.98453945,0.7479289,0.10200129,0.22843987,0.2869995
pork,pork_portion07_day0_rep2,pork_portion07,0,2,Fresh,0,0.20661527,0.42281067,0.40362373,0.04833279,0.043981913,0.04398244,0.4827811,0.515969,0.42281067,0.0023742293,0.06829912,0.043981913,0.41706964,0.92554426,0.9918725,0.04542,0.0032858741,0.0020453925,0.69110465,0.47840905,0.02525776,0.045233376,0.044903435,0.037459403,0.11134138,0.96495706,0.69110465,0.002693381,0.04979068,0.045233376,0.5571347,0.06247314,0.2360927,0.042893007,0.004262442,0.009444178,0.93452406,0.64922327,0.0031602918,0.03796386,0.046338268,0.023045504,0.11357359,0.996731,0.93452406,0.003971892,0.023474937,0.03796386,0.7370701,0.07964046,0.30074042,0.03882908,0.009463765,0.011640358,0.87194365,0.32176027,0.20014723,0.04850849,0.050775405,0.05459892,0.028112747,0.77138776,0.87194365,0.0018079476,0.052262645,0.04850849,0.5465908,0.21369407,0.18648921,0.04255141,0.0035512445,0.008252721,1.1557306,1.1382518,1.082658,0.1919656,0.15949747,0.25943413
pork,pork_portion08_day0_rep2,pork_portion08,0,2,Fresh,0,0.106231615,0.32355556,0.3114328,0.06102454,0.06761028,0.079750724,0.4874834,0.6954005,0.32674277,0.014302002,0.1341968,0.0713662,0.3137162,0.92896473,0.8189294,0.070866354,0.0045756097,0.3690637,0.721591,0.57510203,0.12517534,0.041111507,0.042276755,0.06083583,0.123727985,0.8284601,0.721591,0.002414439,0.074970275,0.041111507,0.62970686,0.026897628,0.23438686,0.039769944,0.0038692313,0.007250524,0.92475885,0.6333091,0.0,0.03810759,0.044574242,0.0,0.112068094,1.0,0.92475885,0.0040085507,0.0,0.03810759,0.7246111,0.08349749,0.29754412,0.037786078,0.00881333,0.01164758,0.8386198,0.24954736,0.13380463,0.035003014,0.04018397,0.04439202,0.025436625,0.8404606,0.8386198,0.0043604854,0.047756687,0.035003014,0.50354475,0.2285866,0.20061886,0.030120889,0.0061970595,0.008122546,1.1203862,1.0749382,0.9533479,0.12727608,0.24028233,0.2816304
pork,pork_portion09_day0_rep2,pork_portion09,0,2,Fresh,0,0.15313098,0.29823035,0.21305892,0.041698053,0.047019783,0.050959613,0.3973156,0.49354002,0.29823035,0.024143802,0.07911658,0.047019783,0.29027715,0.93299496,0.034611568,0.05029275,0.005802133,0.019440128,0.74114615,0.56054354,0.05413486,0.035759505,0.04235453,0.05604221,0.120954126,0.92786133,0.74114615,0.0034041875,0.072861925,0.035759505,0.62524503,0.041975603,0.25112864,0.037242744,0.010233761,0.0076764016,0.9099567,0.68641925,0.00038028977,0.028953135,0.034153167,0.0039529665,0.12357816,0.9995507,0.9099567,0.0028929643,0.00431255,0.028953135,0.7525799,0.05037827,0.30314746,0.029059306,0.006797714,0.008950186,0.8799349,0.31652352,0.20711157,0.038680945,0.04292754,0.043394502,0.025199022,0.7644633,0.8799349,0.001993544,0.039568063,0.038680945,0.54816306,0.21869965,0.18426757,0.0347068,0.0043507474,0.0066241412,0.97621644,1.0319145,0.7740283,0.13780689,0.2040672,0.29025984
pork,pork_portion10_day0_rep2,pork_portion10,0,2,Fresh,0,0.17691019,0.36101618,0.29357684,0.030889073,0.028776525,0.03177297,0.43631592,0.5116301,0.36101618,0.012141878,0.05095628,0.028776525,0.35374916,0.92449296,0.018847069,0.030543016,0.0024279351,0.006704635,0.71955746,0.53274226,0.03228602,0.04280403,0.04312241,0.04982585,0.1193692,0.9571554,0.71955746,0.0026238903,0.06338672,0.04280403,0.6006921,0.04653256,0.24733804,0.040744547,0.0040267985,0.008288299,0.8868024,0.62381667,0.0,0.03986731,0.041439965,0.0,0.115184605,1.0,0.8868024,0.003264984,0.0,0.03986731,0.7073839,0.072167106,0.29073137,0.03685914,0.006573898,0.011741924,0.8969336,0.30285653,0.20597978,0.025051547,0.025672676,0.02688956,0.02071313,0.7689714,0.8969336,0.0017675207,0.02419978,0.025051547,0.55039245,0.23027043,0.18689172,0.021244397,0.0021728273,0.004666715,0.9402145,0.96199685,0.7408458,0.117996804,0.19985849,0.24581628
pork,pork_portion01_day0_rep3,pork_portion01,0,3,Fresh,0,0.20296085,0.41268292,0.40162203,0.056409188,0.05183076,0.054051965,0.4893424,0.5167739,0.41278303,0.005991989,0.08859801,0.05186131,0.40775204,0.9291298,0.9872298,0.053668212,0.0024014446,0.0046780836,0.71718776,0.52462536,0.11175962,0.033320468,0.034720343,0.05122941,0.111944586,0.84509176,0.71718776,0.0023841336,0.066154234,0.033320468,0.59530616,0.050986458,0.22759718,0.03253791,0.005021997,0.0043893177,0.9348184,0.60041595,0.0019266484,0.035663925,0.044379294,0.021080544,0.10484865,0.99803245,0.9348184,0.004159786,0.021214904,0.035663925,0.708455,0.104269534,0.29404977,0.036469113,0.010285122,0.010916235,0.87059414,0.30778107,0.20471495,0.05260244,0.056916654,0.057146218,0.023866117,0.76618874,0.87059414,0.0025670794,0.05474009,0.05260244,0.54082525,0.21884683,0.18193999,0.045883574,0.0042544636,0.008297391,1.1761607,1.1186221,1.0819898,0.14162521,0.18229057,0.2319403
pork,pork_portion02_day0_rep3,pork_portion02,0,3,Fresh,0,0.16648677,0.39754468,0.398297,0.06704582,0.058793012,0.06099063,0.4980146,0.60029507,0.40124756,0.00576555,0.12357731,0.059923984,0.39089605,0.92717445,0.97952276,0.06127504,0.0027981559,0.004832484,0.8091633,0.59314054,0.0031855914,0.048029352,0.04814461,0.01540057,0.119950205,0.99629676,0.8091633,0.00397451,0.017296188,0.048029352,0.6654238,0.054315504,0.27469727,0.043860003,0.008275283,0.013288525,0.93855995,0.588578,0.0,0.023762198,0.021493468,0.0,0.10235241,1.0,0.93855995,0.0023280287,0.0,0.023762198,0.7029404,0.111679055,0.29338053,0.019401062,0.005506305,0.006300439,0.9037803,0.3098656,0.18593422,0.033071935,0.036403935,0.03972117,0.02660652,0.79367685,0.9037803,0.0018511196,0.03773534,0.033071935,0.5558487,0.22902566,0.19929662,0.028774597,0.0041388357,0.007097741,1.155001,1.1104934,1.0598934,0.07104319,0.2195805,0.21037579
pork,pork_portion03_day0_rep3,pork_portion03,0,3,Fresh,0,0.18453681,0.39768842,0.39418244,0.07534223,0.06938107,0.06863624,0.49494863,0.5586312,0.39876336,0.0049019996,0.13974759,0.06892989,0.3920558,0.9305049,0.98337644,0.07246528,0.0029874411,0.0033230782,0.75295675,0.5451424,0.055227727,0.05278653,0.051792886,0.061951026,0.115026906,0.9297613,0.75295675,0.0027151748,0.07531415,0.05278653,0.6186091,0.055205725,0.2496659,0.04891867,0.004095021,0.00861008,0.9338291,0.749796,0.033529706,0.027144244,0.026251316,0.048842724,0.1305601,0.96338314,0.9338291,0.0020649675,0.052023508,0.027144244,0.798902,0.029324025,0.3121733,0.02365302,0.0031360055,0.007978198,0.8906378,0.2705429,0.13611811,0.043915,0.045142584,0.051068977,0.027727362,0.8477144,0.8906378,0.0022507715,0.052079026,0.043915,0.53515095,0.23809628,0.21391736,0.036043204,0.003469111,0.0074069705,1.1643909,1.1950583,1.0449752,0.19256835,0.2041866,0.35043502
pork,pork_portion04_day0_rep3,pork_portion04,0,3,Fresh,0,0.21759117,0.42629376,0.3989234,0.07183693,0.06671616,0.06604032,0.47602174,0.5042931,0.42629376,0.0053367796,0.11354073,0.06671616,0.4206132,0.9260378,0.96883434,0.069211036,0.0034530007,0.16383666,0.7799377,0.6307407,0.18017697,0.04730572,0.04992637,0.06277022,0.123316325,0.77091545,0.7799377,0.0025657692,0.07110647,0.04730572,0.6826308,0.025182666,0.23744829,0.045980286,0.0058944053,0.0069970973,0.943796,0.62860113,0.0026797382,0.040940218,0.052405246,0.018776149,0.10873325,0.9972743,0.943796,0.0050377706,0.018843178,0.040940218,0.7277266,0.09393454,0.29924238,0.042792454,0.0128255,0.012515161,0.8581712,0.2980436,0.1673713,0.042562503,0.039222073,0.044120945,0.029373167,0.80507326,0.8581712,0.002214365,0.04349185,0.042562503,0.53038466,0.21801834,0.19574532,0.034616377,0.004521894,0.0063033905,1.1895876,1.1113361,1.0540437,0.10285408,0.24920596,0.25505346
pork,pork_portion05_day0_rep3,pork_portion05,0,3,Fresh,0,0.18799123,0.37550595,0.31462115,0.059624057,0.05948935,0.060488567,0.44349882,0.51106787,0.37550595,0.010349359,0.09743106,0.05948935,0.36842832,0.92498434,0.030916322,0.06222167,0.0036643182,0.12512334,0.79172397,0.55829525,0.0037532998,0.04374797,0.041216683,0.019137278,0.1152081,0.9953747,0.79172397,0.0035099173,0.02250631,0.04374797,0.6384061,0.06467727,0.26674366,0.0384464,0.007983329,0.011791796,0.9571269,0.59310985,0.0,0.021005996,0.027963266,0.0,0.10136194,1.0,0.9571269,0.0039412878,0.0,0.021005996,0.71156675,0.11708987,0.29690287,0.020728515,0.010854286,0.0061540557,0.8843344,0.33475867,0.20616771,0.036642637,0.04375948,0.04573195,0.029643644,0.76639926,0.8843344,0.0020692053,0.0439689,0.036642637,0.5575014,0.21284835,0.18849698,0.033658177,0.007894821,0.009300237,0.9320037,0.91716206,0.7534706,0.094916485,0.18607199,0.2113236
pork,pork_portion06_day0_rep3,pork_portion06,0,3,Fresh,0,0.20300677,0.40760985,0.34862867,0.047062702,0.043811206,0.04412004,0.44976586,0.5066926,0.40760985,0.010275945,0.06731409,0.043811206,0.40004867,0.92044324,0.012451405,0.045189403,0.003388314,0.032629743,0.7968842,0.6280602,0.16578977,0.06532871,0.06907767,0.09319488,0.1200244,0.7976094,0.7968842,0.0028819921,0.100663714,0.06532871,0.68512887,0.0347027,0.2425173,0.06365099,0.026373686,0.013730734,0.93543977,0.6898759,0.0014267617,0.03164563,0.046598792,0.008477894,0.120761015,0.99836093,0.93543977,0.0058574267,0.009124098,0.03164563,0.76209956,0.059626527,0.3071469,0.0359144,0.015862605,0.010458985,0.88694483,0.3446098,0.22339652,0.044704214,0.04692505,0.049858138,0.028626556,0.748291,0.88694483,0.0021505663,0.044560965,0.044704214,0.5628802,0.2102675,0.18211307,0.039651725,0.0042941277,0.007827666,0.95850784,0.9792506,0.74809676,0.10355033,0.22229801,0.2793108
pork,pork_portion07_day0_rep3,pork_portion07,0,3,Fresh,0,0.19906372,0.42008448,0.4013312,0.049827006,0.04496523,0.044874974,0.48315802,0.5314529,0.42008448,0.0032604297,0.07177866,0.04496523,0.41358295,0.92425084,0.99173135,0.04631335,0.0028959035,0.0023697864,0.68727463,0.47242263,0.020570006,0.046540335,0.046585675,0.033244353,0.11078528,0.9712982,0.68727463,0.0030171284,0.044516027,0.046540335,0.5520575,0.06389855,0.23548867,0.044389706,0.0044772117,0.010692363,0.933606,0.6461162,0.0021930188,0.03961795,0.047758378,0.017186891,0.11309291,0.9977205,0.933606,0.003987484,0.017608978,0.03961795,0.7349038,0.08084587,0.30029926,0.04019816,0.009421509,0.011990341,0.8720883,0.31840605,0.19312921,0.050450273,0.051684216,0.05522729,0.029135559,0.7796196,0.8720883,0.0021053553,0.052933645,0.050450273,0.5452329,0.21491082,0.18944769,0.043641202,0.0031036278,0.008319306,1.1538129,1.136951,1.0789597,0.19473161,0.15802231,0.2573646
pork,pork_portion08_day0_rep3,pork_portion08,0,3,Fresh,0,0.09708001,0.31831592,0.3084639,0.05848043,0.06495591,0.077763006,0.4894501,0.71836454,0.32142568,0.012617908,0.13366845,0.069695875,0.30810985,0.92881703,0.88540065,0.06839267,0.0042671296,0.29809445,0.7122641,0.564049,0.11263653,0.044769976,0.044732537,0.06254366,0.123404056,0.84416205,0.7122641,0.0027478281,0.07930776,0.044769976,0.6196175,0.028316105,0.23414665,0.042647906,0.0044157472,0.00847505,0.92411023,0.62959987,6.884591e-05,0.037858628,0.045381345,0.0023405154,0.11142623,0.9999233,0.92411023,0.004305466,0.0024592627,0.037858628,0.72225165,0.08513613,0.29699633,0.03813444,0.00946371,0.011717568,0.832619,0.23771267,0.12897582,0.035236966,0.040589917,0.04406928,0.023840515,0.8449798,0.832619,0.004474188,0.047558513,0.035236966,0.4966821,0.2306173,0.20022121,0.03003541,0.006502634,0.008197094,1.1541537,1.108842,0.9962496,0.1330878,0.23914394,0.28532755
pork,pork_portion09_day0_rep3,pork_portion09,0,3,Fresh,0,0.14454333,0.2915681,0.21357673,0.045253646,0.05116847,0.058178127,0.4055546,0.5127585,0.2915681,0.029286029,0.09259586,0.05116847,0.28307626,0.9336227,0.045770854,0.054743614,0.0060154614,0.12075123,0.736471,0.54620594,0.027525838,0.03623402,0.040481478,0.040665068,0.12001563,0.9632424,0.736471,0.0036124303,0.05281137,0.03623402,0.6144572,0.046963997,0.25329787,0.036216684,0.009382929,0.008096518,0.91073316,0.6849686,0.00024813227,0.029492935,0.033963207,0.0030389763,0.123289324,0.9997072,0.91073316,0.0029142988,0.0034331938,0.029492935,0.75192523,0.051459793,0.3030181,0.029117418,0.0066238292,0.009070758,0.87959635,0.31064856,0.20073266,0.038371313,0.04207734,0.043076206,0.025090694,0.77152383,0.87959635,0.001952487,0.039427232,0.038371313,0.5455807,0.22077367,0.18651934,0.034073923,0.00403181,0.0068179164,0.9690431,1.031604,0.7725752,0.14625244,0.19852744,0.29123396
pork,pork_portion10_day0_rep3,pork_portion10,0,3,Fresh,0,0.1685391,0.3658501,0.29985175,0.02936349,0.02574007,0.027291305,0.44167846,0.540513,0.3658501,0.010214917,0.052252255,0.02574007,0.35748217,0.9209719,0.016721414,0.02715407,0.0028094642,0.0058828425,0.71881336,0.5301968,0.026724437,0.041739125,0.04216463,0.04471975,0.119229816,0.9645198,0.71881336,0.0024217612,0.057271928,0.041739125,0.59874165,0.047422774,0.2479845,0.03989105,0.0038984183,0.008361783,0.8877455,0.6239883,0.0,0.038195986,0.04059954,0.0,0.115085825,1.0,0.8877455,0.0031701184,0.0,0.038195986,0.70776343,0.07249529,0.290935,0.03590742,0.0060781953,0.011454331,0.8919058,0.29661992,0.20086448,0.026715247,0.026491094,0.028055107,0.020576853,0.7735243,0.8919058,0.0017164162,0.025372563,0.026715247,0.54568213,0.23068236,0.18735345,0.022295041,0.0018023591,0.004897762,0.93529505,0.95802015,0.7355502,0.11982957,0.20018868,0.24904343
pork,pork_portion11_day0_rep1,pork_portion11,0,1,Fresh,0,0.23938116,0.45441708,0.42092055,0.05628884,0.05343222,0.054761253,0.47191983,0.47857663,0.45441708,0.003611607,0.065510504,0.05343222,0.447784,0.9228878,0.91159797,0.054097228,0.00281617,0.28210726,0.8116801,0.59517306,0.00014337212,0.048883334,0.046292942,0.001568006,0.12005474,0.99980634,0.8116801,0.0028964535,0.0019648587,0.048883334,0.66737187,0.054359153,0.2757074,0.043306448,0.0047660233,0.013896257,0.93741447,0.6591608,0.0,0.039643124,0.044252302,0.0,0.115119286,1.0,0.93741447,0.0036626558,0.0,0.039643124,0.74385667,0.07578409,0.30309305,0.038106255,0.00794839,0.011825809,0.8500724,0.30316687,0.16436791,0.048356812,0.050051637,0.05911577,0.031758774,0.80784756,0.8500724,0.0032363236,0.06085991,0.048356812,0.5289379,0.21297099,0.19554594,0.04163379,0.0057297423,0.0107401,1.0985981,1.0842149,1.0115821,0.08401742,0.22527215,0.27672496
pork,pork_portion12_day0_rep1,pork_portion12,0,1,Fresh,0,0.14106306,0.3529685,0.3105263,0.07689204,0.08805106,0.09926064,0.4609405,0.6284984,0.35365528,0.023788953,0.15724793,0.088964716,0.3424979,0.9231404,0.38377208,0.091411516,0.007000438,0.47378322,0.82775784,0.561039,1.5019936e-05,0.04769959,0.04683388,0.00039378097,0.11088963,0.9999768,0.82775784,0.0050310153,0.0005519727,0.04769959,0.6512107,0.07889736,0.27303448,0.04203489,0.011708865,0.013348577,0.93078166,0.62749845,0.0011890082,0.044799797,0.0656807,0.011303678,0.110076316,0.9987556,0.93078166,0.0072512594,0.011548207,0.044799797,0.7230927,0.08903161,0.2975192,0.051670026,0.018022647,0.015081347,0.8823738,0.36010844,0.21628799,0.051366467,0.060792904,0.063150726,0.03392272,0.7562551,0.8823738,0.0023710509,0.05983774,0.051366467,0.5676291,0.20173103,0.18717241,0.048702255,0.008115086,0.009730906,0.9057112,0.92088515,0.7808758,0.07661083,0.17159922,0.22146444
pork,pork_portion13_day0_rep1,pork_portion13,0,1,Fresh,0,0.19764946,0.42788833,0.40152648,0.06625451,0.06692209,0.07232792,0.47823018,0.54894894,0.42788967,0.009119962,0.098896146,0.06692482,0.4197339,0.92067593,0.7637282,0.06771395,0.004245506,0.41779906,0.8371187,0.6395252,0.000319515,0.04515503,0.0444067,0.0032321604,0.12515676,0.9995945,0.8371187,0.0024828725,0.0036706664,0.04515503,0.7027164,0.04278852,0.28607157,0.04097519,0.00373009,0.013091327,0.9573647,0.6795673,0.0,0.023853844,0.024815008,0.0,0.116364285,1.0,0.9573647,0.002243442,0.0,0.023853844,0.762057,0.07406947,0.30878407,0.02169408,0.004541796,0.006786519,0.8318975,0.26096937,0.073457666,0.037139934,0.035771433,0.046989866,0.0391554,0.9118983,0.8318975,0.0034148474,0.053533822,0.037139934,0.5035015,0.2217277,0.22345382,0.029109651,0.007550693,0.0073249578,1.0387114,1.020246,0.88737935,0.07082134,0.27500325,0.30973402
pork,pork_portion14_day0_rep1,pork_portion14,0,1,Fresh,0,0.17811796,0.34545758,0.2749697,0.0649729,0.062284667,0.064097725,0.42766866,0.50029707,0.34545758,0.008667579,0.10583611,0.062284667,0.33861217,0.92915803,0.022480324,0.06628541,0.0033574936,0.004706417,0.8149551,0.6000728,0.00562428,0.043596864,0.04618415,0.019672152,0.12032373,0.9932937,0.8149551,0.00361045,0.022421474,0.043596864,0.6714749,0.05332962,0.2762282,0.04155053,0.0073946575,0.012109897,0.9781461,0.6816177,0.0,0.016354168,0.021655828,0.0,0.114151545,1.0,0.9781461,0.0023502992,0.0,0.016354168,0.7693515,0.08176278,0.3118383,0.017421218,0.005414474,0.005168077,0.84254843,0.32790944,0.13964412,0.045566246,0.046495885,0.054924417,0.042567316,0.8353264,0.84254843,0.0026731326,0.058177523,0.045566246,0.53524303,0.1998832,0.20799169,0.039964087,0.004877886,0.0072387974,0.9707013,0.99365133,0.777766,0.1079646,0.21140786,0.28203425
pork,pork_portion15_day0_rep1,pork_portion15,0,1,Fresh,0,0.11620497,0.32327595,0.28589308,0.08476944,0.08703524,0.09127229,0.46767986,0.68427485,0.32328132,0.012153065,0.18210828,0.08704503,0.31197688,0.9256172,0.41535422,0.0918888,0.0057703382,0.48712155,0.8162687,0.64471364,0.1202373,0.06720567,0.06824027,0.068585746,0.12340746,0.8567883,0.8162687,0.0027034462,0.07813076,0.06720567,0.7006401,0.032595504,0.26263684,0.06356287,0.0055034673,0.011117967,0.96052545,0.744955,0.0,0.02743785,0.031231264,0.0,0.12730584,1.0,0.96052545,0.00235752,0.0,0.02743785,0.8028034,0.042737994,0.3188328,0.02676819,0.004929618,0.008438112,0.8961455,0.3564977,0.22436394,0.046324346,0.048725594,0.050426763,0.03091468,0.7498179,0.8961455,0.0022284475,0.044754457,0.046324346,0.5718574,0.20838554,0.18574478,0.041108996,0.005140416,0.008552659,0.98583436,1.0147426,0.7966679,0.117039315,0.23108333,0.31382734
pork,pork_portion16_day0_rep1,pork_portion16,0,1,Fresh,0,0.11739274,0.31658843,0.2808347,0.076329164,0.08030225,0.097903445,0.46540317,0.66480106,0.3180227,0.023876451,0.16806392,0.08269098,0.30599156,0.92799985,0.43267244,0.0855929,0.00443779,0.48350814,0.78013486,0.57637715,0.022097008,0.06401325,0.06458993,0.051167767,0.119644165,0.974112,0.78013486,0.0032410605,0.056999303,0.06401325,0.6461551,0.05056467,0.2647282,0.05985367,0.0061926874,0.015000825,0.89771146,0.7088243,0.0011128411,0.025281228,0.030579992,0.0102776885,0.12943693,0.9987983,0.89771146,0.0029278223,0.01093074,0.025281228,0.76334417,0.033944644,0.3049471,0.025851468,0.006542652,0.007864956,0.878478,0.3497523,0.18253033,0.049381357,0.049537074,0.051251132,0.037866153,0.792824,0.878478,0.002871796,0.050157104,0.049381357,0.5606298,0.20414747,0.20060416,0.04267446,0.0043799374,0.007919688,0.95593363,1.0123339,0.8016599,0.12500824,0.18712069,0.2845164
pork,pork_portion17_day0_rep1,pork_portion17,0,1,Fresh,0,0.15534021,0.35875612,0.3120075,0.058201063,0.053447977,0.054989744,0.45913482,0.5792854,0.35875612,0.012482041,0.10739877,0.053447977,0.35024512,0.9236611,0.16095018,0.056117702,0.0036891787,0.35907266,0.80686367,0.5977018,0.00077147875,0.04515475,0.047173783,0.005620745,0.121257864,0.9990619,0.80686367,0.0035833272,0.006553425,0.04515475,0.6676141,0.051012486,0.2753732,0.04291389,0.006483275,0.013406323,0.9419476,0.66984767,0.0,0.018663779,0.017810915,0.0,0.116890736,1.0,0.9419476,0.0015461122,0.0,0.018663779,0.75175244,0.07237626,0.3053536,0.01621327,0.0023935232,0.0052995994,0.8665905,0.3303949,0.19998248,0.037513077,0.040140256,0.041553948,0.03045051,0.7689033,0.8665905,0.002873798,0.03860081,0.037513077,0.5476398,0.20848592,0.18674314,0.03334722,0.0054023406,0.0059607145,0.9355914,0.9522323,0.74236476,0.091839515,0.21690321,0.2725
pork,pork_portion18_day0_rep1,pork_portion18,0,1,Fresh,0,0.18711191,0.36120048,0.2970648,0.05028098,0.04908281,0.048322935,0.4363528,0.48925495,0.36120048,0.010082721,0.07694405,0.04908281,0.35505733,0.92831135,0.017835272,0.05143676,0.0030296766,0.005176081,0.7303543,0.47733435,0.0013614249,0.03828197,0.038396128,0.0075072907,0.10678029,0.99817985,0.7303543,0.0034257453,0.009553729,0.03828197,0.569056,0.08023262,0.24619319,0.03603066,0.004354121,0.011005507,0.94525826,0.7293304,0.0,0.022929354,0.02176973,0.0,0.12646158,1.0,0.94525826,0.0018848683,0.0,0.022929354,0.78902376,0.044084307,0.31440175,0.01957333,0.0036133758,0.006397357,0.88362503,0.32151702,0.16880555,0.043007787,0.04744793,0.054165285,0.033574913,0.80949664,0.88362503,0.0023472202,0.054602906,0.043007787,0.5511581,0.21728721,0.20375079,0.037774414,0.0066336733,0.009386623,0.90398026,1.0286573,0.76064146,0.23312,0.14458787,0.3143612
pork,pork_portion19_day0_rep1,pork_portion19,0,1,Fresh,0,0.16743998,0.39231,0.36646748,0.04498727,0.04065753,0.040410113,0.47916642,0.57877535,0.39231,0.0030735608,0.07314893,0.04065753,0.38412693,0.9221741,0.9953803,0.0418588,0.0018046148,0.0023128898,0.7599282,0.5596459,0.03222587,0.054741677,0.06157202,0.06869597,0.118752256,0.9611377,0.7599282,0.0029877925,0.0805324,0.054741677,0.6298132,0.050598755,0.25667328,0.055357456,0.008598097,0.01205758,0.8946921,0.68782896,0.0,0.030440962,0.027615335,0.0,0.12579378,1.0,0.8946921,0.0012875646,0.0,0.030440962,0.749355,0.04317981,0.3013635,0.025714977,0.0024050463,0.008517497,0.86939365,0.31950518,0.19008218,0.03900644,0.0390607,0.04350568,0.029936504,0.7810972,0.86939365,0.002050197,0.042532064,0.03900644,0.54430014,0.21362063,0.19056892,0.033249598,0.0040983115,0.0073738233,1.1686288,1.1779991,1.0841701,0.1278378,0.19559754,0.28874385
pork,pork_portion20_day0_rep1,pork_portion20,0,1,Fresh,0,0.104928,0.3243442,0.29249862,0.06470069,0.058544457,0.05886733,0.47365865,0.6999777,0.32435644,0.00821906,0.15085427,0.05856597,0.31344157,0.9240547,0.5448878,0.062024627,0.00427169,0.49495804,0.74281645,0.6086591,0.11255701,0.02954859,0.030451389,0.057223957,0.12927687,0.84877247,0.74281645,0.0016961261,0.074081406,0.02954859,0.65757704,0.018867798,0.24745092,0.028297992,0.004232968,0.0076320902,0.9483268,0.62285805,0.0,0.015539421,0.025983362,0.0,0.10750577,1.0,0.9483268,0.003710567,0.0,0.015539421,0.72579676,0.09852136,0.2995944,0.018841496,0.009356469,0.0055123284,0.9010644,0.38253632,0.21752831,0.04959521,0.054999337,0.057215363,0.03824575,0.75963265,0.9010644,0.0020909053,0.05426678,0.04959521,0.58519894,0.19874544,0.19438791,0.04550814,0.0056118085,0.0073075555,1.0130455,0.95483553,0.8501622,0.117122,0.20102297,0.20219055
pork,pork_portion11_day0_rep2,pork_portion11,0,2,Fresh,0,0.23812075,0.4513003,0.4195025,0.057117384,0.05524316,0.05632057,0.47314435,0.47789672,0.4513003,0.0041580917,0.06566221,0.05524316,0.44486073,0.9236791,0.94686127,0.05588751,0.0035018732,0.22071525,0.82017636,0.6031937,3.9215687e-05,0.04821367,0.04645407,0.00072202337,0.120501556,0.99994385,0.82017636,0.0029368338,0.0009455009,0.04821367,0.6748962,0.05394568,0.27812693,0.043195948,0.0048352685,0.013881405,0.94029486,0.6619822,6.963789e-05,0.039381012,0.044917826,0.0017775632,0.11529042,0.99992764,0.94029486,0.003784487,0.0018073658,0.039381012,0.7464165,0.075624436,0.30386445,0.03839808,0.008409329,0.011866169,0.851407,0.3050246,0.16269785,0.04883069,0.05062107,0.061619453,0.032447126,0.81027085,0.851407,0.0037951767,0.06397743,0.04883069,0.53023976,0.21268141,0.19669898,0.042239215,0.0055775726,0.011896274,1.1209631,1.1061543,1.0370877,0.07904142,0.22968027,0.27749133
pork,pork_portion12_day0_rep2,pork_portion12,0,2,Fresh,0,0.14068897,0.3467365,0.30105123,0.07735474,0.08610866,0.09856588,0.45693144,0.62285703,0.3475761,0.026654612,0.16120186,0.08718608,0.3364791,0.9240639,0.325367,0.08980789,0.0062892977,0.45392582,0.8334959,0.56618875,0.000115974864,0.047320474,0.046624187,0.0023468249,0.11115941,0.9998627,0.8334959,0.004776235,0.0025487968,0.047320474,0.656155,0.07868795,0.27456427,0.04185216,0.011207224,0.013283651,0.9317714,0.6255917,0.0004206014,0.04354329,0.06476109,0.0051580905,0.10963668,0.9995523,0.9317714,0.007318291,0.0052933986,0.04354329,0.7222785,0.09041078,0.2974761,0.050635103,0.018149538,0.014889536,0.8849334,0.3625815,0.21831085,0.05125499,0.058676634,0.063448176,0.034074135,0.75470275,0.8849334,0.0023772195,0.059584677,0.05125499,0.5697705,0.2016415,0.18708709,0.047972005,0.0066684918,0.010199042,0.90522605,0.9190194,0.7716478,0.07095557,0.17387383,0.21867028
pork,pork_portion13_day0_rep2,pork_portion13,0,2,Fresh,0,0.19955178,0.43009615,0.40362296,0.06798993,0.06769152,0.07228517,0.4782276,0.5470922,0.4301066,0.00896467,0.10248342,0.067696296,0.42193317,0.92057407,0.83785015,0.06839092,0.0047954894,0.36056107,0.8403594,0.6427687,0.0010488075,0.046122234,0.045986332,0.008124618,0.12533352,0.99878937,0.8403594,0.0026450022,0.008892005,0.046122234,0.7056636,0.04253277,0.28697625,0.042193905,0.0040827375,0.013376977,0.9570218,0.68131655,0.0,0.023333142,0.023351718,0.0,0.116900004,1.0,0.9570218,0.0020024476,0.0,0.023333142,0.7630875,0.07312713,0.30894327,0.020741338,0.0037960757,0.0064948667,0.8267097,0.25976896,0.075004585,0.042197127,0.035898075,0.046256635,0.039017208,0.90946794,0.8267097,0.0031539372,0.05236771,0.042197127,0.50061023,0.22049071,0.22177798,0.031096214,0.009315553,0.007606813,1.0746727,1.0556017,0.9358695,0.06867363,0.27922526,0.31338176
pork,pork_portion14_day0_rep2,pork_portion14,0,2,Fresh,0,0.18102215,0.3488845,0.27394038,0.06747741,0.066490486,0.06843136,0.4231444,0.4971637,0.3488845,0.012175679,0.10408568,0.066490486,0.34181863,0.92815393,0.024898862,0.070176475,0.004148735,0.0063829483,0.8168522,0.60177284,0.0050943973,0.04254138,0.044742532,0.019017875,0.1204827,0.9939419,0.8168522,0.0033292954,0.021647401,0.04254138,0.67312086,0.05325659,0.27686146,0.040364314,0.0065633147,0.011859479,0.9730987,0.6790616,0.0,0.019843629,0.025347225,0.0,0.1142956,1.0,0.9730987,0.0027403452,0.0,0.019843629,0.76638454,0.080855384,0.31078148,0.020591121,0.0064085284,0.0061717685,0.8423383,0.32847154,0.13513915,0.043367438,0.04582757,0.05544721,0.043530244,0.8405626,0.8423383,0.00263234,0.05933322,0.043367438,0.5353192,0.19947816,0.20985828,0.038664255,0.005737305,0.0078112665,0.96886104,0.989899,0.77628654,0.10300668,0.21180055,0.27865398
pork,pork_portion15_day0_rep2,pork_portion15,0,2,Fresh,0,0.11729823,0.3242437,0.28743026,0.083334446,0.08578237,0.08799523,0.46817306,0.68031526,0.32424644,0.011947678,0.17984346,0.08578281,0.3131195,0.92575186,0.43270195,0.09037791,0.00593299,0.49019158,0.8154981,0.6437952,0.111226596,0.067480214,0.069307834,0.06904596,0.124002725,0.8675256,0.8154981,0.0028958688,0.078628615,0.067480214,0.69974214,0.032616094,0.26448947,0.06425016,0.0060476083,0.011683601,0.9677064,0.7549285,2.7308974e-06,0.023369294,0.026751334,0.00010344957,0.12792856,0.99999726,0.9677064,0.002267062,0.00010344936,0.023369294,0.81092924,0.04081957,0.32126808,0.022743672,0.004829765,0.007192862,0.8907779,0.35091603,0.2167179,0.047484715,0.04819882,0.052544583,0.031164994,0.75709265,0.8907779,0.0022750853,0.04751906,0.047484715,0.56704897,0.20882371,0.18727748,0.041408136,0.0043693627,0.00912522,0.9876558,1.0214388,0.79918665,0.12511466,0.23370558,0.3250484
pork,pork_portion16_day0_rep2,pork_portion16,0,2,Fresh,0,0.11604957,0.31470922,0.27577165,0.07459201,0.08050133,0.097017385,0.46220934,0.6653275,0.3157021,0.024599878,0.1672456,0.08211545,0.30385175,0.92746824,0.38389575,0.08564368,0.004782064,0.47347003,0.78948635,0.58241415,0.022323685,0.06643683,0.067795664,0.053294685,0.119520515,0.9744176,0.78948635,0.0035765127,0.058286406,0.06643683,0.6527035,0.05158187,0.26687416,0.06249343,0.0066898563,0.015615218,0.89984363,0.7091965,0.0012126273,0.026118971,0.027818626,0.01063443,0.12932126,0.9986858,0.89984363,0.0022098012,0.0112005975,0.026118971,0.76416916,0.034644276,0.3053325,0.02436944,0.004998593,0.007535018,0.876496,0.34684053,0.17756584,0.0520525,0.05080072,0.051071342,0.03827988,0.79824305,0.876496,0.0027551244,0.049719226,0.0520525,0.5584326,0.20455344,0.20198402,0.044325728,0.0037481748,0.007653771,0.95003605,1.0075707,0.787724,0.11912394,0.1910446,0.2861426
pork,pork_portion17_day0_rep2,pork_portion17,0,2,Fresh,0,0.15724586,0.36518025,0.32254764,0.060130306,0.054036375,0.05540592,0.4633724,0.58265346,0.36518025,0.010303218,0.11151571,0.054036375,0.35677513,0.9233141,0.38369942,0.05683339,0.0029468404,0.48173732,0.8113363,0.60315615,0.0012179813,0.047417875,0.04880803,0.00755625,0.12166926,0.99851567,0.8113363,0.0035946765,0.008886558,0.047417875,0.6723041,0.05014817,0.27674934,0.044576496,0.006513795,0.013933339,0.939629,0.6693751,0.0,0.018915819,0.018113798,0.0,0.11696778,1.0,0.939629,0.001525212,0.0,0.018915819,0.75073534,0.07158629,0.30492425,0.016393293,0.00282936,0.005332964,0.8682207,0.33320516,0.19875638,0.041305847,0.044679433,0.04597291,0.031239735,0.77115786,0.8682207,0.0031129455,0.04292148,0.041305847,0.5495748,0.20777635,0.1881671,0.036800012,0.007046186,0.0067115584,0.93456703,0.94172734,0.7664195,0.086051606,0.21853133,0.26952836
pork,pork_portion18_day0_rep2,pork_portion18,0,2,Fresh,0,0.18355453,0.36075315,0.2938936,0.049007505,0.048702683,0.05018673,0.43483022,0.49831983,0.36075315,0.010721523,0.075471856,0.048702683,0.35404372,0.9267523,0.019108381,0.05110741,0.0031013084,0.0060812295,0.7304226,0.4790746,0.0018447216,0.038392194,0.039125968,0.010659336,0.10713013,0.9975971,0.7304226,0.00357673,0.01317931,0.038392194,0.57010627,0.07932884,0.24638237,0.03648426,0.0051986733,0.0109433755,0.9395531,0.7255053,0.0,0.022761324,0.023086034,0.0,0.12674591,1.0,0.9395531,0.0022664357,0.0,0.022761324,0.7851467,0.04352722,0.31314763,0.020188386,0.0046669627,0.006538592,0.8786981,0.31905738,0.16418162,0.04495689,0.047493678,0.05431652,0.0342132,0.8137374,0.8786981,0.002409865,0.055166136,0.04495689,0.5479247,0.21648856,0.20439856,0.038624547,0.0064827707,0.009122639,0.90358347,1.0258633,0.7592081,0.22799507,0.1451463,0.3130755
pork,pork_portion19_day0_rep2,pork_portion19,0,2,Fresh,0,0.16378383,0.38946813,0.3682508,0.04422868,0.040285565,0.0384495,0.48227698,0.5850119,0.38950187,0.0059842863,0.07334995,0.040259533,0.38151705,0.9230227,0.9923413,0.041417427,0.0030248764,0.018962702,0.7504983,0.547407,0.021732409,0.053473026,0.057397746,0.05050349,0.11815841,0.9732671,0.7504983,0.0037171484,0.060312957,0.053473026,0.619177,0.05254217,0.25595114,0.05225987,0.008906028,0.012315034,0.8976243,0.69407517,0.0,0.025763199,0.023201836,0.0,0.12661548,1.0,0.8976243,0.0018067326,0.0,0.025763199,0.754026,0.04126495,0.30286965,0.02160503,0.0025207072,0.007208872,0.864059,0.32175457,0.18363643,0.037238706,0.037067283,0.0418422,0.031893782,0.7870419,0.864059,0.002147444,0.0418026,0.037238706,0.54272765,0.21083915,0.19261572,0.031712964,0.0044438844,0.008359956,1.164684,1.1796739,1.0829382,0.14322282,0.18685238,0.29250354
pork,pork_portion20_day0_rep2,pork_portion20,0,2,Fresh,0,0.110930465,0.32265636,0.29074138,0.06318266,0.056034673,0.057462562,0.4726543,0.6780881,0.3226967,0.009813319,0.14850734,0.056126986,0.31242824,0.92579275,0.43423775,0.059718598,0.0040999795,0.4920361,0.7426381,0.60246086,0.09534813,0.03007924,0.031279936,0.062058832,0.12864676,0.87162054,0.7426381,0.0019843606,0.08112158,0.03007924,0.65331876,0.021560425,0.25000778,0.02873766,0.005692112,0.009648237,0.9507973,0.6244831,0.0,0.01523244,0.023828303,0.0,0.107420176,1.0,0.9507973,0.0030757575,0.0,0.01523244,0.72741324,0.098795034,0.30013403,0.01776369,0.007913157,0.005303237,0.8919861,0.37037286,0.20583798,0.054906987,0.061271977,0.063704535,0.03822943,0.7710691,0.8919861,0.0023010205,0.06096007,0.054906987,0.575869,0.20042293,0.19580911,0.05056538,0.0063123135,0.007925371,0.9837597,0.9349447,0.8077194,0.11818552,0.20230609,0.2101846
pork,pork_portion11_day0_rep3,pork_portion11,0,3,Fresh,0,0.23639673,0.44803086,0.4146592,0.05600061,0.05429073,0.055471543,0.4716332,0.47769412,0.44803086,0.0041416045,0.065144934,0.05429073,0.44174844,0.9237944,0.9077833,0.055008497,0.0031281742,0.28752142,0.81989306,0.6038434,6.619799e-05,0.04715546,0.04614564,0.0010618343,0.12068823,0.9999075,0.81989306,0.0029200043,0.0013214702,0.04715546,0.6751802,0.053492554,0.27820763,0.042740695,0.004783848,0.0136142075,0.9390011,0.6598297,0.0010865537,0.038573574,0.044770785,0.01143573,0.11501619,0.9988488,0.9390011,0.0037697759,0.01177805,0.038573574,0.74473995,0.07618858,0.3032085,0.03805673,0.00844812,0.011694736,0.855089,0.3093155,0.17404965,0.04728196,0.052072555,0.05983374,0.031059502,0.7976552,0.855089,0.003091429,0.060772482,0.04728196,0.53382194,0.212442,0.19316058,0.042225976,0.005770096,0.010916349,1.0992185,1.0843202,1.0125145,0.07732213,0.22908531,0.2741568
pork,pork_portion12_day0_rep3,pork_portion12,0,3,Fresh,0,0.13709383,0.35883656,0.32215878,0.080465525,0.09433849,0.10778132,0.46725705,0.65034014,0.35947564,0.022487001,0.16060549,0.095068924,0.34779644,0.9218641,0.47033373,0.097705886,0.006400926,0.48757848,0.8249285,0.5654373,0.00035993775,0.05003412,0.04703735,0.0043055317,0.11219588,0.9995824,0.8249285,0.0057187094,0.0046413983,0.05003412,0.65305,0.07540263,0.2732067,0.0421804,0.014351083,0.013393794,0.9308918,0.62695575,0.0012154086,0.044688243,0.06439364,0.0119497245,0.10999979,0.9987316,0.9308918,0.006969055,0.012284694,0.044688243,0.7227977,0.08938419,0.297393,0.050996017,0.01706319,0.014999322,0.8819551,0.3641215,0.2218457,0.050806012,0.057858095,0.05924692,0.034010176,0.74954057,0.8819551,0.0021566567,0.05521388,0.050806012,0.5692095,0.2000445,0.18504812,0.047124114,0.0073731896,0.008677119,0.92116004,0.9292778,0.8071153,0.075134546,0.17417452,0.22012815
pork,pork_portion13_day0_rep3,pork_portion13,0,3,Fresh,0,0.19877428,0.43053612,0.40132886,0.0688913,0.067951456,0.073674545,0.4765636,0.5503651,0.43058974,0.008756012,0.10326622,0.068107024,0.4220852,0.91968226,0.74599826,0.0690209,0.004013941,0.42961025,0.83924353,0.63902146,0.0009773596,0.045458313,0.044535913,0.0062063583,0.124714665,0.99881124,0.83924353,0.0024041983,0.00699702,0.045458313,0.7029812,0.04397789,0.28620625,0.041161593,0.0037217885,0.013021723,0.9522586,0.67423886,0.0,0.02422388,0.025043618,0.0,0.11609093,1.0,0.9522586,0.0023088,0.0,0.02422388,0.75737464,0.0745717,0.3073016,0.022015728,0.0041980697,0.006897451,0.8333914,0.26312566,0.07971922,0.03850795,0.03676036,0.04825122,0.038526338,0.90467846,0.8333914,0.0032035115,0.05421573,0.03850795,0.50501853,0.22142161,0.22184193,0.030670475,0.0062627094,0.007012275,1.0281874,1.0094978,0.8770324,0.065875985,0.27352926,0.30422336
pork,pork_portion14_day0_rep3,pork_portion14,0,3,Fresh,0,0.18473594,0.3526918,0.27770603,0.062672496,0.061486594,0.06338895,0.42337072,0.4898329,0.3526918,0.010537474,0.095654376,0.061486594,0.3459655,0.9281511,0.024882568,0.06504219,0.0034016222,0.005813746,0.81560904,0.5967539,0.006113544,0.043927968,0.045391914,0.02203301,0.11954385,0.99283355,0.81560904,0.003083502,0.024746967,0.043927968,0.6696328,0.055296205,0.2757032,0.041306373,0.0058064936,0.011970219,0.97792697,0.68455493,0.0,0.016774561,0.020716105,0.0,0.11455189,1.0,0.97792697,0.0021387364,0.0,0.016774561,0.77106476,0.080193646,0.3121695,0.017041398,0.00472664,0.0051352265,0.841738,0.32691988,0.13309108,0.043990407,0.04579216,0.057237204,0.04349854,0.84289485,0.841738,0.0027109936,0.061535675,0.043990407,0.53435224,0.1999032,0.21021509,0.038961224,0.0050529647,0.009132247,0.9641302,0.99109787,0.7747146,0.11062602,0.20856823,0.28417933
pork,pork_portion15_day0_rep3,pork_portion15,0,3,Fresh,0,0.11592339,0.32002357,0.2817162,0.08296297,0.08713431,0.0875628,0.4665942,0.680748,0.3200372,0.011472036,0.1781319,0.08712903,0.30872267,0.92613304,0.31457072,0.091716446,0.0064562233,0.45905823,0.8234251,0.65213156,0.124903366,0.063013375,0.06407304,0.069905974,0.12374192,0.85199094,0.8234251,0.0027355743,0.07923201,0.063013375,0.70744437,0.032058995,0.26375398,0.05948182,0.0055076242,0.009829114,0.9688968,0.7543341,0.0,0.022848641,0.026308209,0.0,0.12766357,1.0,0.9688968,0.0021852178,0.0,0.022848641,0.81088555,0.04155007,0.3212926,0.02234503,0.004602447,0.0070623485,0.893151,0.35382128,0.21891795,0.04644415,0.048779834,0.05078986,0.031308822,0.7551033,0.893151,0.0022995134,0.045769293,0.04644415,0.56932336,0.20842019,0.18724854,0.041137863,0.0048884507,0.0087765595,0.98027027,1.0172019,0.774103,0.118747,0.23671453,0.32274717
pork,pork_portion16_day0_rep3,pork_portion16,0,3,Fresh,0,0.11286536,0.31266057,0.27929813,0.074021466,0.07972644,0.09499427,0.46759874,0.67374074,0.31406578,0.022244174,0.16656807,0.08193041,0.3019219,0.92842615,0.44387552,0.08471135,0.0048651267,0.48687598,0.7851479,0.5798404,0.019550463,0.06314295,0.06403469,0.051236965,0.1198256,0.9775229,0.7851479,0.0032849242,0.05613682,0.06314295,0.6498295,0.05094013,0.26636288,0.05916344,0.006000722,0.014964921,0.89702547,0.70506454,0.000805615,0.026722709,0.03517941,0.007581098,0.12887943,0.9991192,0.89702547,0.0035122423,0.008030717,0.026722709,0.7608317,0.035585888,0.30434522,0.029096669,0.008128686,0.008798525,0.8828182,0.35169658,0.18524544,0.04980516,0.049942605,0.05154103,0.03762179,0.79078037,0.8828182,0.0028344963,0.049531356,0.04980516,0.56336266,0.20487297,0.20064478,0.043020662,0.004251828,0.007927875,0.96048534,1.0135238,0.80687153,0.11832118,0.18838978,0.28001058
pork,pork_portion17_day0_rep3,pork_portion17,0,3,Fresh,0,0.157629,0.3595703,0.3137852,0.05871477,0.053869758,0.05631815,0.4598077,0.57437223,0.3595703,0.012707934,0.10763667,0.053869758,0.351328,0.9242676,0.17251478,0.056726586,0.003509253,0.36993024,0.811545,0.60272384,0.0017969309,0.048306525,0.049583,0.010072098,0.121529944,0.9978727,0.811545,0.0034452504,0.01149753,0.048306525,0.6721177,0.05051001,0.2766538,0.045479804,0.0058131428,0.014070294,0.94561213,0.6731501,0.0,0.01788232,0.01618363,0.0,0.11711033,1.0,0.94561213,0.001350507,0.0,0.01788232,0.75476855,0.07233677,0.30635747,0.014941251,0.0027381107,0.0049400637,0.86888415,0.32813603,0.20031857,0.039547544,0.042125106,0.044094976,0.029786313,0.76930434,0.86888415,0.001997434,0.041576575,0.039547544,0.5478092,0.2100716,0.18680723,0.034849957,0.0060693948,0.0069202674,0.9365913,0.9520842,0.74086773,0.09049793,0.22132535,0.2758538
pork,pork_portion18_day0_rep3,pork_portion18,0,3,Fresh,0,0.1847298,0.35798493,0.29034802,0.04961604,0.05065388,0.053007264,0.43232322,0.49067122,0.35798493,0.011876834,0.07561695,0.05065388,0.35160333,0.92772055,0.024381625,0.052994207,0.00424262,0.06665019,0.7333273,0.48328513,0.0020196077,0.03884801,0.039974734,0.010299015,0.107584044,0.99735546,0.7333273,0.0036486294,0.012943307,0.03884801,0.5736679,0.07842123,0.24737766,0.037146907,0.005560255,0.011137179,0.9418359,0.7258498,0.0,0.022385726,0.021905925,0.0,0.12636158,1.0,0.9418359,0.0017391061,0.0,0.022385726,0.78590065,0.044345107,0.3134315,0.019638775,0.0034184034,0.0063433717,0.8805122,0.32344893,0.17291184,0.042468723,0.0465299,0.052684005,0.033405066,0.80387175,0.8805122,0.0025461582,0.053179286,0.042468723,0.5506278,0.2154772,0.20152779,0.037268165,0.0065448126,0.009690618,0.9057313,1.0259222,0.7604486,0.22487116,0.14634682,0.3117081
pork,pork_portion19_day0_rep3,pork_portion19,0,3,Fresh,0,0.1720659,0.3931799,0.3698126,0.044018555,0.040136244,0.039294105,0.47979665,0.567333,0.3931799,0.003898982,0.07218861,0.040136244,0.38578516,0.9235156,0.9945216,0.04146589,0.0028659566,0.002792162,0.7606785,0.56005925,0.030284196,0.053716965,0.061536487,0.06496415,0.11888462,0.9633941,0.7606785,0.003775633,0.07611494,0.053716965,0.63029504,0.050617926,0.25745448,0.05491191,0.01005963,0.011968427,0.9031626,0.6964552,0.0,0.022111656,0.021031652,0.0,0.12610537,1.0,0.9031626,0.0014268036,0.0,0.022111656,0.7571597,0.042555027,0.30394512,0.019133963,0.0021741993,0.006421933,0.8742022,0.32133657,0.18189804,0.036079884,0.03829945,0.043539822,0.031657558,0.79157835,0.8742022,0.0022047304,0.043384057,0.036079884,0.5469931,0.2144751,0.19574688,0.031553768,0.0043706885,0.00795545,1.1683335,1.1793671,1.0801702,0.13535522,0.19389743,0.29228988
pork,pork_portion20_day0_rep3,pork_portion20,0,3,Fresh,0,0.108479165,0.3255604,0.29536858,0.06510078,0.0576744,0.058746066,0.47475448,0.68976414,0.32560354,0.008827289,0.15111557,0.05774778,0.3151101,0.92503613,0.5474442,0.0612414,0.0039137085,0.49446654,0.74423856,0.6053904,0.10503756,0.029349772,0.031094762,0.05813713,0.12849633,0.859008,0.74423856,0.0019781468,0.07513813,0.029349772,0.655789,0.020977363,0.24886951,0.028547594,0.004921222,0.007950384,0.9542741,0.63592076,0.0,0.014434609,0.017047381,0.0,0.109101534,1.0,0.9542741,0.0020800598,0.0,0.014434609,0.7350765,0.09457563,0.30220902,0.013906719,0.0047460985,0.0043866495,0.895567,0.37573957,0.21120629,0.051105298,0.058127433,0.060522467,0.03790166,0.7654666,0.895567,0.002175394,0.057676528,0.051105298,0.5797976,0.19955589,0.19503376,0.047543824,0.0064879092,0.00801447,1.0112029,0.96238077,0.8488664,0.12061638,0.20140326,0.21591415
pork,pork_portion21_day0_rep1,pork_portion21,0,1,Fresh,0,0.22205842,0.40223095,0.31365246,0.05992485,0.06076299,0.066708766,0.4148356,0.45560482,0.40223095,0.016185932,0.079339355,0.06076299,0.3955029,0.922454,0.031381335,0.06263494,0.004544897,0.031789992,0.78742033,0.5752615,0.017327193,0.05757706,0.059987314,0.04572897,0.11869176,0.97928077,0.78742033,0.004586317,0.05268381,0.05757706,0.6477298,0.054254673,0.26638618,0.054308955,0.01106731,0.01481666,0.92992115,0.675008,0.009954953,0.0358203,0.042775024,0.04100394,0.11838383,0.9894923,0.92992115,0.0033949655,0.042569026,0.0358203,0.75125355,0.0647496,0.30266652,0.03609283,0.008560415,0.011451272,0.89292383,0.28182632,0.18733698,0.030995142,0.03230405,0.03429378,0.020303965,0.7892947,0.89292383,0.0015854855,0.032129362,0.030995142,0.5406775,0.23601897,0.1925174,0.026009193,0.0022642424,0.006387245,0.9341391,0.96737325,0.71988446,0.110197864,0.22350629,0.29293054
pork,pork_portion22_day0_rep1,pork_portion22,0,1,Fresh,0,0.17504203,0.3757315,0.36188114,0.049038075,0.047170486,0.050352216,0.48615903,0.5413272,0.37614587,0.008059984,0.07882682,0.047502805,0.37047014,0.93116194,0.98901516,0.049154025,0.0033077265,0.031901326,0.75474447,0.5263261,0.015992314,0.036651902,0.03949184,0.035308402,0.11321729,0.9796511,0.75474447,0.0031666304,0.04329433,0.036651902,0.6072627,0.06529169,0.25454283,0.035662748,0.0073731616,0.008035445,0.932287,0.6842236,0.00088026695,0.03275865,0.04458884,0.006750038,0.120345235,0.99901164,0.932287,0.004935905,0.0072271903,0.03275865,0.75760925,0.061054777,0.30590847,0.03577856,0.012325623,0.010639633,0.9083033,0.39972955,0.24454778,0.043666296,0.046359517,0.048257604,0.036491007,0.7306258,0.9083033,0.001885803,0.04197447,0.043666296,0.59631366,0.19460401,0.18603282,0.03939648,0.0061767516,0.0075815893,1.1598498,1.172006,1.1127908,0.15893544,0.14674869,0.24129201
pork,pork_portion23_day0_rep1,pork_portion23,0,1,Fresh,0,0.1445753,0.34112263,0.30797896,0.049619384,0.043412153,0.044067007,0.47023776,0.58566934,0.34112263,0.0022986731,0.09845752,0.043412153,0.33346117,0.9284459,0.38780528,0.046190675,0.003253174,0.48704925,0.81623405,0.6308706,0.06930802,0.061778285,0.06363845,0.060097888,0.12324202,0.9173462,0.81623405,0.0031816775,0.06928728,0.061778285,0.6914545,0.038776882,0.2711679,0.058642343,0.0073150536,0.013277857,0.93172604,0.579835,2.7308974e-06,0.02357941,0.023115022,0.00014632614,0.10162169,0.99999595,0.93172604,0.0022250435,0.00021948905,0.02357941,0.6956594,0.11316658,0.29124108,0.020546412,0.004925538,0.0065445993,0.8568685,0.30344445,0.14290357,0.03982099,0.041151725,0.048182722,0.03547256,0.8334627,0.8568685,0.0029206376,0.0502722,0.03982099,0.531648,0.21484977,0.20693955,0.033722155,0.0069565526,0.007663547,0.96606135,0.8973252,0.7623712,0.07716502,0.24630281,0.21058482
pork,pork_portion24_day0_rep1,pork_portion24,0,1,Fresh,0,0.19047838,0.3713633,0.3039177,0.06355361,0.062773675,0.06421553,0.43545356,0.5006514,0.3713633,0.010755648,0.10157788,0.062773675,0.36444125,0.92567015,0.018933717,0.06579383,0.0033708306,0.0061570513,0.81312937,0.62600917,0.0600887,0.043667898,0.043598205,0.06819034,0.12320121,0.9279883,0.81312937,0.0024311475,0.078561984,0.043667898,0.6877395,0.03988425,0.27074012,0.040268946,0.0045039924,0.008654633,0.8973993,0.6659259,0.0,0.035348363,0.02488953,0.0,0.121782266,1.0,0.8973993,0.0028990356,0.0,0.035348363,0.7363676,0.05533543,0.29838187,0.024633536,0.007818731,0.008364584,0.8784451,0.3416284,0.22330588,0.04097192,0.044520892,0.047480956,0.028114213,0.7456898,0.8784451,0.0017436126,0.046049144,0.04097192,0.558093,0.2084732,0.17966318,0.036060262,0.0074590063,0.009262221,0.97598404,0.9868653,0.76007,0.058030132,0.2313557,0.26330045
pork,pork_portion25_day0_rep1,pork_portion25,0,1,Fresh,0,0.19227485,0.41138026,0.35817063,0.058581844,0.05152654,0.043739527,0.45661014,0.54345304,0.41256255,0.020429743,0.105757356,0.049589377,0.40279648,0.9184363,0.10285005,0.05285273,0.0059181373,0.28618884,0.81366277,0.5990797,0.0047503244,0.036411628,0.035157017,0.016370654,0.12049024,0.9941796,0.81366277,0.0021294674,0.019153615,0.036411628,0.67047817,0.053234577,0.27609184,0.03267107,0.0039275326,0.009824758,0.9401924,0.6742395,5.392326e-06,0.033570964,0.035750177,0.00022986271,0.117491834,0.99999195,0.9401924,0.0028407427,0.00032506068,0.033570964,0.75374806,0.06933369,0.3056523,0.03117487,0.0059597464,0.009830549,0.8692685,0.3250646,0.16478501,0.037268147,0.037540793,0.041832216,0.036107488,0.81007653,0.8692685,0.0025139942,0.0424436,0.037268147,0.54603744,0.21086076,0.20316668,0.030818187,0.0082041705,0.007092816,0.92208475,0.94088846,0.7288652,0.089815795,0.21365765,0.2714349
pork,pork_portion26_day0_rep1,pork_portion26,0,1,Fresh,0,0.18277347,0.37706032,0.32402387,0.043821793,0.03765565,0.03427392,0.4518178,0.5201941,0.37706032,0.016129773,0.07634618,0.03765565,0.3702355,0.92458075,0.18097685,0.039431088,0.0031224578,0.37184405,0.78236246,0.6005824,0.013845047,0.04385379,0.04335458,0.031986445,0.12523824,0.98306,0.78236246,0.0023853658,0.037683096,0.04385379,0.6625492,0.038889796,0.27071896,0.04024158,0.004629882,0.010578239,0.93121976,0.69527507,0.0,0.037810493,0.03839087,0.0,0.12246712,1.0,0.93121976,0.0028738596,0.0,0.037810493,0.76402473,0.055024415,0.30737567,0.034115095,0.006200976,0.010889319,0.8665359,0.27396005,0.12921289,0.03695168,0.04085635,0.046098124,0.03067171,0.85087854,0.8665359,0.0032752852,0.048812784,0.03695168,0.52503127,0.22900435,0.21171716,0.031209625,0.0059596254,0.007487353,0.93698955,0.96289915,0.7132554,0.10909319,0.24194202,0.31070474
pork,pork_portion27_day0_rep1,pork_portion27,0,1,Fresh,0,0.14888763,0.35680503,0.34148905,0.050541863,0.04886768,0.049456526,0.48552507,0.5925557,0.35682458,0.007161925,0.095706284,0.048859473,0.3498639,0.929295,0.9851293,0.051161945,0.0034918871,0.07453792,0.7568456,0.5922821,0.088603,0.05842611,0.058728036,0.07134995,0.12349737,0.88618344,0.7568456,0.0034801972,0.08787907,0.05842611,0.6502048,0.033012766,0.25123972,0.055008344,0.007407018,0.013485826,0.948422,0.6428114,0.00013202615,0.0327488,0.03940124,0.002502312,0.110927336,0.99986017,0.948422,0.0041558174,0.0025384487,0.0327488,0.7375277,0.088672325,0.30227652,0.032327116,0.010649675,0.009820366,0.9085112,0.33279833,0.18605173,0.030296395,0.03088037,0.033582643,0.03183458,0.79418534,0.9085112,0.001498127,0.031097846,0.030296395,0.56674004,0.2216344,0.203466,0.0255392,0.005021879,0.0057516024,1.1967124,1.150312,1.0764834,0.115447134,0.21172345,0.23793039
pork,pork_portion28_day0_rep1,pork_portion28,0,1,Fresh,0,0.18608057,0.37295562,0.3061146,0.046578314,0.04195126,0.03877609,0.43715152,0.50672895,0.37295562,0.02166773,0.07880422,0.04195126,0.3659573,0.92431355,0.072488666,0.04380166,0.0034369896,0.22255278,0.7348128,0.5411748,0.01789176,0.052572332,0.056853686,0.039890926,0.11951633,0.977346,0.7348128,0.0038382816,0.048959624,0.052572332,0.6104194,0.048825677,0.25371787,0.05202753,0.008224699,0.012982208,0.93118185,0.63801163,0.00016549496,0.03197169,0.037624918,0.0025594996,0.112119935,0.99981457,0.93118185,0.0037925043,0.002771405,0.03197169,0.7293552,0.08382145,0.29917198,0.03144772,0.009060735,0.009665573,0.8493837,0.27584597,0.12113378,0.038421076,0.03898018,0.048679527,0.03319881,0.85768425,0.8493837,0.0026910661,0.05270095,0.038421076,0.51742685,0.22278345,0.21106961,0.03234965,0.0028735287,0.00737023,0.92686826,0.9433294,0.7309529,0.13204738,0.20181127,0.26830226
pork,pork_portion29_day0_rep1,pork_portion29,0,1,Fresh,0,0.10014005,0.29366493,0.29680008,0.03954087,0.036673132,0.037040606,0.49991134,0.6754737,0.30125174,0.011924054,0.1072011,0.034816924,0.28590795,0.93863034,0.98185444,0.03942861,0.004799142,0.0091089625,0.7223228,0.5264175,0.006163423,0.042808767,0.044391587,0.024114469,0.11896871,0.99201035,0.7223228,0.003619349,0.030021599,0.042808767,0.59735966,0.050835475,0.25153902,0.041138593,0.0068874056,0.011677081,0.82903653,0.6289005,0.0,0.022523211,0.02299748,0.0,0.12449802,1.0,0.82903653,0.0019500171,0.0,0.022523211,0.6937626,0.044701796,0.28335115,0.020723207,0.0044164904,0.0065558665,0.8876756,0.3227948,0.20603968,0.039687753,0.047371607,0.05141041,0.02672284,0.7677802,0.8876756,0.0021284786,0.04904115,0.039687753,0.5542297,0.21885566,0.18758668,0.036379904,0.008104325,0.010965357,1.1910259,1.205554,1.1049585,0.10170133,0.18488073,0.24283706
pork,pork_portion30_day0_rep1,pork_portion30,0,1,Fresh,0,0.03969782,0.24931619,0.25159156,0.039400857,0.047065783,0.049162053,0.49978992,0.86273754,0.25304475,0.005081579,0.12256779,0.048125397,0.23616128,0.9367612,0.98167974,0.050963394,0.0048336145,0.026506662,0.76018703,0.59830904,0.068352245,0.045612082,0.043174762,0.05876864,0.1257244,0.9110107,0.76018703,0.002853672,0.07410951,0.045612082,0.655122,0.03088743,0.25761658,0.040782716,0.00680224,0.010304711,0.8876533,0.6637456,0.007942479,0.032580707,0.03587298,0.032000925,0.122263245,0.99118304,0.8876533,0.0028648358,0.03471329,0.032580707,0.7322605,0.05231433,0.29556248,0.031159084,0.007387253,0.009299929,0.8642161,0.36468318,0.21384574,0.054258082,0.05461411,0.057057858,0.036637276,0.7536368,0.8642161,0.0024388907,0.054047137,0.054258082,0.56175995,0.19322173,0.18494888,0.047406804,0.007889157,0.008505722,1.2330462,1.2243845,1.1373854,0.088596605,0.20087184,0.24730693
pork,pork_portion21_day0_rep2,pork_portion21,0,2,Fresh,0,0.21574242,0.39920375,0.31185886,0.06082053,0.06085636,0.067713924,0.41704172,0.46785158,0.39920375,0.019897971,0.08321683,0.06085636,0.39204246,0.9217006,0.030115759,0.06280465,0.004385339,0.027451567,0.7731543,0.5759509,0.03527481,0.058141388,0.058038134,0.058374714,0.12014347,0.95657504,0.7731543,0.0035807474,0.06890523,0.058141388,0.6440107,0.047792833,0.26137745,0.053605262,0.0094346795,0.01315437,0.9342982,0.6789359,0.007776226,0.035549182,0.042984348,0.034427922,0.11871258,0.99178284,0.9342982,0.0032906272,0.035729717,0.035549182,0.7549221,0.064589046,0.3043085,0.03623667,0.008186354,0.011216787,0.8899243,0.27989054,0.17781089,0.033114374,0.03513812,0.037174694,0.021674173,0.7994947,0.8899243,0.0022115444,0.035165876,0.033114374,0.5385064,0.23547281,0.19613265,0.028016683,0.0025217524,0.006475786,0.9384481,0.97031105,0.7210561,0.120110445,0.22497071,0.29620776
pork,pork_portion22_day0_rep2,pork_portion22,0,2,Fresh,0,0.16792628,0.373795,0.36286232,0.05275522,0.05052378,0.055033393,0.48882183,0.5610894,0.37530372,0.009265107,0.09044961,0.051975187,0.36801758,0.93061167,0.98785996,0.052691963,0.00348964,0.020010006,0.7469283,0.5207779,0.014676145,0.039061215,0.041218467,0.03177782,0.113196686,0.9811415,0.7469283,0.003249885,0.039397564,0.039061215,0.6013473,0.06475363,0.25286192,0.0376374,0.007388524,0.008843878,0.9340728,0.684277,0.0014362003,0.03168114,0.045749463,0.012756531,0.1200064,0.99848425,0.9340728,0.005204095,0.013227262,0.03168114,0.7581964,0.06187185,0.3060793,0.036069196,0.013286937,0.010618185,0.9073861,0.3993586,0.23797907,0.04616131,0.048502427,0.05130357,0.038167913,0.7378742,0.9073861,0.001996214,0.045723855,0.04616131,0.59563714,0.19418289,0.18889503,0.041209977,0.0069379136,0.008299923,1.1594719,1.1712272,1.1101725,0.16565636,0.14448632,0.24013305
pork,pork_portion23_day0_rep2,pork_portion23,0,2,Fresh,0,0.13823517,0.33962533,0.3067817,0.054281123,0.047963023,0.048697855,0.47132224,0.6054779,0.33962533,0.0025738426,0.11071504,0.047963023,0.33130378,0.9273945,0.34982872,0.051009014,0.0035758791,0.4766307,0.810712,0.62544197,0.065631315,0.06908547,0.06907322,0.061746545,0.1230473,0.92190105,0.810712,0.0031489907,0.071255244,0.06908547,0.686277,0.039159574,0.26998526,0.06443959,0.006384879,0.01525226,0.92540383,0.5758181,2.696163e-06,0.028023452,0.024568053,0.00014539294,0.1016678,0.99999595,0.92540383,0.002150525,0.00021808808,0.028023452,0.6912647,0.112605035,0.28978127,0.022796523,0.0048837187,0.007417823,0.864324,0.30880472,0.14687243,0.039692447,0.040850636,0.04918866,0.035504058,0.83029103,0.864324,0.0031845414,0.051194806,0.039692447,0.53716314,0.21533957,0.20754522,0.033668514,0.0066750385,0.007874492,0.9598657,0.89278185,0.7547482,0.076229885,0.23910895,0.20264363
pork,pork_portion24_day0_rep2,pork_portion24,0,2,Fresh,0,0.19406885,0.37265363,0.30461437,0.062000547,0.06358842,0.06819037,0.4338301,0.491405,0.37265363,0.013916429,0.09458993,0.06358842,0.36598846,0.92627084,0.02822792,0.06652226,0.0039934977,0.09179139,0.8154401,0.62767625,0.061711464,0.041905332,0.042351607,0.06681881,0.123090394,0.92612714,0.8154401,0.0023321768,0.0767031,0.041905332,0.6894147,0.04001217,0.27121854,0.038934257,0.0047234595,0.0073139356,0.885339,0.6572099,0.0,0.044069853,0.030913845,0.0,0.12185018,1.0,0.885339,0.0030639814,0.0,0.044069853,0.72750396,0.054543488,0.29543382,0.031057468,0.008430149,0.010545964,0.8766364,0.33421084,0.21337119,0.04363178,0.0465456,0.05053814,0.028315052,0.75677353,0.8766364,0.0019617416,0.049548306,0.04363178,0.5540472,0.21064197,0.1830019,0.03812225,0.0069913827,0.009924153,0.9742194,0.9808165,0.7559403,0.04741658,0.2349916,0.25902686
pork,pork_portion25_day0_rep2,pork_portion25,0,2,Fresh,0,0.20331231,0.42337045,0.3635988,0.052958123,0.0430946,0.0413553,0.45154426,0.5252432,0.42337045,0.018622449,0.07904434,0.0430946,0.41476303,0.9166183,0.09156886,0.044588625,0.0030208034,0.26995707,0.8120348,0.59776217,0.0044617397,0.039043456,0.037678637,0.016121775,0.12042608,0.9945014,0.8120348,0.00233039,0.018648537,0.039043456,0.6692093,0.05322512,0.27567968,0.03502793,0.004287738,0.010497305,0.9398195,0.67599237,4.096346e-06,0.032900784,0.035827953,0.00021948515,0.117863856,0.99999595,0.9398195,0.002832358,0.00021948578,0.032900784,0.7547007,0.06832078,0.30586082,0.031070601,0.0059773894,0.009748815,0.8669787,0.31551057,0.15480407,0.038993284,0.04056649,0.044852927,0.035722375,0.8214178,0.8669787,0.0024989322,0.045654472,0.038993284,0.5409905,0.21378826,0.20572293,0.033497166,0.005703207,0.0065196883,0.91874236,0.93866247,0.72314215,0.09191062,0.21705884,0.27723718
pork,pork_portion26_day0_rep2,pork_portion26,0,2,Fresh,0,0.17461057,0.37323657,0.32122296,0.048307803,0.041471556,0.036696356,0.45388165,0.53906584,0.37324205,0.016090523,0.086226985,0.041459214,0.36567348,0.923714,0.11589838,0.04340626,0.003259532,0.3049343,0.7736202,0.594193,0.012278309,0.049311392,0.04752416,0.029824067,0.1253972,0.9846659,0.7736202,0.0026886347,0.03591359,0.049311392,0.65584886,0.03828638,0.26865438,0.044474646,0.0057984497,0.012623562,0.9302573,0.6926971,2.7812546e-06,0.041204013,0.040193144,0.00010439694,0.12208658,0.99999446,0.9302573,0.0028206422,0.00020879436,0.041204013,0.7621334,0.05596096,0.3068573,0.036192104,0.0060239653,0.011632821,0.85968816,0.26838866,0.12746379,0.040850647,0.04358711,0.04813989,0.030095587,0.85203457,0.85968816,0.004364568,0.051002998,0.040850647,0.51984406,0.22868204,0.21022798,0.033760164,0.007171562,0.0076887035,0.9442024,0.9729548,0.71814764,0.11431649,0.24116686,0.3128481
pork,pork_portion27_day0_rep2,pork_portion27,0,2,Fresh,0,0.13885008,0.34782922,0.3345304,0.05444905,0.056893937,0.0586319,0.4872519,0.61465025,0.34806216,0.007862951,0.107990175,0.057000067,0.34027997,0.9297245,0.9699498,0.05968106,0.0049043912,0.1383655,0.7716701,0.603635,0.08131564,0.051378407,0.052947905,0.06616398,0.1241267,0.8977022,0.7716701,0.0029502509,0.08003297,0.051378407,0.6617604,0.03342577,0.25745544,0.049088456,0.006010417,0.008143643,0.95028925,0.64455974,0.00015103703,0.03293748,0.039705284,0.0025292085,0.110934615,0.9998449,0.95028925,0.0041205063,0.0025488662,0.03293748,0.7391036,0.08856458,0.3028,0.03263018,0.010352036,0.009919619,0.9152589,0.33562982,0.18698604,0.029970465,0.032018974,0.034677796,0.03190608,0.79472363,0.9152589,0.0014848805,0.031877484,0.029970465,0.57082087,0.22282809,0.2051018,0.026007088,0.0044124876,0.0057682316,1.1892642,1.1452943,1.0666977,0.10525394,0.21652745,0.23641217
pork,pork_portion28_day0_rep2,pork_portion28,0,2,Fresh,0,0.18181454,0.37525052,0.3078271,0.0494286,0.04313367,0.04094408,0.43905544,0.5225309,0.37525052,0.018609982,0.08652037,0.04313367,0.36752406,0.9221983,0.03878571,0.045277286,0.003389677,0.14087634,0.7392688,0.5391025,0.015377517,0.055185854,0.05916264,0.036889344,0.11846385,0.980771,0.7392688,0.0039124074,0.04491689,0.055185854,0.61038816,0.051860012,0.25447997,0.054357328,0.007851095,0.014089044,0.9312953,0.63771623,0.00018603523,0.03360204,0.03949362,0.0027005128,0.11213379,0.9997873,0.9312953,0.0037241485,0.0029059919,0.03360204,0.72920054,0.08402617,0.29916522,0.03323616,0.008495958,0.010228725,0.84470296,0.27151558,0.11288994,0.039516296,0.039355185,0.04821053,0.034022484,0.8666457,0.84470296,0.002586318,0.052463785,0.039516296,0.5136224,0.22270328,0.21299642,0.032847982,0.00346445,0.00684277,0.9289756,0.9492839,0.73551846,0.13094966,0.20067866,0.2704262
pork,pork_portion29_day0_rep2,pork_portion29,0,2,Fresh,0,0.09707464,0.3001671,0.2998199,0.04227956,0.037316006,0.038268976,0.4973333,0.6917207,0.30577776,0.0106565915,0.11298937,0.036251705,0.2918086,0.9355722,0.9834427,0.040093318,0.0040120864,0.008395943,0.71898246,0.5224895,0.006417736,0.046895683,0.046948332,0.02139549,0.118551195,0.9915524,0.71898246,0.0034370075,0.026908211,0.046895683,0.5937743,0.051437244,0.25043133,0.044138614,0.006230627,0.012723278,0.8255661,0.62464803,0.0,0.0249583,0.02735375,0.0,0.12409361,1.0,0.8255661,0.002338845,0.0,0.0249583,0.69020504,0.045251805,0.2822689,0.024217093,0.004787014,0.00761938,0.8876239,0.3233759,0.2023137,0.042305905,0.049972095,0.053058133,0.027469497,0.77228653,0.8876239,0.0024157704,0.050499346,0.042305905,0.5543996,0.21853037,0.18945627,0.03840711,0.008698513,0.0099761,1.1875114,1.2012639,1.1015977,0.10173876,0.18217695,0.23892
pork,pork_portion30_day0_rep2,pork_portion30,0,2,Fresh,0,0.031458303,0.24229714,0.24116628,0.036178794,0.050947133,0.053618394,0.4968238,0.890045,0.24455038,0.0059650145,0.1158379,0.05198844,0.22792399,0.9361251,0.98142946,0.054950736,0.006472566,0.054399084,0.75852203,0.5957004,0.06052821,0.048447702,0.045173056,0.057085846,0.12577769,0.9210256,0.75852203,0.0027527516,0.07244298,0.048447702,0.6528966,0.031443596,0.258494,0.042823657,0.00723525,0.011199816,0.8899577,0.6641381,0.005944384,0.032958344,0.03735207,0.02578309,0.12209356,0.99346036,0.8899577,0.0030343076,0.027871318,0.032958344,0.7331528,0.053090148,0.29630527,0.03217199,0.007718336,0.009333673,0.87023926,0.36390308,0.20452619,0.05237915,0.05867973,0.06478875,0.037731424,0.7666664,0.87023926,0.0022752504,0.06332309,0.05237915,0.563886,0.19546266,0.19048326,0.048624363,0.0071132206,0.009791968,1.2335664,1.2265407,1.134481,0.09131991,0.19862175,0.24519275
pork,pork_portion21_day0_rep3,pork_portion21,0,3,Fresh,0,0.222301,0.4070798,0.3158395,0.0679388,0.066608146,0.07218444,0.41473532,0.46505877,0.4070798,0.015359699,0.09244364,0.066608146,0.39972362,0.92071736,0.03138992,0.068908535,0.0039724414,0.008734293,0.78554314,0.5769738,0.019923236,0.057754986,0.060005162,0.050118122,0.11922463,0.9761845,0.78554314,0.00478982,0.057723932,0.057754986,0.6482767,0.052588243,0.26589695,0.054308232,0.011714241,0.014781484,0.93663174,0.6804253,0.0034139901,0.036095403,0.04248422,0.019290188,0.118866846,0.99642336,0.93663174,0.0033143312,0.019687658,0.036095403,0.75644827,0.06479969,0.3056364,0.03608062,0.0077012023,0.010754589,0.8924514,0.2804298,0.1815546,0.03357261,0.03426212,0.037225347,0.021035751,0.79590094,0.8924514,0.0020371492,0.035134096,0.03357261,0.53990334,0.23619102,0.1950676,0.027868472,0.0025167612,0.0064893304,0.93296325,0.96698433,0.7176469,0.115885444,0.22465876,0.29747632
pork,pork_portion22_day0_rep3,pork_portion22,0,3,Fresh,0,0.16567513,0.3727048,0.35936555,0.05414568,0.051621895,0.055538055,0.4871587,0.5661368,0.3736956,0.007993626,0.093468964,0.052785408,0.3666158,0.92982525,0.9895694,0.053875156,0.0035929924,0.006597795,0.744685,0.5172427,0.011977668,0.039722804,0.04147062,0.029494299,0.112855755,0.98458195,0.744685,0.0032855656,0.03654303,0.039722804,0.5983852,0.065599516,0.25243402,0.03804935,0.007201448,0.009496364,0.9409025,0.6968821,0.0012152499,0.031071344,0.040327244,0.009463832,0.121398605,0.9986907,0.9409025,0.004231328,0.0099559305,0.031071344,0.76780254,0.058380403,0.30889562,0.032712884,0.0107539175,0.009837672,0.9066167,0.39708227,0.23918784,0.046143588,0.049131993,0.052833784,0.03722951,0.7363191,0.9066167,0.002143556,0.04754172,0.046143588,0.5943668,0.1949769,0.18770677,0.0416114,0.00684469,0.009371802,1.159298,1.1763009,1.1112409,0.17872396,0.14472134,0.2518438
pork,pork_portion23_day0_rep3,pork_portion23,0,3,Fresh,0,0.14220092,0.34687746,0.3096203,0.058940534,0.05220097,0.05341685,0.46818903,0.6050637,0.34687746,0.005299897,0.11950738,0.05220097,0.33824494,0.9255952,0.2244012,0.05547106,0.0037702743,0.41512138,0.80253583,0.61708957,0.06357186,0.072886854,0.07472746,0.062331412,0.12267086,0.92442006,0.80253583,0.0036979406,0.071684636,0.072886854,0.6786318,0.03993276,0.26785856,0.06917507,0.007345363,0.015717156,0.9327986,0.5823743,0.0,0.025645418,0.023078345,0.0,0.101965636,1.0,0.9327986,0.001964944,0.0,0.025645418,0.6975455,0.1123347,0.29172027,0.021244619,0.004447658,0.0068910844,0.86220044,0.30867583,0.14498085,0.04116191,0.040168766,0.047355857,0.036152404,0.8318639,0.86220044,0.0026129559,0.049100865,0.04116191,0.53603727,0.21463226,0.20800382,0.03382838,0.0070378743,0.007970547,0.94981563,0.8916398,0.73814565,0.078543946,0.23331459,0.2087059
pork,pork_portion24_day0_rep3,pork_portion24,0,3,Fresh,0,0.19481428,0.37702522,0.30666003,0.06424825,0.06375079,0.06807057,0.4331878,0.49639848,0.37702522,0.011294804,0.098591655,0.06375079,0.36997935,0.92485857,0.02904551,0.066725224,0.0035457197,0.09064704,0.8214121,0.63264996,0.06774306,0.040368535,0.041397937,0.06860802,0.122839265,0.9193714,0.8214121,0.0021703145,0.078387834,0.040368535,0.6943574,0.04012918,0.271779,0.037867434,0.0049291975,0.0063630235,0.905614,0.67184883,0.0,0.031122,0.024543205,0.0,0.12167215,1.0,0.905614,0.0027294504,0.0,0.031122,0.7423989,0.055828765,0.30042157,0.023185477,0.0070782206,0.0077066063,0.87965006,0.33888903,0.21968299,0.042668257,0.04565557,0.049883727,0.028148372,0.750232,0.87965006,0.0019960613,0.048857223,0.042668257,0.5573774,0.20992005,0.18127869,0.037168074,0.0076850425,0.010347012,0.97308105,0.9836433,0.7546059,0.058093555,0.23618375,0.26864868
pork,pork_portion25_day0_rep3,pork_portion25,0,3,Fresh,0,0.19327891,0.41627553,0.36190218,0.044419583,0.03884802,0.03843957,0.45730463,0.5398191,0.41627553,0.010540218,0.06858485,0.03884802,0.40752703,0.91667885,0.024756838,0.0400723,0.0028203498,0.1299662,0.8170102,0.60220134,0.0038901628,0.0387099,0.038423903,0.015622596,0.12058208,0.9953298,0.8170102,0.0022062191,0.017868804,0.0387099,0.67339474,0.053077012,0.27712497,0.03546573,0.003977492,0.010634521,0.93439454,0.6702967,3.9107807e-05,0.035828777,0.037934516,0.0011651168,0.11754048,0.9999528,0.93439454,0.003039405,0.0012980178,0.035828777,0.74965185,0.06885721,0.3042793,0.033097375,0.006799709,0.010436168,0.86817783,0.32296813,0.15737318,0.036965776,0.039003536,0.04363146,0.03684209,0.81868213,0.86817783,0.0024882297,0.044303734,0.036965776,0.5446165,0.21126562,0.20585269,0.031876978,0.006611021,0.0064119245,0.93818086,0.956025,0.7410783,0.082471326,0.21607223,0.26834202
pork,pork_portion26_day0_rep3,pork_portion26,0,3,Fresh,0,0.16775058,0.3710573,0.3261293,0.046095435,0.0402623,0.036960978,0.46112746,0.5544982,0.3710573,0.011525466,0.0843669,0.0402623,0.36336496,0.9237523,0.24214529,0.04216552,0.0033313425,0.4221391,0.7723831,0.59176403,0.012914988,0.05045736,0.04852472,0.031247307,0.12505239,0.98410726,0.7723831,0.0026045137,0.0372102,0.05045736,0.65391797,0.039012913,0.2679631,0.04550474,0.0051914616,0.012616893,0.94331217,0.7044101,0.0,0.03610865,0.036182772,0.0,0.12259621,1.0,0.94331217,0.0026018482,0.0,0.03610865,0.7730467,0.055638313,0.3104439,0.03223367,0.0055833776,0.01031438,0.85989934,0.27130574,0.13097596,0.041208662,0.043166652,0.04765797,0.030077746,0.8479154,0.85989934,0.0042912797,0.05030694,0.041208662,0.5210778,0.22776136,0.20914194,0.033492647,0.007850004,0.008061225,0.93158543,0.9623543,0.714399,0.12756437,0.23818567,0.32152253
pork,pork_portion27_day0_rep3,pork_portion27,0,3,Fresh,0,0.15341313,0.3702704,0.3563291,0.05487631,0.048993364,0.05057189,0.48708567,0.5969823,0.37031075,0.0065676006,0.10699786,0.049005516,0.3630989,0.9273321,0.98601246,0.05144091,0.0034443447,0.058143333,0.73866326,0.5764719,0.077643216,0.07083122,0.0691664,0.07175545,0.12363017,0.8986181,0.73866326,0.00413061,0.090225644,0.07083122,0.63455933,0.032996584,0.24802908,0.06550293,0.008458626,0.017736195,0.9470395,0.6405234,0.00013654487,0.033445895,0.03889317,0.0028041857,0.110667184,0.99986076,0.9470395,0.004076187,0.0028172585,0.033445895,0.7356892,0.08922956,0.3017061,0.032259878,0.0102327615,0.009881004,0.9156177,0.33491957,0.18908471,0.031954154,0.03384187,0.0370595,0.031477332,0.7926788,0.9156177,0.0016669804,0.03413306,0.031954154,0.57075685,0.22330879,0.20403819,0.027612977,0.0046488624,0.005863017,1.1908594,1.1443403,1.0724992,0.12755635,0.20548648,0.23392081
pork,pork_portion28_day0_rep3,pork_portion28,0,3,Fresh,0,0.1853666,0.37878457,0.3136594,0.049526542,0.042357128,0.039579622,0.44085646,0.5172826,0.37878457,0.01665872,0.085219085,0.042357128,0.37134787,0.9226397,0.069854625,0.044513535,0.0031159343,0.2208179,0.7318861,0.53794247,0.013544142,0.056602854,0.058726385,0.034945626,0.11946586,0.9829165,0.7318861,0.004024315,0.04237957,0.056602854,0.6074293,0.049153112,0.25347185,0.0544536,0.007712573,0.014673965,0.9313155,0.6365922,0.00016248839,0.031921167,0.03746069,0.002674725,0.11186729,0.99981695,0.9313155,0.0035968502,0.0028620535,0.031921167,0.7285328,0.08459255,0.29901862,0.031508937,0.008448323,0.009672919,0.8502988,0.2702002,0.11761518,0.041613698,0.043102905,0.053099137,0.032597575,0.8625165,0.8502988,0.0026980657,0.057471666,0.041613698,0.5158737,0.22505645,0.21204272,0.03511137,0.0034084031,0.00792248,0.92327064,0.93937224,0.7264486,0.13415109,0.20258528,0.2692932
pork,pork_portion29_day0_rep3,pork_portion29,0,3,Fresh,0,0.09928741,0.2914115,0.29429573,0.042703312,0.03876977,0.039248623,0.49966925,0.67741996,0.29803082,0.01093129,0.11638255,0.03744103,0.28356987,0.938965,0.9819315,0.042038284,0.004401152,0.00822613,0.71648103,0.5192994,0.0040536765,0.048204333,0.04750639,0.015736254,0.118380085,0.99464345,0.71648103,0.0033111896,0.019797051,0.048204333,0.5909659,0.05198653,0.24995206,0.044973053,0.005242738,0.013544141,0.84079903,0.6358475,0.0,0.021610793,0.023721294,0.0,0.124101534,1.0,0.84079903,0.0019833301,0.0,0.021610793,0.70158803,0.046210274,0.28604582,0.021014411,0.0041657067,0.006593568,0.8883197,0.32070997,0.20601928,0.041391328,0.049582936,0.053259525,0.02598279,0.7682978,0.8883197,0.0026792837,0.050554313,0.041391328,0.55368185,0.2199394,0.18743025,0.038030848,0.008009639,0.010281495,1.1903852,1.2066512,1.1050749,0.11650483,0.18304984,0.24856202
pork,pork_portion30_day0_rep3,pork_portion30,0,3,Fresh,0,0.032460134,0.25260562,0.25321108,0.037628323,0.048945356,0.05143581,0.49816203,0.89121467,0.2558397,0.0051655453,0.11583786,0.050007664,0.23880495,0.93460184,0.98293984,0.05253539,0.005641957,0.0049882177,0.7700886,0.6050974,0.06114557,0.045198373,0.04474752,0.05657229,0.12593518,0.92185146,0.7700886,0.0027153809,0.06999788,0.045198373,0.66221744,0.031709407,0.26175138,0.041881286,0.006168378,0.009486524,0.87642753,0.6525024,0.007786113,0.042784594,0.044082433,0.031277627,0.121691346,0.9913169,0.87642753,0.0033364433,0.034109283,0.042784594,0.72200376,0.053238098,0.2923033,0.039342254,0.007932603,0.011897279,0.8656185,0.36605975,0.20894456,0.058306392,0.058243588,0.06348669,0.03776199,0.7604109,0.8656185,0.0025066559,0.06122883,0.058306392,0.56289274,0.19299382,0.1877035,0.050796665,0.007912652,0.0095323725,1.2306931,1.2195334,1.1346437,0.070507504,0.2033744,0.23619716
pork,pork_portion31_day0_rep1,pork_portion31,0,1,Fresh,0,0.88946754,0.34846264,0.2129995,0.05024922,0.056981727,0.054415222,0.031340778,0.7610178,0.88946754,0.004568723,0.051031012,0.05024922,0.56564504,0.20903078,0.1885626,0.04529958,0.011074465,0.0101417145,0.95737183,0.6572771,0.0,0.017639387,0.017645761,0.0,0.11277595,1.0,0.95737183,0.0018135483,0.0,0.017639387,0.74883014,0.08522191,0.30560696,0.015610566,0.0034663528,0.0048673595,0.73505104,0.57519567,0.05247363,0.048111062,0.053288337,0.056661624,0.12561369,0.930839,0.73505104,0.0038059265,0.072333954,0.048111062,0.6328265,0.031593375,0.25329638,0.048830856,0.007941137,0.010278835,0.20680767,0.44281024,0.4361432,0.06547048,0.05906384,0.063505605,0.4927253,0.54600334,0.4469253,0.010932128,0.091430664,0.060353793,0.43568033,0.92333543,0.9751839,0.059935637,0.0036115528,0.08871837,0.25016955,0.20046905,1.070465,0.13809149,1.1175108,1.1641272
pork,pork_portion32_day0_rep1,pork_portion32,0,1,Fresh,0,0.84949577,0.30854642,0.17698021,0.05230617,0.05052989,0.050806563,0.030560616,0.79239035,0.84949577,0.0028969103,0.05131466,0.05230617,0.53098553,0.21078284,0.19062032,0.04276907,0.0071686953,0.008822458,0.9379939,0.6715591,6.742725e-06,0.03544441,0.04520652,0.00036354552,0.117271274,0.99999195,0.9379939,0.0044735423,0.00043625344,0.03544441,0.7515333,0.06982545,0.30496418,0.037082747,0.010936651,0.011317963,0.78762126,0.5763541,0.0022311427,0.045882076,0.03960589,0.012669827,0.11982301,0.99719137,0.78762126,0.0040488183,0.014670461,0.045882076,0.64860564,0.05353989,0.26927522,0.037490033,0.0104584675,0.011795602,0.09644671,0.31082606,0.28463998,0.0650565,0.073083475,0.08456653,0.47604683,0.71944827,0.31157255,0.015851267,0.15565155,0.07448443,0.29928553,0.9266899,0.5755647,0.077287145,0.004664928,0.48564896,0.28563058,0.21153352,0.845216,0.11015003,1.0059669,0.9890545
pork,pork_portion33_day0_rep1,pork_portion33,0,1,Fresh,0,0.9182964,0.3288834,0.19505705,0.034561854,0.036608584,0.03991329,0.028634237,0.7869105,0.9182964,0.0020680355,0.03664029,0.034561854,0.56964046,0.22679503,0.20100327,0.029788774,0.0039607673,0.0075852536,0.9491125,0.634782,0.0,0.02925602,0.034779053,0.0,0.109391175,1.0,0.9491125,0.003566314,0.0,0.02925602,0.7329552,0.09296017,0.30127743,0.028870976,0.0083494745,0.008891111,0.7697209,0.5915614,0.008780401,0.045905996,0.04508386,0.025313241,0.12555262,0.989059,0.7697209,0.0025881,0.030273944,0.045905996,0.65306735,0.037923325,0.268197,0.042193748,0.004329327,0.01210573,0.18522163,0.37674958,0.34921917,0.052314807,0.051332127,0.052978672,0.47373727,0.51581454,0.37674958,0.007781175,0.08329258,0.051332127,0.37158602,0.93055296,0.83662903,0.053351503,0.0040079853,0.36596543,0.23374857,0.2171349,0.9687729,0.10249606,1.0577102,1.09505
pork,pork_portion34_day0_rep1,pork_portion34,0,1,Fresh,0,0.83376503,0.25781646,0.112227745,0.04876034,0.04527016,0.05022727,0.031660292,0.86617327,0.83376503,0.0035814468,0.055146825,0.04876034,0.50371826,0.22383815,0.20940948,0.038121775,0.0066475677,0.009293838,0.94034487,0.67515445,0.00027780025,0.034185715,0.042305283,0.0030188665,0.11755456,0.99967784,0.94034487,0.004542213,0.0032370663,0.034185715,0.7544021,0.069037914,0.30578822,0.03456791,0.011390845,0.0105336895,0.7680826,0.6017898,0.08345527,0.042608283,0.04246152,0.063293606,0.12423588,0.8926938,0.7680826,0.0027015023,0.07832799,0.042608283,0.65970266,0.032863215,0.25615495,0.03939451,0.006999978,0.008506041,0.124843165,0.319672,0.2793848,0.07311237,0.07947691,0.08946559,0.46014696,0.64080423,0.3202865,0.025433682,0.16396995,0.08012381,0.30942532,0.92815846,0.3763005,0.08429673,0.005603206,0.47162557,0.3099909,0.2509735,0.7494461,0.11287185,0.9700848,0.9688564
pork,pork_portion35_day0_rep1,pork_portion35,0,1,Fresh,0,0.91936576,0.4107559,0.24287957,0.039937947,0.040734716,0.04297375,0.03904725,0.7353913,0.91936576,0.0014884297,0.0363554,0.039937947,0.6056867,0.19375576,0.19122323,0.035618592,0.003818688,0.005356176,0.93269575,0.67115086,0.007690201,0.039111882,0.05745543,0.02775303,0.117558725,0.9917034,0.93269575,0.007205297,0.029043015,0.039111882,0.74996364,0.067902915,0.30322626,0.043844946,0.020549668,0.0120666,0.72423804,0.5564901,0.052935157,0.04185179,0.05029013,0.06898947,0.12310873,0.9292453,0.72423804,0.003288035,0.08939428,0.04185179,0.6177225,0.036620308,0.2474372,0.04457645,0.010513119,0.009568642,0.11462844,0.32937947,0.29557,0.068037234,0.070743755,0.074727155,0.4714914,0.67852336,0.32938874,0.009609617,0.14847554,0.07074958,0.31853002,0.9243371,0.48149836,0.074339196,0.0053756507,0.49534875,0.22180948,0.16732131,0.8369395,0.14689703,0.97539496,0.9655785
pork,pork_portion36_day0_rep1,pork_portion36,0,1,Fresh,0,0.8384618,0.28679514,0.16497849,0.05057054,0.049045824,0.053662546,0.028271597,0.8043269,0.8384618,0.0030963547,0.056673866,0.05057054,0.51738465,0.2154502,0.19051138,0.04118556,0.0073126694,0.009313812,0.92356104,0.67072946,0.0,0.03781307,0.03783587,0.0,0.11899041,1.0,0.92356104,0.0028877794,0.0,0.03781307,0.7467709,0.06413197,0.30278873,0.033796877,0.006254384,0.010790736,0.76621264,0.5659522,0.0021474937,0.040631726,0.03596591,0.020855844,0.12096068,0.9974023,0.76621264,0.0022805368,0.024401411,0.040631726,0.6356852,0.049507633,0.2644891,0.034646455,0.004573195,0.011203768,0.16403337,0.31955996,0.25500783,0.05973582,0.06166976,0.07102715,0.4209917,0.49510708,0.31955996,0.035595614,0.12493539,0.06166976,0.313049,0.934318,0.13050486,0.06507138,0.008506183,0.30346256,0.2968526,0.21680559,0.7497498,0.11840932,0.9874311,0.9512809
pork,pork_portion37_day0_rep1,pork_portion37,0,1,Fresh,0,0.8609847,0.31741747,0.18734513,0.045982633,0.049579266,0.051577937,0.030106714,0.7827848,0.8609847,0.0027016143,0.050885405,0.045982633,0.53984,0.21142556,0.18953153,0.040303275,0.008268851,0.0096910745,0.918861,0.6439531,0.00046508815,0.03524403,0.038872372,0.005515372,0.11476502,0.99949974,0.918861,0.003279672,0.005687134,0.03524403,0.7292003,0.07560755,0.2982161,0.033563927,0.0073535247,0.01044685,0.7303577,0.56127435,0.04639924,0.054253448,0.058633927,0.061726432,0.12347978,0.939485,0.7303577,0.0034016478,0.07749893,0.054253448,0.622306,0.036722615,0.2508936,0.053791024,0.008473541,0.011480751,0.18980199,0.4172351,0.38705245,0.07109892,0.06555566,0.0652556,0.47545192,0.56084925,0.4172351,0.005548608,0.118043184,0.06555566,0.4087144,0.92068416,0.909133,0.067384705,0.0031834284,0.28155714,0.2571307,0.20269944,1.0188563,0.123198435,1.0909102,1.1226257
pork,pork_portion38_day0_rep1,pork_portion38,0,1,Fresh,0,0.83850694,0.26408347,0.10809221,0.04403519,0.04193653,0.051002923,0.033584647,0.87190384,0.83850694,0.0030904696,0.055446662,0.04403519,0.508033,0.22321063,0.21261567,0.03567509,0.0045313835,0.007644771,0.93027467,0.637591,0.0037282717,0.03760325,0.04658838,0.021679427,0.11206372,0.99600357,0.93027467,0.006009641,0.022833455,0.03760325,0.72900623,0.08367435,0.2984831,0.03660781,0.017006086,0.010655064,0.74612164,0.56194866,0.03938057,0.04373073,0.045673404,0.051991545,0.121178776,0.9485919,0.74612164,0.002973802,0.06583742,0.04373073,0.6273877,0.043213166,0.2548779,0.04202281,0.0074131177,0.009661661,0.11962197,0.3434553,0.3141216,0.048317038,0.046587892,0.04692098,0.4761894,0.66225106,0.3434553,0.0037626969,0.0998632,0.046587892,0.3333662,0.9229798,0.8762762,0.04866989,0.0033633313,0.32590133,0.27508685,0.22006984,0.9801177,0.11774909,1.0930734,1.1165007
pork,pork_portion39_day0_rep1,pork_portion39,0,1,Fresh,0,0.85996014,0.3000851,0.1572786,0.03876048,0.037891407,0.043339573,0.03210433,0.81693435,0.85996014,0.0020504235,0.04408982,0.03876048,0.53188956,0.21759942,0.20100348,0.032183357,0.0051528635,0.0074672494,0.9312467,0.6350786,1.2289039e-05,0.02693833,0.034466885,0.0006584608,0.111656696,0.9999863,0.9312467,0.003932315,0.00073163887,0.02693833,0.7276831,0.085308045,0.29882318,0.027872557,0.009745527,0.008512573,0.7688421,0.60504556,0.11693585,0.049766924,0.050655663,0.0645017,0.12285729,0.8506168,0.7688421,0.002555267,0.07806347,0.049766924,0.6621899,0.032068554,0.24914671,0.047385436,0.006000155,0.0075718723,0.15380833,0.35429013,0.31514263,0.052042402,0.045783978,0.046206314,0.4644253,0.5744866,0.35434553,0.017574461,0.1071535,0.04567547,0.34656623,0.9262777,0.5397207,0.04804165,0.0053404886,0.49171022,0.25574368,0.2317707,0.8070309,0.097936496,0.95420736,0.99179715
pork,pork_portion40_day0_rep1,pork_portion40,0,1,Fresh,0,0.8620237,0.34840032,0.2262084,0.032823585,0.03316537,0.033902258,0.0302853,0.73666626,0.8620237,0.0018847341,0.030852672,0.032823585,0.55379575,0.19998883,0.17553681,0.028567985,0.004907169,0.005837358,0.92183787,0.6244009,0.0,0.0243256,0.027402421,0.0,0.11084763,1.0,0.92183787,0.0034576962,0.0,0.0243256,0.7184357,0.08672809,0.29595533,0.022562245,0.00892878,0.007066369,0.7155838,0.538153,0.0320523,0.049028773,0.050573368,0.05121147,0.12125809,0.9577516,0.7155838,0.002656533,0.06517342,0.049028773,0.60295236,0.042045727,0.24783929,0.047378644,0.005364708,0.009982215,0.15752599,0.3800518,0.35156715,0.050349303,0.0451037,0.045783326,0.47678262,0.5950035,0.3800518,0.003543463,0.10213391,0.0451037,0.37149048,0.9225263,0.9509243,0.047140174,0.0027484533,0.20891799,0.23331293,0.18052712,1.0754168,0.13284604,1.1171007,1.1502823
pork,pork_portion31_day0_rep2,pork_portion31,0,2,Fresh,0,0.8895527,0.34805232,0.21618116,0.052262448,0.058705367,0.057111662,0.030642748,0.7577167,0.8895527,0.004310335,0.053189456,0.052262448,0.5655755,0.20929079,0.186934,0.04717772,0.010098576,0.0101769,0.9593046,0.65781677,0.0,0.01884709,0.017762538,0.0,0.11261275,1.0,0.9593046,0.0018184085,0.0,0.01884709,0.7496728,0.085755736,0.30592078,0.016019007,0.0032494122,0.0050795902,0.73661834,0.5742465,0.056935854,0.049200833,0.053778037,0.059281085,0.124749996,0.9250774,0.73661834,0.003710903,0.07539061,0.049200833,0.6326478,0.032880977,0.2523441,0.04952016,0.007589918,0.010503505,0.20474252,0.44107953,0.4351644,0.06677594,0.06156558,0.06526361,0.49328658,0.5501411,0.44564727,0.011300147,0.09435393,0.062451,0.43393508,0.92343354,0.98177207,0.06242103,0.0036034991,0.033452697,0.25161594,0.19974384,1.0766135,0.13914396,1.1216815,1.1681762
pork,pork_portion32_day0_rep2,pork_portion32,0,2,Fresh,0,0.8499251,0.30719432,0.18455105,0.054297693,0.053540997,0.053734917,0.028791958,0.78396934,0.8499251,0.003110959,0.053606454,0.054297693,0.53087664,0.21159224,0.18684578,0.04467896,0.0076797768,0.0087896455,0.9371329,0.6727954,1.078836e-05,0.036896132,0.046452954,0.00058167166,0.117617875,0.99998784,0.9371329,0.004506284,0.00065437966,0.036896132,0.75199956,0.0688707,0.30504042,0.03831226,0.010903258,0.0117474105,0.78985214,0.5761117,0.0030886433,0.047826592,0.041679062,0.014573205,0.11938063,0.9960929,0.78985214,0.0040520485,0.01694539,0.047826592,0.64908177,0.054700505,0.26940337,0.039420288,0.01039121,0.012349644,0.09730171,0.31051773,0.28406245,0.065477625,0.07404907,0.08565016,0.47536585,0.7164256,0.31136736,0.01747669,0.15644296,0.07530597,0.29904506,0.9268935,0.5641393,0.07830793,0.005124573,0.48609313,0.28850433,0.21308032,0.84128004,0.10983107,1.0042425,0.98494446
pork,pork_portion33_day0_rep2,pork_portion33,0,2,Fresh,0,0.91732913,0.3300748,0.19884774,0.03651847,0.03842616,0.04193393,0.02822441,0.7826083,0.91732913,0.0020159248,0.038330283,0.03651847,0.5697646,0.22603132,0.1990604,0.031364918,0.004478436,0.008008043,0.9520938,0.6343395,0.0,0.031012421,0.037774,0.0,0.10896955,1.0,0.9520938,0.0038783823,0.0,0.031012421,0.7336181,0.094433725,0.3015916,0.031161062,0.009041608,0.009480433,0.7709418,0.5925907,0.010339298,0.047464434,0.04685708,0.028190305,0.12550688,0.98716354,0.7709418,0.0026645996,0.033505157,0.047464434,0.6540911,0.037977558,0.2683068,0.0438369,0.004438937,0.012419536,0.18518925,0.37691084,0.34976074,0.054074284,0.052953474,0.055107947,0.4739737,0.51663274,0.37692297,0.008768167,0.0855121,0.05293098,0.3716475,0.93065405,0.84943455,0.055046033,0.0046271347,0.35316113,0.23383442,0.2174172,0.9791477,0.103052,1.0632117,1.1019778
pork,pork_portion34_day0_rep2,pork_portion34,0,2,Fresh,0,0.8350291,0.2566845,0.11085137,0.050570745,0.049605075,0.052533187,0.031607043,0.86840403,0.8350291,0.00330007,0.057211794,0.050570745,0.5040108,0.22456458,0.21020707,0.040534355,0.0062630787,0.008637821,0.9393609,0.6792542,0.0016385391,0.037094638,0.043262627,0.010776554,0.11843925,0.99821824,0.9393609,0.0044444147,0.011223858,0.037094638,0.75659984,0.06656619,0.3060697,0.035956472,0.011397445,0.010897468,0.7677682,0.6012116,0.08566453,0.043232992,0.04342612,0.06255855,0.12400908,0.8897677,0.7677682,0.002743006,0.07710363,0.043232992,0.65923434,0.033074856,0.2555829,0.040246427,0.006987288,0.0084057525,0.12359911,0.32066992,0.2805873,0.07643923,0.08057045,0.088978425,0.46055007,0.64812285,0.3211096,0.023935467,0.17239065,0.0810093,0.31029972,0.9277743,0.38016117,0.08560617,0.0057243975,0.47386655,0.31297663,0.25064245,0.7489408,0.114676185,0.97280663,0.9683812
pork,pork_portion35_day0_rep2,pork_portion35,0,2,Fresh,0,0.9174775,0.4094436,0.24594057,0.043022625,0.044565614,0.0459342,0.03826076,0.73174095,0.9174775,0.0017996957,0.03889574,0.043022625,0.6044282,0.19368154,0.18914366,0.038706467,0.004173,0.005996171,0.93257767,0.67086667,0.011555794,0.04035499,0.058779772,0.03490475,0.117326595,0.9877084,0.93257767,0.006922668,0.036423955,0.04035499,0.7497576,0.068024434,0.30265552,0.045199506,0.020348668,0.012074252,0.72332233,0.5551282,0.058638044,0.04293433,0.051638514,0.07152274,0.122624815,0.9215816,0.72332233,0.0034941102,0.09264847,0.04293433,0.6166102,0.037038885,0.24581848,0.045769244,0.0108353635,0.009373677,0.11661038,0.32931635,0.2966399,0.07051809,0.07227315,0.0744956,0.4721389,0.67427695,0.32931766,0.007872422,0.15322725,0.07227211,0.3187103,0.92510825,0.52292144,0.075973995,0.005153674,0.49639994,0.22314858,0.16702501,0.8532452,0.14804989,0.984333,0.9768304
pork,pork_portion36_day0_rep2,pork_portion36,0,2,Fresh,0,0.8373904,0.28703946,0.17003106,0.051493,0.051799472,0.05460371,0.027379183,0.7980101,0.8373904,0.0029926319,0.05737255,0.051493,0.51710254,0.2150069,0.18796067,0.04264768,0.0071953693,0.010200174,0.9231036,0.66973716,9.439816e-06,0.04036958,0.03903983,0.00036348298,0.11887324,0.9999879,0.9231036,0.0029204818,0.00046550782,0.04036958,0.74601257,0.06439897,0.30263004,0.035291225,0.0062197465,0.011348002,0.76449865,0.565768,0.0021151402,0.040974203,0.036669835,0.018747741,0.12116559,0.9974294,0.76449865,0.002307333,0.021894578,0.040974203,0.6350189,0.048810683,0.26426086,0.035177454,0.004294795,0.01128122,0.16636415,0.31880146,0.2563995,0.061566178,0.06349645,0.07302963,0.42137316,0.48680693,0.31881765,0.03678086,0.12680341,0.06348102,0.31274155,0.9358101,0.14609967,0.06702305,0.008467377,0.32223746,0.29703808,0.21759404,0.7503819,0.1184685,0.98568904,0.9511008
pork,pork_portion37_day0_rep2,pork_portion37,0,2,Fresh,0,0.8615868,0.31846884,0.19397998,0.048249062,0.051479697,0.05164328,0.029136047,0.77528507,0.8615868,0.002940072,0.050549753,0.048249062,0.5407055,0.21130832,0.18669723,0.04197341,0.008459552,0.009316644,0.9172112,0.64321464,0.0013211198,0.037355363,0.042144798,0.012621952,0.11479087,0.9986113,0.9172112,0.0036146466,0.012810908,0.037355363,0.7282531,0.075244926,0.29774645,0.036117338,0.008322318,0.011024397,0.72800064,0.5604909,0.050850537,0.056841753,0.061274525,0.06377782,0.12343969,0.9335407,0.72800064,0.0032982242,0.080039695,0.056841753,0.6211397,0.036157776,0.24953832,0.05642704,0.008432306,0.01172097,0.18939641,0.416936,0.38792878,0.073563434,0.067471534,0.067282476,0.4764389,0.562748,0.416936,0.0067580566,0.122545384,0.067471534,0.40851012,0.92100954,0.8627844,0.06948341,0.0033476236,0.33802915,0.25694218,0.2027224,0.98906285,0.123794645,1.0662183,1.0973809
pork,pork_portion38_day0_rep2,pork_portion38,0,2,Fresh,0,0.8373675,0.26346776,0.11348102,0.0452245,0.04509663,0.051907092,0.032551423,0.86529845,0.8373675,0.0027680388,0.056258596,0.0452245,0.50745344,0.22312135,0.21021172,0.037318837,0.0043459604,0.008216885,0.92968005,0.63770896,0.0037157563,0.03876025,0.04830123,0.021267926,0.11211936,0.9960271,0.92968005,0.006101193,0.022231948,0.03876025,0.72888184,0.08336146,0.29843563,0.038112994,0.017189346,0.011023163,0.74506617,0.56307375,0.037585,0.04416106,0.045984607,0.05001453,0.12172141,0.9509939,0.74506617,0.0029784974,0.06294426,0.04416106,0.62780744,0.042092152,0.25536892,0.042364072,0.00754498,0.009217184,0.119556375,0.34322602,0.31402573,0.04941591,0.047026586,0.04810808,0.4763292,0.6627244,0.34322602,0.0040929746,0.10366349,0.047026586,0.3331364,0.9229982,0.85031545,0.049232822,0.003578764,0.3533745,0.27630928,0.22202663,0.96433747,0.117362395,1.0798961,1.1030811
pork,pork_portion39_day0_rep2,pork_portion39,0,2,Fresh,0,0.8582058,0.3006158,0.15789315,0.040659115,0.039442096,0.04414088,0.032175817,0.81596273,0.8582058,0.0021815412,0.044832084,0.040659115,0.53127813,0.21678951,0.20047434,0.03356176,0.00569224,0.007273681,0.9303095,0.63505584,6.0079743e-05,0.028574504,0.035875663,0.0012744606,0.11176305,0.99992496,0.9303095,0.0038927756,0.0014634146,0.028574504,0.72736347,0.08492709,0.2986487,0.029326672,0.009460221,0.008979557,0.76714855,0.6058844,0.11900445,0.052299105,0.05272553,0.065223664,0.1231457,0.8480227,0.76714855,0.0026081076,0.078623,0.052299105,0.662252,0.030933868,0.2485423,0.049536195,0.005696991,0.0073546222,0.15493949,0.35656062,0.31929117,0.05271372,0.04630021,0.047079645,0.4656779,0.57419616,0.35660377,0.017651757,0.10787649,0.046193488,0.3489358,0.92630655,0.5416817,0.04856888,0.005080715,0.49107367,0.25588155,0.23239407,0.8081371,0.09831287,0.9540398,0.99286956
pork,pork_portion40_day0_rep2,pork_portion40,0,2,Fresh,0,0.8619475,0.34991902,0.2264653,0.03400749,0.03393228,0.035878498,0.030809632,0.7364666,0.8619475,0.0017175003,0.032710858,0.03400749,0.55445606,0.19932826,0.17566364,0.029531563,0.004822049,0.0064866873,0.92009425,0.62366545,0.0,0.025499808,0.02882066,0.0,0.110938795,1.0,0.92009425,0.0036061185,0.0,0.025499808,0.7175353,0.08633484,0.29559374,0.023812573,0.009092739,0.007445199,0.71544737,0.5371777,0.03437628,0.049824595,0.051889975,0.05400641,0.120929025,0.9547476,0.71544737,0.0025855221,0.06868663,0.049824595,0.6023057,0.042438973,0.24710266,0.048514858,0.0055844313,0.010042061,0.15598635,0.37896037,0.35097048,0.051201552,0.046425566,0.04677102,0.4771276,0.5983776,0.37896037,0.004525171,0.102717355,0.046425566,0.3704087,0.9225125,0.955849,0.04842354,0.0029050764,0.19697762,0.23183094,0.17890605,1.0796101,0.13249941,1.1205477,1.1535281
pork,pork_portion31_day0_rep3,pork_portion31,0,3,Fresh,0,0.891394,0.35184848,0.22007269,0.050371394,0.057437066,0.055390503,0.03062315,0.7536713,0.891394,0.0039538387,0.051287156,0.050371394,0.56800693,0.20849459,0.18606685,0.04601136,0.009740576,0.009760291,0.9587514,0.65801483,0.0,0.018896291,0.018330881,0.0,0.11270849,1.0,0.9587514,0.0018002649,0.0,0.018896291,0.74961203,0.085341886,0.30591196,0.016358685,0.0037179908,0.0051678633,0.7377144,0.57671994,0.05960938,0.048949238,0.052869525,0.060833838,0.12506706,0.92161417,0.7377144,0.003489888,0.077526815,0.048949238,0.6345919,0.032110874,0.2524002,0.04882155,0.007246666,0.010507062,0.21000323,0.44476315,0.43834427,0.06606997,0.05920509,0.063979894,0.4929058,0.54072684,0.4486304,0.010752642,0.09137632,0.060547583,0.43774214,0.92368007,0.9793318,0.060272496,0.0034616254,0.06194278,0.2500197,0.19986217,1.0759779,0.13757429,1.1196285,1.1670797
pork,pork_portion32_day0_rep3,pork_portion32,0,3,Fresh,0,0.8527137,0.31310982,0.1914465,0.052500468,0.04984152,0.050480854,0.028649058,0.7762433,0.8527137,0.0026826567,0.050080415,0.052500468,0.53449225,0.21040234,0.1849882,0.042737164,0.0068923943,0.008009055,0.9365705,0.67394805,9.170106e-05,0.036646824,0.047378566,0.002640517,0.11787789,0.99990153,0.9365705,0.0046671215,0.0027778882,0.036646824,0.7525424,0.068065636,0.30510184,0.038832065,0.011375142,0.011860552,0.7987559,0.5834583,0.0042208396,0.047886945,0.040416706,0.0162397,0.11945712,0.9947454,0.7987559,0.0044955728,0.018808614,0.047886945,0.6563533,0.054685533,0.27169126,0.037963707,0.012360481,0.011738258,0.10432958,0.31432205,0.28848803,0.065828644,0.07295997,0.08354,0.47576103,0.69582164,0.3147991,0.016079845,0.1539573,0.073781304,0.30348444,0.92764366,0.6233525,0.07704266,0.00521525,0.4759562,0.28676274,0.21590567,0.8717586,0.10270167,1.0206914,1.005106
pork,pork_portion33_day0_rep3,pork_portion33,0,3,Fresh,0,0.9171841,0.33389965,0.19623245,0.034888953,0.037161473,0.03992204,0.029797656,0.7853936,0.9171841,0.0021136021,0.03679739,0.034888953,0.5711762,0.22440535,0.20080623,0.030237144,0.004359344,0.007661914,0.9500851,0.63760924,0.0,0.03133981,0.03727578,0.0,0.10981044,1.0,0.9500851,0.0037124231,0.0,0.03133981,0.73490685,0.09199487,0.30177617,0.03100497,0.008491793,0.009555465,0.77190995,0.5946188,0.011467093,0.046951815,0.046548385,0.028837442,0.12571277,0.98575026,0.77190995,0.002671727,0.034443434,0.046951815,0.6556593,0.037360128,0.26859593,0.043432176,0.0047521167,0.012118818,0.1934908,0.38127738,0.352914,0.05093662,0.051028326,0.05341148,0.4724035,0.49880502,0.38129765,0.009286693,0.07355035,0.051044434,0.37655511,0.93142533,0.81571317,0.05293343,0.003957728,0.38422823,0.23352773,0.21614523,0.9570084,0.10181382,1.0474687,1.0847069
pork,pork_portion34_day0_rep3,pork_portion34,0,3,Fresh,0,0.83414876,0.2633232,0.11442746,0.050223295,0.046946358,0.05062734,0.03249867,0.8636844,0.83414876,0.0030418842,0.055207644,0.050223295,0.50589,0.22203796,0.2092214,0.03966914,0.0062158536,0.008768351,0.93875647,0.6817773,0.002587526,0.035483327,0.04115451,0.015544405,0.118941985,0.9971946,0.93875647,0.0044130767,0.01608109,0.035483327,0.75801975,0.06503418,0.30621287,0.034030184,0.011628693,0.010264172,0.7692571,0.6055756,0.099286765,0.042461682,0.042100728,0.063486606,0.123979285,0.87222284,0.7692571,0.0027245912,0.07795293,0.042461682,0.662627,0.03169851,0.25353146,0.03912041,0.006905306,0.00838343,0.131325,0.32310346,0.281692,0.07325529,0.07778908,0.0852927,0.45871502,0.62230474,0.32356218,0.022926664,0.16137396,0.07822573,0.31340313,0.9286461,0.35812545,0.08241884,0.0058789654,0.4679067,0.3124531,0.2505174,0.74734104,0.11395779,0.9727304,0.96820045
pork,pork_portion35_day0_rep3,pork_portion35,0,3,Fresh,0,0.9198732,0.41171294,0.25014514,0.041124117,0.04156651,0.04399282,0.037674997,0.72774327,0.9198732,0.0021744315,0.0367778,0.041124117,0.6065007,0.19368315,0.1879776,0.036474336,0.0041385023,0.0060826177,0.9325609,0.67280054,0.010787044,0.04021894,0.057315856,0.03292845,0.11774703,0.9885093,0.9325609,0.0068014427,0.034392793,0.04021894,0.7509026,0.06701402,0.303061,0.044213466,0.019895831,0.01189084,0.7244842,0.5576556,0.060415216,0.042753663,0.05176117,0.070591055,0.12290431,0.9191309,0.7244842,0.0035899326,0.09126291,0.042753663,0.6185732,0.03623928,0.24617134,0.04575046,0.011235035,0.008970055,0.1243453,0.33608958,0.30290323,0.0687798,0.07072504,0.07531547,0.4714591,0.65551716,0.33608958,0.009865775,0.14559685,0.07072504,0.32596558,0.92506343,0.5031795,0.07427714,0.0046410044,0.4957267,0.22392224,0.16828793,0.8443751,0.14729083,0.9781961,0.97040236
pork,pork_portion36_day0_rep3,pork_portion36,0,3,Fresh,0,0.8377936,0.29254863,0.17424099,0.04995932,0.048086528,0.052608382,0.0278092,0.7929946,0.8377936,0.0029674722,0.055222932,0.04995932,0.51936615,0.21318638,0.18671188,0.040877074,0.007089811,0.009232417,0.92450243,0.6720331,2.2925266e-05,0.0391034,0.039486036,0.0007795402,0.119132504,0.9999704,0.92450243,0.003126312,0.00090198347,0.0391034,0.74779844,0.063860916,0.30312198,0.03515263,0.006697593,0.011203277,0.76627266,0.5684422,0.0022135496,0.039614342,0.035940003,0.019611238,0.12147308,0.99727947,0.76627266,0.0022056594,0.02326019,0.039614342,0.63724923,0.0482418,0.26485685,0.03446043,0.003933672,0.011057722,0.1742855,0.32319486,0.26231608,0.05878729,0.06302008,0.073697895,0.42166775,0.46738562,0.32321778,0.036931362,0.11517882,0.06306414,0.31799448,0.9370765,0.15361226,0.06626832,0.008535015,0.3318586,0.2966997,0.21727811,0.7521057,0.11802248,0.98467773,0.95096064
pork,pork_portion37_day0_rep3,pork_portion37,0,3,Fresh,0,0.86354053,0.3233078,0.19821459,0.045886666,0.049811948,0.049549136,0.029350197,0.77060425,0.86354053,0.0032496129,0.048372176,0.045886666,0.54357207,0.21020155,0.18582255,0.040244773,0.0087122135,0.009494379,0.9176688,0.64520586,0.001233495,0.03660953,0.040647183,0.01238594,0.115057446,0.9987017,0.9176688,0.003479693,0.012610285,0.03660953,0.7296069,0.07443608,0.2981241,0.03500483,0.008003556,0.010668813,0.73082453,0.56221825,0.053185403,0.05455632,0.05929963,0.06418189,0.123183325,0.93047506,0.73082453,0.003217708,0.08065356,0.05455632,0.6230977,0.036541976,0.24979757,0.05440159,0.008388128,0.011069765,0.1949558,0.41972142,0.39134923,0.06997432,0.06489398,0.065050766,0.47669,0.5500497,0.41972142,0.0054583526,0.112889014,0.06489398,0.4117802,0.9216568,0.9026291,0.06670648,0.0035317682,0.2896471,0.25622815,0.20143181,1.0185034,0.12294564,1.0882201,1.1199429
pork,pork_portion38_day0_rep3,pork_portion38,0,3,Fresh,0,0.8391689,0.26870856,0.116675295,0.04321041,0.043548904,0.05115364,0.03307012,0.861706,0.8391689,0.0028200746,0.055461645,0.04321041,0.5101419,0.2218483,0.20988746,0.036082666,0.0039594946,0.008052328,0.93034,0.6391662,0.0035460992,0.038903285,0.047916993,0.020405494,0.1123404,0.99618995,0.93034,0.0061414433,0.021536011,0.038903285,0.72991127,0.08290534,0.29874295,0.037871417,0.017170735,0.011084584,0.74724907,0.5648311,0.043108165,0.04355434,0.045698214,0.052037336,0.12147919,0.9437319,0.74724907,0.002969223,0.065711886,0.04355434,0.6296047,0.042251907,0.25492477,0.04199887,0.007435161,0.009081069,0.12962008,0.34577388,0.3182534,0.045935456,0.045653965,0.046332512,0.47649688,0.63379616,0.34577388,0.004261765,0.08988411,0.045653965,0.3365656,0.9248944,0.88710696,0.047597118,0.0034957053,0.3124749,0.27477083,0.22035106,0.9914781,0.11676533,1.0999266,1.1245372
pork,pork_portion39_day0_rep3,pork_portion39,0,3,Fresh,0,0.867582,0.31006324,0.16565517,0.038051654,0.038150895,0.04168484,0.032283477,0.80876094,0.867582,0.0020422135,0.041577082,0.038051654,0.53927594,0.21648327,0.20034756,0.032192435,0.004463437,0.006510649,0.931864,0.6421991,0.0,0.029327612,0.03576089,0.0,0.11281943,1.0,0.931864,0.0037800004,0.0,0.029327612,0.73211277,0.08204724,0.29991755,0.029484788,0.0092298165,0.00902641,0.7690226,0.60620964,0.12993422,0.05133615,0.05146603,0.06480918,0.12224293,0.8339248,0.7690226,0.002522558,0.07770374,0.05133615,0.6630675,0.03184189,0.2459687,0.048500706,0.0052832854,0.0070343376,0.16387334,0.35976484,0.32288983,0.05185274,0.045583792,0.046046793,0.46547952,0.5527666,0.35984704,0.019713491,0.10142573,0.045384444,0.3529387,0.9278876,0.5782668,0.04791404,0.0050828974,0.48611322,0.25529057,0.22693188,0.8268257,0.10098664,0.9678312,1.0047387
pork,pork_portion40_day0_rep3,pork_portion40,0,3,Fresh,0,0.872819,0.36160243,0.24253626,0.031104924,0.031472463,0.03282605,0.029808411,0.7210147,0.872819,0.0019229306,0.028966334,0.031104924,0.5645167,0.19861108,0.17201917,0.027253067,0.004427426,0.0055672075,0.9211652,0.62105465,0.0,0.025998794,0.03099307,0.0,0.11035308,1.0,0.9211652,0.0036766066,0.0,0.025998794,0.7162747,0.0881074,0.2953776,0.025519002,0.008846908,0.007859844,0.71842265,0.53893894,0.036498178,0.047944974,0.049996797,0.055100046,0.12065457,0.9518961,0.71842265,0.0025868525,0.07012146,0.047944974,0.6043744,0.042929158,0.24738677,0.04663541,0.0055642715,0.009486676,0.1648601,0.379322,0.35372496,0.0491675,0.044796325,0.04507675,0.4776417,0.57417995,0.379322,0.0047870516,0.096519865,0.044796325,0.37193397,0.92491144,0.9675609,0.047075134,0.0027986835,0.16640994,0.22463046,0.17749865,1.0942974,0.12986864,1.1272275,1.1621412
pork,pork_portion01_day1_rep1,pork_portion01,1,1,Fresh,0,0.20847858,0.38783157,0.32692483,0.05705817,0.05665091,0.05479279,0.4413938,0.47175997,0.38783157,0.00498777,0.08490671,0.05665091,0.3823324,0.92723083,0.014914309,0.05903891,0.0034754877,0.0030642685,0.75895137,0.5433602,0.004730911,0.034707207,0.037773885,0.0160087,0.11700025,0.9939227,0.75895137,0.00308248,0.019744791,0.034707207,0.6191213,0.058128845,0.25969797,0.034252223,0.005741483,0.009721588,0.94478774,0.5929053,0.0007550931,0.032911703,0.041911,0.010690275,0.102439635,0.9992272,0.94478774,0.0046753855,0.0107222935,0.032911703,0.7074254,0.11216214,0.29483914,0.033422418,0.012029048,0.009928278,0.8491654,0.38963547,0.2512819,0.049034175,0.05424711,0.054083325,0.036608048,0.7049821,0.8491654,0.002446551,0.050459158,0.049034175,0.56786406,0.17758685,0.16753152,0.046155892,0.0073157586,0.0066599958,0.9334486,0.9210757,0.78719765,0.10932573,0.15934923,0.19991247
pork,pork_portion02_day1_rep1,pork_portion02,1,1,Fresh,0,0.18537718,0.39162678,0.34197,0.059124928,0.056121714,0.057184026,0.45799556,0.537236,0.39162678,0.0044032983,0.09532458,0.056121714,0.38371184,0.92210233,0.0064625978,0.058261864,0.0031501818,0.00310719,0.8416014,0.6186713,0.0,0.042525336,0.041947708,0.0,0.12045726,1.0,0.8416014,0.0035528287,0.0,0.042525336,0.6908985,0.05531504,0.28355908,0.038046997,0.007890439,0.012149646,0.935858,0.57636553,0.0,0.026649635,0.023204409,0.0,0.10076146,1.0,0.935858,0.0024412114,0.0,0.026649635,0.69498324,0.11661761,0.29146773,0.021178748,0.006386522,0.0068473355,0.85774314,0.36244154,0.21882708,0.042827453,0.04199104,0.046411246,0.035562683,0.7449869,0.85774314,0.002230927,0.04350464,0.042827453,0.5580123,0.192149,0.18064496,0.03729958,0.005005999,0.007178784,0.9604511,0.90935326,0.7704233,0.06194544,0.2167339,0.19169693
pork,pork_portion03_day1_rep1,pork_portion03,1,1,Fresh,0,0.20968546,0.39648554,0.34391835,0.062616624,0.0588346,0.058214556,0.45110363,0.48384508,0.39648554,0.0058110654,0.10703244,0.0588346,0.39091814,0.9269787,0.009761445,0.061934277,0.0036533189,0.025994334,0.7970358,0.57008874,0.0023038723,0.043367494,0.045828342,0.01296601,0.11697868,0.997282,0.7970358,0.0034759585,0.014664047,0.043367494,0.64737386,0.06093926,0.26954532,0.041535158,0.0061912574,0.012587359,0.9274267,0.7415434,0.0032026134,0.028118592,0.026508791,0.013655071,0.13136908,0.99630886,0.9274267,0.002012952,0.015206146,0.028118592,0.79190594,0.03039873,0.31377646,0.02403636,0.003530987,0.007911475,0.8587071,0.34220892,0.17882963,0.04479339,0.043629043,0.048632436,0.03795298,0.7922147,0.8587071,0.0025902723,0.049367346,0.04479339,0.54883194,0.20017007,0.19667782,0.03821747,0.005618731,0.006879567,0.9398306,1.0281401,0.7668933,0.15420325,0.18548693,0.31877792
pork,pork_portion04_day1_rep1,pork_portion04,1,1,Fresh,0,0.21636504,0.40564674,0.34258935,0.06328017,0.059320953,0.05847452,0.44231346,0.47818694,0.40564674,0.00397502,0.09869499,0.059320953,0.39947748,0.9240283,0.01510343,0.06202005,0.0027835865,0.0024942025,0.80951333,0.65371853,0.06707347,0.050856218,0.053471178,0.067120254,0.12979437,0.9194663,0.80951333,0.0025723758,0.076796375,0.050856218,0.7045419,0.02427727,0.2742306,0.04850077,0.007162565,0.009208202,0.94169825,0.611314,0.00015157837,0.040935807,0.0481087,0.0030310696,0.10606121,0.9998401,0.94169825,0.0047429623,0.0030772167,0.040935807,0.71696603,0.10168646,0.29694915,0.040105894,0.011349721,0.012283245,0.8143303,0.35211307,0.18956141,0.0463813,0.041256737,0.044741996,0.04144835,0.76744634,0.8143303,0.0021188892,0.04319548,0.0463813,0.5344428,0.1800422,0.18335754,0.038875755,0.0051542786,0.0062922416,0.9847655,0.92546314,0.77462274,0.0816252,0.24789988,0.22881742
pork,pork_portion05_day1_rep1,pork_portion05,1,1,Fresh,0,0.18239583,0.3573852,0.2753648,0.05923456,0.058935817,0.059034705,0.41898555,0.50139254,0.3573852,0.014302766,0.10186354,0.058935817,0.34977052,0.9247526,0.028227152,0.061909392,0.0057499316,0.007097216,0.82196003,0.57051283,0.00038659442,0.04232914,0.039227113,0.0043704426,0.11358382,0.99953693,0.82196003,0.0031937195,0.005046514,0.04232914,0.6551769,0.07151631,0.27348268,0.036636107,0.006576895,0.011739616,0.9567813,0.5770407,0.0,0.021623379,0.028977169,0.0,0.098575324,1.0,0.9567813,0.004759923,0.0,0.021623379,0.7024785,0.12488303,0.29487884,0.020142024,0.013500892,0.005924301,0.8448659,0.38175273,0.25269657,0.045524273,0.05164451,0.05028374,0.03430636,0.700462,0.8448659,0.0037271027,0.049845003,0.045524273,0.5626731,0.17958573,0.164322,0.041795295,0.012460526,0.012878208,0.9388479,0.91394603,0.78684366,0.074452996,0.17930979,0.19895485
pork,pork_portion06_day1_rep1,pork_portion06,1,1,Fresh,0,0.21522641,0.40234625,0.3070051,0.047266915,0.0448255,0.043099295,0.41274825,0.46957266,0.40234625,0.009192674,0.06273548,0.0448255,0.39467686,0.918916,0.033623774,0.046385515,0.003246043,0.0047413125,0.8565715,0.66837585,0.057680834,0.04889573,0.054929126,0.084820986,0.1253229,0.9346285,0.8565715,0.0028414621,0.090784356,0.04889573,0.72674793,0.04080381,0.28322795,0.0487951,0.05646698,0.015381568,0.9439212,0.68081754,0.0003452275,0.03043048,0.045214847,0.00415434,0.11831629,0.99959826,0.9439212,0.0061109816,0.0046379315,0.03043048,0.7589903,0.067712285,0.30708683,0.034128673,0.016578756,0.009999791,0.86705905,0.39762506,0.2578439,0.045352157,0.04689064,0.048437085,0.036360376,0.70282304,0.86705905,0.0019155518,0.041706186,0.045352157,0.57894987,0.18085815,0.1697156,0.041362222,0.0044580414,0.0063132,0.9714188,0.9654294,0.7727917,0.048299912,0.23311915,0.25315487
pork,pork_portion07_day1_rep1,pork_portion07,1,1,Fresh,0,0.20790346,0.41819382,0.37639934,0.046586394,0.041601133,0.04230129,0.46477753,0.50692415,0.41819924,0.00889473,0.063712575,0.04159193,0.41136986,0.92242545,0.3338293,0.043075655,0.0037530137,0.46720138,0.7445512,0.50259936,0.00030315673,0.036578905,0.037134502,0.003226596,0.11039773,0.9996175,0.7445512,0.003561832,0.003906278,0.036578905,0.589221,0.07302929,0.25210807,0.034221116,0.0061566816,0.01070335,0.94150233,0.6327726,0.0008465784,0.037354402,0.046196662,0.010863564,0.109855905,0.9991438,0.94150233,0.0041892533,0.010892711,0.037354402,0.7293793,0.090834044,0.2997105,0.038377292,0.0096491445,0.011546522,0.8540885,0.37410915,0.23070815,0.049751233,0.05101921,0.05408467,0.036283806,0.7308883,0.8540885,0.0019316918,0.049817428,0.049751233,0.56210196,0.185855,0.17599615,0.0449956,0.003920528,0.007201714,0.87165546,0.8909761,0.76822364,0.1490884,0.13877359,0.22872677
pork,pork_portion08_day1_rep1,pork_portion08,1,1,Fresh,0,0.11510376,0.3067467,0.2523436,0.06063561,0.067609385,0.07353142,0.44981265,0.6481931,0.3067467,0.012772479,0.13512497,0.067609385,0.29534227,0.92538536,0.08233773,0.071654506,0.005056314,0.25022924,0.7676464,0.6044012,0.023310848,0.041230008,0.039311416,0.050023694,0.12824295,0.9709447,0.7676464,0.0023883514,0.059369713,0.041230008,0.6609597,0.030607529,0.26735482,0.037094604,0.0035509467,0.0101176165,0.92748314,0.6144486,0.00014045334,0.04023698,0.04805308,0.0024104542,0.10825032,0.9998582,0.92748314,0.004346704,0.0024137518,0.04023698,0.7142419,0.094197385,0.29528376,0.040441833,0.009332533,0.01242188,0.80809903,0.30559424,0.17648165,0.04070924,0.045116954,0.046429846,0.032256965,0.781989,0.80809903,0.00434011,0.048516866,0.04070924,0.51151603,0.19756638,0.1807949,0.036273796,0.009963214,0.0072388467,0.98414165,0.9548279,0.7656013,0.08753678,0.24021092,0.25473642
pork,pork_portion09_day1_rep1,pork_portion09,1,1,Fresh,0,0.14826019,0.3075472,0.22831756,0.050302196,0.04522997,0.04694263,0.41344687,0.52914184,0.3075472,0.02264283,0.107949995,0.04522997,0.29904434,0.92979026,0.029176412,0.048893478,0.0033783973,0.010333594,0.77576977,0.5746834,0.0014793543,0.03523385,0.043311413,0.009219603,0.12127901,0.9981566,0.77576977,0.004674083,0.011112909,0.03523385,0.64407194,0.049233373,0.267472,0.037462246,0.009751791,0.01124061,0.91700304,0.6746415,0.0,0.029591497,0.034483816,0.0,0.120538935,1.0,0.91700304,0.0031102055,0.0,0.029591497,0.747289,0.059369247,0.3024504,0.029450346,0.0067076096,0.009186645,0.8494779,0.37437645,0.26554978,0.036417462,0.038439352,0.04184045,0.029120162,0.6868074,0.8494779,0.002736395,0.037710294,0.036417462,0.561183,0.18536636,0.1569365,0.03341066,0.0042971903,0.008883799,0.9752996,1.0164815,0.7995037,0.10945312,0.193961,0.26774058
pork,pork_portion10_day1_rep1,pork_portion10,1,1,Fresh,0,0.17064932,0.35349676,0.2684397,0.0324384,0.029853083,0.03116531,0.42023438,0.5197375,0.35349676,0.010514277,0.05469395,0.029853083,0.3449885,0.9214445,0.029422015,0.031709537,0.0028476077,0.005995021,0.7394141,0.5316834,0.005169892,0.039645616,0.039886072,0.026606495,0.11745025,0.993524,0.7394141,0.0028072502,0.031467758,0.039645616,0.60589373,0.055588745,0.2548501,0.0372833,0.004094135,0.010944405,0.8901379,0.6094118,0.0,0.04001174,0.038840555,0.0,0.11208807,1.0,0.8901379,0.0026184665,0.0,0.04001174,0.69966686,0.08080623,0.28912464,0.03551484,0.0045919316,0.011455012,0.84951925,0.34413013,0.24945687,0.029392323,0.02783306,0.029219504,0.024291012,0.7051549,0.84951925,0.0018448466,0.025046986,0.029392323,0.5470998,0.19858651,0.15966167,0.025206529,0.002715261,0.0045552473,0.9319848,0.9486384,0.7617972,0.10297605,0.1815652,0.2321843
pork,pork_portion01_day1_rep2,pork_portion01,1,2,Fresh,0,0.21047844,0.3885726,0.32745892,0.05622729,0.056245323,0.055182513,0.44060478,0.4670816,0.3885726,0.004604879,0.082844,0.056245323,0.3832344,0.92763203,0.015145141,0.058641717,0.0037393451,0.0028803383,0.7656424,0.5559257,0.0031036646,0.030690545,0.03238515,0.012081665,0.11881607,0.99600345,0.7656424,0.0027466607,0.014978388,0.030690545,0.6291475,0.054497056,0.2628769,0.029547561,0.005028143,0.008701421,0.94498,0.58935946,0.0012616746,0.03255335,0.042050462,0.015557013,0.10177587,0.9987193,0.94498,0.004621466,0.015622214,0.03255335,0.70543694,0.11405731,0.29432124,0.033488035,0.011863537,0.009926183,0.8483023,0.3854202,0.24825108,0.04969469,0.054270457,0.054292154,0.036035124,0.7082442,0.8483023,0.0020821127,0.050377112,0.04969469,0.5654933,0.17908497,0.16801803,0.0465476,0.0066077057,0.0064944816,0.9403239,0.91850835,0.7854369,0.10176564,0.16903318,0.19941245
pork,pork_portion02_day1_rep2,pork_portion02,1,2,Fresh,0,0.1949407,0.39678967,0.3430539,0.05817895,0.05481312,0.05537982,0.45381728,0.51848245,0.39678967,0.0046900874,0.09272778,0.05481312,0.38947946,0.9222644,0.008887794,0.057055116,0.003797497,0.0035638816,0.83969057,0.61904883,0.0,0.04106166,0.041116334,0.0,0.12083146,1.0,0.83969057,0.0033918156,0.0,0.04106166,0.6905952,0.05431826,0.2833229,0.037152242,0.0074277767,0.011839591,0.92023987,0.56734306,0.0,0.04195133,0.031142686,0.0,0.10084847,1.0,0.92023987,0.002081649,0.0,0.04195133,0.6846882,0.11470169,0.28787225,0.031402703,0.0053299544,0.010499977,0.85518634,0.36169735,0.21115091,0.04165484,0.04167418,0.044958945,0.03679566,0.7529901,0.85518634,0.0019507923,0.042891894,0.04165484,0.55646706,0.19120096,0.18379796,0.036563765,0.0052800328,0.007010011,0.9588096,0.9039569,0.7700209,0.06084199,0.21594548,0.18200071
pork,pork_portion03_day1_rep2,pork_portion03,1,2,Fresh,0,0.20927708,0.3934884,0.33884218,0.06377722,0.05925782,0.05839143,0.44849423,0.48163128,0.3934884,0.0055874,0.11283675,0.05925782,0.3879976,0.92736864,0.010549549,0.06251852,0.004355558,0.0036067266,0.79276186,0.5668067,0.0010757697,0.042725857,0.045060165,0.0088374745,0.11702732,0.9987248,0.79276186,0.0036465228,0.010066029,0.042725857,0.64402604,0.060772102,0.26863495,0.040938403,0.006495656,0.012652418,0.9233404,0.73606443,0.004409677,0.02904759,0.02647279,0.015305005,0.13077186,0.9948903,0.9233404,0.0019573334,0.017027065,0.02904759,0.7874811,0.03137076,0.31225407,0.024318947,0.0035653908,0.008070436,0.85582495,0.3404614,0.16811262,0.0455889,0.04346638,0.04973651,0.039685827,0.8041893,0.85582495,0.0023328643,0.05103572,0.0455889,0.54664296,0.19976807,0.20060606,0.038535506,0.0051490846,0.0068175746,0.9397597,1.0263649,0.7685652,0.15279539,0.1828422,0.31436595
pork,pork_portion04_day1_rep2,pork_portion04,1,2,Fresh,0,0.2174193,0.40302807,0.33842418,0.06392592,0.059831258,0.06008205,0.43977714,0.4726533,0.40302807,0.006555063,0.102966525,0.059831258,0.3970848,0.92509204,0.016207563,0.06265525,0.0033023525,0.0040131113,0.82831275,0.66844904,0.06565366,0.04034407,0.046450898,0.06575462,0.12972613,0.92220217,0.82831275,0.0024077434,0.07494337,0.04034407,0.719177,0.025058782,0.27956933,0.040926408,0.007316799,0.007139318,0.94314694,0.60969836,0.0002744552,0.039139703,0.048194032,0.0046064765,0.10562944,0.9997159,0.94314694,0.004992649,0.004649477,0.039139703,0.71648914,0.10308142,0.29690495,0.039473638,0.012107932,0.011935305,0.80773365,0.34966943,0.1891288,0.048623666,0.04423909,0.050218035,0.04134936,0.76665956,0.80773365,0.0024383904,0.050614916,0.048623666,0.5305987,0.17871986,0.18149827,0.041517727,0.004679065,0.0071522132,0.99154556,0.9254792,0.7760273,0.079970494,0.26228124,0.23150621
pork,pork_portion05_day1_rep2,pork_portion05,1,2,Fresh,0,0.1861084,0.3577826,0.27158943,0.059164822,0.05908272,0.060649335,0.41324398,0.4917648,0.3577826,0.019397642,0.09694753,0.05908272,0.35037428,0.9250189,0.030810988,0.06223921,0.0046285912,0.009776092,0.8156097,0.5707041,0.004248366,0.045190576,0.041607145,0.023160286,0.11430968,0.9950159,0.8156097,0.0034930906,0.02654064,0.045190576,0.65337986,0.06871423,0.27191257,0.038773008,0.008494552,0.011995657,0.95162857,0.5815466,0.0,0.025492301,0.023259612,0.0,0.0998672,1.0,0.95162857,0.0035383694,0.0,0.025492301,0.70323545,0.12055921,0.2945528,0.019042823,0.01051933,0.0061605833,0.8467208,0.37549528,0.2426911,0.041765537,0.053622574,0.05083602,0.03471517,0.7132047,0.8467208,0.0035385771,0.049598314,0.041765537,0.56036294,0.18272132,0.168769,0.041187115,0.013182338,0.010134198,0.9397872,0.9171838,0.7836666,0.07540598,0.17968962,0.20024547
pork,pork_portion06_day1_rep2,pork_portion06,1,2,Fresh,0,0.2186009,0.40075293,0.30093727,0.049718753,0.045915756,0.045270883,0.40613723,0.45964852,0.40075293,0.012409778,0.06591156,0.045915756,0.3934525,0.91961205,0.03658973,0.04784133,0.0029548116,0.0056414525,0.85337925,0.6633611,0.045892444,0.05166245,0.05531467,0.08697214,0.12528072,0.94867635,0.85337925,0.002872462,0.09265671,0.05166245,0.72258306,0.0398597,0.28339833,0.04984526,0.03636637,0.016443126,0.94651455,0.6828574,0.000248366,0.029715521,0.046822686,0.004334047,0.1182785,0.9997373,0.94651455,0.006238116,0.004452823,0.029715521,0.7609729,0.06776515,0.3077732,0.035251863,0.016605655,0.0102389855,0.8638457,0.3941052,0.25627926,0.045535225,0.046770778,0.048782453,0.03561276,0.70353967,0.8638457,0.001124132,0.04186031,0.045535225,0.5759298,0.18122926,0.16902693,0.041483674,0.0037096834,0.0058876104,0.9711877,0.96656865,0.77204067,0.053353816,0.23360938,0.25761518
pork,pork_portion07_day1_rep2,pork_portion07,1,2,Fresh,0,0.20245197,0.41385242,0.36582893,0.043841854,0.040807597,0.042580083,0.46031684,0.51436526,0.41385242,0.006509781,0.061532494,0.040807597,0.4062175,0.9210039,0.07533439,0.041715045,0.0026890694,0.2541048,0.73304695,0.4957046,0.0007578921,0.038913123,0.040919732,0.006743172,0.11049339,0.9990738,0.73304695,0.0038773366,0.008009309,0.038913123,0.5812326,0.071690135,0.24930772,0.037635494,0.0061952467,0.011566935,0.93660086,0.63247347,0.00012562129,0.037862252,0.045415863,0.0020993422,0.1104581,0.999862,0.93660086,0.004324894,0.0021675313,0.037862252,0.72773135,0.08890731,0.299106,0.03794272,0.010000001,0.011564156,0.8516045,0.37073278,0.22869441,0.04929859,0.05069678,0.053640533,0.03611466,0.73241544,0.8516045,0.0019202807,0.04972067,0.04929859,0.5594609,0.18640472,0.17586513,0.044555,0.0045010326,0.0071972236,0.8844381,0.91968995,0.75711685,0.15568615,0.13793933,0.23023686
pork,pork_portion08_day1_rep2,pork_portion08,1,2,Fresh,0,0.1207228,0.31051815,0.25417325,0.06257673,0.067553535,0.07441303,0.4475918,0.6351729,0.31051815,0.01395375,0.13618992,0.067553535,0.29940325,0.9254581,0.09671918,0.07169701,0.0040463335,0.2703487,0.74225396,0.5857263,0.015262919,0.055283844,0.048181176,0.04002505,0.12892902,0.9800667,0.74225396,0.0025215182,0.049402054,0.055283844,0.64154726,0.028843187,0.26219472,0.04707926,0.0054060514,0.014565453,0.92845386,0.616976,0.00327449,0.038867913,0.04400397,0.028961794,0.10844783,0.99643975,0.92845386,0.00393981,0.031158935,0.038867913,0.7160778,0.09332826,0.29501063,0.037365463,0.009412757,0.012834138,0.81298035,0.29929852,0.1718553,0.03998452,0.050510935,0.046036415,0.03136943,0.78895617,0.81298035,0.007085604,0.048055388,0.03998452,0.51126933,0.20144957,0.1833495,0.036465358,0.014563808,0.0071221595,0.9738393,0.9515132,0.7593289,0.103874974,0.23017791,0.2571088
pork,pork_portion09_day1_rep2,pork_portion09,1,2,Fresh,0,0.15298769,0.29900998,0.20587,0.04378714,0.046251494,0.051121898,0.38797316,0.49715218,0.29900998,0.030574476,0.09055402,0.046251494,0.29066738,0.9313133,0.038845167,0.04940359,0.005431298,0.010773794,0.7729346,0.5694874,0.00083070406,0.03737501,0.043581676,0.006185808,0.12068308,0.99894184,0.7729346,0.004950716,0.0075821937,0.03737501,0.639954,0.05067227,0.2663448,0.037945166,0.01069817,0.011593587,0.91520417,0.67407507,0.0,0.029464807,0.035162114,0.0,0.12068518,1.0,0.91520417,0.003297588,0.0,0.029464807,0.74647474,0.058893666,0.3021039,0.029718135,0.0072821476,0.009209408,0.84430116,0.37229514,0.25830078,0.03962122,0.040739957,0.0434908,0.030432146,0.69377244,0.84430116,0.0027925274,0.03864406,0.03962122,0.55786645,0.1841896,0.15917571,0.03605771,0.0033615006,0.008272332,0.97431296,1.0189118,0.8025388,0.11266313,0.18986955,0.26776972
pork,pork_portion10_day1_rep2,pork_portion10,1,2,Fresh,0,0.1751342,0.35810798,0.26883543,0.030619308,0.027729858,0.030547438,0.4164749,0.51277715,0.35810798,0.013077246,0.05228947,0.027729858,0.34962913,0.920658,0.03171427,0.029417017,0.0032162506,0.007611224,0.74321616,0.53429425,0.0035321927,0.03885493,0.039179627,0.022643797,0.117555246,0.99567574,0.74321616,0.0029617294,0.026022062,0.03885493,0.60867083,0.055859365,0.25607315,0.036583178,0.0039039177,0.010844373,0.89814126,0.6186111,0.0,0.038444538,0.04027939,0.0,0.11275622,1.0,0.89814126,0.0031460577,0.0,0.038444538,0.70769674,0.07958964,0.29163972,0.035677556,0.0062486897,0.011330631,0.84826654,0.34135103,0.24673875,0.029627042,0.028617974,0.029956553,0.023938734,0.7080243,0.84826654,0.001486502,0.026136713,0.029627042,0.54542816,0.19925013,0.16023274,0.025723336,0.002339234,0.0043166936,0.9302237,0.9503523,0.7584745,0.10786212,0.18370067,0.24066058
pork,pork_portion01_day1_rep3,pork_portion01,1,3,Fresh,0,0.21078165,0.3882191,0.32530913,0.0553088,0.056035325,0.053545,0.43879005,0.46545595,0.3882191,0.006714654,0.08149912,0.056035325,0.3828916,0.9276404,0.01617002,0.05824218,0.0043245642,0.0040496103,0.7677335,0.55933094,0.002973947,0.03065487,0.032161903,0.011633085,0.11916788,0.9961321,0.7677335,0.0026362678,0.014450031,0.03065487,0.6319539,0.053694185,0.26369223,0.0293993,0.0049207625,0.008668526,0.9440056,0.59242207,0.0013217545,0.032306228,0.042036656,0.015941074,0.10246822,0.9986496,0.9440056,0.0046820147,0.016022904,0.032306228,0.70689213,0.11207757,0.29461357,0.033298716,0.012220474,0.00980685,0.84849334,0.38805708,0.24779415,0.049601734,0.054110117,0.053886432,0.03695315,0.70890296,0.84849334,0.0023939712,0.05018527,0.049601734,0.56678927,0.17803568,0.16886309,0.046467163,0.0067699095,0.0061625126,0.9418499,0.920679,0.78679144,0.0999024,0.16941015,0.19948049
pork,pork_portion02_day1_rep3,pork_portion02,1,3,Fresh,0,0.19036263,0.40030107,0.34697977,0.06460832,0.058845088,0.060385376,0.4559949,0.5378541,0.40030107,0.006036134,0.11112403,0.058845088,0.39201275,0.9205261,0.008320261,0.061316073,0.0028076875,0.004220246,0.84909236,0.6316421,0.0,0.03722533,0.038661104,0.0,0.121976614,1.0,0.84909236,0.0038761753,0.0,0.03722533,0.7012131,0.051995695,0.2865959,0.03419056,0.00897215,0.010754316,0.92082703,0.5669771,0.0,0.040776413,0.031401087,0.0,0.100648224,1.0,0.92082703,0.0022564938,0.0,0.040776413,0.68464327,0.11507883,0.28789052,0.031117024,0.0055318307,0.010260001,0.85755396,0.36357218,0.21462166,0.042486213,0.04176027,0.046027537,0.03669462,0.74982226,0.85755396,0.0022043549,0.043517202,0.042486213,0.5583754,0.19141705,0.18291283,0.036903862,0.0055512446,0.006961974,0.9630095,0.90140855,0.76795775,0.06523586,0.22492467,0.18108399
pork,pork_portion03_day1_rep3,pork_portion03,1,3,Fresh,0,0.20647952,0.3966182,0.3401018,0.06486795,0.061405707,0.060404226,0.4486198,0.49399078,0.3966182,0.0039299754,0.11401648,0.061405707,0.39039302,0.92512447,0.011143111,0.06469924,0.0036945117,0.0030709542,0.79543686,0.56744325,0.000783768,0.045438956,0.045554694,0.007119938,0.11671998,0.9990826,0.79543686,0.0031460836,0.007980649,0.045438956,0.645272,0.06162196,0.26907802,0.042088613,0.0047596367,0.013179438,0.9239411,0.7389326,0.0045584743,0.030090297,0.026872652,0.016528727,0.13132767,0.994618,0.9239411,0.0020366344,0.01900266,0.030090297,0.7893998,0.030224888,0.3127477,0.024727855,0.003919931,0.0086714635,0.8569849,0.3417816,0.17052369,0.044829935,0.043605465,0.04816976,0.039563116,0.8014395,0.8569849,0.0020088986,0.0492184,0.044829935,0.5477101,0.19964308,0.20003445,0.038262025,0.0051430115,0.0068008327,0.93655235,1.0251912,0.7659973,0.15383638,0.1825792,0.31594414
pork,pork_portion04_day1_rep3,pork_portion04,1,3,Fresh,0,0.2123726,0.40568712,0.3393756,0.06471811,0.060483545,0.059745554,0.44080898,0.48907614,0.40568712,0.004922944,0.10402151,0.060483545,0.39879948,0.92243356,0.016507937,0.06332209,0.0030960545,0.0033591478,0.8186954,0.6559785,0.04895853,0.048057508,0.052237447,0.064468786,0.12952274,0.9421037,0.8186954,0.0026687328,0.07340852,0.048057508,0.70841444,0.027020458,0.27878585,0.0468755,0.0075972243,0.010082231,0.93927187,0.61000496,0.00029357147,0.042098243,0.050150353,0.005329963,0.1060637,0.99969816,0.93927187,0.004926661,0.005343218,0.042098243,0.715407,0.10134454,0.29632849,0.041697532,0.011659978,0.012691403,0.8083843,0.3502386,0.18475656,0.049500432,0.04459623,0.050547767,0.04233656,0.7723173,0.8083843,0.0025289655,0.05083674,0.049500432,0.53109515,0.17854644,0.1839134,0.04198243,0.0049183685,0.0077897166,0.9830645,0.92343223,0.7738829,0.076685786,0.2517996,0.22927745
pork,pork_portion05_day1_rep3,pork_portion05,1,3,Fresh,0,0.1845337,0.35869038,0.27082443,0.059174336,0.058476113,0.0599729,0.4128848,0.4976926,0.35869038,0.019079534,0.098879635,0.058476113,0.35096374,0.9239593,0.031579778,0.061629962,0.0046478542,0.009736495,0.8235508,0.5696491,0.00045473521,0.0433883,0.03971172,0.004902595,0.11324856,0.9994674,0.8235508,0.0032199838,0.0055571757,0.0433883,0.6551281,0.07263576,0.27360934,0.037238788,0.006669009,0.011940323,0.9626719,0.58596456,0.0,0.021153424,0.024465473,0.0,0.09946155,1.0,0.9626719,0.0032822702,0.0,0.021153424,0.70933145,0.122992046,0.29685888,0.019138921,0.0090074865,0.005856125,0.8500987,0.37507695,0.23997994,0.04112477,0.053322572,0.05369985,0.034925643,0.7175618,0.8500987,0.0030450916,0.053426303,0.04112477,0.56150866,0.18404295,0.17077638,0.04086663,0.012861375,0.011936881,0.9358665,0.91670555,0.7817807,0.0775519,0.17818749,0.20365556
pork,pork_portion06_day1_rep3,pork_portion06,1,3,Fresh,0,0.21284677,0.4005211,0.30480105,0.04756797,0.044236228,0.0439056,0.41283822,0.47318056,0.4005211,0.009498005,0.06480734,0.044236228,0.39277607,0.9186775,0.033759236,0.046084676,0.0035809053,0.0051917965,0.85557747,0.6704988,0.053687736,0.05499227,0.061667092,0.10002489,0.12607306,0.94047564,0.85557747,0.0031109734,0.10595164,0.05499227,0.727769,0.03844484,0.28277448,0.054829944,0.04843454,0.019269591,0.9475624,0.6843874,8.360978e-05,0.03009976,0.046923045,0.0019523549,0.1183913,0.99990696,0.9475624,0.0063602524,0.0020534156,0.03009976,0.76223963,0.06751135,0.3081026,0.035222508,0.017055145,0.010238609,0.86782753,0.39929476,0.25889587,0.046227314,0.04888286,0.0509099,0.036355108,0.701999,0.86782753,0.0020101198,0.043898296,0.046227314,0.5800688,0.18043149,0.16969524,0.042752218,0.004961838,0.0070538037,0.97418606,0.9676008,0.77366936,0.051716533,0.23401381,0.2551348
pork,pork_portion07_day1_rep3,pork_portion07,1,3,Fresh,0,0.21110688,0.41925755,0.37387064,0.04644506,0.043097887,0.044020623,0.46165365,0.5005268,0.41925755,0.008995696,0.061375536,0.043097887,0.41246814,0.92216974,0.26589036,0.04440876,0.002594588,0.4361453,0.7366749,0.4955386,0.0008142414,0.040234093,0.039233483,0.0073244153,0.10987004,0.99901974,0.7366749,0.0030659966,0.008605633,0.040234093,0.582296,0.07336977,0.24979535,0.037043743,0.0040818034,0.011478739,0.9404646,0.6361896,0.000888386,0.03832237,0.046331525,0.008133595,0.110591315,0.9990697,0.9404646,0.0041173724,0.008340999,0.03832237,0.73105425,0.08871615,0.30008048,0.038782943,0.009354705,0.011719039,0.8523978,0.37030682,0.22681569,0.05214014,0.05212153,0.055936933,0.03622123,0.7351101,0.8523978,0.0019218021,0.05224237,0.05214014,0.55954635,0.18687157,0.17683204,0.046369925,0.0043664193,0.0072050453,0.8657724,0.8929227,0.7551336,0.15777554,0.13683513,0.23289402
pork,pork_portion08_day1_rep3,pork_portion08,1,3,Fresh,0,0.12811795,0.32379645,0.2646039,0.060288824,0.06762804,0.07511796,0.44661477,0.6239811,0.32379645,0.0136575755,0.12114356,0.06762804,0.31283277,0.9232069,0.07175587,0.07112893,0.0043612556,0.22799064,0.77315223,0.60947835,0.024426412,0.040289633,0.038512487,0.050812986,0.12818538,0.96961486,0.77315223,0.0026278077,0.060097,0.040289633,0.6658337,0.030409526,0.2687629,0.03632447,0.0038540673,0.010351377,0.92580223,0.61816466,0.0029372545,0.040912848,0.04677051,0.026740193,0.10898311,0.9968589,0.92580223,0.0042770547,0.028297152,0.040912848,0.71596026,0.09162032,0.2949331,0.039645478,0.010185033,0.013030995,0.81342137,0.3049158,0.1726516,0.039609205,0.05080663,0.04837381,0.0325288,0.7880356,0.81342137,0.005589971,0.051097214,0.039609205,0.51370156,0.19943799,0.18393216,0.03735693,0.013308947,0.007749011,0.9800554,0.95071346,0.7594559,0.083332546,0.24271603,0.25466534
pork,pork_portion09_day1_rep3,pork_portion09,1,3,Fresh,0,0.14741749,0.3071503,0.21558487,0.046249695,0.04346246,0.049044285,0.40019238,0.52916396,0.3071503,0.026943257,0.098503225,0.04346246,0.29789466,0.92740583,0.036513247,0.046875086,0.003893889,0.012479282,0.7739241,0.572812,0.00053355604,0.035282105,0.043507144,0.004498814,0.12121822,0.99931854,0.7739241,0.0050176783,0.005524131,0.035282105,0.64238954,0.049405552,0.2670346,0.037408907,0.010689449,0.011385721,0.916714,0.6747373,0.0,0.03031453,0.03431678,0.0,0.12056247,1.0,0.916714,0.0031397096,0.0,0.03031453,0.7472683,0.05915648,0.30239597,0.029473092,0.0069115055,0.009206274,0.84945816,0.3744883,0.25440025,0.04148506,0.043844778,0.04579323,0.031661436,0.7004107,0.84945816,0.0028911068,0.041195918,0.04148506,0.56090194,0.18490979,0.16279396,0.0381628,0.004136954,0.0080594085,0.9709281,1.013157,0.79775935,0.111108355,0.1893878,0.26464134
pork,pork_portion10_day1_rep3,pork_portion10,1,3,Fresh,0,0.17153697,0.35254747,0.26204625,0.032401305,0.030592194,0.032512184,0.41432866,0.5156663,0.35254747,0.01326393,0.05517204,0.030592194,0.34394908,0.92093325,0.032681145,0.032349117,0.0031543353,0.006680869,0.7465816,0.537008,0.0038724095,0.03912491,0.039694507,0.022885272,0.11759215,0.995207,0.7465816,0.0029173794,0.026474008,0.03912491,0.61133426,0.05595944,0.2569419,0.037045665,0.0039023112,0.010900757,0.90037966,0.6205678,0.0,0.037611503,0.038555454,0.0,0.11281329,1.0,0.90037966,0.0028740652,0.0,0.037611503,0.7095507,0.079545945,0.29222494,0.034409087,0.0053466577,0.010986328,0.8497136,0.3435796,0.24430397,0.02790873,0.026820045,0.028266486,0.025080234,0.71127504,0.8497136,0.0021090114,0.024705658,0.02790873,0.54691464,0.19880103,0.16225557,0.02411137,0.0026391952,0.004492521,0.9327204,0.95339394,0.76122236,0.10699383,0.18308224,0.23992561
pork,pork_portion11_day1_rep1,pork_portion11,1,1,Fresh,0,0.21467657,0.4314925,0.38300204,0.05680234,0.05449485,0.053875566,0.4611674,0.5092502,0.4314925,0.0037714017,0.07295207,0.05449485,0.423548,0.91960126,0.0069586337,0.055380106,0.003313261,0.049620792,0.8321766,0.60885334,0.0,0.039847,0.039436843,0.0,0.11986599,1.0,0.8321766,0.0028127688,0.0,0.039847,0.6819989,0.056217518,0.28072315,0.036136057,0.0052587665,0.011590811,0.9322863,0.6504895,0.00016112295,0.038289793,0.041899674,0.0028086214,0.11424332,0.9998254,0.9322863,0.00367703,0.0028643685,0.038289793,0.73711926,0.07801803,0.30106008,0.03614031,0.008325403,0.011228756,0.82648104,0.31630197,0.16320576,0.047291122,0.048406366,0.056860387,0.03648403,0.80363935,0.82648104,0.003153382,0.059923384,0.047291122,0.52365744,0.19939609,0.19251388,0.041389056,0.0062554167,0.010613009,0.9418999,0.9450317,0.750432,0.062666625,0.23098269,0.26847878
pork,pork_portion12_day1_rep1,pork_portion12,1,1,Fresh,0,0.16317596,0.36563295,0.29099295,0.08069534,0.08981528,0.09826854,0.4338637,0.5815361,0.36563295,0.022614015,0.14739673,0.08981528,0.35470146,0.91864914,0.08067703,0.093023404,0.005751061,0.2284563,0.84615785,0.5732269,7.1003335e-05,0.041180268,0.044074897,0.0015609985,0.11085693,0.99991536,0.84615785,0.00487157,0.0016983594,0.041180268,0.66439855,0.08051266,0.2774858,0.038237493,0.011234177,0.012036135,0.92911965,0.6171913,0.00097493076,0.042795286,0.061183408,0.009562518,0.10850261,0.9989785,0.92911965,0.006802144,0.009865211,0.042795286,0.7164608,0.09347083,0.29583701,0.04828775,0.016850978,0.014204588,0.8554642,0.36673164,0.21476637,0.05049776,0.056661777,0.06372992,0.037575323,0.7504729,0.8554642,0.002661414,0.0620331,0.05049776,0.55918354,0.18911886,0.18277216,0.04732381,0.007116582,0.011024868,0.9149419,0.92632765,0.76449376,0.056702398,0.17842695,0.2160286
pork,pork_portion13_day1_rep1,pork_portion13,1,1,Fresh,0,0.17643562,0.40822595,0.3628446,0.06739941,0.06505635,0.06661589,0.46536988,0.5816019,0.40822595,0.0063880193,0.11168027,0.06505635,0.39828262,0.91651076,0.17938305,0.06637315,0.004159898,0.37918624,0.8489885,0.64773595,0.0,0.04444689,0.04390459,0.0,0.12504198,1.0,0.8489885,0.0025523216,0.0,0.04444689,0.71127266,0.043721102,0.28901443,0.040368732,0.004185935,0.012930606,0.95644087,0.6738821,0.0,0.022616083,0.021147048,0.0,0.11538933,1.0,0.95644087,0.002040362,0.0,0.022616083,0.75836426,0.07660072,0.3078292,0.019211026,0.0032203628,0.0061117625,0.8106632,0.28620672,0.094199285,0.03733042,0.033748917,0.044762913,0.04275102,0.8838211,0.8106632,0.0033244595,0.051356114,0.03733042,0.503315,0.20516728,0.21398179,0.029150745,0.008538589,0.0072884094,0.93367213,0.92282504,0.7198878,0.06043744,0.27375385,0.30064404
pork,pork_portion14_day1_rep1,pork_portion14,1,1,Fresh,0,0.17486116,0.33872953,0.24509247,0.061207782,0.060714893,0.061185025,0.40219343,0.49705747,0.33872953,0.010229202,0.096258655,0.060714893,0.33070204,0.9259082,0.036431454,0.06430471,0.0046976074,0.004859604,0.8111441,0.5836939,0.00012698674,0.041899826,0.04546114,0.0019137244,0.11779947,0.9998416,0.8111441,0.003912467,0.002223535,0.041899826,0.6600541,0.060055725,0.27394217,0.04056838,0.0075612823,0.012747349,0.9653376,0.65436965,0.0,0.020037329,0.02922914,0.0,0.11098119,1.0,0.9653376,0.0032224406,0.0,0.020037329,0.7494697,0.08996831,0.30623305,0.022989038,0.007567388,0.006771206,0.82204705,0.36191705,0.15326217,0.041319318,0.041143626,0.048938204,0.050052594,0.81391793,0.82204705,0.002552212,0.05276462,0.041319318,0.5417799,0.17757143,0.20283607,0.03643927,0.0067700325,0.0075656096,0.9563392,0.973116,0.79514295,0.0996625,0.18125896,0.24799255
pork,pork_portion15_day1_rep1,pork_portion15,1,1,Fresh,0,0.11634647,0.30723345,0.24149673,0.080696724,0.083480805,0.08325657,0.44023943,0.6643091,0.30723345,0.0099871,0.17710231,0.083480805,0.29463413,0.923634,0.019284017,0.08880769,0.0052239234,0.0066244784,0.8555543,0.68226296,0.00811678,0.05187635,0.05523944,0.020259978,0.13049066,0.9904471,0.8555543,0.0036281464,0.022707064,0.05187635,0.73494285,0.029255712,0.29448694,0.049647983,0.006982572,0.0150373615,0.9680692,0.7540185,0.0,0.019129647,0.021191103,0.0,0.12815125,1.0,0.9680692,0.001983957,0.0,0.019129647,0.8105342,0.041657947,0.3211783,0.01807603,0.0040720003,0.0058086347,0.8650116,0.37624097,0.23476475,0.044054933,0.04380529,0.046018925,0.0355135,0.7286027,0.8650116,0.0012295424,0.041012034,0.044054933,0.5676084,0.1890941,0.17684825,0.038821883,0.004474781,0.0067510605,1.0341765,1.0654458,0.7993061,0.081119,0.25959197,0.31871855
pork,pork_portion16_day1_rep1,pork_portion16,1,1,Fresh,0,0.13036582,0.3106606,0.23964888,0.07411993,0.07843958,0.088170834,0.4303288,0.6129367,0.3106606,0.020650588,0.1586958,0.07843958,0.29937196,0.9253711,0.05349373,0.08373196,0.0048363274,0.16711788,0.8051366,0.5878423,0.008528716,0.0628355,0.0647673,0.037169635,0.11903244,0.99068266,0.8051366,0.0039161374,0.039211202,0.0628355,0.6606659,0.055411607,0.27222666,0.059095316,0.007464434,0.016685577,0.89113736,0.69319725,0.0,0.025384301,0.030295223,0.0,0.12790103,1.0,0.89113736,0.0029852507,0.0,0.025384301,0.7517302,0.038902327,0.3018842,0.025641657,0.00677266,0.008044584,0.85740715,0.39190313,0.21934685,0.043827884,0.043029837,0.044563543,0.043558054,0.74430734,0.85740715,0.0022404355,0.041149117,0.043827884,0.57143056,0.17872429,0.18557629,0.038939346,0.0034028722,0.0058237724,0.967061,1.0257449,0.8055701,0.09718451,0.17514923,0.256097
pork,pork_portion17_day1_rep1,pork_portion17,1,1,Fresh,0,0.156396,0.35572526,0.28687707,0.054835353,0.050036356,0.052314088,0.4401441,0.57130975,0.35572526,0.011506514,0.09792656,0.050036356,0.34616846,0.92008144,0.018754238,0.052869983,0.0034628143,0.0075114644,0.81930023,0.5957879,0.0,0.038113546,0.042550147,0.0,0.11908986,1.0,0.81930023,0.0037166865,0.0,0.038113546,0.6700883,0.057333056,0.27696002,0.03765233,0.007447626,0.011765969,0.9401144,0.6588577,0.0,0.018717302,0.016117739,0.0,0.11449375,1.0,0.9401144,0.0015557593,0.0,0.018717302,0.74459034,0.07704175,0.30346417,0.015112048,0.0027172447,0.004992451,0.84655017,0.35940728,0.21632355,0.039468262,0.04311169,0.043697897,0.036054257,0.74434674,0.84655017,0.0031452193,0.041901343,0.039468262,0.55203176,0.18927461,0.17892754,0.03579382,0.0088447165,0.0060846186,0.95704186,0.97494394,0.7759599,0.08149514,0.20237659,0.25531235
pork,pork_portion18_day1_rep1,pork_portion18,1,1,Fresh,0,0.15758714,0.34085065,0.2707515,0.044438798,0.04108246,0.040765572,0.4341945,0.54467624,0.34085065,0.0049179276,0.079359606,0.04108246,0.33222657,0.92435294,0.020803522,0.04369352,0.0032620125,0.002782533,0.73817956,0.46533823,0.0,0.03537081,0.03539612,0.0,0.10297902,1.0,0.73817956,0.0033423183,0.0,0.03537081,0.5644467,0.08988225,0.24595222,0.033202894,0.0041411947,0.01047066,0.93986547,0.71937263,0.0,0.021595148,0.022401374,0.0,0.12534967,1.0,0.93986547,0.0014497164,0.0,0.021595148,0.7813357,0.046610437,0.31209758,0.019644197,0.003602093,0.006315161,0.8474767,0.344959,0.1813659,0.041959383,0.044613097,0.051447652,0.03879595,0.7863488,0.8474767,0.0022336382,0.0536798,0.041959383,0.5453552,0.19495381,0.19326861,0.037595596,0.0059992047,0.00898086,0.8949634,1.0280969,0.7792247,0.23084304,0.11908015,0.3030064
pork,pork_portion19_day1_rep1,pork_portion19,1,1,Fresh,0,0.15884201,0.3865212,0.33532798,0.043364096,0.037695304,0.037906796,0.46083623,0.5941029,0.3865212,0.0022673572,0.0746073,0.037695304,0.37648624,0.91632074,0.006054405,0.03931099,0.0028995986,0.0022077647,0.78437847,0.5735082,0.013968841,0.058538046,0.067742914,0.04390574,0.11892676,0.98391736,0.78437847,0.0052374285,0.04934687,0.058538046,0.64565223,0.05387365,0.26628074,0.05960229,0.012471082,0.015481116,0.89140254,0.67586786,0.0,0.029607726,0.024464862,0.0,0.12472931,1.0,0.89140254,0.0015506096,0.0,0.029607726,0.74087745,0.047686767,0.29899892,0.023491707,0.0028767881,0.0077517917,0.83510053,0.34947795,0.21313202,0.03692878,0.036901418,0.0396672,0.034472723,0.744512,0.83510053,0.0022545492,0.03900562,0.03692878,0.5425692,0.18934765,0.17606291,0.03263839,0.0042546317,0.005797281,0.9402037,0.9864697,0.7648374,0.10087913,0.1926618,0.2729601
pork,pork_portion20_day1_rep1,pork_portion20,1,1,Fresh,0,0.12129506,0.32048818,0.2554559,0.0665443,0.060378995,0.060718987,0.44346094,0.6463135,0.32048818,0.007234822,0.15065485,0.060378995,0.30904087,0.92141235,0.017792858,0.06467444,0.0038418225,0.0050525097,0.7810996,0.63914996,0.00822135,0.02524014,0.02688033,0.019781068,0.13420944,0.9893284,0.7810996,0.0028428924,0.024760578,0.02524014,0.68739384,0.018509792,0.27785152,0.023976477,0.0063460064,0.0066153994,0.94752467,0.62505513,0.0,0.012778808,0.013477728,0.0,0.108216986,1.0,0.94752467,0.0019714665,0.0,0.012778808,0.72679913,0.09707719,0.29972804,0.011438708,0.004027583,0.003758629,0.85646755,0.4180493,0.25068277,0.050508928,0.056885805,0.05693514,0.04442997,0.7083994,0.85646755,0.0031825122,0.053315178,0.050508928,0.58460397,0.16704063,0.17512687,0.048603177,0.007808969,0.006398545,1.0129237,0.96619767,0.8183921,0.09057701,0.20779684,0.20159315
pork,pork_portion11_day1_rep2,pork_portion11,1,2,Fresh,0,0.2263141,0.43798706,0.39165315,0.05028675,0.049738623,0.05011378,0.46161136,0.48752877,0.43798706,0.0037527625,0.060666155,0.049738623,0.43107384,0.92120284,0.06105127,0.050427552,0.003691341,0.231761,0.8334293,0.609562,0.0,0.03660812,0.038041983,0.0,0.119860336,1.0,0.8334293,0.0028903014,0.0,0.03660812,0.6828863,0.05643052,0.28098902,0.03430711,0.005531117,0.0108901,0.9283248,0.64977664,4.096346e-06,0.038988564,0.041735798,0.00021948572,0.11458204,0.9999946,0.9283248,0.0037684701,0.0002926519,0.038988564,0.7355371,0.076714054,0.30045757,0.036127146,0.008846376,0.011313433,0.82188755,0.31889978,0.1677458,0.052558254,0.049904678,0.059353262,0.03647459,0.7974104,0.82188755,0.0034105035,0.062625386,0.052558254,0.5228442,0.19678795,0.18968597,0.044116616,0.009021228,0.011247026,0.92715335,0.9290719,0.74144834,0.059687134,0.23162454,0.26819092
pork,pork_portion12_day1_rep2,pork_portion12,1,2,Fresh,0,0.17739278,0.3705466,0.29679888,0.076087795,0.08559234,0.09507132,0.43117106,0.5412478,0.3705466,0.023432903,0.12591428,0.08559234,0.3611393,0.92131656,0.07786089,0.08828074,0.006117902,0.22355463,0.8434398,0.5754633,0.0,0.040397268,0.04299241,0.0,0.111610465,1.0,0.8434398,0.004620863,0.0,0.040397268,0.6648629,0.07823239,0.27743548,0.03750524,0.0105315875,0.011821637,0.9279763,0.6159501,0.0002635316,0.04378269,0.060826804,0.0038888014,0.108412445,0.9997254,0.9279763,0.0067391265,0.0039207595,0.04378269,0.7154368,0.09360596,0.2956128,0.04822872,0.016700288,0.0143752005,0.84954435,0.3607349,0.20683432,0.05006109,0.05764688,0.06258145,0.037963104,0.75808233,0.84954435,0.0022557138,0.061416958,0.05006109,0.5538163,0.18948717,0.1843728,0.047659993,0.0073092747,0.009642954,0.91807896,0.9263086,0.7642274,0.0558971,0.18267356,0.21837752
pork,pork_portion13_day1_rep2,pork_portion13,1,2,Fresh,0,0.19730358,0.4256506,0.38127744,0.06173925,0.061252434,0.06556267,0.46549562,0.54572725,0.4256506,0.008344218,0.0883381,0.061252434,0.41654328,0.91728383,0.2843628,0.062149435,0.003444525,0.4465828,0.845015,0.64494085,0.0,0.040504158,0.04066898,0.0,0.12516354,1.0,0.845015,0.0024370102,0.0,0.040504158,0.7083848,0.043442555,0.28804198,0.037184283,0.003945043,0.011886349,0.95585585,0.6729236,0.0,0.023121579,0.02195103,0.0,0.115263954,1.0,0.95585585,0.00204414,0.0,0.023121579,0.7576376,0.076700486,0.30761206,0.019856485,0.0033068322,0.006328977,0.8024314,0.2854108,0.09465377,0.03973922,0.03413972,0.044092067,0.042955995,0.88188076,0.8024314,0.0027632744,0.05145704,0.03973922,0.49922207,0.20260979,0.21197902,0.03062576,0.008159525,0.008448031,0.9212945,0.9074504,0.7230727,0.0625693,0.2736217,0.30294788
pork,pork_portion14_day1_rep2,pork_portion14,1,2,Fresh,0,0.18110146,0.33948985,0.24743514,0.059045378,0.058857575,0.059227537,0.40026423,0.4778793,0.33948985,0.013321787,0.09083824,0.058857575,0.33236077,0.9279026,0.035819434,0.062285844,0.005676268,0.005974363,0.81262344,0.58636,0.00020891365,0.041584775,0.04576934,0.0030757785,0.118136406,0.9997488,0.81262344,0.0040408596,0.0033932147,0.041584775,0.6621819,0.059367545,0.27458668,0.04067154,0.007909584,0.012682396,0.96650547,0.66497,0.0,0.017469242,0.024510607,0.0,0.11257293,1.0,0.96650547,0.002732456,0.0,0.017469242,0.75605184,0.08500765,0.30794254,0.019204456,0.007107456,0.0056730267,0.81838965,0.3631993,0.15849721,0.04245792,0.041314583,0.047882617,0.049791798,0.8067047,0.81838965,0.0025205207,0.051253498,0.04245792,0.54100394,0.17567062,0.20011479,0.036813367,0.0076876394,0.0072642136,0.95924187,0.9818538,0.79773295,0.10286686,0.1837296,0.257084
pork,pork_portion15_day1_rep2,pork_portion15,1,2,Fresh,0,0.12171652,0.30786338,0.24101466,0.08138282,0.084429584,0.08519619,0.43776932,0.64670676,0.30786338,0.009220737,0.1739059,0.084429584,0.29573745,0.9245789,0.020967811,0.089830846,0.005147554,0.026393501,0.85331833,0.6781367,0.009773568,0.05541203,0.057470977,0.022090988,0.12990664,0.9885192,0.85331833,0.0032957818,0.02477756,0.05541203,0.7316574,0.030334165,0.29334825,0.052248653,0.006091155,0.015823402,0.9603822,0.74642605,0.0,0.02407505,0.028140416,0.0,0.1273962,1.0,0.9603822,0.0024652202,0.0,0.02407505,0.80373424,0.041872643,0.3190392,0.023687514,0.005777125,0.0074513145,0.8607879,0.37660414,0.22884245,0.042767935,0.04309871,0.04686448,0.037035976,0.73421,0.8607879,0.0020477595,0.04255162,0.042767935,0.5659253,0.18715902,0.17888331,0.038163055,0.0042078877,0.007655249,1.0314509,1.0611681,0.8010786,0.07738368,0.2552712,0.31193733
pork,pork_portion16_day1_rep2,pork_portion16,1,2,Fresh,0,0.13996649,0.3143271,0.24689344,0.0727892,0.07898036,0.09016152,0.43090922,0.5842256,0.3143271,0.02436785,0.14966634,0.07898036,0.30417833,0.92766654,0.07270512,0.08414185,0.0047837296,0.21429996,0.79370594,0.5845787,0.01018633,0.061508603,0.06353537,0.0351351,0.120040655,0.9883205,0.79370594,0.0040922007,0.0382642,0.061508603,0.6553315,0.05212981,0.27002454,0.058049485,0.008426562,0.016208211,0.8934643,0.6942987,0.00085228053,0.026475346,0.03163407,0.008310929,0.12766749,0.99906003,0.8934643,0.002905407,0.008882021,0.026475346,0.7529926,0.03934735,0.30227438,0.026931966,0.006287179,0.008257968,0.86081016,0.4005873,0.22684664,0.041415818,0.041201603,0.042244807,0.04388207,0.7362833,0.86081016,0.0022929995,0.037996493,0.041415818,0.57716906,0.17611787,0.1843456,0.037044246,0.0037392809,0.0057808375,0.9637469,1.0213948,0.80734926,0.103639424,0.16977422,0.2520462
pork,pork_portion17_day1_rep2,pork_portion17,1,2,Fresh,0,0.1662313,0.35540968,0.28390995,0.05422582,0.051183414,0.05330165,0.43452206,0.5425968,0.35540968,0.010211722,0.091125965,0.051183414,0.3467788,0.9223709,0.021089101,0.05414235,0.0025784718,0.0060797697,0.81674093,0.5912835,6.6906985e-05,0.039345894,0.041488294,0.0012635791,0.11846794,0.99991417,0.81674093,0.0032555305,0.001481016,0.039345894,0.6664386,0.05852783,0.27587298,0.037519917,0.0057562054,0.011910573,0.9417748,0.6607413,0.0,0.019370032,0.016479263,0.0,0.11460141,1.0,0.9417748,0.0016653595,0.0,0.019370032,0.74611586,0.07676048,0.30392328,0.0154557545,0.0027886068,0.005106609,0.8427707,0.361156,0.22044292,0.04053068,0.042861346,0.044473976,0.035874903,0.7383405,0.8427707,0.0029763547,0.042756446,0.04053068,0.55136895,0.18725875,0.1762856,0.036198556,0.008937358,0.0069529368,0.9556789,0.97699654,0.7786739,0.08641596,0.19932465,0.25773555
pork,pork_portion18_day1_rep2,pork_portion18,1,2,Fresh,0,0.15762055,0.34080875,0.27022576,0.04207189,0.039263055,0.038626242,0.4336814,0.54366744,0.34080875,0.004374794,0.07498667,0.039263055,0.332233,0.9241898,0.020927284,0.041795574,0.0030493077,0.002519084,0.7397549,0.46669933,0.0,0.034749493,0.035230536,0.0,0.10313728,1.0,0.7397549,0.0034689722,0.0,0.034749493,0.5657398,0.08983859,0.24638268,0.03277972,0.0049873893,0.010362787,0.94417584,0.7214369,0.0,0.019884245,0.022974037,0.0,0.12515174,1.0,0.94417584,0.0019269586,0.0,0.019884245,0.7838238,0.04752128,0.3130357,0.019406935,0.0050549987,0.0061262646,0.8461244,0.3473672,0.18875901,0.039675873,0.044021733,0.05043085,0.038341653,0.77712816,0.8461244,0.0021342891,0.052213747,0.039675873,0.54597676,0.19359417,0.18997315,0.036525235,0.005839896,0.008882305,0.89526397,1.0284985,0.77976465,0.23193534,0.1197407,0.30504572
pork,pork_portion19_day1_rep2,pork_portion19,1,2,Fresh,0,0.16549888,0.38634965,0.33733138,0.044481464,0.03860384,0.03877693,0.4612328,0.5768613,0.38634965,0.0025256728,0.07546394,0.03860384,0.37702328,0.9183571,0.0075240047,0.04016941,0.00296426,0.048349854,0.785135,0.5732396,0.016797379,0.057010382,0.06710777,0.049848277,0.11858621,0.98062104,0.785135,0.005394118,0.056071643,0.057010382,0.64574474,0.0544132,0.2656897,0.058750182,0.012785432,0.014989037,0.8960044,0.68091524,0.0,0.027585503,0.024047336,0.0,0.12490294,1.0,0.8960044,0.0014297597,0.0,0.027585503,0.7453319,0.047180586,0.30037245,0.022503514,0.0032704242,0.007437685,0.8326088,0.35101885,0.2149544,0.037647646,0.036567878,0.038950853,0.03475312,0.74148065,0.8326088,0.0018647092,0.03738131,0.037647646,0.5423307,0.18775015,0.17485625,0.032882832,0.004274997,0.0049488596,0.94088244,0.99013126,0.767537,0.105701484,0.19163488,0.27699026
pork,pork_portion20_day1_rep2,pork_portion20,1,2,Fresh,0,0.12910515,0.32255852,0.2553515,0.066910975,0.06081747,0.06279394,0.43991882,0.62402046,0.32255852,0.0079058055,0.14680643,0.06081747,0.3116008,0.9223585,0.028577147,0.065296315,0.0037764714,0.09382383,0.7817437,0.6371439,0.0069760666,0.026537878,0.02606369,0.01702374,0.13355859,0.99090093,0.7817437,0.0018905844,0.021335732,0.026537878,0.6862208,0.019856105,0.2778784,0.024069982,0.0039842147,0.007035042,0.9452315,0.62589794,0.0,0.015062583,0.013791718,0.0,0.108481556,1.0,0.9452315,0.0018823993,0.0,0.015062583,0.7265106,0.09581689,0.2994789,0.012326514,0.0038144954,0.0041287476,0.8571092,0.41760123,0.25047997,0.050304376,0.055855583,0.055598676,0.043925177,0.7087075,0.8571092,0.0027103322,0.05071286,0.050304376,0.5846284,0.16749892,0.1752573,0.048055213,0.0072365515,0.006455091,1.008465,0.96369547,0.8160099,0.08865599,0.20652,0.2017421
pork,pork_portion11_day1_rep3,pork_portion11,1,3,Fresh,0,0.22048567,0.43622625,0.39446947,0.053926274,0.052280385,0.052015908,0.46610597,0.49996608,0.43622625,0.0027947002,0.06768369,0.052280385,0.42890716,0.92115396,0.0985768,0.052797098,0.0038420097,0.2965071,0.8344627,0.61045635,0.0,0.037708867,0.038934726,0.0,0.119860604,1.0,0.8344627,0.0030207387,0.0,0.037708867,0.68373543,0.056397785,0.28128254,0.035120927,0.005894961,0.011227303,0.92727596,0.64824367,2.7308974e-06,0.03947361,0.041774258,0.00014632574,0.11447684,0.99999595,0.92727596,0.0036724373,0.00021948628,0.03947361,0.7342777,0.07705268,0.300073,0.036375478,0.008373618,0.011432524,0.8204874,0.31339806,0.16655447,0.052506853,0.050416846,0.0591574,0.03529774,0.79850465,0.8204874,0.0033469936,0.062302075,0.052506853,0.519888,0.19855513,0.18915771,0.044414744,0.00837617,0.011136795,0.9198489,0.91997766,0.7339152,0.05774279,0.23567283,0.27023694
pork,pork_portion12_day1_rep3,pork_portion12,1,3,Fresh,0,0.17774732,0.36971593,0.29890487,0.07631662,0.08422528,0.09609329,0.4331207,0.53886807,0.36971593,0.026079446,0.12677921,0.08422528,0.36060083,0.9222437,0.10605378,0.0871274,0.0057506408,0.27209458,0.8476384,0.5742877,0.0,0.04021376,0.04416666,0.0,0.110829495,1.0,0.8476384,0.0048420937,0.0,0.04021376,0.6654891,0.08064101,0.2779075,0.038066696,0.011052295,0.011928592,0.9278908,0.61314327,6.827244e-06,0.043052614,0.061925687,0.00019347912,0.10794958,0.99999183,0.9278908,0.0070561003,0.00023126467,0.043052614,0.7137834,0.0950166,0.2952307,0.048716746,0.017437037,0.014429878,0.8493521,0.35916713,0.20449512,0.051434025,0.059110276,0.06438162,0.037952177,0.7609821,0.8493521,0.0023290939,0.06347961,0.051434025,0.5530067,0.18991752,0.18511704,0.048838593,0.007618397,0.01015673,0.9114744,0.9191466,0.7612967,0.053283118,0.18221885,0.21674949
pork,pork_portion13_day1_rep3,pork_portion13,1,3,Fresh,0,0.19560905,0.42750776,0.3856708,0.063567474,0.06355257,0.066424094,0.4678597,0.5522669,0.42750776,0.006818088,0.09221659,0.06355257,0.41815335,0.91691774,0.34907764,0.06413785,0.0040620584,0.47369418,0.8438052,0.6457868,4.0963464e-06,0.045496978,0.044964246,0.00016357173,0.125479,0.9999932,0.8438052,0.0025933308,0.00026374854,0.045496978,0.7085076,0.042484026,0.2880299,0.041390974,0.0038194961,0.013255116,0.9578295,0.6713395,0.0,0.023807805,0.022510597,0.0,0.11448692,1.0,0.9578295,0.0017238756,0.0,0.023807805,0.7573033,0.07834574,0.3076309,0.02044436,0.0029891958,0.0064814594,0.80377984,0.28186572,0.095146075,0.039601464,0.03376464,0.04326229,0.041925725,0.8813883,0.80377984,0.0026347856,0.050401594,0.039601464,0.4984498,0.20451242,0.21171129,0.030156543,0.008587662,0.008479536,0.92339957,0.9055073,0.72995776,0.06364968,0.27604708,0.30351892
pork,pork_portion14_day1_rep3,pork_portion14,1,3,Fresh,0,0.17899433,0.33734882,0.2516157,0.057730164,0.0586957,0.059405867,0.40752766,0.48070145,0.33734882,0.011624316,0.08965807,0.0586957,0.3304176,0.9290263,0.032214712,0.06208673,0.0054176627,0.00631392,0.8125479,0.5859583,0.00028674424,0.041801,0.045264617,0.004263464,0.11802728,0.99967223,0.8125479,0.0039590015,0.0046795695,0.041801,0.66187656,0.05952867,0.27443212,0.040414438,0.007675422,0.012599175,0.9693382,0.66846657,0.0,0.017186357,0.019343639,0.0,0.11295273,1.0,0.9693382,0.0019274313,0.0,0.017186357,0.75892836,0.08452092,0.30881616,0.016220644,0.0048169945,0.004961981,0.8182685,0.36114335,0.15359916,0.043189943,0.042020608,0.049270257,0.049984325,0.8126721,0.8182685,0.0031541858,0.053429298,0.043189943,0.5398741,0.17651053,0.20185839,0.037382532,0.007821802,0.00806796,0.9615407,0.9865694,0.7993316,0.10595248,0.18394649,0.260551
pork,pork_portion15_day1_rep3,pork_portion15,1,3,Fresh,0,0.12259704,0.30994463,0.24868141,0.080940925,0.08321279,0.08386515,0.44311658,0.6460017,0.30994463,0.00984042,0.17434533,0.08321279,0.29826385,0.92535204,0.027450798,0.08857986,0.0049536484,0.101034865,0.8579252,0.6820788,0.0125047555,0.05332087,0.055861518,0.024108144,0.12976922,0.98535377,0.8579252,0.0033231021,0.02690011,0.05332087,0.73548067,0.030327423,0.2943081,0.050502446,0.0064480267,0.015053616,0.95774376,0.74177533,0.0,0.027131421,0.030088738,0.0,0.12715676,1.0,0.95774376,0.0023057638,0.0,0.027131421,0.800078,0.043161735,0.31797644,0.025877085,0.0050030653,0.008144507,0.86365134,0.37484875,0.23240595,0.04435268,0.04496394,0.048079737,0.035685845,0.7309508,0.86365134,0.0019895362,0.043791603,0.04435268,0.5663777,0.18917339,0.17743835,0.039526407,0.0046940064,0.008025198,1.0312325,1.0556904,0.7977094,0.069983736,0.25978142,0.30933183
pork,pork_portion16_day1_rep3,pork_portion16,1,3,Fresh,0,0.132804,0.31201828,0.24819195,0.07429352,0.07902382,0.088069335,0.43654206,0.60672116,0.31201828,0.022518238,0.15699284,0.07902382,0.30132592,0.92698944,0.082368836,0.084219,0.004307087,0.23805882,0.8045782,0.5912677,0.011528299,0.06146495,0.06346013,0.03982521,0.11969166,0.98720825,0.8045782,0.003555206,0.042873297,0.06146495,0.66265863,0.053467527,0.27228785,0.057934184,0.007005779,0.015728306,0.89010555,0.6943929,0.0006271732,0.027999563,0.030080453,0.0063194595,0.1282697,0.9993059,0.89010555,0.0025483333,0.006799717,0.027999563,0.7522015,0.037820425,0.30186948,0.026245642,0.0058186883,0.0082298275,0.8641394,0.39781547,0.22701868,0.040585425,0.041603584,0.042270146,0.043126967,0.7370156,0.8641394,0.0028875922,0.038027704,0.040585425,0.57712597,0.17876318,0.1844571,0.036878064,0.0038449857,0.0062967334,0.96419454,1.0208285,0.8039467,0.095592,0.17529711,0.25357834
pork,pork_portion17_day1_rep3,pork_portion17,1,3,Fresh,0,0.16405943,0.3587285,0.29274008,0.057225127,0.05235149,0.052686084,0.44108325,0.5540964,0.3587285,0.009285866,0.10072858,0.05235149,0.34994012,0.9219418,0.017397929,0.055154275,0.0038110882,0.0054214103,0.8186462,0.60419965,0.00015296899,0.03892088,0.041960012,0.0030175862,0.12090287,0.99982345,0.8186462,0.0035582336,0.003412386,0.03892088,0.67522526,0.05274857,0.27812475,0.037448958,0.007223502,0.011778692,0.9295357,0.65304494,0.0,0.02412379,0.018827457,0.0,0.114854105,1.0,0.9295357,0.0018367806,0.0,0.02412379,0.7379299,0.0755078,0.30108032,0.018160049,0.004132432,0.006064517,0.84961486,0.3614606,0.22691081,0.038414378,0.041624065,0.041928053,0.03408044,0.73258245,0.84961486,0.0031066316,0.038630392,0.038414378,0.5544763,0.18975826,0.1746735,0.034807745,0.008357731,0.005871099,0.9639947,0.97337675,0.7763141,0.070546515,0.20989074,0.25037384
pork,pork_portion18_day1_rep3,pork_portion18,1,3,Fresh,0,0.15698081,0.33854648,0.27206126,0.04463186,0.040680997,0.041334853,0.4370051,0.5437516,0.33854648,0.006179924,0.082343124,0.040680997,0.33021006,0.9253514,0.01877045,0.04350147,0.0031460442,0.0037578233,0.73828757,0.46674174,0.0,0.035772834,0.036632445,0.0,0.1033274,1.0,0.73828757,0.0037298836,0.0,0.035772834,0.56525934,0.089082085,0.24611872,0.033839256,0.005643468,0.010686244,0.94323426,0.72111213,0.0,0.02050264,0.022513736,0.0,0.12514716,1.0,0.94323426,0.0016732005,0.0,0.02050264,0.7833552,0.047227863,0.31282395,0.019519234,0.003952536,0.006159103,0.8494527,0.34616578,0.18938977,0.04060906,0.04481941,0.05187292,0.03724973,0.7774092,0.8494527,0.0024237644,0.053926736,0.04060906,0.54684216,0.19527112,0.19024865,0.03720985,0.005384488,0.009144796,0.89793193,1.0309747,0.7806096,0.23187746,0.12139509,0.30476207
pork,pork_portion19_day1_rep3,pork_portion19,1,3,Fresh,0,0.15511255,0.37989238,0.33461347,0.04269827,0.03841532,0.03842578,0.46459088,0.59704155,0.37989238,0.0038721832,0.07447213,0.03841532,0.3703633,0.9183282,0.04004578,0.040026862,0.0026081053,0.18854801,0.7838422,0.56574845,0.01622954,0.052726686,0.06319573,0.047856916,0.11722002,0.9810966,0.7838422,0.005313428,0.054098718,0.052726686,0.64071965,0.057707973,0.26453456,0.054980446,0.012815718,0.013559296,0.8864623,0.6701274,0.0,0.03406252,0.02810189,0.0,0.12434895,1.0,0.8864623,0.001793406,0.0,0.03406252,0.73583007,0.048571106,0.29740217,0.027009144,0.002934825,0.008929789,0.839167,0.3481043,0.21496628,0.03570302,0.0350984,0.038820654,0.033452537,0.74346787,0.839167,0.0023216477,0.037809752,0.03570302,0.543728,0.19153257,0.17581344,0.031256795,0.0038035724,0.005899311,0.92959934,0.97789353,0.75942093,0.10104332,0.18758422,0.26856098
pork,pork_portion20_day1_rep3,pork_portion20,1,3,Fresh,0,0.12169286,0.31736505,0.2530348,0.06857639,0.063483365,0.06443381,0.44315025,0.64352334,0.31736505,0.0072483555,0.15445854,0.063483365,0.3059549,0.9224697,0.019077802,0.06795678,0.004386329,0.037338268,0.7803961,0.63421065,0.0055136792,0.026671188,0.027086895,0.0155973425,0.13317649,0.9928072,0.7803961,0.0023647896,0.01954728,0.026671188,0.6839872,0.020745005,0.27731013,0.024701567,0.0050227414,0.0072494834,0.94771206,0.62084854,0.0,0.013291316,0.016068548,0.0,0.10736697,1.0,0.94771206,0.0022762343,0.0,0.013291316,0.7244071,0.099308595,0.29910418,0.013016419,0.0046204156,0.0041239653,0.85790884,0.41709465,0.2551011,0.048602045,0.054679044,0.055572752,0.04297817,0.7035214,0.85790884,0.0023157722,0.051412452,0.048602045,0.58480513,0.16826445,0.17299674,0.04670211,0.007210585,0.00711333,1.0112861,0.96494097,0.81870264,0.090999916,0.20610762,0.20036642
pork,pork_portion21_day1_rep1,pork_portion21,1,1,Fresh,0,0.2144891,0.38953358,0.2897391,0.059467785,0.060506403,0.064160004,0.4019773,0.4577303,0.38953358,0.015898462,0.07865206,0.060506403,0.38241544,0.92191,0.037448626,0.06266175,0.004301858,0.008040282,0.7706708,0.5662176,0.009209949,0.05750812,0.059859138,0.03455405,0.119836345,0.98881406,0.7706708,0.0056437226,0.040477943,0.05750812,0.6370818,0.051469937,0.26408064,0.053888436,0.013364193,0.0154960975,0.91563946,0.65696543,0.0030217376,0.03550947,0.040398013,0.017637013,0.117398724,0.9967611,0.91563946,0.0033934007,0.018411085,0.03550947,0.73615235,0.06768858,0.29930133,0.034518693,0.008120092,0.010312901,0.84821594,0.2925836,0.1869387,0.03446898,0.035498895,0.037353154,0.025005229,0.7791693,0.84821594,0.0022887147,0.036531266,0.03446898,0.5242175,0.21708447,0.18327342,0.029666658,0.0032670796,0.0059592365,0.9348171,0.9609323,0.7335882,0.10638851,0.21609335,0.28407392
pork,pork_portion22_day1_rep1,pork_portion22,1,1,Fresh,0,0.17400359,0.36779448,0.33269438,0.04867272,0.046294767,0.048489213,0.4677612,0.53424907,0.36779448,0.006096869,0.08137335,0.046294767,0.36153626,0.9283664,0.539757,0.0486218,0.0031623594,0.49664652,0.75031054,0.51192147,0.002389535,0.035630137,0.038408358,0.01674141,0.11145556,0.9970739,0.75031054,0.0036721074,0.020068813,0.035630137,0.59683084,0.07077031,0.2539314,0.034705013,0.0071785063,0.010184195,0.9121018,0.6690702,0.00027308974,0.037469346,0.038051806,0.0038051922,0.12020415,0.9996848,0.9121018,0.0031367568,0.004107305,0.037469346,0.7424569,0.060039345,0.3009055,0.03380506,0.0068966392,0.010676006,0.8777278,0.41989642,0.26052803,0.044165365,0.049075324,0.053403493,0.04109266,0.70359975,0.8777278,0.0024144787,0.048703946,0.044165365,0.59403527,0.17460509,0.1751239,0.04189946,0.006166052,0.00874808,0.9340936,0.9778254,0.8690048,0.15339059,0.13038443,0.2257771
pork,pork_portion23_day1_rep1,pork_portion23,1,1,Fresh,0,0.14185892,0.32641873,0.26920456,0.049930423,0.044744443,0.04602134,0.4465802,0.5768314,0.32641873,0.0049473485,0.10193056,0.044744443,0.31752712,0.92655724,0.013594604,0.048216425,0.0031533618,0.0036551335,0.8129573,0.6164188,0.0061646462,0.062570244,0.065297775,0.020112222,0.12379528,0.99268556,0.8129573,0.0043664114,0.023117153,0.062570244,0.6810168,0.04419496,0.2783961,0.059686027,0.0074945595,0.018181909,0.9090061,0.558762,0.0,0.029778156,0.024436148,0.0,0.1005387,1.0,0.9090061,0.0020915358,0.0,0.029778156,0.6760993,0.1143196,0.28504086,0.023483468,0.004328706,0.0077764024,0.83925015,0.32931685,0.14422783,0.037639916,0.03873828,0.046363845,0.042103074,0.8284845,0.83925015,0.0028298006,0.04951954,0.037639916,0.534417,0.19828528,0.20592977,0.033007823,0.005773529,0.006690474,0.99035746,0.9284326,0.7838457,0.070610195,0.22469246,0.18270928
pork,pork_portion24_day1_rep1,pork_portion24,1,1,Fresh,0,0.18897854,0.36059406,0.26421356,0.062820934,0.06158494,0.06438662,0.40386698,0.48933795,0.36059406,0.012273623,0.09996945,0.06158494,0.3527346,0.9232937,0.036714543,0.064972505,0.00356074,0.0063819424,0.8249239,0.6322428,0.009532196,0.034348443,0.03671474,0.028213605,0.12530373,0.98884374,0.8249239,0.0024733532,0.031929184,0.034348443,0.6947847,0.041230567,0.28209156,0.032810725,0.0056290547,0.008587518,0.87670684,0.63603735,0.0,0.034558948,0.025765939,0.0,0.118862934,1.0,0.87670684,0.0026038734,0.0,0.034558948,0.7119932,0.06159773,0.2911214,0.025188569,0.007430016,0.008476715,0.8497863,0.35622755,0.23566082,0.04354493,0.044794213,0.047733046,0.03107043,0.72278506,0.8497863,0.002092869,0.046154544,0.04354493,0.55238783,0.19240668,0.16923532,0.03820343,0.008249234,0.008581706,0.9773656,0.9676309,0.7691678,0.02815124,0.23636332,0.23966868
pork,pork_portion25_day1_rep1,pork_portion25,1,1,Fresh,0,0.19827706,0.4000017,0.3126159,0.055281777,0.047098383,0.044772275,0.4243025,0.5116208,0.4000017,0.021683063,0.08823142,0.047098383,0.39107653,0.91633874,0.033407766,0.049153652,0.0037937746,0.07252277,0.8058753,0.5829512,0.00018738331,0.035398174,0.034830466,0.00228353,0.11843208,0.99976164,0.8058753,0.0024673643,0.0026973428,0.035398174,0.65816,0.058119103,0.27302846,0.032282364,0.0039359066,0.010287783,0.92968863,0.65451866,2.2250037e-05,0.033033203,0.03592222,0.00062619994,0.11525105,0.9999694,0.92968863,0.0029688359,0.00077391154,0.033033203,0.7387805,0.07483568,0.3013363,0.031130195,0.0063874205,0.009751294,0.82014334,0.34526387,0.15452752,0.044391263,0.04312742,0.047504097,0.045812175,0.8120301,0.82014334,0.0027310748,0.050736543,0.044391263,0.53337055,0.18437915,0.19950809,0.038308747,0.0071756276,0.0076850676,0.93021107,0.94911075,0.7639383,0.08706576,0.19214381,0.25409055
pork,pork_portion26_day1_rep1,pork_portion26,1,1,Fresh,0,0.1800066,0.3536046,0.26461887,0.04291295,0.04117493,0.040552545,0.41174993,0.49648502,0.3536046,0.016558016,0.072276145,0.04117493,0.3458962,0.923677,0.032359272,0.043535713,0.0032984046,0.007946219,0.79075354,0.6095116,0.0002237815,0.044872735,0.04451989,0.0029161333,0.12632763,0.9997209,0.79075354,0.0027034294,0.0033919548,0.044872735,0.67054874,0.037790295,0.27510136,0.041154586,0.004600208,0.013143884,0.9319696,0.68087196,0.0,0.037634477,0.036235288,0.0,0.11972894,1.0,0.9319696,0.002825869,0.0,0.037634477,0.7553954,0.06255866,0.3054782,0.032673944,0.0060747415,0.010491573,0.8209316,0.297482,0.13498893,0.04243915,0.042762052,0.04890932,0.03745516,0.83609104,0.8209316,0.00491016,0.05348037,0.04243915,0.51313907,0.20467275,0.20138201,0.035187684,0.00958744,0.008063031,0.974227,0.9918712,0.7573018,0.09346219,0.24096078,0.29953393
pork,pork_portion27_day1_rep1,pork_portion27,1,1,Fresh,0,0.15326644,0.36312893,0.3189738,0.05018934,0.046644006,0.047298603,0.46310395,0.58740497,0.36312893,0.006014442,0.09580995,0.046644006,0.35436624,0.92234373,0.10532791,0.048982456,0.003116134,0.3005887,0.7842581,0.61320424,0.009902219,0.061225213,0.06029046,0.025484504,0.12778404,0.98784906,0.7842581,0.0042235753,0.030197076,0.061225213,0.67098415,0.033208683,0.2735333,0.056426875,0.007621207,0.016995396,0.93960154,0.62486273,0.0,0.033171598,0.03723077,0.0,0.10879602,1.0,0.93960154,0.004024087,0.0,0.033171598,0.7242036,0.0939877,0.29849657,0.031051489,0.010176868,0.009631537,0.87393,0.35923773,0.18947208,0.031543788,0.031961814,0.03540568,0.039186068,0.7824227,0.87393,0.001490425,0.033606775,0.031543788,0.5628044,0.19871396,0.19783744,0.027675668,0.0039238376,0.004881993,0.9586976,0.9275061,0.7587124,0.08455508,0.21171848,0.21713947
pork,pork_portion28_day1_rep1,pork_portion28,1,1,Fresh,0,0.1899207,0.3670337,0.26510528,0.04325202,0.040291596,0.0405913,0.40163076,0.487801,0.3670337,0.009751906,0.07187706,0.040291596,0.35890085,0.9203287,0.03907475,0.04260403,0.0028451656,0.0043734265,0.74286014,0.5380035,0.0021696985,0.05447693,0.057330713,0.013041727,0.11830962,0.99735934,0.74286014,0.0046171155,0.015464481,0.05447693,0.6107537,0.0538745,0.2569518,0.05259699,0.008142294,0.016069803,0.92438394,0.6243323,0.0,0.032632116,0.03562049,0.0,0.110552326,1.0,0.92438394,0.0033349202,0.0,0.032632116,0.719154,0.08782115,0.29629552,0.030591756,0.0075583546,0.009596916,0.81934226,0.31588855,0.1318003,0.039839093,0.039185874,0.04702748,0.042507153,0.8395387,0.81934226,0.0024093057,0.051811703,0.039839093,0.51972216,0.1964881,0.20478456,0.034377377,0.0040804176,0.0063887523,0.92824733,0.9428752,0.75978184,0.120211996,0.17705028,0.24485877
pork,pork_portion29_day1_rep1,pork_portion29,1,1,Fresh,0,0.11578237,0.29884866,0.2591155,0.03937404,0.03425112,0.034114134,0.46186543,0.6215421,0.29884866,0.010533987,0.100332975,0.03425112,0.28942373,0.93065023,0.18563408,0.03727396,0.0031511202,0.3818425,0.73898673,0.53221923,0.00028947514,0.048423987,0.04823832,0.0034340043,0.11789028,0.9996328,0.73898673,0.0036477942,0.0041237106,0.048423987,0.605978,0.05507465,0.25574243,0.045222025,0.0055898866,0.014361228,0.8219307,0.6172732,0.0,0.029804079,0.023954134,0.0,0.12310572,1.0,0.8219307,0.0023920229,0.0,0.029804079,0.68445617,0.047390006,0.2805952,0.02336264,0.005219783,0.007648981,0.85086375,0.36462608,0.24890143,0.04111902,0.054306563,0.06036038,0.030269071,0.707853,0.85086375,0.002537875,0.059989534,0.04111902,0.5572443,0.18950573,0.16436766,0.041800402,0.011882057,0.01404639,0.9336779,0.9722227,0.7883371,0.0826773,0.16969396,0.22335751
pork,pork_portion30_day1_rep1,pork_portion30,1,1,Fresh,0,0.062354825,0.26654872,0.22494994,0.04976672,0.048835613,0.05020074,0.4641728,0.7898743,0.26654872,0.005343224,0.14807257,0.048835613,0.25216463,0.92637974,0.0502537,0.053261112,0.0040597105,0.2062789,0.8168933,0.6360538,0.000297926,0.037324063,0.042548355,0.0027266436,0.12758487,0.99962646,0.8168933,0.003497539,0.0032521726,0.037324063,0.69489413,0.03566844,0.2828843,0.037473425,0.0071445885,0.01171076,0.8848534,0.65101886,0.004343912,0.030297054,0.03371115,0.023599116,0.12043173,0.9952054,0.8848534,0.0033425551,0.025626987,0.030297054,0.72359943,0.05755576,0.29387856,0.028918246,0.008296013,0.008728818,0.831915,0.40759218,0.23632114,0.057826705,0.05824299,0.06053319,0.04606281,0.71775424,0.831915,0.0031217507,0.05698572,0.057826705,0.56942654,0.16214056,0.17483729,0.05239984,0.0083949035,0.0071899365,1.021515,1.0180663,0.8368021,0.0377349,0.20835419,0.22108388
pork,pork_portion21_day1_rep2,pork_portion21,1,2,Fresh,0,0.21328351,0.38086444,0.27810818,0.06275379,0.062113646,0.06673338,0.3947635,0.45040753,0.38086444,0.015428435,0.086027585,0.062113646,0.37418622,0.92370325,0.040106826,0.06498791,0.0040511177,0.007565325,0.77256787,0.56542146,0.010481178,0.05721623,0.060159698,0.03633199,0.11926419,0.9872995,0.77256787,0.005478875,0.04250376,0.05721623,0.63714755,0.05276574,0.26398122,0.05411536,0.0129188765,0.015411719,0.91675705,0.65748614,0.0012070574,0.035303142,0.040817488,0.009818245,0.11744894,0.9986822,0.91675705,0.0036218225,0.010249118,0.035303142,0.73673385,0.06785106,0.29978296,0.034775753,0.008239281,0.010641263,0.8466593,0.28940925,0.18523371,0.033297855,0.03459316,0.036051735,0.024548236,0.7806829,0.8466593,0.0022120243,0.035319917,0.033297855,0.52221817,0.21780902,0.1833803,0.028656978,0.0036559815,0.0057831835,0.93691015,0.9650676,0.7353417,0.10689604,0.21666692,0.28645062
pork,pork_portion22_day1_rep2,pork_portion22,1,2,Fresh,0,0.17292659,0.3670941,0.33325753,0.04883246,0.045956463,0.047979686,0.4688587,0.53659624,0.3670941,0.0056846207,0.08154755,0.045956463,0.3608973,0.928508,0.6172658,0.04836143,0.002864562,0.48451695,0.7508952,0.50682443,0.0026039106,0.035497867,0.037712395,0.01777932,0.11023486,0.9968593,0.7508952,0.0032801086,0.021060979,0.035497867,0.5939384,0.07365414,0.25326082,0.034440912,0.005628109,0.009999439,0.9112185,0.66743636,0.00026762794,0.0388285,0.03738344,0.0039735,0.120046996,0.999682,0.9112185,0.0029830837,0.0044858805,0.0388285,0.7412341,0.060492672,0.30055857,0.033750415,0.0069158454,0.010872945,0.87784886,0.4198807,0.25756645,0.042855673,0.048166208,0.0524177,0.041432653,0.7068456,0.87784886,0.0024022367,0.048411015,0.042855673,0.59398997,0.1745412,0.1766697,0.04085678,0.0065121907,0.008632791,0.9579055,0.9992047,0.903838,0.15526213,0.1266665,0.2236881
pork,pork_portion23_day1_rep2,pork_portion23,1,2,Fresh,0,0.12481025,0.3163716,0.2587824,0.04841471,0.04285149,0.044214007,0.44794258,0.61712873,0.3163716,0.00435454,0.10759183,0.04285149,0.30612892,0.92461973,0.013787351,0.046315923,0.0038720518,0.003446621,0.8150912,0.6182675,0.0017054464,0.06315812,0.06483887,0.008722871,0.12404052,0.997918,0.8150912,0.0043237335,0.010079946,0.06315812,0.68280166,0.044129368,0.27953902,0.05966491,0.006943218,0.01871636,0.91633075,0.56018764,0.00032401615,0.02523159,0.025405008,0.0068418514,0.09989941,0.9996523,0.91633075,0.002522892,0.0071123224,0.02523159,0.6793751,0.11662056,0.28639123,0.02250519,0.004921186,0.0071068793,0.8213435,0.3090076,0.12929043,0.046486445,0.04283872,0.049668815,0.041105825,0.84351367,0.8213435,0.002757741,0.053803984,0.046486445,0.51773113,0.20020364,0.20529991,0.03869503,0.0041764146,0.0069274413,0.99386597,0.93085355,0.7786085,0.07289491,0.23899561,0.19922526
pork,pork_portion24_day1_rep2,pork_portion24,1,2,Fresh,0,0.18683371,0.36106047,0.266267,0.06262595,0.062326107,0.06349885,0.40657857,0.49610087,0.36106047,0.012448688,0.1029946,0.062326107,0.35295042,0.9226576,0.035621267,0.06550846,0.0044404683,0.0057013445,0.8225883,0.63568336,0.007934838,0.03533982,0.036749564,0.02578259,0.12642314,0.9907141,0.8225883,0.002258855,0.029084904,0.03533982,0.6963412,0.0383899,0.28256437,0.033246614,0.0047225617,0.009037066,0.8760195,0.63696074,0.0,0.035050515,0.025602106,0.0,0.11907447,1.0,0.8760195,0.002779799,0.0,0.035050515,0.7123512,0.06069474,0.29119235,0.025106028,0.0077726394,0.008494067,0.85030675,0.3569898,0.23492663,0.044115223,0.04601607,0.048429087,0.03129408,0.7238601,0.85030675,0.0016648099,0.04680332,0.044115223,0.5529583,0.19237345,0.16988672,0.03925426,0.007368699,0.008471104,0.98021805,0.968228,0.7689898,0.028779639,0.23867519,0.23970906
pork,pork_portion25_day1_rep2,pork_portion25,1,2,Fresh,0,0.19956176,0.3988168,0.31008443,0.055976626,0.047125276,0.045541056,0.42204517,0.5065711,0.3988168,0.022531219,0.085586086,0.047125276,0.39010853,0.91683036,0.028907873,0.049114086,0.0035475565,0.011014691,0.8069751,0.5833553,1.8873141e-05,0.03500267,0.034887977,0.0005239712,0.118448086,0.9999745,0.8069751,0.0024728677,0.0006698577,0.03500267,0.6586627,0.05837925,0.27325502,0.032169726,0.0036887284,0.010327598,0.93451875,0.65883017,0.0,0.033258837,0.03532822,0.0,0.11540459,1.0,0.93451875,0.0025832816,0.0,0.033258837,0.74281293,0.074771754,0.30261356,0.030993134,0.005367601,0.009720428,0.82715106,0.3446268,0.15405098,0.040126733,0.04281866,0.047474723,0.045271285,0.8142616,0.82715106,0.0028211712,0.050676167,0.040126733,0.5360877,0.1872065,0.20120731,0.036288135,0.006830878,0.0059089563,0.93207574,0.9530886,0.7637722,0.09061955,0.19186445,0.2562423
pork,pork_portion26_day1_rep2,pork_portion26,1,2,Fresh,0,0.17497635,0.3517319,0.26439878,0.04214638,0.041645885,0.041612413,0.4149797,0.5078159,0.3517319,0.016661096,0.07025204,0.041645885,0.3436225,0.9229642,0.031187393,0.043793432,0.003837295,0.008526285,0.7991075,0.6145944,0.00025448477,0.0442879,0.043391787,0.0033067989,0.12607992,0.9996803,0.7991075,0.0027692977,0.0039224033,0.0442879,0.6761969,0.038885627,0.27706215,0.040169265,0.0049654166,0.012860782,0.9198817,0.67497253,0.0,0.040976893,0.03583801,0.0,0.120243475,1.0,0.9198817,0.0025765116,0.0,0.040976893,0.74831855,0.06041648,0.3028799,0.033389587,0.00616374,0.01088173,0.831035,0.2980109,0.12908058,0.041045137,0.044279028,0.050084762,0.03808918,0.8452088,0.831035,0.0036846527,0.05490682,0.041045137,0.517806,0.2078687,0.2062645,0.03567902,0.006837336,0.0076518767,0.9760405,0.9907494,0.7565405,0.0795718,0.24218848,0.2901943
pork,pork_portion27_day1_rep2,pork_portion27,1,2,Fresh,0,0.15477036,0.36123207,0.31783453,0.052933965,0.046196233,0.046501543,0.46325964,0.5821428,0.36123207,0.00538939,0.103787936,0.046196233,0.35280955,0.92343163,0.08312985,0.048870977,0.0035937408,0.26926085,0.7660038,0.5963191,0.0052862903,0.05945616,0.059281163,0.017727511,0.12729701,0.99316186,0.7660038,0.004690535,0.021818377,0.05945616,0.65496606,0.033822432,0.2689755,0.055064823,0.008948507,0.017029276,0.94723535,0.6203085,0.0,0.031747036,0.03757047,0.0,0.10710086,1.0,0.94723535,0.0037815934,0.0,0.031747036,0.72385913,0.09947324,0.2989951,0.031169184,0.008937264,0.009642516,0.8734596,0.3587118,0.1895381,0.03191219,0.033392034,0.036435697,0.039065,0.78233373,0.8734596,0.0020874743,0.0349368,0.03191219,0.5624002,0.19864212,0.19774489,0.028383344,0.0048397225,0.0049357405,0.9577274,0.92907643,0.76314133,0.09978708,0.20200932,0.21483727
pork,pork_portion28_day1_rep2,pork_portion28,1,2,Fresh,0,0.18359876,0.36328143,0.26476747,0.047395978,0.04347991,0.04240781,0.406287,0.50152403,0.36328143,0.013702917,0.07906733,0.04347991,0.35479572,0.92022824,0.03692069,0.046002742,0.0029125717,0.007137877,0.7413795,0.53578603,0.0020140372,0.054291733,0.05561765,0.012593707,0.118071966,0.99752474,0.7413795,0.0042310804,0.014954954,0.054291733,0.6089111,0.05436468,0.2563591,0.051550224,0.0070192106,0.015852707,0.92558223,0.62188065,2.0859408e-05,0.03449615,0.035159364,0.0005269535,0.10991681,0.99996954,0.92558223,0.0033392664,0.00069207523,0.03449615,0.7180798,0.08958861,0.29607037,0.030670464,0.008089777,0.009704388,0.8212415,0.3126879,0.13138242,0.03965341,0.03909721,0.045730274,0.041725278,0.84014446,0.8212415,0.002429119,0.05014354,0.03965341,0.5193029,0.19856095,0.20496897,0.03408624,0.004255742,0.006097568,0.92868054,0.9429189,0.7590168,0.12138994,0.17737852,0.24430859
pork,pork_portion29_day1_rep2,pork_portion29,1,2,Fresh,0,0.09324595,0.28610426,0.25879672,0.05107332,0.043679953,0.038333148,0.4739117,0.69338226,0.28615847,0.010863192,0.14861643,0.043669708,0.27547133,0.93173,0.5670002,0.047566652,0.003922214,0.4919634,0.7276476,0.5184631,0.00017104714,0.050883237,0.049462315,0.0024197167,0.11652623,0.99976504,0.7276476,0.0038241174,0.0032111928,0.050883237,0.59372014,0.05732093,0.25196132,0.046863247,0.0058523077,0.014911301,0.81728673,0.6156983,0.0,0.032332115,0.025425352,0.0,0.1236763,1.0,0.81728673,0.002030488,0.0,0.032332115,0.68207216,0.046233494,0.27973598,0.025074929,0.004209325,0.008389763,0.859209,0.36784783,0.25426343,0.044463646,0.05890259,0.06558698,0.029492969,0.704837,0.859209,0.0026456413,0.06481532,0.044463646,0.5623852,0.19119166,0.16405879,0.04524324,0.012069766,0.0152511345,0.98240674,1.0158489,0.8905494,0.093276165,0.16318733,0.22072393
pork,pork_portion30_day1_rep2,pork_portion30,1,2,Fresh,0,0.051178705,0.25436556,0.21302663,0.047513794,0.052324582,0.052088454,0.4641913,0.82483315,0.25436556,0.0052109947,0.1458665,0.052324582,0.23877655,0.92688334,0.022771442,0.056823812,0.005177278,0.13000482,0.80627686,0.6217018,0.0002157409,0.038986072,0.0440357,0.0032307866,0.12636335,0.99973786,0.80627686,0.0035584702,0.003737609,0.038986072,0.682749,0.03840549,0.279196,0.03896622,0.0072943335,0.012206987,0.88554126,0.6558904,0.0034190838,0.031333003,0.034894865,0.017853636,0.12125457,0.996219,0.88554126,0.0035258122,0.019365594,0.031333003,0.7267741,0.05531502,0.29487288,0.029835073,0.0089964215,0.008764563,0.81933236,0.40584674,0.23292243,0.066224456,0.054179527,0.056524258,0.047252893,0.7172894,0.81933236,0.0024235488,0.051633786,0.066224456,0.5633692,0.15805036,0.17342938,0.05376441,0.008361701,0.007899388,1.0257962,1.0352836,0.8480344,0.049698174,0.19938153,0.22804435
pork,pork_portion21_day1_rep3,pork_portion21,1,3,Fresh,0,0.21360554,0.38591504,0.2785153,0.06114087,0.060490098,0.065221734,0.39341977,0.45595345,0.38591504,0.015500938,0.08139397,0.060490098,0.3786763,0.9213958,0.042191382,0.06304933,0.0038247493,0.008343015,0.7738321,0.56672597,0.009248181,0.057538386,0.059248578,0.033793226,0.11942962,0.9888741,0.7738321,0.0053282985,0.039105847,0.057538386,0.6383024,0.052663326,0.26455078,0.053734656,0.01225201,0.015358437,0.91768336,0.656418,0.00215741,0.035298187,0.03943844,0.014425822,0.117108814,0.9976816,0.91768336,0.0031727995,0.014974167,0.035298187,0.7363814,0.06881914,0.2996326,0.034014285,0.0072908564,0.0102932565,0.84842545,0.29134345,0.18631592,0.033685446,0.03408748,0.0363144,0.024703264,0.7799263,0.84842545,0.0022080664,0.035515472,0.033685446,0.52376634,0.21767917,0.18348932,0.02869922,0.0034435634,0.0057360604,0.93356603,0.95974773,0.73227954,0.10540987,0.21660954,0.28434792
pork,pork_portion22_day1_rep3,pork_portion22,1,3,Fresh,0,0.17486627,0.3680648,0.3360402,0.049625084,0.046640944,0.048673965,0.47025853,0.5325414,0.3680648,0.0056169024,0.08311123,0.046640944,0.3620874,0.9291398,0.70095485,0.04901857,0.0030159634,0.45654824,0.7504209,0.51008093,0.0010199905,0.034406517,0.036599237,0.008419733,0.11114986,0.9987492,0.7504209,0.003472203,0.010094355,0.034406517,0.59568095,0.071778044,0.25398326,0.03329709,0.0061149816,0.010043472,0.9133895,0.6677453,1.7750834e-05,0.038867254,0.038794897,0.0003798226,0.11980935,0.99997145,0.9133895,0.002974549,0.0005708015,0.038867254,0.74199456,0.06127097,0.30089867,0.034762632,0.006479178,0.011082654,0.87985295,0.4245083,0.26596355,0.04081171,0.045293592,0.047923498,0.040835563,0.69761103,0.87985295,0.0020035454,0.043017633,0.04081171,0.59726286,0.17339131,0.17383222,0.038580876,0.0064050476,0.008044824,0.9946953,1.0283825,0.95095825,0.15401015,0.12942933,0.22285448
pork,pork_portion23_day1_rep3,pork_portion23,1,3,Fresh,0,0.13777468,0.32726237,0.27291107,0.05294596,0.04557639,0.04798163,0.4502969,0.5917375,0.32726237,0.0057655224,0.113157794,0.04557639,0.31813326,0.9257854,0.027422987,0.049196854,0.004192909,0.122503005,0.80324435,0.6066645,0.007886822,0.065837555,0.06905795,0.022072244,0.123165585,0.9906122,0.80324435,0.004505653,0.025257757,0.065837555,0.67202854,0.044936337,0.2753203,0.06316281,0.007861238,0.018908039,0.9090414,0.5536713,0.0031637438,0.035386723,0.032149542,0.026629955,0.09932919,0.9966205,0.9090414,0.002845444,0.02819509,0.035386723,0.6731574,0.11694004,0.28371257,0.029858865,0.004452662,0.010702687,0.8258796,0.30974638,0.13291797,0.04506488,0.04282951,0.047858506,0.040227935,0.83973813,0.8258796,0.0023576054,0.05141638,0.04506488,0.5201313,0.20153165,0.20505586,0.03801613,0.0035402337,0.006696445,0.9811167,0.9197594,0.77259314,0.072499916,0.22919852,0.19172795
pork,pork_portion24_day1_rep3,pork_portion24,1,3,Fresh,0,0.19014482,0.35925296,0.26640126,0.06341427,0.062426552,0.064113416,0.40566605,0.48451814,0.35925296,0.014410822,0.10307932,0.062426552,0.35174772,0.92466074,0.03494858,0.06578941,0.0040949495,0.0067761615,0.818956,0.63033843,0.012358651,0.043185405,0.042129833,0.034787986,0.12568037,0.9853723,0.818956,0.0024228536,0.04021412,0.043185405,0.6918723,0.039645303,0.2804488,0.03892438,0.00520653,0.0116351545,0.88363963,0.63396215,0.0,0.032071747,0.031409267,0.0,0.117571555,1.0,0.88363963,0.0030241627,0.0,0.032071747,0.712694,0.06558301,0.29179645,0.02805747,0.007383854,0.009028125,0.83824486,0.3562238,0.23776877,0.044542223,0.043702673,0.044942427,0.030943453,0.71616125,0.83824486,0.0019630706,0.043056116,0.044542223,0.5475707,0.18837139,0.1654259,0.038164925,0.007960641,0.008671812,0.97939134,0.9665752,0.77297676,0.03514366,0.23700774,0.24147919
pork,pork_portion25_day1_rep3,pork_portion25,1,3,Fresh,0,0.21369803,0.40241355,0.310316,0.060568146,0.04860118,0.04725527,0.4136884,0.4759406,0.40241355,0.027074825,0.09394859,0.04860118,0.3949964,0.91950077,0.031609725,0.050816726,0.006466877,0.011445747,0.80730563,0.58029866,0.0005257519,0.03887681,0.037766106,0.006029903,0.117676064,0.99936527,0.80730563,0.0029163915,0.0068727145,0.03887681,0.6568678,0.060115628,0.2728196,0.03494245,0.0057383957,0.011089405,0.9319509,0.65920484,0.0,0.03597001,0.03675523,0.0,0.115868166,1.0,0.9319509,0.002593221,0.0,0.03597001,0.7422583,0.07341381,0.3023038,0.032726735,0.004817364,0.010345565,0.8218472,0.3400905,0.15651499,0.043484665,0.043129887,0.04698508,0.044052344,0.80989313,0.8218472,0.0026842551,0.049600404,0.043484665,0.5317844,0.18728636,0.19837509,0.0378538,0.00677681,0.0066752937,0.9302159,0.9537973,0.7633214,0.09131099,0.19328797,0.26089728
pork,pork_portion26_day1_rep3,pork_portion26,1,3,Fresh,0,0.17817533,0.35267943,0.26935995,0.042866796,0.040887434,0.04179814,0.41753617,0.5003369,0.35267943,0.01678892,0.07140138,0.040887434,0.34515876,0.92453164,0.029021656,0.043384474,0.0025110347,0.008215396,0.800041,0.6174825,0.00025448477,0.0448664,0.044555098,0.0033978526,0.12649581,0.9996789,0.800041,0.0027369985,0.004043546,0.0448664,0.67832756,0.037834324,0.27762812,0.04110445,0.004837592,0.01312201,0.92196476,0.675229,0.0,0.04055264,0.035957217,0.0,0.12002774,1.0,0.92196476,0.0025226008,0.0,0.04055264,0.7490533,0.06116322,0.30323154,0.033419505,0.005574689,0.010897778,0.82464874,0.28885427,0.13030931,0.04503244,0.04696102,0.052012317,0.035947274,0.8426931,0.82464874,0.0043197437,0.057250984,0.04503244,0.5113062,0.20938465,0.20306481,0.03854877,0.0068891,0.009542641,0.9793052,0.99183005,0.75454044,0.07875216,0.2507695,0.29753426
pork,pork_portion27_day1_rep3,pork_portion27,1,3,Fresh,0,0.15891998,0.36478886,0.3197049,0.056409776,0.04746486,0.048433937,0.4616347,0.5758009,0.36478886,0.0050851945,0.110580906,0.04746486,0.3565389,0.9232681,0.044603687,0.05035249,0.003962924,0.19514988,0.78228766,0.6131388,0.010823902,0.06626927,0.06571455,0.027023785,0.1278793,0.9866317,0.78228766,0.0044184276,0.032593977,0.06626927,0.67030853,0.0324099,0.27314672,0.06188735,0.0074735675,0.01877697,0.9373179,0.6248063,0.0,0.03469261,0.03869464,0.0,0.109086886,1.0,0.9373179,0.0039939866,0.0,0.03469261,0.7234055,0.09301079,0.298149,0.032549642,0.009852833,0.0101355435,0.8721059,0.35915545,0.19100115,0.032821205,0.0336703,0.03677919,0.039043937,0.7803271,0.8721059,0.002252564,0.035172503,0.032821205,0.5620565,0.1979589,0.19681221,0.028689027,0.005567689,0.0056487853,0.97175694,0.9424455,0.7690762,0.08436153,0.21201873,0.21752413
pork,pork_portion28_day1_rep3,pork_portion28,1,3,Fresh,0,0.1874535,0.36393481,0.26603147,0.04792691,0.042663053,0.04235137,0.40500373,0.49200776,0.36393481,0.013807576,0.08217125,0.042663053,0.3559837,0.9213649,0.036951277,0.04542598,0.0031717161,0.006986315,0.7416129,0.5370778,0.002790977,0.05500662,0.057452157,0.015736984,0.118272945,0.9965649,0.7416129,0.004544532,0.018543404,0.05500662,0.6097834,0.053840388,0.256519,0.052930407,0.007943828,0.016076338,0.9262819,0.6229786,4.1718818e-06,0.032563444,0.0354578,0.00016507188,0.110043295,0.9999931,0.9262819,0.003518055,0.0002661669,0.032563444,0.7189407,0.08935777,0.29631743,0.030327287,0.008320729,0.009462501,0.82387197,0.3143659,0.1349548,0.039833337,0.03900421,0.046977077,0.041195493,0.8364349,0.82387197,0.0025136399,0.051373143,0.039833337,0.5211988,0.19883554,0.20419256,0.034290623,0.0036987453,0.006160265,0.93017364,0.9440574,0.75981206,0.12149365,0.17778887,0.2440783
pork,pork_portion29_day1_rep3,pork_portion29,1,3,Fresh,0,0.095592216,0.28816712,0.25828794,0.050436158,0.043959342,0.038291037,0.47179043,0.6873587,0.28824657,0.012247462,0.14480655,0.043892212,0.27756613,0.9311831,0.46118855,0.047790144,0.0038498533,0.49436948,0.72964865,0.5210901,0.00090668903,0.050517365,0.04970054,0.008386619,0.11671399,0.9988363,0.72964865,0.003528742,0.010535832,0.050517365,0.59605014,0.056791082,0.25255635,0.046966143,0.005033591,0.014796343,0.8167085,0.6144539,0.0,0.03541996,0.02827416,0.0,0.123426534,1.0,0.8167085,0.0020612152,0.0,0.03541996,0.6811619,0.04664937,0.27945682,0.027967766,0.0041045635,0.00920635,0.86312515,0.37095,0.25881407,0.043812186,0.058253895,0.06400913,0.028918697,0.7008265,0.86312515,0.0024692449,0.06254673,0.043812186,0.5655646,0.19137755,0.16326882,0.044720404,0.012041538,0.01435257,0.953688,0.9890985,0.8479455,0.08983594,0.16436288,0.21865186
pork,pork_portion30_day1_rep3,pork_portion30,1,3,Fresh,0,0.056883007,0.2569039,0.21892846,0.049294926,0.052034844,0.052791636,0.4664165,0.8053996,0.2569039,0.0053386297,0.15000154,0.052034844,0.24204592,0.9283342,0.06428864,0.056874912,0.0043209437,0.23776911,0.80715805,0.62511975,2.184718e-05,0.03904233,0.044457555,0.000426112,0.1269476,0.9999645,0.80715805,0.0035643075,0.00063695735,0.03904233,0.6851597,0.037052345,0.2798849,0.03923916,0.0072064092,0.0123347305,0.8852766,0.65583926,0.0034422965,0.032210287,0.03498973,0.016739855,0.12118555,0.9961711,0.8852766,0.0032359217,0.01832215,0.032210287,0.72667575,0.055259023,0.2948537,0.030219154,0.008482286,0.008958352,0.82381195,0.4065123,0.23100461,0.06631514,0.054686926,0.05711975,0.047346063,0.7212429,0.82381195,0.002419903,0.052150283,0.06631514,0.5654692,0.15938422,0.17547509,0.053996578,0.008362594,0.0075838864,1.0184375,1.0248349,0.8415754,0.047740247,0.2004802,0.22601074
pork,pork_portion31_day1_rep1,pork_portion31,1,1,Fresh,0,0.18417771,0.39615723,0.3501682,0.055178624,0.051266197,0.050004326,0.46209762,0.5450131,0.39615723,0.005014188,0.09883576,0.051266197,0.38813344,0.92140067,0.051171824,0.053224675,0.0036949497,0.21099733,0.7522573,0.5535633,0.01095499,0.05741402,0.058961365,0.03289864,0.1198081,0.9867239,0.7522573,0.00365922,0.03821986,0.05741402,0.6234583,0.05000071,0.25927654,0.054612912,0.0065761167,0.01504151,0.93845123,0.62668884,1.2289039e-05,0.028665502,0.03171466,0.00052244007,0.109293275,0.9999836,0.93845123,0.0037278656,0.0006206952,0.028665502,0.72495323,0.09252463,0.29865846,0.026305508,0.009623253,0.008218846,0.8598896,0.38136643,0.2554187,0.03858379,0.041453145,0.042269096,0.03276766,0.70264965,0.8598896,0.0019639628,0.036802594,0.03858379,0.5683723,0.18568246,0.16611771,0.035738897,0.0047084093,0.005907548,0.9262954,0.92829555,0.7661461,0.11687787,0.17355856,0.2253065
pork,pork_portion32_day1_rep1,pork_portion32,1,1,Fresh,0,0.17068724,0.36503315,0.304111,0.052631006,0.0442756,0.047555726,0.44352165,0.5398033,0.36503315,0.021463465,0.10497842,0.0442756,0.3572245,0.92344224,0.13324922,0.046549182,0.0046429317,0.31810564,0.8360231,0.65510166,0.0119857555,0.03778411,0.03824303,0.026660357,0.12822644,0.9856234,0.8360231,0.002162045,0.030450918,0.03778411,0.7124323,0.034304213,0.28694716,0.035067286,0.0039563016,0.009870488,0.9518449,0.6383624,0.0,0.031802732,0.043750472,0.0,0.1096771,1.0,0.9518449,0.0049696965,0.0,0.031802732,0.7359167,0.092361405,0.302123,0.0345755,0.012525221,0.010371987,0.8561036,0.3548473,0.19835913,0.04132728,0.04185987,0.046185397,0.0373787,0.7683321,0.8561036,0.002228088,0.04511147,0.04132728,0.55357826,0.19417277,0.18900539,0.036310352,0.0053229756,0.00704418,0.9697227,0.92877424,0.7572962,0.06443957,0.24573392,0.23750463
pork,pork_portion33_day1_rep1,pork_portion33,1,1,Fresh,0,0.14592814,0.35728458,0.30723038,0.049493037,0.053388484,0.05585957,0.45829445,0.6004287,0.35728458,0.008104703,0.08424131,0.053388484,0.34750798,0.92080325,0.018804858,0.0551899,0.0040535894,0.10753284,0.7961357,0.58751595,0.008104571,0.045896176,0.048418753,0.023292223,0.12041927,0.9901835,0.7961357,0.003648181,0.027444445,0.045896176,0.6580667,0.051608313,0.2713992,0.043931093,0.0074118306,0.012628028,0.9440754,0.6208273,0.00072950195,0.03633749,0.04786112,0.006970069,0.107500315,0.9992267,0.9440754,0.0052643907,0.0071884505,0.03633749,0.7232517,0.09789975,0.29849273,0.03830516,0.013125041,0.011404332,0.82313764,0.308047,0.13181959,0.04964271,0.04831271,0.053882405,0.04041131,0.84131277,0.82313764,0.002139468,0.05867107,0.04964271,0.5182859,0.2012134,0.20447476,0.042345267,0.0043753055,0.0062714936,0.9569485,0.9468785,0.7625273,0.08441588,0.21540484,0.24804048
pork,pork_portion34_day1_rep1,pork_portion34,1,1,Fresh,0,0.22137302,0.44620055,0.39524043,0.07452985,0.06941487,0.06870041,0.46050537,0.51914525,0.44620055,0.006259886,0.11599203,0.06941487,0.43725792,0.9171859,0.028393213,0.07123638,0.003390193,0.1503381,0.77275956,0.594165,0.033685405,0.06134613,0.06496751,0.053667698,0.12432609,0.9587765,0.77275956,0.003928205,0.06305872,0.06134613,0.65551746,0.038263492,0.26494357,0.05937608,0.008849097,0.014379333,0.93701684,0.64885515,0.00068978337,0.038178638,0.045104846,0.009330406,0.11332878,0.9992838,0.93701684,0.0039371476,0.009406419,0.038178638,0.737591,0.080866426,0.30141702,0.037989795,0.009271131,0.0115164425,0.8471783,0.34289002,0.19138725,0.050192032,0.05694386,0.0589196,0.036291823,0.7753962,0.8471783,0.0028594194,0.059532743,0.050192032,0.54465234,0.19592404,0.18828729,0.046773754,0.007113692,0.009323699,0.936001,0.9296086,0.74653757,0.0994052,0.20742254,0.25151923
pork,pork_portion35_day1_rep1,pork_portion35,1,1,Fresh,0,0.1867486,0.33688396,0.2602243,0.07048232,0.066616304,0.07130623,0.4068263,0.45902234,0.33688396,0.03266616,0.13003163,0.066616304,0.33156434,0.93394613,0.04506738,0.070656076,0.009771131,0.12685159,0.8005623,0.5879249,1.3239597e-06,0.034853395,0.03267722,7.204358e-05,0.12043364,0.9999974,0.8005623,0.0020926616,0.00014408736,0.034853395,0.65961206,0.053235706,0.27309796,0.03074078,0.0033779861,0.009953299,0.9277386,0.6671305,0.0,0.037442304,0.03787087,0.0,0.11781108,1.0,0.9277386,0.003063583,0.0,0.037442304,0.7458341,0.06769493,0.30289817,0.033587065,0.006705005,0.010661745,0.81817734,0.30536702,0.16673002,0.041991852,0.04023356,0.042704083,0.033416554,0.7961687,0.81817734,0.0023961347,0.045630388,0.041991852,0.5154377,0.20114161,0.18756346,0.035152785,0.005460397,0.008171837,0.96709055,0.994227,0.7688414,0.092365384,0.22355883,0.29015964
pork,pork_portion36_day1_rep1,pork_portion36,1,1,Fresh,0,0.12366091,0.32263672,0.27078617,0.06672717,0.06692663,0.07002815,0.45423982,0.64211357,0.32263672,0.009243703,0.14553,0.06692663,0.3118041,0.9241708,0.044494357,0.07095965,0.004153166,0.18033215,0.7596142,0.58190584,0.025914127,0.04366148,0.052724365,0.0523042,0.12437271,0.96798074,0.7596142,0.0036286896,0.06333822,0.04366148,0.6440611,0.03865844,0.26222607,0.046410676,0.009733837,0.009450159,0.9357828,0.66736895,0.011638157,0.039575104,0.05949433,0.03887168,0.11627336,0.9875959,0.9357828,0.0068577845,0.04058745,0.039575104,0.74855447,0.07116863,0.30240238,0.0456593,0.01993684,0.012600552,0.8717187,0.42631897,0.26197082,0.04062667,0.03692018,0.037744425,0.042953733,0.6988551,0.8717187,0.0017649329,0.030519826,0.04062667,0.59467196,0.1694267,0.17438798,0.034574952,0.003969874,0.0045822323,0.97053283,0.9924113,0.81640995,0.11657579,0.16509134,0.22298466
pork,pork_portion37_day1_rep1,pork_portion37,1,1,Fresh,0,0.1343342,0.32488683,0.2800627,0.06591781,0.07181304,0.080813274,0.4563452,0.60952276,0.32509395,0.021373985,0.14034119,0.072002165,0.31533873,0.9279167,0.27011973,0.07610853,0.005141223,0.43177935,0.7869245,0.61205405,0.021082435,0.038886156,0.04026011,0.03801162,0.1266073,0.9737837,0.7869245,0.0023835776,0.0456378,0.038886156,0.6712637,0.03510663,0.27207693,0.036876094,0.0053002904,0.00910446,0.9412811,0.67705977,0.00075788266,0.031042436,0.03561623,0.0073327674,0.11785401,0.99919236,0.9412811,0.0035019417,0.007504098,0.031042436,0.7558298,0.06843511,0.30614424,0.029881999,0.008690109,0.00912595,0.81004167,0.2862611,0.13017835,0.040094268,0.03072026,0.03497513,0.036409244,0.8388729,0.81004167,0.0025312556,0.037210777,0.040094268,0.5033983,0.20549616,0.19994707,0.029888855,0.0068621226,0.006060528,0.9611432,0.9664568,0.749788,0.0970711,0.24982814,0.30624375
pork,pork_portion38_day1_rep1,pork_portion38,1,1,Fresh,0,0.18894593,0.37180164,0.32832292,0.04560033,0.048717078,0.05181041,0.45781472,0.49648473,0.37180164,0.009741931,0.06375124,0.048717078,0.36641407,0.9295415,0.126073,0.050524022,0.0043938938,0.32382536,0.7941393,0.61468756,0.0013157276,0.036631823,0.036723435,0.010860807,0.1269508,0.99844074,0.7941393,0.0024024872,0.012490064,0.036631823,0.67493874,0.036686234,0.27623206,0.033981673,0.003967888,0.010545659,0.94100994,0.6242639,0.0,0.026739122,0.03262938,0.0,0.1084855,1.0,0.94100994,0.0036977641,0.0,0.026739122,0.7243046,0.09485796,0.29864752,0.026594423,0.008969968,0.008172296,0.8838228,0.3457985,0.20091765,0.030246494,0.031271942,0.034716517,0.033251002,0.7718001,0.8838228,0.002978479,0.032444336,0.030246494,0.5615069,0.20796731,0.19265743,0.026386451,0.004439787,0.006268724,0.9565175,0.92442644,0.7504425,0.07951976,0.22178526,0.22479038
pork,pork_portion39_day1_rep1,pork_portion39,1,1,Fresh,0,0.09649087,0.32022956,0.29232392,0.054546237,0.061139178,0.069065355,0.47629052,0.7171679,0.3204117,0.012375362,0.12741014,0.061597593,0.30879322,0.9238315,0.67298967,0.064205825,0.004815861,0.46187112,0.80128545,0.5853004,0.00041100016,0.044501178,0.034894712,0.0057008923,0.11983039,0.99953586,0.80128545,0.0047008847,0.0061857398,0.044501178,0.658394,0.054846674,0.27277473,0.03313417,0.012788384,0.010842518,0.9351013,0.6701991,3.8232563e-05,0.03269898,0.040973052,0.0008711335,0.11740728,0.9999495,0.9351013,0.00384795,0.0010516071,0.03269898,0.7498624,0.06930661,0.3043803,0.0340098,0.008916568,0.01044258,0.8096973,0.3239679,0.17902115,0.04655405,0.04750796,0.04716819,0.036394086,0.77930963,0.8096973,0.0025577242,0.04892409,0.04655405,0.51990914,0.19044869,0.182693,0.040786427,0.008470511,0.008251671,1.0185908,1.0298678,0.90708935,0.09784922,0.21373037,0.28698727
pork,pork_portion40_day1_rep1,pork_portion40,1,1,Fresh,0,0.19532333,0.41568,0.3919146,0.056768335,0.052787837,0.055221256,0.4801094,0.5372576,0.41569754,0.005305251,0.07389913,0.05278918,0.40863162,0.9234573,0.98454845,0.05399713,0.002693351,0.09714274,0.7165164,0.56679595,0.021345995,0.03270277,0.030023672,0.03329653,0.12886877,0.97024083,0.7165164,0.0025674864,0.04526831,0.03270277,0.6221098,0.027232297,0.2550444,0.028552713,0.0056018364,0.00799065,0.95236087,0.6509367,0.0,0.017315898,0.01715466,0.0,0.11210835,1.0,0.95236087,0.002022707,0.0,0.017315898,0.743486,0.08627203,0.3039938,0.015215452,0.0032089136,0.0048135547,0.8591911,0.36149326,0.22077969,0.04142464,0.046691332,0.043766428,0.034772,0.74276793,0.8591911,0.0038180847,0.04132574,0.04142464,0.5583912,0.19300084,0.17995045,0.038368654,0.008657645,0.007490743,1.1751461,1.129673,1.0969833,0.14357549,0.19281691,0.24705844
pork,pork_portion31_day1_rep2,pork_portion31,1,2,Fresh,0,0.1741419,0.38591018,0.34252223,0.062503375,0.056774903,0.056380708,0.46411604,0.5632995,0.38591018,0.0051090796,0.11856859,0.056774903,0.37760893,0.9222172,0.0835059,0.05951622,0.0037587145,0.2711332,0.74355245,0.5469231,0.011958578,0.05844643,0.06027807,0.034480598,0.11970291,0.985268,0.74355245,0.0038695713,0.0409806,0.05844643,0.61664474,0.049640235,0.25679937,0.055802442,0.007440198,0.015351451,0.94124615,0.62189966,0.0,0.027249055,0.032201458,0.0,0.10803028,1.0,0.94124615,0.0037222158,0.0,0.027249055,0.7230271,0.09613505,0.29835936,0.026326058,0.00933596,0.008156421,0.8572829,0.38036492,0.25734422,0.04022482,0.0424057,0.04383086,0.032054316,0.6996095,0.8572829,0.001582954,0.038288303,0.04022482,0.5669665,0.18523127,0.16430403,0.03700623,0.00422118,0.0060990397,0.9211728,0.920808,0.76520115,0.12331346,0.17148833,0.22419609
pork,pork_portion32_day1_rep2,pork_portion32,1,2,Fresh,0,0.16972876,0.36257035,0.29711232,0.057497818,0.049067643,0.05280579,0.4390687,0.5417864,0.36257035,0.022821678,0.11206757,0.049067643,0.35450017,0.92300516,0.10708878,0.05183125,0.0043249982,0.2805176,0.838848,0.65613955,0.015780412,0.03761167,0.037904292,0.029835159,0.12767678,0.9812213,0.838848,0.0021984745,0.034174044,0.03761167,0.713922,0.03504518,0.287017,0.03471655,0.0041899243,0.009465603,0.9532595,0.64339566,9.571378e-05,0.029641483,0.04191632,0.0020452817,0.11041064,0.99990416,0.9532595,0.0048385095,0.002045279,0.029641483,0.73932916,0.09043502,0.3030433,0.032775927,0.012357831,0.009735598,0.85597694,0.3424922,0.18663515,0.04051665,0.043008044,0.04815021,0.036694624,0.7823188,0.85597694,0.002189719,0.048462935,0.04051665,0.54799473,0.19936113,0.19247116,0.036345948,0.0044541773,0.0072855586,0.9746954,0.93790436,0.75391704,0.06301111,0.25193354,0.24637361
pork,pork_portion33_day1_rep2,pork_portion33,1,2,Fresh,0,0.13755907,0.3500386,0.29970402,0.05347224,0.056559023,0.05825627,0.45822892,0.6187164,0.3500386,0.0074838675,0.09977793,0.056559023,0.3397686,0.92062986,0.00906818,0.05875526,0.0049101366,0.042091757,0.78410375,0.5745286,0.0059746946,0.04572761,0.0481238,0.02063643,0.119681455,0.99270064,0.78410375,0.003755763,0.024380138,0.04572761,0.6463192,0.052991048,0.26795453,0.04369528,0.007677873,0.012761943,0.9382356,0.6365288,0.008644655,0.043372136,0.05443655,0.036617287,0.11064487,0.9908882,0.9382356,0.00691807,0.037926044,0.043372136,0.7309137,0.08760742,0.29865935,0.04215615,0.020804962,0.011978405,0.83290964,0.31008446,0.13832912,0.046094093,0.04802242,0.055654466,0.039267786,0.8352609,0.83290964,0.002105766,0.059652492,0.046094093,0.52354276,0.20389497,0.2041065,0.04064711,0.0039032178,0.007494764,0.955925,0.9647714,0.76519394,0.096422546,0.20475015,0.25586274
pork,pork_portion34_day1_rep2,pork_portion34,1,2,Fresh,0,0.21422394,0.442571,0.39648235,0.07792814,0.06978758,0.07114218,0.4642944,0.5327994,0.442571,0.0070691947,0.12416464,0.06978758,0.43359372,0.91728604,0.22380966,0.07200866,0.0036436631,0.41331297,0.7779548,0.59225607,0.025536,0.06351285,0.06422188,0.046784095,0.123411626,0.96916676,0.7779548,0.0037932708,0.054404363,0.06351285,0.6557004,0.04143599,0.26669708,0.059463352,0.007864859,0.015363129,0.9325701,0.64874715,4.1718817e-05,0.035821665,0.039830662,0.0010435169,0.113895506,0.9999542,0.9325701,0.0035652008,0.0010818426,0.035821665,0.73623586,0.078975506,0.30089045,0.034031693,0.008372355,0.010592457,0.8422048,0.34040573,0.19546266,0.04735219,0.051312957,0.053769108,0.035249196,0.7688503,0.8422048,0.0024820096,0.053807575,0.04735219,0.54137415,0.19538075,0.18479763,0.043215003,0.0054383576,0.008037582,0.9045905,0.8945939,0.73094857,0.09520695,0.20851138,0.25494865
pork,pork_portion35_day1_rep2,pork_portion35,1,2,Fresh,0,0.17793074,0.3346811,0.2580349,0.073426366,0.06655237,0.07253924,0.41077763,0.4852337,0.3346811,0.031750996,0.14069764,0.06655237,0.32834268,0.9318272,0.027729714,0.07120248,0.009155582,0.022203512,0.8006869,0.5916993,0.0,0.03574702,0.034052704,0.0,0.12114691,1.0,0.8006869,0.0021024165,0.0,0.03574702,0.6620274,0.051355828,0.27374303,0.031891,0.0032761435,0.010247683,0.92330205,0.6591487,0.0,0.039531637,0.040184285,0.0,0.116937675,1.0,0.92330205,0.0028656875,0.0,0.039531637,0.73962814,0.069785014,0.30112365,0.0358839,0.0054726256,0.0114348605,0.81876063,0.3014718,0.16940746,0.043334387,0.04337791,0.047256045,0.03206889,0.7935322,0.81876063,0.0024111073,0.050167527,0.043334387,0.514254,0.2028615,0.18595622,0.036683153,0.006980278,0.008117273,0.97318953,0.9934871,0.7687585,0.08432795,0.2291233,0.28594825
pork,pork_portion36_day1_rep2,pork_portion36,1,2,Fresh,0,0.11872777,0.3218861,0.26979008,0.07242952,0.0717335,0.07540998,0.4548858,0.6619358,0.3218861,0.01018857,0.16073932,0.0717335,0.3105127,0.92321354,0.0937973,0.07609955,0.0046662115,0.2733183,0.7645716,0.5947601,0.037955157,0.044683147,0.05467115,0.060991377,0.12579505,0.95278054,0.7645716,0.003975599,0.07398102,0.044683147,0.6538922,0.034414344,0.262924,0.04776554,0.010928879,0.009314916,0.931215,0.66035247,0.0076410533,0.04070928,0.059001666,0.033543702,0.11582456,0.99175924,0.931215,0.007250899,0.03539234,0.04070928,0.7430227,0.07269831,0.30126098,0.045391124,0.020449193,0.013245397,0.88139886,0.43180978,0.26694158,0.037322193,0.037079133,0.0388287,0.042753015,0.6964811,0.88139886,0.001957444,0.03176084,0.037322193,0.60130244,0.17071792,0.17513351,0.033474173,0.003338054,0.004692172,0.9677176,0.97646415,0.8108168,0.104305446,0.17044505,0.21354298
pork,pork_portion37_day1_rep2,pork_portion37,1,2,Fresh,0,0.1294363,0.322097,0.27657244,0.06867784,0.073307335,0.081501685,0.45592096,0.6239154,0.32221666,0.02302996,0.14898244,0.07340411,0.31206387,0.9273704,0.26052332,0.077805914,0.0051858984,0.42558056,0.7845319,0.61085063,0.022071032,0.040854402,0.04298364,0.039645486,0.1266892,0.97265047,0.7845319,0.0024528685,0.047619186,0.040854402,0.6698224,0.03467242,0.27141336,0.039183684,0.0055752667,0.009512368,0.9442368,0.6715602,0.0006212795,0.030865056,0.03870681,0.006373092,0.1164308,0.99933517,0.9442368,0.0038027274,0.0065303,0.030865056,0.7533884,0.072507165,0.30578306,0.03187713,0.00915528,0.009609727,0.81125915,0.28700498,0.11676121,0.041213676,0.03629154,0.041330665,0.03898171,0.85612935,0.81125915,0.002447659,0.04572194,0.041213676,0.5040752,0.20539458,0.20579255,0.032836962,0.0050533614,0.006932942,0.9617793,0.96312356,0.7490747,0.09795929,0.2468284,0.29969025
pork,pork_portion38_day1_rep2,pork_portion38,1,2,Fresh,0,0.19221784,0.3805545,0.34036243,0.04657486,0.044162437,0.04785918,0.46249506,0.5001335,0.3805545,0.009162428,0.06869856,0.044162437,0.37516367,0.928727,0.33344418,0.046329215,0.0038325076,0.46744186,0.7906003,0.60938174,4.179052e-05,0.039546914,0.038684584,0.0006112296,0.1263278,0.9999342,0.7906003,0.0023609966,0.0008910145,0.039546914,0.6704936,0.037805125,0.2751199,0.036103297,0.0036902009,0.011609979,0.94104236,0.61927694,0.0,0.026649132,0.03104045,0.0,0.10761662,1.0,0.94104236,0.00324675,0.0,0.026649132,0.7213379,0.09737535,0.29795042,0.025982725,0.007143253,0.00806303,0.878433,0.34211463,0.1912109,0.031728487,0.033195194,0.03549764,0.034573834,0.7814853,0.878433,0.0022830772,0.03389499,0.031728487,0.55754465,0.20767523,0.19555756,0.027506737,0.0059473384,0.0053785695,0.94040585,0.9012447,0.7564331,0.08157811,0.21896002,0.22243784
pork,pork_portion39_day1_rep2,pork_portion39,1,2,Fresh,0,0.09374874,0.3134583,0.28387114,0.05947592,0.06167617,0.072545104,0.4744044,0.72352695,0.31367013,0.014759994,0.14427575,0.06214051,0.30184352,0.9246538,0.5858643,0.0654959,0.0036787263,0.48488146,0.79757386,0.5817269,0.00015019935,0.045324497,0.0356791,0.0020874848,0.11963604,0.99981433,0.79757386,0.004664944,0.0023796905,0.045324497,0.6550224,0.055084243,0.2717696,0.03399473,0.01247881,0.0112515595,0.9400122,0.67807,0.000120159486,0.031810712,0.038205836,0.0023294345,0.11822333,0.99985933,0.9400122,0.0036145942,0.0025384712,0.031810712,0.7560405,0.06739638,0.3062256,0.031999554,0.008492655,0.009905057,0.80164546,0.3131361,0.17462908,0.051919702,0.04908333,0.048058886,0.03501105,0.78281236,0.80164546,0.0022978599,0.049366776,0.051919702,0.5115773,0.19210166,0.1812867,0.04358462,0.008263466,0.008742356,0.98971814,1.009645,0.86273056,0.107440524,0.21803078,0.30153507
pork,pork_portion40_day1_rep2,pork_portion40,1,2,Fresh,0,0.20180812,0.41447353,0.39131775,0.057960887,0.057178274,0.062650904,0.47964245,0.5211739,0.41499668,0.008663867,0.07355644,0.057600565,0.4082411,0.9256136,0.9130888,0.058564693,0.0037498577,0.27130657,0.72739637,0.56955147,0.02073609,0.04621178,0.049722884,0.036756963,0.12746213,0.9723767,0.72739637,0.0036725341,0.04801744,0.04621178,0.62675375,0.030669818,0.25703865,0.045941547,0.0070552626,0.012461328,0.95275855,0.6538443,0.0,0.01661073,0.014582015,0.0,0.11278645,1.0,0.95275855,0.0016741415,0.0,0.01661073,0.7453177,0.08507919,0.30448824,0.013500266,0.002438536,0.0043884497,0.8576524,0.3621262,0.2182689,0.045113947,0.051691405,0.047290955,0.03546984,0.74568343,0.8576524,0.004350826,0.043577615,0.045113947,0.55799055,0.19216661,0.18097816,0.042667296,0.008402171,0.0071458668,1.1309615,1.0911065,1.0470698,0.13881373,0.19129764,0.24862404
pork,pork_portion31_day1_rep3,pork_portion31,1,3,Fresh,0,0.18019545,0.39523193,0.34751213,0.06106842,0.05567936,0.05556577,0.46118084,0.55669796,0.39523193,0.005715815,0.11096871,0.05567936,0.3866675,0.9203136,0.030638866,0.058033824,0.0036428615,0.15776873,0.74972135,0.5498617,0.009925432,0.059564315,0.06062071,0.03018254,0.11943661,0.9879208,0.74972135,0.0037885474,0.035305195,0.059564315,0.6203394,0.05078583,0.2584915,0.056330092,0.0065273894,0.01583718,0.940299,0.6218352,0.0,0.029046213,0.033394642,0.0,0.10815866,1.0,0.940299,0.0036839014,0.0,0.029046213,0.7226793,0.095755525,0.29817846,0.027652485,0.009106516,0.0086108055,0.8562103,0.37679362,0.25328195,0.041922048,0.0436487,0.044211898,0.03200029,0.704016,0.8562103,0.0016851255,0.03852377,0.041922048,0.56472677,0.18628193,0.16552502,0.03819352,0.004184468,0.0061927787,0.9287615,0.929719,0.7672691,0.11862036,0.1734783,0.22525758
pork,pork_portion32_day1_rep3,pork_portion32,1,3,Fresh,0,0.17230095,0.36381593,0.29732767,0.055819742,0.048737194,0.051948477,0.43824375,0.5359489,0.36381593,0.020970553,0.10568841,0.048737194,0.35575774,0.9230891,0.02128324,0.05138618,0.0036352086,0.058589067,0.839116,0.65652657,0.02130361,0.04309986,0.042481273,0.036871273,0.12729321,0.97479963,0.839116,0.0025488425,0.041970126,0.04309986,0.7142129,0.035143487,0.2863162,0.039241098,0.0046174787,0.010819477,0.95255995,0.6436687,0.0,0.031077392,0.042548582,0.0,0.110519774,1.0,0.95255995,0.004827423,0.0,0.031077392,0.7392626,0.0899861,0.30301225,0.033644885,0.012161912,0.010074421,0.8569015,0.34453496,0.18512371,0.041497443,0.042948455,0.049413122,0.037356853,0.7843799,0.8569015,0.0022483473,0.050075706,0.041497443,0.5492672,0.19878532,0.19369887,0.0368685,0.0039683743,0.0072310735,0.9935693,0.959431,0.7692782,0.06256163,0.25012738,0.244714
pork,pork_portion33_day1_rep3,pork_portion33,1,3,Fresh,0,0.14206764,0.35964578,0.3065324,0.056587454,0.055961393,0.058452364,0.45722464,0.61754686,0.35964578,0.0067021674,0.102263086,0.055961393,0.34919187,0.91871446,0.009418136,0.05817301,0.003333629,0.03221626,0.78372216,0.5722644,0.0066947932,0.04645499,0.048322093,0.022779793,0.11918064,0.9918768,0.78372216,0.0034940136,0.02679521,0.04645499,0.644746,0.054027386,0.2673899,0.044152465,0.0068306373,0.012813735,0.93843454,0.637456,0.0065964814,0.043110266,0.054156974,0.03045426,0.110869065,0.9930703,0.93843454,0.006984423,0.03140639,0.043110266,0.731514,0.08721691,0.2991962,0.041929755,0.020626532,0.011748003,0.8315913,0.31302136,0.13179384,0.0449639,0.045931835,0.055404723,0.041001175,0.8428011,0.8315913,0.0025351893,0.059576053,0.0449639,0.52403,0.20209505,0.20688993,0.039448176,0.0037957777,0.007182733,0.94951856,0.9599634,0.76361436,0.09819301,0.20039117,0.25449365
pork,pork_portion34_day1_rep3,pork_portion34,1,3,Fresh,0,0.21387452,0.44419006,0.39435053,0.07517412,0.06822627,0.06760864,0.46194905,0.5336552,0.44419006,0.0056380276,0.11650282,0.06822627,0.43485653,0.9159806,0.031660628,0.06988996,0.0030275274,0.16290699,0.7784398,0.5918867,0.024629382,0.06512209,0.06596439,0.047160845,0.12332847,0.97051,0.7784398,0.003786136,0.054319646,0.06512209,0.65557975,0.041784592,0.26684,0.06092894,0.008011631,0.015643656,0.9375911,0.650664,4.718285e-05,0.034866367,0.041013945,0.0009098263,0.11362218,0.999949,0.9375911,0.0036390703,0.0009849363,0.034866367,0.7388344,0.0801923,0.30186144,0.034606736,0.008383874,0.010673841,0.84271073,0.33702564,0.18610372,0.04933958,0.052981224,0.055581186,0.036182288,0.78027177,0.84271073,0.0030378383,0.05601613,0.04933958,0.54000616,0.19674926,0.18877667,0.044625547,0.0055068834,0.008788418,0.93179756,0.92949075,0.7436636,0.09814778,0.20848306,0.2567223
pork,pork_portion35_day1_rep3,pork_portion35,1,3,Fresh,0,0.1730791,0.33664533,0.2633786,0.07107701,0.06738529,0.07236789,0.4173839,0.5016872,0.33664533,0.03265131,0.13595422,0.06738529,0.32963097,0.93032813,0.04997714,0.07142646,0.007914188,0.15258542,0.8033247,0.59382486,0.00027812543,0.035821393,0.034211677,0.005808892,0.12118028,0.99966896,0.8033247,0.002135453,0.006705637,0.035821393,0.6641625,0.05134684,0.27441132,0.032032195,0.00345369,0.010244929,0.92548597,0.66473305,2.7812546e-06,0.03785598,0.038926974,0.00014766837,0.117676266,0.9999958,0.92548597,0.0030275993,0.0002215018,0.03785598,0.74367625,0.067929946,0.3022058,0.034480706,0.0065094484,0.010918495,0.81643456,0.3049782,0.16544177,0.04122865,0.041175783,0.04529188,0.033690687,0.7975382,0.81643456,0.0025810453,0.04877865,0.04122865,0.5144941,0.20065841,0.1877259,0.035259493,0.005311359,0.008661115,0.9668972,0.9893349,0.76522344,0.0858485,0.22849274,0.28852546
pork,pork_portion36_day1_rep3,pork_portion36,1,3,Fresh,0,0.12742253,0.33415246,0.27844936,0.07449036,0.07491147,0.07990033,0.4526488,0.6488005,0.33415246,0.010569048,0.15743661,0.07491147,0.32283548,0.9213593,0.057797067,0.07905122,0.0044332105,0.20718388,0.7670302,0.60110635,0.04136153,0.044729475,0.05286625,0.06281285,0.12665416,0.94855607,0.7670302,0.0036376198,0.07595982,0.044729475,0.65868884,0.03227941,0.26365998,0.0467008,0.009728713,0.008905425,0.9366782,0.6694036,0.013277618,0.03870143,0.060121812,0.041972283,0.11641483,0.9859194,0.9366782,0.0070632664,0.043582365,0.03870143,0.7500983,0.070558675,0.302569,0.04563648,0.020797592,0.012443091,0.8696369,0.4233324,0.26194707,0.0402143,0.038377564,0.03905972,0.04244974,0.69820946,0.8696369,0.0017560505,0.032435954,0.0402143,0.59240574,0.17009299,0.17336668,0.03517578,0.004212395,0.0047542662,0.9724403,0.98302007,0.8064896,0.10646549,0.17759198,0.22686398
pork,pork_portion37_day1_rep3,pork_portion37,1,3,Fresh,0,0.14373556,0.31925353,0.26124758,0.07615588,0.07901019,0.08495038,0.438844,0.5803614,0.31925353,0.028837522,0.1619277,0.07901019,0.30997774,0.92959505,0.11470757,0.084398225,0.005770753,0.29316476,0.78896624,0.6162634,0.0239351,0.037123393,0.039214075,0.042134453,0.12704627,0.97046036,0.78896624,0.0022530467,0.05046702,0.037123393,0.67455536,0.033859346,0.2726274,0.035640184,0.005357252,0.008012591,0.94239557,0.67740625,0.0005771107,0.0305308,0.034791917,0.0058625042,0.1176918,0.999376,0.94239557,0.0031999315,0.0060370974,0.0305308,0.7563737,0.06869335,0.30635834,0.029457627,0.007804159,0.00904071,0.81237453,0.28579798,0.12515077,0.042269267,0.039996166,0.042632043,0.037033245,0.84617126,0.81237453,0.003144753,0.04740504,0.042269267,0.50432825,0.20629129,0.20245804,0.034425426,0.005299455,0.0066698557,0.9798969,0.98850954,0.7540827,0.095107436,0.25225738,0.30537742
pork,pork_portion38_day1_rep3,pork_portion38,1,3,Fresh,0,0.18169998,0.36945578,0.3268548,0.051515963,0.050946068,0.05522265,0.45991313,0.5156321,0.36945578,0.009733414,0.07795691,0.050946068,0.36337033,0.9284571,0.19943587,0.05345147,0.0041017197,0.39358944,0.78648436,0.60940015,0.0036222958,0.04209191,0.040083457,0.017160062,0.12691072,0.9955532,0.78648436,0.0024889812,0.020457502,0.04209191,0.66937184,0.036067475,0.27406982,0.03755057,0.004836524,0.011535468,0.94377995,0.6231731,0.0,0.026005194,0.030091424,0.0,0.10797993,1.0,0.94377995,0.0032038928,0.0,0.026005194,0.72447944,0.096501835,0.2988892,0.025168657,0.0072209886,0.007848857,0.87970436,0.33967975,0.1910168,0.031515714,0.03376153,0.036987133,0.034019776,0.7821062,0.87970436,0.0022645323,0.034949478,0.031515714,0.55701077,0.20882586,0.19551449,0.028045397,0.004250632,0.0060288403,0.94634366,0.91238165,0.7452389,0.08547023,0.22054797,0.22660267
pork,pork_portion39_day1_rep3,pork_portion39,1,3,Fresh,0,0.095398925,0.3018852,0.26070186,0.059661392,0.06474684,0.0747158,0.46317637,0.70733315,0.3020993,0.016379055,0.14573753,0.06532841,0.28978878,0.9251571,0.298987,0.068581626,0.0049083466,0.44813737,0.8036799,0.5865634,5.188705e-05,0.04312526,0.03473904,0.0014179829,0.11971368,0.9999331,0.8036799,0.0049446546,0.0016299731,0.04312526,0.65988016,0.055237174,0.27341577,0.032502644,0.013326991,0.010751157,0.9380728,0.67330635,0.0,0.032196146,0.039224684,0.0,0.11761938,1.0,0.9380728,0.0036200148,0.0,0.032196146,0.7525914,0.068977796,0.30524603,0.03272999,0.008459871,0.010111511,0.81229836,0.32158872,0.18003142,0.046781894,0.051890295,0.051737417,0.03541371,0.77905494,0.81229836,0.0026978494,0.053834308,0.046781894,0.52017975,0.192307,0.18252578,0.042563993,0.009674517,0.008935006,0.9457179,0.9732772,0.7769894,0.09898151,0.21579002,0.29031968
pork,pork_portion40_day1_rep3,pork_portion40,1,3,Fresh,0,0.19460213,0.4141985,0.39198896,0.059521593,0.053018875,0.05563509,0.4809081,0.53792375,0.41436842,0.008617943,0.07836116,0.053086214,0.40745878,0.92411584,0.93532246,0.05444726,0.0035669224,0.231626,0.7242845,0.56983894,0.01607002,0.03975373,0.040989395,0.03151666,0.12837303,0.9782497,0.7242845,0.003155281,0.041621074,0.03975373,0.62612695,0.02915135,0.25742617,0.038138893,0.0057858736,0.010718597,0.9551121,0.6564483,0.0,0.015482938,0.014951518,0.0,0.11287438,1.0,0.9551121,0.001623844,0.0,0.015482938,0.7476413,0.08463352,0.30519962,0.013452417,0.0024056607,0.004278703,0.85775054,0.36397365,0.21773759,0.043558855,0.050324097,0.045326695,0.036152557,0.74615425,0.85775054,0.0041493247,0.041598305,0.043558855,0.558828,0.19126318,0.1816445,0.04125505,0.008876408,0.00679781,1.1438184,1.1034081,1.062081,0.14186725,0.19118644,0.24957208
pork,pork_portion01_day2_rep1,pork_portion01,2,1,Fresh,0,0.20912986,0.39395103,0.32634124,0.05974185,0.05845485,0.05686873,0.43690917,0.47956762,0.39395103,0.0046040434,0.091362365,0.05845485,0.38761848,0.9246335,0.01801095,0.060893726,0.0034667628,0.0024271177,0.77176225,0.5494822,0.0008793497,0.028997304,0.033010714,0.0051773195,0.116666615,0.99881595,0.77176225,0.0034806547,0.0065642814,0.028997304,0.62698233,0.060552742,0.26302344,0.02919915,0.0064875246,0.008918627,0.9470367,0.5904748,0.0008288274,0.03250172,0.040282123,0.011378917,0.10175266,0.99914944,0.9470367,0.0042894026,0.011441008,0.03250172,0.70670617,0.114289545,0.29487553,0.032534298,0.010903355,0.009657343,0.84226996,0.39954603,0.2684306,0.049697485,0.051255397,0.052361213,0.035849094,0.68201035,0.84226996,0.0016542396,0.046862572,0.049697485,0.5702765,0.17103714,0.15919924,0.04566445,0.0050465777,0.0058460734,0.92949545,0.9138535,0.7881659,0.10128223,0.16186975,0.20060259
pork,pork_portion02_day2_rep1,pork_portion02,2,1,Fresh,0,0.19650848,0.4094964,0.3493133,0.062113892,0.058251295,0.057825346,0.4511843,0.5314225,0.4094964,0.0024285424,0.10012225,0.058251295,0.4009766,0.91782784,0.011609529,0.06038091,0.004104662,0.0019489016,0.85141796,0.6272137,0.0,0.040424477,0.041759297,0.0,0.12067401,1.0,0.85141796,0.0039702216,0.0,0.040424477,0.6990503,0.055185344,0.28622603,0.037056867,0.009119427,0.011732926,0.94767517,0.5768102,0.0,0.02056549,0.023397202,0.0,0.0995157,1.0,0.94767517,0.0030404474,0.0,0.02056549,0.6991922,0.12133028,0.29340374,0.018928237,0.0076873903,0.005798176,0.8594047,0.37071487,0.22691503,0.0421596,0.04431437,0.047541216,0.03590267,0.736207,0.8594047,0.002298638,0.044227753,0.0421596,0.5626288,0.18932158,0.17843144,0.03822718,0.0054440876,0.007016444,0.9531077,0.8959626,0.7646452,0.0665334,0.21959743,0.19102621
pork,pork_portion03_day2_rep1,pork_portion03,2,1,Fresh,0,0.20464244,0.39533523,0.3341079,0.06616581,0.06275616,0.06283764,0.44443026,0.4978469,0.39533523,0.0040707886,0.11641232,0.06275616,0.38869503,0.9238886,0.01416615,0.06622216,0.0026727575,0.0030299127,0.7994197,0.56723124,0.0005798918,0.04284882,0.044405393,0.005182629,0.116112016,0.99930507,0.7994197,0.0035812645,0.0058899717,0.04284882,0.646272,0.06348558,0.26966497,0.04045941,0.006421854,0.012678234,0.9306601,0.7383026,0.0009025622,0.027819643,0.026102183,0.0055856,0.13006133,0.99890476,0.9306601,0.0016682894,0.006263285,0.027819643,0.7908173,0.033376608,0.31395873,0.023760159,0.0033144965,0.007746263,0.85881233,0.34782606,0.18726064,0.04527289,0.04376326,0.048892446,0.037763752,0.7824121,0.85881233,0.0023729592,0.04938948,0.04527289,0.5514734,0.19807065,0.19369331,0.03858635,0.005557518,0.007335883,0.933766,1.0220516,0.7652049,0.15414874,0.1813053,0.31444144
pork,pork_portion04_day2_rep1,pork_portion04,2,1,Fresh,0,0.22035517,0.4120116,0.33992264,0.06612618,0.06148527,0.06145673,0.43520167,0.47750345,0.4120116,0.0030015027,0.103110336,0.06148527,0.40495196,0.9222211,0.019656131,0.06418861,0.0035921535,0.0020196543,0.831761,0.6692511,0.048212238,0.044286977,0.049022857,0.060853846,0.13013345,0.943632,0.831761,0.002533095,0.06826043,0.044286977,0.7204985,0.025925444,0.2831462,0.043619838,0.006708464,0.008749579,0.9436538,0.61080515,0.00036541294,0.042565085,0.049298737,0.0055694627,0.10571249,0.99962395,0.9436538,0.0045642876,0.005598483,0.042565085,0.7172637,0.10275904,0.2971407,0.041498527,0.010481097,0.012697729,0.8235545,0.36115387,0.20083614,0.045073476,0.041557662,0.046562906,0.040998444,0.7564813,0.8235545,0.0023095421,0.044878528,0.045073476,0.5427211,0.17959912,0.1815597,0.038743373,0.0042968923,0.0061996835,0.9860743,0.91981214,0.772451,0.078164645,0.25600824,0.22299884
pork,pork_portion05_day2_rep1,pork_portion05,2,1,Fresh,0,0.18614095,0.35917956,0.26690066,0.06179713,0.06052857,0.059491955,0.40836248,0.4944462,0.35917956,0.013550688,0.104263574,0.06052857,0.35136497,0.9235284,0.034176767,0.06359938,0.0055748574,0.0068843956,0.82521194,0.5691262,0.00031545103,0.040802587,0.038276173,0.004321979,0.11291131,0.99962384,0.82521194,0.0034232077,0.0050291545,0.040802587,0.65534264,0.073634006,0.2736959,0.035434633,0.0073871054,0.011382383,0.9508153,0.5742444,0.0,0.032482047,0.027376777,0.0,0.09871498,1.0,0.9508153,0.004206579,0.0,0.032482047,0.6988461,0.12377854,0.29355273,0.023109157,0.012749223,0.007580752,0.85411423,0.379554,0.24810122,0.042428024,0.05505951,0.05531323,0.03411373,0.70951164,0.85411423,0.0030884892,0.05453514,0.042428024,0.56546223,0.18377464,0.16845073,0.04217331,0.013492149,0.011899273,0.93385875,0.90973556,0.7817306,0.06929155,0.17687847,0.19246116
pork,pork_portion06_day2_rep1,pork_portion06,2,1,Fresh,0,0.2217557,0.4098456,0.30940676,0.04967571,0.04659762,0.045938473,0.40884736,0.46372887,0.4098456,0.012142885,0.06317675,0.04659762,0.4021498,0.91782635,0.036192138,0.048288852,0.003350399,0.0063352054,0.85476416,0.6625007,0.03509569,0.051603127,0.056015998,0.06681583,0.12545925,0.9606189,0.85476416,0.0027271712,0.07073763,0.051603127,0.7222644,0.041610733,0.28647956,0.050111514,0.047200587,0.013227264,0.94043624,0.6873974,0.0,0.030182304,0.042693447,0.0,0.11994526,1.0,0.94043624,0.0057706223,0.0,0.030182304,0.7619763,0.06297096,0.30758786,0.03273032,0.015363456,0.009676865,0.86757916,0.39399484,0.26164696,0.047500707,0.047783487,0.049668495,0.035006557,0.69868517,0.86757916,0.0011665266,0.041664857,0.047500707,0.5774817,0.18287027,0.16706058,0.042634677,0.0033924452,0.0059648077,0.96585244,0.9663895,0.76683,0.04978809,0.23489824,0.26107857
pork,pork_portion07_day2_rep1,pork_portion07,2,1,Fresh,0,0.19954592,0.40497157,0.35229233,0.045847785,0.0421021,0.04286399,0.455555,0.511884,0.40497157,0.0044707255,0.063918605,0.0421021,0.39771536,0.92131186,0.010674988,0.043835,0.0024518338,0.052089036,0.7350504,0.48894757,7.6484495e-05,0.039299935,0.042504396,0.0011050681,0.108717576,0.9998929,0.7350504,0.004160914,0.0014712393,0.039299935,0.57775676,0.076145634,0.24871528,0.038774718,0.0064597474,0.012063956,0.93531173,0.62826395,0.0005338907,0.04108823,0.04534651,0.006994895,0.1098367,0.9994347,0.93531173,0.004181744,0.007152328,0.04108823,0.72485733,0.09051861,0.29827112,0.038768914,0.009881053,0.011992645,0.865093,0.36817196,0.233784,0.049889468,0.050292123,0.0529957,0.03353366,0.73057187,0.865093,0.0020206328,0.04746713,0.049889468,0.5639498,0.19273582,0.17587683,0.044408064,0.0036195463,0.0068877577,0.89631695,0.93805695,0.7653422,0.15588759,0.13816419,0.22653908
pork,pork_portion08_day2_rep1,pork_portion08,2,1,Fresh,0,0.1340114,0.32313985,0.266073,0.06536548,0.06967497,0.07623637,0.44705915,0.60895777,0.32313985,0.0120445425,0.13539444,0.06967497,0.31293997,0.92538273,0.07491153,0.07375209,0.0038211127,0.23526873,0.76008296,0.59591985,0.01554063,0.042542145,0.04060963,0.044332784,0.12800281,0.98055434,0.76008296,0.002659509,0.052471332,0.042542145,0.65328366,0.03154743,0.2661563,0.038381997,0.0045009865,0.011538598,0.9307801,0.6158144,0.0016843326,0.039816666,0.04377968,0.020273585,0.10807773,0.9981833,0.9307801,0.0037028058,0.021510443,0.039816666,0.716083,0.094880305,0.29560038,0.037725277,0.008401713,0.012211886,0.82927734,0.30080032,0.18316261,0.03963768,0.05198188,0.048234727,0.028414628,0.77921414,0.82927734,0.0050868858,0.049166817,0.03963768,0.51931643,0.20690694,0.1820183,0.037404105,0.01322446,0.0078944815,0.97537166,0.94919026,0.75516266,0.09392425,0.23617235,0.2533139
pork,pork_portion09_day2_rep1,pork_portion09,2,1,Fresh,0,0.14530209,0.2943638,0.20087765,0.046468105,0.047414217,0.05154072,0.39140937,0.51608956,0.2943638,0.022725804,0.09648315,0.047414217,0.2851759,0.9301848,0.03897462,0.051322665,0.0043985937,0.008734147,0.7802569,0.5813207,0.0022721067,0.03359479,0.047330704,0.012275838,0.12194759,0.9971543,0.7802569,0.0060529565,0.014928428,0.03359479,0.6496935,0.04781328,0.2690365,0.039028518,0.013769558,0.011274101,0.91478974,0.6684478,0.0,0.03131051,0.035358142,0.0,0.11972524,1.0,0.91478974,0.0029414825,0.0,0.03131051,0.7429268,0.061548542,0.30122527,0.030499317,0.0065327156,0.009548977,0.85249144,0.36634102,0.259544,0.038583305,0.04013182,0.041466326,0.028254434,0.69519746,0.85249144,0.0020644448,0.036191445,0.038583305,0.5584947,0.18988383,0.1593161,0.034991022,0.004305455,0.006491388,0.98202896,1.0162874,0.79826736,0.09958524,0.20134506,0.26575056
pork,pork_portion10_day2_rep1,pork_portion10,2,1,Fresh,0,0.16342665,0.34632498,0.2617815,0.03125177,0.028957201,0.031581454,0.4208137,0.5305452,0.34632498,0.01118249,0.054107204,0.028957201,0.3373629,0.9215289,0.029230108,0.0307905,0.0027114274,0.0070295115,0.73529387,0.52861965,0.0016166918,0.03605649,0.036202952,0.012885659,0.11767154,0.9979495,0.73529387,0.0028696524,0.01514537,0.03605649,0.6026476,0.055289026,0.25449806,0.03390994,0.0041509653,0.010332639,0.8860336,0.6067571,0.0,0.043649945,0.04165261,0.0,0.11210489,1.0,0.8860336,0.0028097234,0.0,0.043649945,0.69682336,0.08047674,0.28812295,0.03824723,0.0049162423,0.01235684,0.8606875,0.33229563,0.24240716,0.027875321,0.028388247,0.029163871,0.022972012,0.71713895,0.8606875,0.0013961593,0.025235703,0.027875321,0.5465564,0.2072287,0.1640736,0.02454319,0.0017319323,0.004002015,0.93353796,0.9505819,0.75641876,0.10312191,0.18549521,0.23245312
pork,pork_portion01_day2_rep2,pork_portion01,2,2,Fresh,0,0.21601698,0.4044822,0.33567104,0.056004435,0.05427579,0.053717043,0.43692765,0.47384685,0.4044822,0.0045555076,0.08088971,0.05427579,0.3981475,0.9233273,0.01820531,0.056327123,0.0034260452,0.0027357729,0.7698304,0.5499043,0.001648097,0.029729052,0.034944974,0.008217669,0.11697981,0.99785066,0.7698304,0.0036336626,0.0102277,0.029729052,0.6265736,0.05948226,0.26275888,0.030742934,0.006981236,0.009207685,0.9459213,0.59070367,0.00086159835,0.03285939,0.039879084,0.012024149,0.101956114,0.99911505,0.9459213,0.0041206265,0.012101059,0.03285939,0.70648444,0.11369423,0.29471335,0.032578733,0.010223953,0.00977357,0.840627,0.40139517,0.26938328,0.048363533,0.05053939,0.051938687,0.036409885,0.68022084,0.840627,0.0019241341,0.047097143,0.048363533,0.57059854,0.16963756,0.15868157,0.044797994,0.0053793285,0.006163271,0.926398,0.9094142,0.78582513,0.10171413,0.16155335,0.20024805
pork,pork_portion02_day2_rep2,pork_portion02,2,2,Fresh,0,0.19443771,0.41067982,0.3476467,0.059674602,0.05681314,0.05589662,0.44953197,0.53671217,0.41067982,0.0033607145,0.09414342,0.05681314,0.40170562,0.9163383,0.012887497,0.058594078,0.003585603,0.0024896776,0.8435375,0.61877906,0.0,0.040401593,0.041806567,0.0,0.12015973,1.0,0.8435375,0.0031193919,0.0,0.040401593,0.69150144,0.056061912,0.2838193,0.037638333,0.006104114,0.011940846,0.93855375,0.5734699,0.0,0.028762054,0.024453243,0.0,0.10003167,1.0,0.93855375,0.0026280286,0.0,0.028762054,0.6943346,0.11918956,0.29155025,0.022530464,0.0068250922,0.007368272,0.85108256,0.37807453,0.23207046,0.04440422,0.03999729,0.045648325,0.037328172,0.7273548,0.85108256,0.0029224106,0.043436404,0.04440422,0.562672,0.18306224,0.17528087,0.03707565,0.0065149018,0.008220285,0.94734424,0.8937174,0.7680987,0.06366235,0.2109661,0.1869046
pork,pork_portion03_day2_rep2,pork_portion03,2,2,Fresh,0,0.20174837,0.39537266,0.33413014,0.067857444,0.06411648,0.063469715,0.44518113,0.50647753,0.39537266,0.003588632,0.12118077,0.06411648,0.3883151,0.9231481,0.0139965005,0.067546345,0.00314712,0.0028899882,0.7933399,0.5661589,0.000983174,0.04168161,0.04222425,0.0076708538,0.11676545,0.9988254,0.7933399,0.003203195,0.008778907,0.04168161,0.64378333,0.06129673,0.2685915,0.038805686,0.0056476286,0.012083654,0.9315611,0.74080914,0.00073630625,0.025527988,0.025187012,0.0050076507,0.13039823,0.9991194,0.9315611,0.0018147668,0.0055840714,0.025527988,0.7926661,0.032562926,0.31447893,0.022562135,0.003123559,0.007233107,0.8557199,0.35415322,0.18413916,0.044200283,0.04164038,0.047638167,0.040101357,0.78499025,0.8557199,0.0021834378,0.048968136,0.044200283,0.5529117,0.19414894,0.195343,0.03696557,0.0074430136,0.008075338,0.93427527,1.0231967,0.76903725,0.15842147,0.1768409,0.31270686
pork,pork_portion04_day2_rep2,pork_portion04,2,2,Fresh,0,0.21988718,0.41272116,0.3445586,0.06694527,0.062124576,0.06140478,0.43894315,0.48042285,0.41272116,0.0050225477,0.10727766,0.062124576,0.4060077,0.9223955,0.01747766,0.065005235,0.003126477,0.0029977025,0.829945,0.66702574,0.043481,0.04151527,0.047512073,0.059572287,0.13006915,0.94900167,0.829945,0.002729935,0.0671892,0.04151527,0.71853155,0.026276369,0.28328836,0.04179582,0.007628789,0.008407586,0.9379151,0.61056066,0.00018535437,0.043482006,0.049324546,0.003486523,0.10636273,0.99980927,0.9379151,0.0046107634,0.0035160764,0.043482006,0.7152358,0.10051087,0.2962484,0.04181968,0.010617878,0.012856444,0.8180215,0.36067885,0.19708543,0.04645118,0.042051602,0.046004646,0.04202661,0.75945085,0.8180215,0.0020237311,0.044967636,0.04645118,0.5401308,0.17775734,0.1819706,0.03949255,0.0048861946,0.006160903,0.985574,0.9213194,0.77429515,0.075429335,0.25502667,0.22290853
pork,pork_portion05_day2_rep2,pork_portion05,2,2,Fresh,0,0.18948928,0.36206323,0.27104017,0.06049212,0.05995458,0.060243964,0.4090267,0.48842496,0.36206323,0.01678376,0.10004344,0.05995458,0.3544634,0.923951,0.033442166,0.06295575,0.005234951,0.008528639,0.82280785,0.5704918,0.000113238835,0.039238557,0.036803566,0.0021880604,0.1135032,0.99986386,0.82280785,0.0034532328,0.002582458,0.039238557,0.65543824,0.07189095,0.27366477,0.03401513,0.0075476025,0.010966915,0.94828415,0.57323223,0.0,0.033357136,0.028512001,0.0,0.09881039,1.0,0.94828415,0.004084875,0.0,0.033357136,0.6974245,0.12331,0.29304767,0.024410976,0.012366286,0.007980878,0.8512328,0.3788266,0.24890347,0.040902503,0.054213926,0.05204216,0.033976786,0.7075269,0.8512328,0.0035608127,0.050679326,0.040902503,0.5639716,0.1830622,0.16723247,0.041179772,0.013408343,0.010116344,0.93503964,0.9088693,0.78147924,0.06915532,0.1790336,0.19289756
pork,pork_portion06_day2_rep2,pork_portion06,2,2,Fresh,0,0.21507016,0.40796334,0.30670348,0.04838815,0.045839537,0.044545483,0.41023782,0.4774051,0.40796334,0.012662929,0.06529352,0.045839537,0.3995827,0.91625684,0.036256526,0.047239847,0.004297735,0.0071254848,0.8492657,0.656555,0.039541617,0.05488336,0.059251282,0.07096219,0.12485379,0.955332,0.8492657,0.0028638418,0.075642295,0.05488336,0.717014,0.042012453,0.28390908,0.053314567,0.04366729,0.014640278,0.94457984,0.67586,0.0,0.028772041,0.045123637,0.0,0.11730569,1.0,0.94457984,0.0060040825,0.0,0.028772041,0.75620925,0.07049039,0.30647674,0.034105632,0.015598548,0.009909972,0.8493819,0.3880452,0.2519476,0.050082114,0.049705926,0.051662553,0.03578252,0.7038817,0.8493819,0.0018445113,0.04412908,0.050082114,0.5671042,0.17853467,0.16688095,0.0448266,0.005707751,0.0067581674,0.96249557,0.9568293,0.767698,0.05344679,0.23410861,0.25869146
pork,pork_portion07_day2_rep2,pork_portion07,2,2,Fresh,0,0.19787522,0.4090919,0.35145283,0.043493237,0.041075796,0.04227447,0.45282203,0.52017504,0.4090919,0.0064107496,0.06135649,0.041075796,0.400981,0.91884184,0.010628462,0.042277206,0.0029399316,0.019103838,0.7299187,0.48637378,0.00023591424,0.03980369,0.042785984,0.0032747355,0.10887783,0.9997007,0.7299187,0.004188651,0.0039724875,0.03980369,0.57448804,0.07524088,0.24756363,0.0391164,0.0065678307,0.012146349,0.93556094,0.6302354,0.0006513883,0.038994737,0.044114206,0.007911411,0.11015225,0.9993247,0.93556094,0.00387204,0.007996899,0.038994737,0.72602886,0.089609966,0.29855913,0.037686344,0.008542159,0.011493184,0.85551983,0.36872363,0.2294844,0.05317305,0.051091492,0.054686718,0.035163976,0.7328455,0.85551983,0.0020011165,0.050610512,0.05317305,0.56011814,0.1888175,0.17592737,0.046136867,0.004714444,0.0070809596,0.89325565,0.9360479,0.76523453,0.16053545,0.13504775,0.22892585
pork,pork_portion08_day2_rep2,pork_portion08,2,2,Fresh,0,0.12377143,0.318404,0.2599471,0.06304123,0.06818073,0.0755713,0.44730344,0.6351823,0.318404,0.012014338,0.13668808,0.06818073,0.3071755,0.9237344,0.064703,0.07217731,0.0039508473,0.21442154,0.7721813,0.60740894,0.016602458,0.03784854,0.038431626,0.046777662,0.12836055,0.97974414,0.7721813,0.0022363917,0.05427617,0.03784854,0.6641194,0.031017166,0.2695532,0.03556396,0.0039464114,0.009801467,0.9379514,0.6221889,0.0,0.037350427,0.04155968,0.0,0.108439505,1.0,0.9379514,0.0035336826,0.0,0.037350427,0.7220435,0.094686955,0.29789555,0.035788428,0.0073515587,0.011137279,0.825503,0.30595008,0.18362871,0.039492846,0.0494548,0.04608868,0.029966123,0.77773595,0.825503,0.0054210625,0.046995897,0.039492846,0.5196672,0.2035399,0.18155424,0.036521744,0.012763029,0.0070861066,0.9830141,0.9559361,0.7599257,0.0906219,0.24160784,0.25756636
pork,pork_portion09_day2_rep2,pork_portion09,2,2,Fresh,0,0.14541185,0.29068202,0.19746983,0.04433052,0.047834657,0.053280845,0.3880503,0.50890875,0.29068202,0.025762701,0.087121174,0.047834657,0.2816318,0.93131685,0.0392739,0.05157698,0.005874684,0.008280302,0.7774036,0.5751964,0.00045742554,0.03270161,0.041314013,0.0044534067,0.12122502,0.9993938,0.7774036,0.0052838665,0.0055359458,0.03270161,0.6449562,0.049693488,0.2679208,0.03493468,0.011619791,0.010580066,0.91447246,0.6695014,0.0,0.030729128,0.034621056,0.0,0.11996938,1.0,0.91447246,0.002948456,0.0,0.030729128,0.74345756,0.060801722,0.30132475,0.029916737,0.006365761,0.00935039,0.85115105,0.37158555,0.26183823,0.037981767,0.03857899,0.040359605,0.02924151,0.6918702,0.85115105,0.0025971981,0.035026226,0.037981767,0.5603932,0.18714195,0.15881065,0.034178957,0.003497645,0.0066694245,0.9805834,1.0196815,0.80361265,0.10460278,0.19480246,0.2641679
pork,pork_portion10_day2_rep2,pork_portion10,2,2,Fresh,0,0.15937655,0.34330937,0.25974023,0.033116102,0.030065203,0.032840062,0.42216924,0.538899,0.34330937,0.0120696435,0.06149442,0.030065203,0.33418295,0.9213652,0.02856896,0.032128327,0.003022367,0.0073392964,0.74154705,0.53383946,0.0027554755,0.038093273,0.03839618,0.017432924,0.11778887,0.99659264,0.74154705,0.0028153677,0.02031117,0.038093273,0.60786206,0.05530539,0.25595355,0.0359357,0.003621637,0.010625645,0.8810156,0.6037351,0.0,0.045292463,0.042618964,0.0,0.11214806,1.0,0.8810156,0.002689164,0.0,0.045292463,0.6934762,0.07980811,0.2869811,0.03946636,0.004299696,0.012798386,0.86162853,0.3350441,0.24564783,0.027917,0.028331999,0.029096603,0.022828741,0.7137283,0.86162853,0.0015020006,0.02518692,0.027917,0.54819274,0.20650455,0.16311844,0.02459314,0.0021831028,0.004165409,0.93630314,0.9508348,0.75824106,0.094302036,0.18718967,0.22913148
pork,pork_portion01_day2_rep3,pork_portion01,2,3,Fresh,0,0.21183597,0.40288585,0.33855042,0.055742256,0.053154077,0.053314105,0.4417932,0.4826999,0.40288585,0.0038331219,0.08535565,0.053154077,0.39645883,0.9231531,0.015755732,0.0555249,0.0029825615,0.0026767752,0.77006924,0.5504756,0.000446502,0.027412524,0.030563908,0.003520017,0.11715412,0.9993869,0.77006924,0.0031436488,0.004493529,0.027412524,0.62707335,0.059251484,0.26302335,0.027285611,0.0059184805,0.008462068,0.9427289,0.59045166,0.00072232244,0.03442907,0.041107617,0.009845531,0.10226487,0.99925584,0.9427289,0.004177904,0.009908372,0.03442907,0.7053266,0.11254856,0.29423428,0.033815883,0.0102145495,0.01012828,0.8390792,0.40087846,0.26326334,0.047291238,0.050367713,0.051315416,0.03772155,0.68689984,0.8390792,0.0021860807,0.047450542,0.047291238,0.5695962,0.16902,0.16139136,0.044211596,0.0057349014,0.0063626566,0.92771244,0.9110595,0.7873392,0.09969089,0.16025546,0.19813888
pork,pork_portion02_day2_rep3,pork_portion02,2,3,Fresh,0,0.19427212,0.40675816,0.34670344,0.05767969,0.054235667,0.05422334,0.4510977,0.5317118,0.40675816,0.0034834861,0.09257403,0.054235667,0.3981915,0.91798246,0.011649978,0.056091536,0.0040141935,0.0025002847,0.8299665,0.6137029,0.0,0.046320498,0.04629846,0.0,0.1210628,1.0,0.8299665,0.0038194354,0.0,0.046320498,0.68442583,0.052855898,0.2811396,0.041923072,0.008674583,0.013345759,0.9414346,0.5759118,0.0,0.024131948,0.021294383,0.0,0.10015598,1.0,0.9414346,0.0025490269,0.0,0.024131948,0.6965893,0.119226046,0.29232922,0.019058144,0.006678186,0.006223171,0.84863687,0.3657524,0.21283841,0.043867428,0.04463931,0.051127054,0.038210243,0.7496833,0.84863687,0.0024678623,0.04966926,0.043867428,0.5555924,0.18716913,0.18200052,0.039241526,0.004566929,0.008232413,0.9502625,0.8976825,0.76673496,0.06839703,0.21087117,0.19149101
pork,pork_portion03_day2_rep3,pork_portion03,2,3,Fresh,0,0.20365915,0.39319748,0.33003595,0.06453027,0.061337754,0.061405107,0.4422814,0.49693036,0.39319748,0.0037485124,0.114997566,0.061337754,0.3864855,0.92381203,0.015528959,0.06475066,0.0029173815,0.0026322135,0.79040295,0.56233263,0.00075789215,0.03987668,0.042758647,0.006618985,0.11641911,0.99910873,0.79040295,0.0038645142,0.007540927,0.03987668,0.6405214,0.06197954,0.2676471,0.038431957,0.0074782264,0.011951943,0.90482104,0.7205191,0.0062557044,0.038456332,0.03365419,0.016936382,0.13030888,0.9925294,0.90482104,0.0017675168,0.019452883,0.038456332,0.77264977,0.031185478,0.30719152,0.031517234,0.003150992,0.010668713,0.8540259,0.35029727,0.17890227,0.044281732,0.04270042,0.049775694,0.04013489,0.79087156,0.8540259,0.002164645,0.051385224,0.044281732,0.55034864,0.19512928,0.19669698,0.037628204,0.006595083,0.008263795,0.9331951,1.0153679,0.76853853,0.14131503,0.1757666,0.29749689
pork,pork_portion04_day2_rep3,pork_portion04,2,3,Fresh,0,0.21561633,0.41047525,0.33564058,0.06437724,0.060432483,0.060019117,0.4339538,0.48695728,0.41047525,0.0031949405,0.102963336,0.060432483,0.40279225,0.92071575,0.020952964,0.063103005,0.003201902,0.0024781264,0.82762635,0.6636431,0.035420887,0.041839093,0.047371663,0.056341365,0.13010482,0.9585773,0.82762635,0.0025421248,0.06320938,0.041839093,0.7157425,0.02684029,0.28365692,0.04188165,0.007086149,0.00868641,0.93660676,0.60682935,0.00025420028,0.04522722,0.050993755,0.004565939,0.105804175,0.9997404,0.93660676,0.004752284,0.004581612,0.04522722,0.7126969,0.10180962,0.29555297,0.04327551,0.011067897,0.013336915,0.8129531,0.3593546,0.19671397,0.044126503,0.039351515,0.042967163,0.042212307,0.7581614,0.8129531,0.0018358409,0.04199204,0.044126503,0.537439,0.17637926,0.18075283,0.037319433,0.0046719965,0.006291749,0.982835,0.91763467,0.77311224,0.07596836,0.25444707,0.2223849
pork,pork_portion05_day2_rep3,pork_portion05,2,3,Fresh,0,0.18512416,0.36115885,0.27034855,0.06083176,0.060101334,0.05923998,0.41140866,0.5002488,0.36115885,0.015262478,0.10296497,0.060101334,0.35309508,0.9229448,0.033039726,0.06317495,0.005332814,0.00844953,0.82082087,0.56733125,0.0005014864,0.038802333,0.036961854,0.0051252064,0.11309894,0.99939865,0.82082087,0.0032538523,0.005947139,0.038802333,0.6529409,0.07268228,0.2727945,0.03412412,0.0067724003,0.01089953,0.94832414,0.57124114,0.0,0.032317076,0.027564598,0.0,0.09849471,1.0,0.94832414,0.00422707,0.0,0.032317076,0.6963912,0.124330945,0.29281807,0.02301452,0.013056997,0.007530351,0.84655935,0.3788299,0.24414288,0.041586652,0.05250538,0.052492835,0.035238065,0.7114716,0.84655935,0.0028766883,0.05171704,0.041586652,0.5618302,0.18120854,0.16856897,0.04079306,0.012642762,0.011188897,0.93291813,0.90726024,0.78237534,0.0704021,0.17590359,0.19177999
pork,pork_portion06_day2_rep3,pork_portion06,2,3,Fresh,0,0.21667945,0.40596756,0.30336788,0.045706663,0.04267337,0.041173343,0.40764982,0.47018415,0.40596756,0.009453128,0.060648635,0.04267337,0.39782885,0.91709876,0.037262637,0.044061612,0.003715911,0.0051846225,0.847436,0.65306735,0.03657185,0.057364967,0.06218293,0.07523145,0.12456255,0.95880836,0.847436,0.003168713,0.08034637,0.057364967,0.7142496,0.043306593,0.28309923,0.055950824,0.047194574,0.016854165,0.94302344,0.6723244,0.0,0.030800007,0.04748145,0.0,0.11690426,1.0,0.94302344,0.0060132905,0.0,0.030800007,0.7535361,0.07164008,0.3057529,0.03632259,0.015636377,0.010637224,0.8550737,0.38524884,0.25332293,0.046933766,0.048136577,0.050651528,0.035005208,0.7040271,0.8550737,0.0014546363,0.043422073,0.046933766,0.56817615,0.18200898,0.1668438,0.0427443,0.0048112567,0.0073235733,0.9612858,0.9557275,0.7656151,0.053473394,0.232575,0.256584
pork,pork_portion07_day2_rep3,pork_portion07,2,3,Fresh,0,0.19964516,0.40796006,0.35976925,0.040028527,0.037920542,0.03885654,0.45968425,0.51341677,0.40796006,0.0036151707,0.055585645,0.037920542,0.400621,0.9215654,0.0099513335,0.038889695,0.0026676664,0.06933858,0.7299944,0.48441097,8.602327e-05,0.037452076,0.039306343,0.0016257977,0.108462885,0.99988526,0.7299944,0.0037055016,0.0020351887,0.037452076,0.5733111,0.0762539,0.24731581,0.036253322,0.0055687143,0.011328522,0.93983597,0.62990713,0.00013769181,0.037936572,0.04506054,0.0025253426,0.109634556,0.9998583,0.93983597,0.0042252108,0.0025568968,0.037936572,0.7272084,0.09157481,0.2992146,0.037787195,0.009713721,0.011536855,0.857945,0.3647489,0.22968508,0.050479226,0.050239973,0.053120214,0.033804014,0.7331254,0.857945,0.0020417918,0.048397873,0.050479226,0.5593269,0.19145732,0.17571147,0.044623576,0.0036348086,0.006916145,0.894827,0.9376657,0.76532465,0.16313367,0.1363619,0.23111412
pork,pork_portion08_day2_rep3,pork_portion08,2,3,Fresh,0,0.13437828,0.32860544,0.26895005,0.067048594,0.06864312,0.07533074,0.44634145,0.61519665,0.32860544,0.011291582,0.1387496,0.06864312,0.3180947,0.9236818,0.057542212,0.07272109,0.0029621492,0.19866712,0.75809205,0.59141695,0.01314645,0.042912446,0.039845258,0.04025056,0.12743926,0.9835494,0.75809205,0.0025984847,0.047384985,0.042912446,0.6497655,0.03294267,0.26557243,0.03801102,0.0041120737,0.010946847,0.9250568,0.6161748,0.007924023,0.040381446,0.045892637,0.04865491,0.10841003,0.9914867,0.9250568,0.0038118241,0.05171987,0.040381446,0.71458787,0.092400774,0.29323006,0.038849257,0.0105189355,0.015304855,0.82139003,0.30227634,0.17759699,0.03531752,0.04606527,0.040876944,0.030390391,0.78342736,0.82139003,0.0059340643,0.041702528,0.03531752,0.5162392,0.20350127,0.1830495,0.032769434,0.012963761,0.0064684697,0.9729842,0.9506754,0.7574122,0.09220711,0.23179632,0.2526366
pork,pork_portion09_day2_rep3,pork_portion09,2,3,Fresh,0,0.14977024,0.29285645,0.19571808,0.043440524,0.047676925,0.05395461,0.3820644,0.4989665,0.29285645,0.027533747,0.07918114,0.047676925,0.28408104,0.93144894,0.041693248,0.05140083,0.005421908,0.008846294,0.77573675,0.57495683,0.00030062214,0.032055482,0.04049779,0.003413388,0.12142319,0.9996039,0.77573675,0.005403006,0.004311494,0.032055482,0.64430267,0.049087036,0.26765144,0.0340314,0.012122703,0.010371719,0.91318125,0.6694912,0.0,0.03057716,0.035670146,0.0,0.12013447,1.0,0.91318125,0.0032098405,0.0,0.03057716,0.7430938,0.0603657,0.3011444,0.03045025,0.006896195,0.0095105665,0.8512053,0.36831737,0.26352963,0.03891494,0.040267985,0.04079701,0.028121052,0.6900197,0.8512053,0.001788018,0.034948353,0.03891494,0.55899453,0.18850833,0.15729319,0.03524301,0.003998094,0.0055341846,0.979479,1.0182307,0.8005633,0.10492222,0.19721745,0.26646996
pork,pork_portion10_day2_rep3,pork_portion10,2,3,Fresh,0,0.16824482,0.35014817,0.26717287,0.029561974,0.028288864,0.029573197,0.42174616,0.5214305,0.35014817,0.010107249,0.050488554,0.028288864,0.34159756,0.92220676,0.028143572,0.029879818,0.0028570571,0.0062332093,0.7424712,0.5324,0.0018734027,0.037605494,0.037515506,0.016562643,0.11729866,0.99773604,0.7424712,0.0027754486,0.019295385,0.037605494,0.60719514,0.056541603,0.25598818,0.03521134,0.0034441932,0.010641927,0.8791949,0.60188377,0.0,0.04821303,0.045547146,0.0,0.112000726,1.0,0.8791949,0.0029080703,0.0,0.04821303,0.69177806,0.08004767,0.2864069,0.04210952,0.0048825066,0.013615718,0.86073846,0.33429846,0.24525583,0.028223947,0.028324103,0.029021813,0.022725664,0.7139414,0.86073846,0.0015861222,0.02505722,0.028223947,0.54747945,0.20655186,0.1629786,0.024699014,0.0021427523,0.004125244,0.9337191,0.9479231,0.75678915,0.09290912,0.18633257,0.22816649
pork,pork_portion11_day2_rep1,pork_portion11,2,1,Fresh,0,0.19121487,0.42081246,0.3848575,0.05513998,0.052049957,0.051764287,0.47181553,0.5528303,0.42081246,0.0022689486,0.07850746,0.052049957,0.4122237,0.9187371,0.92346925,0.052986167,0.003038187,0.26467156,0.8310561,0.5980163,0.0,0.037747517,0.03983204,0.0,0.11785892,1.0,0.8310561,0.003429282,0.0,0.037747517,0.6749569,0.06129652,0.2789981,0.035651453,0.0068251826,0.011312444,0.93644345,0.64471006,0.00094423647,0.041006986,0.045408476,0.009670277,0.11260193,0.99898916,0.93644345,0.003867334,0.010018571,0.041006986,0.734927,0.08272181,0.30072868,0.039049834,0.008679758,0.012042786,0.8121141,0.3319201,0.19297324,0.050365865,0.04908603,0.05175665,0.035412364,0.76342225,0.8121141,0.0021638058,0.05211654,0.050365865,0.52463984,0.18821499,0.177765,0.043838162,0.0054980293,0.0077155554,1.1043442,1.0912675,1.0499403,0.067287974,0.22125022,0.26546106
pork,pork_portion12_day2_rep1,pork_portion12,2,1,Fresh,0,0.17873687,0.36392984,0.28462985,0.07997535,0.086342685,0.09076068,0.4248048,0.5338181,0.36392984,0.017315438,0.13714352,0.086342685,0.35474324,0.92251325,0.02590982,0.08974384,0.0055023697,0.009500653,0.834577,0.55468345,0.0004328473,0.04875794,0.047721572,0.0065524024,0.1086717,0.99954396,0.834577,0.0049897637,0.0067127254,0.04875794,0.64953977,0.08506772,0.27313638,0.04270548,0.011836717,0.013444392,0.9319912,0.620843,0.0004601563,0.046582006,0.061304323,0.0050819786,0.1088141,0.9995112,0.9319912,0.0064652604,0.005233645,0.046582006,0.71948856,0.092849486,0.2967749,0.049514066,0.01579493,0.014843671,0.85901016,0.39122713,0.24660318,0.049553815,0.052684907,0.05477651,0.03744385,0.71372837,0.85901016,0.0021028714,0.048459943,0.049553815,0.5724473,0.18038952,0.17249061,0.04592072,0.00523808,0.0071059037,0.92159694,0.9459117,0.7871649,0.074243985,0.1586161,0.211497
pork,pork_portion13_day2_rep1,pork_portion13,2,1,Fresh,0,0.17651947,0.40729097,0.3599388,0.062030118,0.061647452,0.06403426,0.46380708,0.57753396,0.40729097,0.0060782335,0.098332286,0.061647452,0.39735088,0.9161806,0.16681184,0.06273538,0.0043283803,0.36677876,0.83182675,0.6277886,0.000106505,0.043009587,0.04127732,0.0022647476,0.123730086,0.99987847,0.83182675,0.0023283742,0.0024946993,0.043009587,0.69379276,0.046412364,0.2835112,0.03834276,0.0036712484,0.012230881,0.9411444,0.6569641,0.0,0.030246865,0.025879143,0.0,0.11415025,1.0,0.9411444,0.001486259,0.0,0.030246865,0.74367434,0.07842493,0.30327794,0.024421241,0.003109773,0.007961,0.81935906,0.30159566,0.12621671,0.035638034,0.03475268,0.04194468,0.040171932,0.84586364,0.81935906,0.002060017,0.04589894,0.035638034,0.5137363,0.20247905,0.2053735,0.030291436,0.004244791,0.0067047756,0.92627937,0.91673195,0.7241564,0.0624796,0.2507641,0.2790093
pork,pork_portion14_day2_rep1,pork_portion14,2,1,Fresh,0,0.20460849,0.3475493,0.26115128,0.08247791,0.07154698,0.07544838,0.39583558,0.42908835,0.3475493,0.014396068,0.11310984,0.07154698,0.34319422,0.934246,0.033873886,0.07686168,0.009536085,0.004811617,0.8183447,0.59156996,0.000575829,0.041994523,0.044697046,0.006694294,0.11830722,0.9993284,0.8183447,0.0036569475,0.007417678,0.041994523,0.6671177,0.059122127,0.27605566,0.040067073,0.0072528864,0.012538126,0.96612114,0.6584497,0.0,0.021020547,0.03080242,0.0,0.11147198,1.0,0.96612114,0.003392922,0.0,0.021020547,0.752099,0.088253275,0.3069223,0.02407307,0.008452311,0.007107252,0.8230651,0.3683401,0.16979349,0.042782426,0.043767277,0.049527556,0.04856974,0.7942557,0.8230651,0.0022794146,0.051884603,0.042782426,0.54549766,0.17545068,0.19701591,0.038589425,0.006317419,0.0065399744,0.9640644,0.97849995,0.8020675,0.09499046,0.18593292,0.24973366
pork,pork_portion15_day2_rep1,pork_portion15,2,1,Fresh,0,0.13786326,0.31688952,0.249566,0.08486143,0.08380079,0.08277696,0.4352293,0.6064078,0.31688952,0.007248403,0.17424652,0.08380079,0.30620617,0.9264441,0.020718412,0.08941142,0.004140897,0.0049101706,0.8770669,0.6954332,0.0019246289,0.052389048,0.05336267,0.00860028,0.12998903,0.99767566,0.8770669,0.0029869094,0.009587363,0.052389048,0.74919754,0.03184638,0.30006877,0.048450924,0.0058080596,0.015234731,0.9609189,0.7407552,0.0,0.025486015,0.02783051,0.0,0.1264092,1.0,0.9609189,0.0020163595,0.0,0.025486015,0.8003193,0.045043226,0.31815693,0.024195284,0.0038275584,0.007638035,0.8684162,0.3844847,0.24823382,0.046448547,0.04549948,0.046983022,0.034647755,0.7143214,0.8684162,0.002120316,0.039799955,0.046448547,0.57308334,0.1870618,0.17237887,0.04084271,0.0040597045,0.0061135786,1.036621,1.0533209,0.8005689,0.055810157,0.26723164,0.30505198
pork,pork_portion16_day2_rep1,pork_portion16,2,1,Fresh,0,0.14559816,0.3134706,0.24671826,0.074420474,0.079073,0.08440016,0.43057472,0.5664966,0.3134706,0.01496929,0.14738682,0.079073,0.3039385,0.9294638,0.031568304,0.084400736,0.004124749,0.099035084,0.81379336,0.59693813,0.007788519,0.06427186,0.06470619,0.03484172,0.11966018,0.9916489,0.81379336,0.0036142515,0.036122624,0.06427186,0.66891545,0.054546233,0.2749538,0.059378862,0.006539509,0.016884351,0.8958596,0.6968715,0.00049150334,0.026974076,0.033241622,0.0054783123,0.12775685,0.9994587,0.8958596,0.0030927835,0.005831867,0.026974076,0.7553205,0.0391459,0.3029914,0.027945654,0.007321287,0.0086008655,0.84870046,0.40027457,0.2418934,0.049875814,0.049008302,0.048913978,0.041544564,0.71523803,0.84870046,0.0038923945,0.047672972,0.049875814,0.5725449,0.17218933,0.1741506,0.044119872,0.0064471792,0.0105985785,0.97873664,1.0344478,0.8160538,0.092136346,0.18245128,0.26020652
pork,pork_portion17_day2_rep1,pork_portion17,2,1,Fresh,0,0.1617092,0.34969065,0.28205532,0.053574044,0.049280494,0.05058671,0.43759063,0.5481332,0.34969065,0.00821828,0.0945384,0.049280494,0.3411306,0.9234524,0.018957833,0.052379552,0.0023941093,0.0044537215,0.8268365,0.6026788,0.0,0.039365415,0.043061327,0.0,0.11937448,1.0,0.8268365,0.0035392772,0.0,0.039365415,0.6765577,0.0570678,0.27901837,0.038443994,0.0064519756,0.012083522,0.94500846,0.6609561,0.0,0.019127803,0.01714685,0.0,0.11434446,1.0,0.94500846,0.0015504193,0.0,0.019127803,0.7472367,0.07806327,0.30440667,0.015774494,0.003267077,0.00507893,0.86203814,0.37118873,0.24764764,0.040165704,0.044217333,0.04385124,0.031902,0.7124031,0.86203814,0.0027087778,0.038803812,0.040165704,0.5645199,0.1906592,0.1687925,0.036703493,0.008815406,0.006217709,0.9647617,0.9803499,0.78060174,0.07798011,0.20627381,0.2538789
pork,pork_portion18_day2_rep1,pork_portion18,2,1,Fresh,0,0.15693766,0.33905184,0.27667972,0.043638207,0.03958752,0.039505597,0.44098487,0.5438234,0.33905184,0.0064847507,0.084384665,0.03958752,0.33103916,0.9261142,0.01639884,0.042327236,0.003480325,0.0030056767,0.7514875,0.46923724,0.0,0.032877095,0.033962257,0.0,0.101942696,1.0,0.7514875,0.00355078,0.0,0.032877095,0.57132494,0.0935533,0.2485999,0.031209147,0.0053231623,0.009808889,0.94619906,0.7182262,0.0,0.019093132,0.020855365,0.0,0.12463019,1.0,0.94619906,0.0017353126,0.0,0.019093132,0.7823907,0.04989284,0.3128536,0.017876951,0.004516423,0.005707408,0.8607668,0.3537173,0.20759265,0.041317753,0.044937357,0.048964277,0.035107665,0.75904363,0.8607668,0.0019366323,0.048275843,0.041317753,0.5552811,0.19666292,0.18524572,0.03768269,0.005701936,0.007818955,0.89711326,1.0292559,0.78159636,0.22490783,0.12207682,0.29900503
pork,pork_portion19_day2_rep1,pork_portion19,2,1,Fresh,0,0.15744525,0.3788894,0.3344751,0.041940164,0.03688578,0.036883622,0.4647701,0.589279,0.3788894,0.0034559746,0.07353746,0.03688578,0.3696989,0.9192886,0.002595931,0.038355697,0.0026434783,0.0025677073,0.7930037,0.57123804,0.014256202,0.056534506,0.064874545,0.04738156,0.1170542,0.9838427,0.7930037,0.0048819096,0.052398328,0.056534506,0.6468149,0.0588725,0.26693147,0.057046805,0.011852699,0.014533061,0.8874622,0.6708849,0.0,0.037051376,0.03124548,0.0,0.1243432,1.0,0.8874622,0.0018225382,0.0,0.037051376,0.7365346,0.04859432,0.29770577,0.029827036,0.0031100872,0.009795415,0.8399346,0.35312873,0.2235712,0.036717635,0.03591683,0.03788163,0.032895498,0.7333806,0.8399346,0.0019415461,0.03628179,0.036717635,0.546494,0.18989064,0.17257975,0.03211131,0.003904242,0.0059327176,0.9417974,0.9898317,0.7695273,0.09540611,0.19008492,0.2678369
pork,pork_portion20_day2_rep1,pork_portion20,2,1,Fresh,0,0.11576484,0.3089846,0.25264394,0.06551077,0.060220983,0.05928216,0.44930154,0.6514025,0.3089846,0.008709339,0.15146579,0.060220983,0.29782087,0.92476106,0.013285671,0.06473408,0.0037478823,0.005493482,0.7886441,0.63721985,0.01781626,0.024989128,0.026567355,0.028443946,0.13185361,0.9772263,0.7886441,0.00208083,0.03541883,0.024989128,0.68816704,0.023019807,0.27730912,0.02408182,0.0044079483,0.006035877,0.94441706,0.6219512,0.0,0.015819352,0.015295759,0.0,0.10788545,1.0,0.94441706,0.002017891,0.0,0.015819352,0.7239036,0.09731247,0.29883876,0.013472779,0.0036353935,0.0044617048,0.87105155,0.42578965,0.26565966,0.05420384,0.057511706,0.059196204,0.04212257,0.69633734,0.87105155,0.0022091274,0.053308576,0.05420384,0.59440273,0.16951582,0.172288,0.05052156,0.0059742895,0.007093257,1.0174556,0.9735288,0.82682395,0.08520579,0.20318037,0.19493304
pork,pork_portion11_day2_rep2,pork_portion11,2,2,Fresh,0,0.18937445,0.42253414,0.38476497,0.055626735,0.052588865,0.05227737,0.47092175,0.5592805,0.42253414,0.0026532575,0.08182739,0.052588865,0.41346708,0.91740793,0.7148932,0.053331632,0.0035339643,0.45091295,0.81299424,0.58628273,0.0,0.04702923,0.042868406,0.0,0.11813095,1.0,0.81299424,0.0028539817,0.0,0.04702923,0.6621739,0.059457757,0.27459425,0.040616523,0.005397499,0.013112541,0.94126064,0.64806455,0.0016353781,0.03908929,0.044259418,0.016784031,0.11257695,0.99828964,0.94126064,0.003921579,0.017115265,0.03908929,0.7383454,0.083027735,0.3016577,0.037725512,0.00899975,0.011778639,0.81639844,0.33576247,0.19258611,0.04909629,0.050970215,0.05704128,0.036234472,0.7653217,0.81639844,0.0028432612,0.057709266,0.04909629,0.52825797,0.18802658,0.17956318,0.044130087,0.0071427715,0.01033446,0.9958899,0.9861541,0.91200453,0.08420253,0.20855294,0.26470464
pork,pork_portion12_day2_rep2,pork_portion12,2,2,Fresh,0,0.16725144,0.35770252,0.27999404,0.086066045,0.09534348,0.100903034,0.42821923,0.56691736,0.35770252,0.016583985,0.15725711,0.09534348,0.3471822,0.9212777,0.029433701,0.09963413,0.005748855,0.06569364,0.8416044,0.56298614,8.192692e-05,0.043886445,0.043302003,0.0017204,0.10949548,0.9999113,0.8416044,0.004293282,0.0017737001,0.043886445,0.6567875,0.08379378,0.2753324,0.038868397,0.009598549,0.012364131,0.93260556,0.6241356,8.621888e-05,0.046064578,0.06002043,0.0018068327,0.10931985,0.99990684,0.93260556,0.006135578,0.0018408104,0.046064578,0.72160965,0.09150351,0.29738173,0.048803482,0.014790322,0.014731518,0.85762477,0.3932601,0.248476,0.049785037,0.053817645,0.0569622,0.037638128,0.7111866,0.85762477,0.0021762967,0.051134024,0.049785037,0.57294714,0.17900689,0.1715848,0.04649065,0.006651463,0.008177053,0.9261215,0.94895583,0.7887602,0.06890227,0.16388504,0.2135
pork,pork_portion13_day2_rep2,pork_portion13,2,2,Fresh,0,0.16951773,0.40079504,0.35225615,0.061931722,0.061698474,0.064557016,0.462904,0.58824813,0.40079504,0.006456045,0.101428,0.061698474,0.39058954,0.91588724,0.15097849,0.06276775,0.004659718,0.3514335,0.8429073,0.63632685,0.0,0.04517717,0.044794828,0.0,0.12379437,1.0,0.8429073,0.002608886,0.0,0.04517717,0.7023311,0.046896897,0.28637353,0.041235182,0.0038930986,0.01315268,0.9450028,0.6592759,5.562509e-06,0.026873982,0.02492678,0.00018080283,0.114143796,0.99999446,0.9450028,0.0015492025,0.00018080283,0.026873982,0.7462577,0.078949094,0.3041562,0.022821823,0.0029829931,0.007293746,0.8074042,0.2983441,0.11635435,0.037966497,0.03454126,0.04298594,0.041805707,0.8557165,0.8074042,0.0025107462,0.04848863,0.037966497,0.50695074,0.1994797,0.2063212,0.030546002,0.006997379,0.00800033,0.93309104,0.922187,0.7279028,0.057211127,0.260506,0.2852493
pork,pork_portion14_day2_rep2,pork_portion14,2,2,Fresh,0,0.19604062,0.3477398,0.25845355,0.079567775,0.07159778,0.07373774,0.39866477,0.453835,0.3477398,0.014492344,0.11101993,0.07159778,0.34199125,0.9308127,0.03472911,0.076155655,0.00773772,0.0047570434,0.8203815,0.5912822,0.00043288307,0.041864187,0.045099005,0.005791039,0.118010916,0.9995023,0.8203815,0.0038191902,0.0063054007,0.041864187,0.6675625,0.060183417,0.27634916,0.04024172,0.0074895956,0.012567648,0.9671904,0.6594208,0.0,0.020743812,0.030098272,0.0,0.11145668,1.0,0.9671904,0.003318246,0.0,0.020743812,0.7529566,0.08820275,0.30723673,0.02354543,0.008189103,0.006947106,0.823484,0.3668686,0.17000537,0.041820023,0.042325687,0.04823547,0.048272077,0.7938793,0.823484,0.0020064525,0.050428826,0.041820023,0.5449636,0.17621717,0.19678903,0.037434347,0.006235327,0.0065037142,0.96040213,0.9762912,0.79804486,0.09503308,0.18661225,0.2514087
pork,pork_portion15_day2_rep2,pork_portion15,2,2,Fresh,0,0.128185,0.31149724,0.23718873,0.08107492,0.0816661,0.08063376,0.43042153,0.62864375,0.31149724,0.00947413,0.17176113,0.0816661,0.29962778,0.92389977,0.024699237,0.08699471,0.004928112,0.0066745696,0.87280095,0.68702054,0.00082746265,0.05591032,0.05599486,0.004596817,0.12904583,0.99893826,0.87280095,0.0030151745,0.0053006313,0.05591032,0.7426159,0.034137167,0.29823893,0.051213954,0.005101983,0.016228454,0.9509481,0.7338475,0.0,0.030247599,0.034727395,0.0,0.12663932,1.0,0.9509481,0.0026175922,0.0,0.030247599,0.7933156,0.044219196,0.31584612,0.029642336,0.0060419585,0.009311569,0.86892915,0.3840722,0.24091561,0.047196258,0.045766488,0.048070576,0.036022373,0.72288543,0.86892915,0.0016589117,0.042422835,0.047196258,0.572935,0.18721381,0.17607823,0.041167296,0.004225427,0.0071828146,1.0308927,1.0499201,0.80019915,0.0546088,0.25912797,0.29757375
pork,pork_portion16_day2_rep2,pork_portion16,2,2,Fresh,0,0.13697048,0.3142679,0.24569583,0.07437584,0.07857783,0.08647936,0.4324799,0.5971452,0.3142679,0.016702311,0.15419486,0.07857783,0.30362839,0.92648095,0.036369774,0.08395326,0.0032844217,0.11773786,0.80602235,0.5908835,0.0071849884,0.061293963,0.062661126,0.030977946,0.119636856,0.99204296,0.80602235,0.003916012,0.03263508,0.061293963,0.66291654,0.054237667,0.27314466,0.057216898,0.007637596,0.016414924,0.8966663,0.6985582,0.00041579764,0.026999025,0.031242672,0.0045851767,0.12799568,0.9995341,0.8966663,0.0026369926,0.0049434258,0.026999025,0.7566129,0.038551874,0.30338725,0.026798222,0.0058902134,0.008383743,0.8569072,0.39872372,0.23669514,0.04298894,0.042743083,0.044051487,0.04182536,0.72373915,0.8569072,0.0019644941,0.039627887,0.04298894,0.57495224,0.17581838,0.17831011,0.03851536,0.003760882,0.005570583,0.9726041,1.0319455,0.8107145,0.09969787,0.17751952,0.25978255
pork,pork_portion17_day2_rep2,pork_portion17,2,2,Fresh,0,0.16415253,0.35326955,0.28468224,0.055886764,0.05159639,0.052570414,0.43725803,0.5466328,0.35326955,0.012295201,0.09789566,0.05159639,0.3447152,0.9230306,0.019458832,0.05454786,0.0036025539,0.007507402,0.8283292,0.6090356,0.0,0.03841548,0.040552694,0.0,0.120513394,1.0,0.8283292,0.0030952916,0.0,0.03841548,0.68102527,0.054411877,0.28021535,0.03646127,0.005810119,0.011547506,0.9389996,0.6602761,0.0,0.021307278,0.016522082,0.0,0.115002595,1.0,0.9389996,0.0018434754,0.0,0.021307278,0.74504006,0.07590326,0.30347747,0.015951939,0.0038248266,0.0052760793,0.85902274,0.3687703,0.23757537,0.03965217,0.042666167,0.042178825,0.03326877,0.7231796,0.85902274,0.0030464262,0.037994113,0.03965217,0.561968,0.19034816,0.172752,0.03564859,0.008841277,0.0054566083,0.96726257,0.97905636,0.7794364,0.07142058,0.21024194,0.25239286
pork,pork_portion18_day2_rep2,pork_portion18,2,2,Fresh,0,0.16074267,0.3392369,0.27392215,0.040424414,0.039511044,0.04000595,0.43696138,0.5312964,0.3392369,0.007604496,0.07252978,0.039511044,0.33147326,0.92665803,0.018286055,0.04192695,0.0033645665,0.0032403714,0.7514548,0.47533438,0.0,0.033714376,0.03493621,0.0,0.10334396,1.0,0.7514548,0.0034749557,0.0,0.033714376,0.57496727,0.09033522,0.24941324,0.032034054,0.0054236585,0.010111595,0.9437799,0.7180624,0.0,0.020984102,0.023585057,0.0,0.12478415,1.0,0.9437799,0.0019936545,0.0,0.020984102,0.78158206,0.048947494,0.31244993,0.020079346,0.005181133,0.0063532884,0.85990715,0.35072654,0.20624217,0.043432754,0.046945542,0.050335925,0.034730215,0.76056844,0.85990715,0.0022714015,0.049347434,0.043432754,0.5535786,0.19764228,0.18526967,0.039494097,0.0050986763,0.007340212,0.9011908,1.0293231,0.78017837,0.219946,0.12683326,0.30045056
pork,pork_portion19_day2_rep2,pork_portion19,2,2,Fresh,0,0.15605307,0.37956306,0.33148387,0.041402694,0.036139853,0.036771573,0.4623081,0.59359765,0.37956306,0.0025425144,0.07245833,0.036139853,0.3699493,0.9180229,0.0046112705,0.037753567,0.0025761835,0.002411959,0.79136425,0.5704464,0.010429699,0.05381981,0.06320207,0.0377378,0.11739803,0.98813164,0.79136425,0.005312716,0.04178923,0.05381981,0.6458934,0.058436226,0.26745543,0.055143017,0.012477912,0.014442869,0.8995097,0.6794306,0.0,0.029620705,0.02403704,0.0,0.12412263,1.0,0.8995097,0.0018916151,0.0,0.029620705,0.7453223,0.04945237,0.30065623,0.023174152,0.0031136156,0.0076886765,0.8432607,0.35545918,0.22288854,0.03559148,0.035098024,0.037816778,0.03357769,0.7352335,0.8432607,0.0020808675,0.03665898,0.03559148,0.548998,0.1900725,0.17412095,0.0312007,0.003956201,0.0052867513,0.9402773,0.99144447,0.7685725,0.10520982,0.18822367,0.27263242
pork,pork_portion20_day2_rep2,pork_portion20,2,2,Fresh,0,0.11175847,0.30634007,0.24424657,0.061431583,0.056846596,0.055904344,0.44465736,0.65833074,0.30634007,0.00778059,0.146172,0.056846596,0.29453143,0.9232591,0.016770238,0.06101189,0.004275821,0.0048849937,0.78361017,0.6315698,0.0064936946,0.025677593,0.026643744,0.016213022,0.13199629,0.99151963,0.78361017,0.0019229132,0.020428255,0.025677593,0.68309283,0.023572262,0.2772109,0.024235202,0.0040714736,0.007100884,0.947431,0.62370825,0.0,0.013724357,0.014143719,0.0,0.10778528,1.0,0.947431,0.0019626555,0.0,0.013724357,0.7259366,0.09766991,0.29951742,0.012156674,0.003650458,0.0040113013,0.863582,0.4227697,0.26219627,0.05058722,0.05362194,0.05495381,0.04267383,0.69720143,0.863582,0.002962448,0.048488673,0.05058722,0.5898812,0.16800079,0.17181829,0.047133185,0.006305163,0.006621568,1.0140245,0.97347516,0.8256431,0.08845129,0.20163237,0.19941057
pork,pork_portion11_day2_rep3,pork_portion11,2,3,Fresh,0,0.1915491,0.42314377,0.38751358,0.04953767,0.047447596,0.047218163,0.47225222,0.5526413,0.42314377,0.0028941776,0.06943461,0.047447596,0.41452023,0.918172,0.9262554,0.04812645,0.0029148215,0.2594946,0.81867504,0.59014195,0.0,0.04184926,0.039841227,0.0,0.11803253,1.0,0.81867504,0.0029209694,0.0,0.04184926,0.6663117,0.059959248,0.2759636,0.03695692,0.0059784264,0.011898154,0.9338804,0.64836377,0.00046288717,0.041064147,0.044960424,0.00626033,0.1136435,0.9995127,0.9338804,0.0037901753,0.0063653286,0.041064147,0.73630536,0.079761684,0.30091503,0.03879719,0.008618714,0.012018237,0.8153278,0.33406386,0.19297563,0.045553476,0.04724101,0.052036427,0.03585583,0.764113,0.8153278,0.0022914752,0.05296523,0.045553476,0.52702254,0.1884566,0.17885105,0.04099328,0.0061170915,0.008745034,1.1058062,1.0943162,1.0505972,0.0769014,0.21294104,0.26554376
pork,pork_portion12_day2_rep3,pork_portion12,2,3,Fresh,0,0.17482881,0.36483043,0.2838498,0.08007428,0.087650366,0.09447695,0.424891,0.54667443,0.36483043,0.01879321,0.13993147,0.087650366,0.35494605,0.92073023,0.02658114,0.09109218,0.0053969678,0.010342059,0.82931244,0.5594896,0.00036937432,0.04705863,0.041278176,0.0059984634,0.11048605,0.9996092,0.82931244,0.005002597,0.006120994,0.04705863,0.6508324,0.08037968,0.2729831,0.037821118,0.012621894,0.012102905,0.931804,0.62008053,0.00037686387,0.04611414,0.060534995,0.0055697355,0.1086789,0.99960667,0.931804,0.0062081856,0.0056640534,0.04611414,0.7190007,0.09316767,0.29667926,0.049157932,0.014904242,0.014713735,0.8572148,0.39976564,0.2481629,0.04880041,0.047096644,0.052261364,0.039273914,0.711156,0.8572148,0.0027481208,0.04713869,0.04880041,0.57579863,0.17595138,0.17279048,0.04298405,0.004722201,0.0072289826,0.9243656,0.94358283,0.79047364,0.07329363,0.15748835,0.20666012
pork,pork_portion13_day2_rep3,pork_portion13,2,3,Fresh,0,0.16845429,0.40628624,0.36095557,0.05811535,0.059234574,0.060878824,0.46616825,0.59515893,0.40628624,0.0054364456,0.093543746,0.059234574,0.3958177,0.914897,0.2587061,0.05995323,0.004100242,0.43453044,0.83426946,0.6333896,5.1227093e-05,0.04136824,0.039773546,0.001323865,0.1245019,0.99993795,0.83426946,0.002200969,0.0014816571,0.04136824,0.69805413,0.04463709,0.28478152,0.03684391,0.003598303,0.01182065,0.9423852,0.66011363,0.0,0.02956303,0.025371112,0.0,0.114409596,1.0,0.9423852,0.0016508405,0.0,0.02956303,0.7459292,0.07742271,0.3039231,0.023927333,0.003006752,0.007733176,0.8151089,0.2997586,0.119283326,0.03678149,0.030659553,0.038457993,0.041130096,0.8532185,0.8151089,0.0024015764,0.042383872,0.03678149,0.5109291,0.20171304,0.20714791,0.028500808,0.00634788,0.0070674825,0.9216177,0.9088377,0.72425157,0.061100874,0.25635055,0.28291088
pork,pork_portion14_day2_rep3,pork_portion14,2,3,Fresh,0,0.18238866,0.34022623,0.25362718,0.061991006,0.06120491,0.062309135,0.40623933,0.47703156,0.34022623,0.010343021,0.092558295,0.06120491,0.3334465,0.92903304,0.032786764,0.06490275,0.0042893803,0.005085788,0.8190337,0.5927613,0.00031016534,0.03803796,0.041990396,0.0032012414,0.11851103,0.99960256,0.8190337,0.0038323288,0.0038597619,0.03803796,0.6681015,0.058811944,0.27640212,0.037089005,0.007928957,0.01158797,0.9653061,0.6595833,0.0,0.021797601,0.030305643,0.0,0.11171099,1.0,0.9653061,0.0032408517,0.0,0.021797601,0.7525224,0.087331615,0.30698672,0.024081862,0.007868935,0.0070896097,0.82189596,0.36970183,0.16946068,0.040174585,0.04047097,0.046219848,0.049069487,0.7941131,0.82189596,0.0022596302,0.04860768,0.040174585,0.5456213,0.17446822,0.19716997,0.036022596,0.0056632645,0.006756098,0.963653,0.9794241,0.80087954,0.09421083,0.1861599,0.24992116
pork,pork_portion15_day2_rep3,pork_portion15,2,3,Fresh,0,0.12759303,0.3114047,0.24259727,0.07962581,0.08090998,0.078904815,0.43548372,0.628789,0.3114047,0.007957246,0.1673051,0.08090998,0.2998163,0.92478395,0.021319645,0.08605953,0.0048292535,0.0052206577,0.8710461,0.68941104,0.000763277,0.0539884,0.055051,0.0056290994,0.12995051,0.9990898,0.8710461,0.0032459318,0.0062244725,0.0539884,0.743712,0.032089584,0.29840142,0.050072834,0.0055300463,0.015825393,0.9558595,0.7386965,0.0,0.027567687,0.03144477,0.0,0.12689327,1.0,0.9558595,0.0023841173,0.0,0.027567687,0.79768085,0.04394094,0.31716502,0.026924003,0.0050645997,0.008437442,0.86646116,0.38607943,0.2487824,0.04486359,0.04432947,0.04580308,0.034916848,0.7129356,0.86646116,0.0021184995,0.039430134,0.04486359,0.573046,0.185577,0.17198823,0.03965145,0.004249424,0.0058884276,1.0347564,1.0541717,0.8023605,0.05835378,0.26204112,0.3026514
pork,pork_portion16_day2_rep3,pork_portion16,2,3,Fresh,0,0.14221223,0.31692094,0.24616107,0.0753185,0.07888974,0.08667727,0.42948195,0.58362997,0.31692094,0.016872229,0.1537423,0.07888974,0.30667996,0.9268222,0.036422994,0.08417517,0.0038071086,0.11200876,0.81250286,0.60511196,0.012895276,0.06522799,0.06603215,0.04247331,0.12130058,0.98593897,0.81250286,0.0034064648,0.04490926,0.06522799,0.67370695,0.04983804,0.27530232,0.060467586,0.0066125374,0.016261907,0.89317775,0.7005548,0.00015018774,0.029006053,0.028995119,0.0024041212,0.12874241,0.99982476,0.89317775,0.0018975585,0.002654696,0.029006053,0.756902,0.036112756,0.30324072,0.025953995,0.004558318,0.008306939,0.8595441,0.40572146,0.24352299,0.040596843,0.039900266,0.039812684,0.04206037,0.71619964,0.8595441,0.0023018022,0.03465468,0.040596843,0.57946074,0.17381439,0.17688484,0.035978798,0.0052944133,0.0053780363,0.9802415,1.0330802,0.8131172,0.08882764,0.184224,0.2577071
pork,pork_portion17_day2_rep3,pork_portion17,2,3,Fresh,0,0.16021225,0.35067406,0.2808198,0.05007861,0.046543233,0.047611434,0.43664667,0.55225104,0.35067406,0.0098005645,0.08810977,0.046543233,0.34178805,0.9222101,0.020052759,0.049270116,0.003029299,0.0062697,0.8281408,0.6045683,0.0,0.036439583,0.040030036,0.0,0.119557545,1.0,0.8281408,0.0032143742,0.0,0.036439583,0.67817575,0.05672272,0.2795075,0.035659857,0.00596297,0.011208397,0.9307793,0.65571904,0.0,0.025939103,0.01911723,0.0,0.11522972,1.0,0.9307793,0.0021209011,0.0,0.025939103,0.7398554,0.07469801,0.30168018,0.018780755,0.004829801,0.006274679,0.85660475,0.37060046,0.23714952,0.038134124,0.042280417,0.041436214,0.033997655,0.7227173,0.85660475,0.0032307743,0.037811015,0.038134124,0.5617909,0.18858692,0.17274013,0.034728803,0.009588797,0.0058093066,0.96412754,0.97777724,0.78097224,0.06796411,0.20574954,0.24759482
pork,pork_portion18_day2_rep3,pork_portion18,2,3,Fresh,0,0.15794715,0.33926514,0.27390996,0.038002614,0.035917718,0.036422748,0.4381416,0.539045,0.33926514,0.0064009284,0.06754667,0.035917718,0.3311358,0.9257274,0.017977228,0.038262248,0.0032157428,0.00360417,0.7516646,0.4761328,2.6961628e-05,0.029892292,0.03090685,0.00078936113,0.10352002,0.9999663,0.7516646,0.003156597,0.0009776184,0.029892292,0.57544017,0.09002526,0.24953003,0.028452516,0.0047637406,0.009030658,0.9457185,0.72576785,0.0,0.020001655,0.020243578,0.0,0.12557724,1.0,0.9457185,0.0014158743,0.0,0.020001655,0.7869221,0.04601387,0.31390104,0.017930575,0.0031908397,0.005836425,0.8562985,0.3540861,0.20285687,0.038684268,0.04318558,0.047824077,0.03628363,0.7631994,0.8562985,0.002080021,0.047540523,0.038684268,0.55344236,0.19480358,0.18668252,0.03584267,0.005628632,0.007647871,0.90094364,1.0340251,0.7823882,0.22540016,0.12414592,0.30468953
pork,pork_portion19_day2_rep3,pork_portion19,2,3,Fresh,0,0.1559474,0.3795427,0.33536032,0.037501816,0.033154834,0.03357061,0.46514,0.5927059,0.3795427,0.0031099792,0.064844266,0.033154834,0.3701789,0.91888136,0.0036281315,0.034660485,0.0021412661,0.037635084,0.7889367,0.57230437,0.011797475,0.05320008,0.061410833,0.043138407,0.118102275,0.986576,0.7889367,0.0047335094,0.048027012,0.05320008,0.6463407,0.056485195,0.2669872,0.053971097,0.011244677,0.013928405,0.8900982,0.6745651,0.0,0.03331789,0.028395088,0.0,0.12464857,1.0,0.8900982,0.00165655,0.0,0.03331789,0.7396076,0.047892578,0.29864433,0.027021501,0.0029189186,0.008897722,0.8397511,0.35870367,0.22266462,0.034868162,0.034333233,0.036690857,0.03486539,0.7342198,0.8397511,0.0015531935,0.035492443,0.034868162,0.54896444,0.18708251,0.17398733,0.030704472,0.003397084,0.0049134027,0.9430538,0.9910265,0.7723445,0.09886714,0.18758139,0.26694196
pork,pork_portion20_day2_rep3,pork_portion20,2,3,Fresh,0,0.119620845,0.31406108,0.2563332,0.062120426,0.057011038,0.05682358,0.44844392,0.6416086,0.31406108,0.00745017,0.14222515,0.057011038,0.30307186,0.92401856,0.013793479,0.061202772,0.0033244332,0.0047458746,0.7817542,0.63363874,0.0073638535,0.024692703,0.025120625,0.017347045,0.13270871,0.9903948,0.7817542,0.0020778463,0.021856315,0.024692703,0.68397766,0.021685783,0.27727905,0.02294429,0.004486684,0.0066029695,0.945372,0.62048405,0.0,0.015128318,0.016993077,0.0,0.10746727,1.0,0.945372,0.002084772,0.0,0.015128318,0.72336096,0.09841158,0.29872698,0.014308589,0.0038044297,0.0046462533,0.86525214,0.42582697,0.26854974,0.052197047,0.055813387,0.05568349,0.042236984,0.6906216,0.86525214,0.002904107,0.049286664,0.052197047,0.5922223,0.16733426,0.16964099,0.048919797,0.0063386085,0.006197945,1.0142576,0.96925586,0.82490456,0.08887016,0.20302336,0.19649652
pork,pork_portion21_day2_rep1,pork_portion21,2,1,Fresh,0,0.21975699,0.37940443,0.25078267,0.06646582,0.066241,0.06839159,0.36272997,0.43216798,0.37940443,0.016233103,0.08570493,0.066241,0.37245017,0.92234296,0.055556655,0.06921775,0.0055674003,0.006102098,0.7972838,0.5715137,0.0052049425,0.055668976,0.05821109,0.029492693,0.117019154,0.99403703,0.7972838,0.0048193466,0.032848082,0.055668976,0.6482662,0.060364988,0.26922554,0.052474305,0.010609537,0.015605177,0.92817104,0.65866005,0.0005338907,0.03610629,0.03906627,0.0059491517,0.11620336,0.99943227,0.92817104,0.0029741905,0.0060384753,0.03610629,0.74082226,0.072103,0.30165514,0.03403093,0.00615067,0.010548324,0.8507851,0.3143917,0.21243654,0.033878244,0.03452081,0.036114503,0.024821896,0.7496404,0.8507851,0.0018888485,0.033649143,0.033878244,0.53430676,0.20996135,0.17416142,0.029563325,0.002909137,0.0058584344,0.92991126,0.9587338,0.7401028,0.09877289,0.21072021,0.27912045
pork,pork_portion22_day2_rep1,pork_portion22,2,1,Fresh,0,0.1523937,0.34395292,0.29482883,0.05358156,0.05296199,0.052163746,0.45520455,0.5688956,0.34395292,0.006802503,0.098207,0.05296199,0.33571807,0.9260309,0.016201114,0.05588462,0.003415371,0.08792415,0.761314,0.50717664,0.00058304676,0.040182192,0.04010286,0.0056850924,0.108901106,0.99929804,0.761314,0.003283049,0.006643249,0.040182192,0.5973409,0.078064464,0.25527546,0.037294563,0.0050278706,0.011639355,0.9240802,0.6509768,5.5983397e-05,0.043415867,0.052716076,0.0011625595,0.115292676,0.9999222,0.9240802,0.005147942,0.0015658074,0.043415867,0.7349726,0.07430133,0.3000162,0.044052925,0.012098148,0.013591761,0.869284,0.43947905,0.2858906,0.04172702,0.04262541,0.044322655,0.041660573,0.6708332,0.869284,0.0024601086,0.03694575,0.04172702,0.6010425,0.16309099,0.16466191,0.038142636,0.0053334683,0.0054573338,0.9190485,0.98254687,0.8212886,0.1447701,0.124314226,0.21009915
pork,pork_portion23_day2_rep1,pork_portion23,2,1,Fresh,0,0.13580415,0.3232725,0.25514123,0.051873263,0.046424516,0.047675364,0.43743172,0.59330904,0.3232725,0.004359908,0.111023106,0.046424516,0.31319758,0.92332995,0.019945517,0.050043754,0.0024263847,0.0033190616,0.83485305,0.6324997,0.0005407184,0.053258494,0.05628498,0.004630986,0.12396487,0.999338,0.83485305,0.0038683356,0.0052794814,0.053258494,0.6975097,0.04539512,0.2846198,0.051028907,0.006639835,0.016048161,0.913662,0.55134255,0.0,0.031490274,0.030705594,0.0,0.09858657,1.0,0.913662,0.0028083285,0.0,0.031490274,0.673454,0.12000986,0.2849226,0.027607612,0.0047209836,0.008818635,0.8392502,0.34166816,0.16200851,0.04087359,0.03906903,0.046161335,0.042055182,0.8071844,0.8392502,0.0026127417,0.048206892,0.04087359,0.53989005,0.1931128,0.19984324,0.0348046,0.005142685,0.0063875183,0.99424237,0.9194132,0.7854742,0.07839725,0.23205933,0.17441864
pork,pork_portion24_day2_rep1,pork_portion24,2,1,Fresh,0,0.19501397,0.3634755,0.26708755,0.062877074,0.06014743,0.061008334,0.40210766,0.47646466,0.3634755,0.011717709,0.09809121,0.06014743,0.35617945,0.92438084,0.036820233,0.06357149,0.0033957628,0.0057678022,0.84037447,0.6403951,0.0044027274,0.03639181,0.037040412,0.020052163,0.12477324,0.9950705,0.84037447,0.0019551613,0.02176816,0.03639181,0.70427334,0.043800022,0.28611934,0.033650067,0.0036420478,0.009679244,0.8845685,0.6374103,0.0,0.040847525,0.028007235,0.0,0.118261114,1.0,0.8845685,0.0026857425,0.0,0.040847525,0.7151072,0.06422667,0.29246145,0.028438248,0.0078872,0.009713195,0.8637158,0.36436146,0.24189384,0.044599228,0.04652607,0.04987426,0.031228818,0.72023815,0.8637158,0.0013275956,0.04704947,0.044599228,0.5619841,0.1941964,0.17070574,0.03996157,0.005752956,0.0080225505,0.97915375,0.96646094,0.7703572,0.023975883,0.237035,0.23486862
pork,pork_portion25_day2_rep1,pork_portion25,2,1,Fresh,0,0.20160139,0.40107152,0.3069524,0.052399762,0.04461247,0.043535918,0.41812003,0.5032964,0.40107152,0.018360574,0.07826556,0.04461247,0.39215618,0.9156509,0.031837203,0.04659628,0.003283156,0.009438222,0.82482314,0.58852804,0.0,0.034737874,0.03559,0.0,0.11681962,1.0,0.82482314,0.002616113,0.0,0.034737874,0.6671631,0.06345711,0.2767178,0.03246461,0.003927772,0.010415365,0.9453682,0.6647628,0.0,0.032555662,0.03402151,0.0,0.11519826,1.0,0.9453682,0.0025976398,0.0,0.032555662,0.74961656,0.07632804,0.3049641,0.029921217,0.005031578,0.009389244,0.840302,0.36593348,0.17536646,0.036642298,0.037603356,0.04151583,0.04588176,0.7909749,0.840302,0.0024804587,0.04294374,0.036642298,0.5515906,0.18298188,0.19813791,0.0323651,0.006968629,0.006348829,0.9283477,0.952281,0.7680359,0.08810273,0.1838966,0.2490003
pork,pork_portion26_day2_rep1,pork_portion26,2,1,Fresh,0,0.18072805,0.36615926,0.28103828,0.04150857,0.038509686,0.03614124,0.42144915,0.51141447,0.36615926,0.009023281,0.067022964,0.038509686,0.35778856,0.92069876,0.028904842,0.04055494,0.002841355,0.0052646347,0.78606915,0.5986241,0.0,0.04631459,0.043018077,0.0,0.124807775,1.0,0.78606915,0.0025015855,0.0,0.04631459,0.662235,0.04143321,0.27279595,0.04063231,0.0044313637,0.013137501,0.9359939,0.67852044,0.0,0.036265027,0.036559056,0.0,0.118724905,1.0,0.9359939,0.0027652984,0.0,0.036265027,0.7550684,0.06547111,0.30567884,0.032623276,0.005299913,0.010436305,0.83712125,0.30855408,0.13892949,0.044878405,0.044774894,0.05339215,0.0384816,0.8351459,0.83712125,0.003505932,0.05776721,0.044878405,0.5247703,0.205841,0.20461255,0.038105477,0.005789739,0.007347853,0.96191394,0.9827764,0.7548362,0.10137626,0.22488984,0.28801966
pork,pork_portion27_day2_rep1,pork_portion27,2,1,Fresh,0,0.13881049,0.34487662,0.2985251,0.05048975,0.046038907,0.04671649,0.46084937,0.6086072,0.34487662,0.005798961,0.10419477,0.046038907,0.33549947,0.92296594,0.035085443,0.048658255,0.0032800233,0.16807805,0.78928167,0.60978884,0.0064312597,0.06205243,0.06166151,0.024676047,0.12625319,0.9921468,0.78928167,0.004195719,0.029153947,0.06205243,0.6701136,0.03716159,0.27401474,0.05761638,0.0068317726,0.017916873,0.95397377,0.61988986,0.0,0.031016717,0.0362465,0.0,0.106256105,1.0,0.95397377,0.0034663782,0.0,0.031016717,0.7257462,0.10254726,0.29990113,0.0303241,0.007913386,0.009383957,0.8804959,0.37091646,0.20174001,0.03336625,0.032914538,0.0365327,0.039356854,0.77016807,0.8804959,0.001815931,0.034326844,0.03336625,0.5709649,0.1961382,0.19549769,0.028565051,0.0055338955,0.0056739394,0.9765773,0.9463122,0.78067577,0.08966815,0.20314763,0.20884588
pork,pork_portion28_day2_rep1,pork_portion28,2,1,Fresh,0,0.17980166,0.35810083,0.2620175,0.04377435,0.04114607,0.041431688,0.40767854,0.5038986,0.35810083,0.01148458,0.07555233,0.04114607,0.3496774,0.92105156,0.035897817,0.04356084,0.0030356883,0.005859029,0.7542098,0.53447413,0.00027855154,0.05103994,0.054781757,0.0032737805,0.115879275,0.99966156,0.7542098,0.004656349,0.0037516896,0.05103994,0.61202914,0.060656607,0.2582467,0.049900662,0.0076987213,0.015594072,0.927961,0.61290395,0.0,0.033073273,0.03512179,0.0,0.10803686,1.0,0.927961,0.0030672282,0.0,0.033073273,0.71349484,0.09513144,0.29515836,0.030596763,0.006307065,0.0096100615,0.8121386,0.3112747,0.12982616,0.04324928,0.042693682,0.05180253,0.042253267,0.8410235,0.8121386,0.0025107504,0.05736759,0.04324928,0.51462466,0.19580835,0.20319645,0.037474524,0.0045546023,0.0070770714,0.92657804,0.93900114,0.7623478,0.113341406,0.17545414,0.24112691
pork,pork_portion29_day2_rep1,pork_portion29,2,1,Fresh,0,0.09611618,0.28341037,0.2501903,0.04175781,0.037678044,0.03616342,0.46826282,0.673608,0.28341174,0.009773723,0.11731132,0.03767415,0.27271995,0.9312272,0.37377334,0.041125003,0.003461328,0.48000368,0.74226165,0.53086704,0.0,0.048329167,0.047695428,0.0,0.116999924,1.0,0.74226165,0.0034908406,0.0,0.048329167,0.60609984,0.05725526,0.25601643,0.04488811,0.0051019182,0.014264536,0.8170332,0.6042517,0.0,0.025158549,0.021287901,0.0,0.1211185,1.0,0.8170332,0.0021696694,0.0,0.025158549,0.6747882,0.052051447,0.2779527,0.020179098,0.0053626657,0.0066842027,0.86063784,0.37188914,0.26514006,0.04688193,0.056238856,0.06328761,0.028015688,0.69271356,0.86063784,0.0027098726,0.061287325,0.04688193,0.56497055,0.19030567,0.15951279,0.04511362,0.01092829,0.014101555,0.94278085,0.97148883,0.8247925,0.07229362,0.16943136,0.21260798
pork,pork_portion30_day2_rep1,pork_portion30,2,1,Fresh,0,0.042640753,0.24435212,0.20556295,0.044378348,0.05005805,0.04954821,0.46598044,0.85044795,0.24435212,0.005375833,0.13951214,0.05005805,0.22810778,0.928117,0.036341526,0.054571763,0.005059868,0.1751667,0.8115096,0.63269234,0.0006282064,0.039617382,0.041590385,0.0052296864,0.12782763,0.99922055,0.8115096,0.0033306368,0.00605347,0.039617382,0.6912635,0.035025403,0.2816267,0.03744285,0.006875344,0.01173853,0.88603467,0.6459304,0.001142881,0.030696457,0.03455898,0.008732708,0.11940535,0.9987232,0.88603467,0.0032216164,0.00941367,0.030696457,0.7207466,0.060666136,0.29376027,0.029720914,0.007710761,0.009046998,0.8360007,0.40329072,0.23312977,0.05409525,0.05678912,0.060945433,0.045045566,0.7227123,0.8360007,0.0023410392,0.058895174,0.05409525,0.5688606,0.16571246,0.17635609,0.050103705,0.00782174,0.008221409,1.0355146,1.0302564,0.8467451,0.0409136,0.20771009,0.21883287
pork,pork_portion21_day2_rep2,pork_portion21,2,2,Fresh,0,0.21408091,0.37683892,0.2541978,0.06515207,0.06610374,0.06719555,0.37142318,0.44280598,0.37683892,0.013463303,0.08457858,0.06610374,0.36961275,0.92213136,0.052027,0.06897247,0.0053527346,0.005024216,0.7897453,0.5754037,0.0061895787,0.055469252,0.05720415,0.030259317,0.11893373,0.99285084,0.7897453,0.0048001474,0.033567164,0.055469252,0.6485007,0.055080164,0.2686004,0.051845293,0.010558886,0.015211717,0.93593043,0.6726488,0.0009776618,0.03864032,0.042258937,0.010553855,0.11770699,0.99899095,0.93593043,0.0031451557,0.010662102,0.03864032,0.7515067,0.06840953,0.3046549,0.036754675,0.0064024394,0.011363835,0.8519566,0.3164374,0.22008075,0.03491708,0.03544188,0.03678102,0.02344991,0.7410245,0.8519566,0.0013066101,0.034001593,0.03491708,0.5358619,0.20980363,0.17093663,0.0304379,0.0022837305,0.0053401166,0.93619454,0.9687646,0.7410729,0.109944694,0.21486056,0.29047465
pork,pork_portion22_day2_rep2,pork_portion22,2,2,Fresh,0,0.14687999,0.34540257,0.2956305,0.052890003,0.052206475,0.05114035,0.45615005,0.5863558,0.34540257,0.007631843,0.09997274,0.052206475,0.33647537,0.9241629,0.07572699,0.05491485,0.004040932,0.24846083,0.7576274,0.5061366,0.00053662155,0.03838422,0.039628804,0.004964931,0.109209605,0.999339,0.7576274,0.0034190763,0.0059298403,0.03838422,0.59551877,0.0769571,0.25461537,0.036420997,0.0055544856,0.011352253,0.9276804,0.6747488,0.0,0.03500072,0.038900305,0.0,0.11926725,1.0,0.9276804,0.003929704,0.0,0.03500072,0.75045985,0.063815355,0.3039686,0.033137757,0.009517373,0.010335932,0.8690022,0.44040635,0.29000223,0.042092167,0.04212538,0.043325465,0.041021593,0.6659139,0.8690022,0.0022419358,0.03588906,0.042092167,0.6014459,0.16269454,0.16272847,0.03802233,0.0053126505,0.0055712685,0.90380436,0.98166966,0.8109333,0.16314162,0.1258143,0.2278838
pork,pork_portion23_day2_rep2,pork_portion23,2,2,Fresh,0,0.13032353,0.3247228,0.26237556,0.05325482,0.04709439,0.048773937,0.44464812,0.6126275,0.3247228,0.0048981495,0.117092304,0.04709439,0.31437466,0.92293084,0.016110225,0.05061822,0.0035381822,0.003946478,0.83234197,0.6351359,0.0014487412,0.05308459,0.055618174,0.009465719,0.12488017,0.9982853,0.83234197,0.0037222446,0.010787463,0.05308459,0.6984998,0.042945545,0.28457615,0.050674666,0.006346987,0.015866412,0.91253954,0.5516267,9.0352514e-05,0.03217148,0.030589467,0.0020969664,0.09873869,0.9998948,0.91253954,0.0027733329,0.002271804,0.03217148,0.6732071,0.11937596,0.28475806,0.02778243,0.004963628,0.008866049,0.839308,0.34270963,0.16431627,0.041328337,0.039964043,0.04570106,0.041851554,0.8043889,0.839308,0.0027080015,0.04717546,0.041328337,0.5404668,0.1927388,0.19906622,0.035301406,0.0056584678,0.006014494,0.99699557,0.92012656,0.7859841,0.0805069,0.23393247,0.1741987
pork,pork_portion24_day2_rep2,pork_portion24,2,2,Fresh,0,0.18840759,0.36419517,0.26661524,0.06314968,0.06040808,0.06127351,0.4052542,0.49637356,0.36419517,0.008458858,0.10026902,0.06040808,0.35600382,0.92182094,0.036979992,0.06379764,0.003132218,0.005172156,0.83841753,0.6411251,0.0036823824,0.03533712,0.03667855,0.017848069,0.12521017,0.995823,0.83841753,0.002181505,0.019516107,0.03533712,0.7041614,0.042640258,0.2860983,0.033175994,0.0038071233,0.009693255,0.8522357,0.62131214,0.0,0.062685885,0.040332045,0.0,0.11961327,1.0,0.8522357,0.0034463084,0.0,0.062685885,0.69560707,0.05840082,0.28542796,0.042776182,0.010771524,0.014703994,0.86226225,0.36299026,0.24483341,0.0442974,0.0474154,0.049300585,0.030318085,0.7162913,0.86226225,0.0025226923,0.04583859,0.0442974,0.5608969,0.19430268,0.16864793,0.040050883,0.006917955,0.007820603,0.9778713,0.9604952,0.767203,0.017944956,0.23941764,0.22417343
pork,pork_portion25_day2_rep2,pork_portion25,2,2,Fresh,0,0.20529811,0.4068103,0.31114218,0.051564243,0.043621533,0.0417334,0.41747186,0.5007474,0.4068103,0.018707022,0.076158896,0.043621533,0.39775792,0.91467994,0.032342788,0.045388836,0.0031017384,0.009506333,0.82445014,0.5918583,7.6484495e-05,0.035874393,0.036587734,0.0013167377,0.11752061,0.9999,0.82445014,0.002666761,0.0015563446,0.035874393,0.66911757,0.061626233,0.27711704,0.033359576,0.004459548,0.010659828,0.943293,0.6655998,0.0,0.03367327,0.033983186,0.0,0.1155993,1.0,0.943293,0.00251432,0.0,0.03367327,0.74950135,0.0750851,0.30477378,0.030194595,0.005033702,0.009487129,0.8389108,0.36837244,0.17618701,0.036751617,0.037070878,0.042002622,0.04652144,0.78981113,0.8389108,0.0023131417,0.043406785,0.036751617,0.55214196,0.18140002,0.19780713,0.032321513,0.006642208,0.006406852,0.92803615,0.9501903,0.7674062,0.08606735,0.18525419,0.24838568
pork,pork_portion26_day2_rep2,pork_portion26,2,2,Fresh,0,0.19016922,0.36826977,0.2764279,0.048104405,0.045526475,0.044900216,0.41112563,0.49060595,0.36826977,0.01764093,0.08059454,0.045526475,0.36051536,0.92196894,0.033283,0.048047177,0.004046249,0.008611428,0.78696305,0.5997511,5.562509e-06,0.044873375,0.042330574,0.00018080264,0.12492863,0.9999903,0.78696305,0.0024225293,0.00030432432,0.044873375,0.6632078,0.04115231,0.27306718,0.03979435,0.004159749,0.012846152,0.93708473,0.6809666,0.0,0.037620265,0.037331667,0.0,0.1190285,1.0,0.93708473,0.0028209123,0.0,0.037620265,0.7569387,0.06465413,0.30615824,0.033405777,0.0058542043,0.010692155,0.83606493,0.31090027,0.13861789,0.044952475,0.044662025,0.05322768,0.03918013,0.8352129,0.83606493,0.0035085822,0.057618573,0.044952475,0.52527344,0.20455368,0.20480646,0.03806073,0.0064826817,0.0072588394,0.9617469,0.9831587,0.755811,0.102141224,0.224467,0.2889859
pork,pork_portion27_day2_rep2,pork_portion27,2,2,Fresh,0,0.1370666,0.34371287,0.3031822,0.04992996,0.04676024,0.04574623,0.46551973,0.61190933,0.34371287,0.005280802,0.101962954,0.04676024,0.33459195,0.9243648,0.17579605,0.049272265,0.0040732385,0.3770438,0.7872616,0.610884,0.008732032,0.061377235,0.062087502,0.029367508,0.12668474,0.98930055,0.7872616,0.004529809,0.03478909,0.061377235,0.6703002,0.035764754,0.27352414,0.057557575,0.008083012,0.017688818,0.9525833,0.6240878,0.0,0.03198221,0.03671659,0.0,0.10707537,1.0,0.9525833,0.0035330702,0.0,0.03198221,0.7277096,0.099885345,0.3002995,0.030815445,0.008234073,0.009604353,0.8797928,0.37384075,0.20443726,0.033713415,0.033271104,0.03636131,0.039666653,0.7668554,0.8797928,0.0014550076,0.033753574,0.033713415,0.57201844,0.19473341,0.19452707,0.029012853,0.0054971604,0.0056334324,0.95491403,0.9218508,0.7675182,0.0901344,0.20290606,0.21076928
pork,pork_portion28_day2_rep2,pork_portion28,2,2,Fresh,0,0.16907096,0.35772637,0.26525235,0.042355265,0.038507026,0.03945857,0.41572297,0.53312093,0.35772637,0.012426705,0.079015225,0.038507026,0.3483265,0.91859776,0.032970168,0.04075503,0.0031087983,0.0070925606,0.7503237,0.5373367,0.00027035884,0.05174563,0.054447576,0.0027732814,0.11704383,0.9996589,0.7503237,0.004322982,0.0033502977,0.05174563,0.6126113,0.057505142,0.25816005,0.050082974,0.0066725696,0.015716689,0.92698264,0.6141834,0.0,0.032765333,0.03501178,0.0,0.10835224,1.0,0.92698264,0.003260648,0.0,0.032765333,0.71394056,0.09404037,0.29523048,0.030299209,0.007116083,0.009499695,0.8131915,0.3097479,0.12985921,0.04420703,0.043211043,0.05287565,0.0417071,0.841286,0.8131915,0.0025530874,0.058606714,0.04420703,0.51448613,0.19679262,0.2031294,0.03802498,0.004417558,0.007683533,0.92845976,0.93933433,0.7599776,0.11391514,0.17904726,0.24253392
pork,pork_portion29_day2_rep2,pork_portion29,2,2,Fresh,0,0.093923025,0.28220707,0.24996229,0.041628893,0.03812071,0.036317594,0.4692664,0.6797193,0.28220707,0.0076939636,0.117034726,0.03812071,0.27139685,0.93123317,0.35543996,0.04149639,0.0030904005,0.47595093,0.7425805,0.5310827,2.4578078e-05,0.048651773,0.048453685,0.00046214683,0.11698891,0.99996054,0.7425805,0.0036596104,0.00068137504,0.048651773,0.6062909,0.057301678,0.25609455,0.045422975,0.0054406268,0.01446359,0.8150772,0.60635066,0.0,0.024890054,0.021869728,0.0,0.12199247,1.0,0.8150772,0.0024700747,0.0,0.024890054,0.67555636,0.05010485,0.27804407,0.020499261,0.005370717,0.0066560865,0.8579519,0.3718043,0.26955253,0.04584325,0.055831466,0.063207924,0.02707303,0.6865097,0.8579519,0.0030239136,0.061083872,0.04584325,0.5639463,0.18962488,0.15658066,0.04448544,0.011262407,0.014306428,0.9411587,0.9724825,0.8216526,0.073015645,0.17089619,0.2160463
pork,pork_portion30_day2_rep2,pork_portion30,2,2,Fresh,0,0.0401913,0.24365778,0.21032806,0.042574145,0.04989413,0.049435664,0.47060275,0.8587178,0.24365778,0.004069709,0.135122,0.04989413,0.22762649,0.929085,0.112358555,0.054271437,0.005196014,0.31371763,0.8085199,0.6350936,0.0014788461,0.04007998,0.04291355,0.008028259,0.12885633,0.9982147,0.8085199,0.0033742706,0.009292998,0.04007998,0.6920551,0.03254093,0.28150034,0.03845736,0.0071656094,0.011907808,0.8833716,0.64966184,0.00048746556,0.031053636,0.034612354,0.004967736,0.12057733,0.9994415,0.8833716,0.0031054819,0.0053976257,0.031053636,0.7222785,0.05760755,0.29400986,0.029951869,0.007283101,0.009276814,0.83505017,0.40376255,0.24389096,0.05352724,0.056669578,0.060170863,0.04309437,0.7094213,0.83505017,0.0025940533,0.057404384,0.05352724,0.56901056,0.16545855,0.17096278,0.049838934,0.008071488,0.008513031,1.0237647,1.018406,0.8385123,0.04121014,0.21219237,0.22419518
pork,pork_portion21_day2_rep3,pork_portion21,2,3,Fresh,0,0.2206524,0.38967896,0.276539,0.06507885,0.063018,0.06653148,0.38506633,0.44399545,0.38967896,0.018893994,0.08796481,0.063018,0.3827776,0.921786,0.045666836,0.06571481,0.004224245,0.0084838085,0.7947877,0.5701306,0.004780819,0.059875745,0.060960226,0.027826298,0.11711112,0.99455553,0.7947877,0.0049919854,0.030706424,0.059875745,0.6465761,0.060015675,0.26872492,0.05543254,0.010656152,0.016603297,0.9283521,0.6614626,0.0031812168,0.035996735,0.040311076,0.022183703,0.11656004,0.9966274,0.9283521,0.0030909528,0.023114646,0.035996735,0.7425652,0.070816614,0.3016494,0.034717914,0.0070506977,0.01077096,0.8519091,0.31626934,0.22315893,0.03463047,0.0353,0.036727697,0.022632645,0.7373731,0.8519091,0.0017282366,0.033502243,0.03463047,0.5358058,0.20996398,0.16932032,0.030272637,0.0024577477,0.0057777306,0.9284356,0.95870906,0.73851097,0.1020519,0.21127193,0.28217444
pork,pork_portion22_day2_rep3,pork_portion22,2,3,Fresh,0,0.15011796,0.345152,0.298289,0.053430017,0.053011313,0.050367337,0.45796126,0.5767736,0.345152,0.008279906,0.09740962,0.053011313,0.33676565,0.92564905,0.09047357,0.055691563,0.0041607404,0.27458978,0.7581195,0.5070862,0.0006322031,0.039062455,0.04036298,0.006094581,0.10934214,0.99922985,0.7581195,0.0035262443,0.0072031184,0.039062455,0.5962742,0.0766567,0.25478235,0.037094783,0.0057922597,0.011536339,0.93260497,0.66974926,0.0,0.031741075,0.04043626,0.0,0.117615804,1.0,0.93260497,0.0043923794,0.0,0.031741075,0.74889684,0.068462536,0.3039718,0.03292857,0.010841768,0.010039018,0.86973375,0.4402864,0.28835195,0.042487584,0.042615257,0.044575393,0.04127772,0.66815066,0.86973375,0.0019823113,0.03756629,0.042487584,0.60162437,0.16297898,0.16365905,0.038365573,0.0056634475,0.0062579596,0.90284556,0.97478324,0.8106614,0.16056281,0.12563285,0.22429937
pork,pork_portion23_day2_rep3,pork_portion23,2,3,Fresh,0,0.13889702,0.32417727,0.26071495,0.052433945,0.04706383,0.04762453,0.44117695,0.5848417,0.32417727,0.0050493157,0.10955832,0.04706383,0.31462985,0.92495227,0.017206017,0.050635833,0.0030132795,0.0036756375,0.83197784,0.6361866,0.00043421303,0.053642105,0.055846408,0.0035914232,0.12519301,0.9994393,0.83197784,0.0037034662,0.004183303,0.053642105,0.69902885,0.042288773,0.2848437,0.050898038,0.0062207533,0.016074063,0.9116476,0.5526513,0.0,0.033672195,0.03055204,0.0,0.099120475,1.0,0.9116476,0.0025616363,0.0,0.033672195,0.6734598,0.1184844,0.28475934,0.028349487,0.004216788,0.00913628,0.83972394,0.34418872,0.16760269,0.04185329,0.039710645,0.04725968,0.041533303,0.8007046,0.83972394,0.0026509375,0.04924504,0.04185329,0.5413026,0.19222124,0.19774307,0.035558052,0.0052356063,0.0071652937,0.9992434,0.9223525,0.78795236,0.08037136,0.234401,0.17456941
pork,pork_portion24_day2_rep3,pork_portion24,2,3,Fresh,0,0.19048727,0.36493063,0.26443294,0.06318441,0.06023562,0.061919156,0.40185085,0.49131608,0.36493063,0.012264717,0.098589204,0.06023562,0.35675445,0.9217226,0.03871818,0.06365057,0.0040422264,0.0075247106,0.8396424,0.6421609,0.0034278957,0.03572234,0.036825396,0.017326012,0.1252089,0.99611837,0.8396424,0.0021140766,0.018902892,0.03572234,0.70521235,0.04254987,0.2864624,0.033386957,0.0038363768,0.009809898,0.85069823,0.62145454,0.0,0.06230246,0.041190725,0.0,0.119781315,1.0,0.85069823,0.0033584074,0.0,0.06230246,0.6951815,0.057685338,0.28523555,0.043168273,0.01056052,0.014747022,0.86496496,0.36617094,0.24697995,0.043926023,0.046387833,0.048797365,0.030764582,0.71470255,0.86496496,0.0016461378,0.04559044,0.043926023,0.56340647,0.1940013,0.16876392,0.039614912,0.00573924,0.007834064,0.977622,0.96013755,0.7675905,0.018199058,0.23853591,0.22251369
pork,pork_portion25_day2_rep3,pork_portion25,2,3,Fresh,0,0.20245218,0.4050483,0.3085019,0.05246227,0.044348706,0.042610932,0.4172357,0.5060287,0.4050483,0.018462468,0.0786435,0.044348706,0.39577717,0.91426265,0.03280244,0.04624003,0.003532796,0.009160737,0.81545603,0.589685,0.0,0.033781983,0.032218404,0.0,0.11848526,1.0,0.81545603,0.002429161,0.0,0.033781983,0.665152,0.058765754,0.27551827,0.030006252,0.004252732,0.0097182,0.9425602,0.6662915,0.0,0.034701932,0.034020025,0.0,0.115834005,1.0,0.9425602,0.0024202282,0.0,0.034701932,0.7496893,0.074391454,0.30480528,0.03051121,0.00489099,0.0096787885,0.8395757,0.36963338,0.17416075,0.037508536,0.037700646,0.042572696,0.04705543,0.7924776,0.8395757,0.0022975788,0.043783106,0.037508536,0.55294126,0.1809858,0.19903654,0.032950632,0.006566015,0.006356553,0.9291656,0.9511167,0.76813364,0.09082093,0.18269768,0.24750587
pork,pork_portion26_day2_rep3,pork_portion26,2,3,Fresh,0,0.17563327,0.35885507,0.27771935,0.04382933,0.03958675,0.035100993,0.4238964,0.5165114,0.35885507,0.014246648,0.07368873,0.03958675,0.3506462,0.92218155,0.026733065,0.04185293,0.0028441183,0.008131233,0.7857104,0.5997956,0.0,0.045065742,0.041942902,0.0,0.12512717,1.0,0.7857104,0.0021362987,0.0,0.045065742,0.6628708,0.040547397,0.2729088,0.039681714,0.003557369,0.0128404265,0.9368362,0.68077517,0.0,0.036971584,0.03781242,0.0,0.11901647,1.0,0.9368362,0.0029845517,0.0,0.036971584,0.75668293,0.06467896,0.3061194,0.033491097,0.006285076,0.010650816,0.8360922,0.31114185,0.13776287,0.04550705,0.044895045,0.05340885,0.039306894,0.8363799,0.8360922,0.0038372665,0.057571277,0.04550705,0.52537495,0.20442523,0.20523019,0.03830786,0.006728641,0.0071289935,0.967143,0.98905677,0.75997734,0.102401115,0.224369,0.28846323
pork,pork_portion27_day2_rep3,pork_portion27,2,3,Fresh,0,0.13739055,0.34633824,0.30249757,0.049456157,0.04597112,0.04650094,0.4632677,0.6136785,0.34633824,0.004612756,0.100550905,0.04597112,0.33694613,0.9229667,0.05568483,0.048483107,0.0033623923,0.22066055,0.7878177,0.61160713,0.008236375,0.060312066,0.062121943,0.027306115,0.12676525,0.9900054,0.7878177,0.004516686,0.031914182,0.060312066,0.6709155,0.035630945,0.27386072,0.05734614,0.007939399,0.017324252,0.9533992,0.624724,0.0,0.031668488,0.03688957,0.0,0.1070835,1.0,0.9533992,0.0035349098,0.0,0.031668488,0.7283075,0.099815816,0.30047825,0.030905116,0.008041279,0.0095846355,0.8797088,0.37248355,0.20887356,0.032953758,0.03299091,0.035636783,0.03866841,0.76164323,0.8797088,0.0018615206,0.033271115,0.032953758,0.57147557,0.19545415,0.1921266,0.028523508,0.005377748,0.006268295,0.97288287,0.94375044,0.77646315,0.09012232,0.20521264,0.21326749
pork,pork_portion28_day2_rep3,pork_portion28,2,3,Fresh,0,0.17553344,0.35925373,0.26362073,0.04389508,0.039887436,0.040261745,0.4109154,0.5175664,0.35925373,0.01209462,0.07861841,0.039887436,0.3502221,0.9194879,0.035227597,0.04229272,0.0031583006,0.0071564894,0.75133425,0.54052836,0.00039051846,0.05268676,0.05575063,0.004088387,0.117621295,0.99951977,0.75133425,0.0043764096,0.004702015,0.05268676,0.6149048,0.056269437,0.25876668,0.05113885,0.0070395176,0.015997352,0.92684543,0.6155027,7.783058e-05,0.032545883,0.035376284,0.0018940226,0.10859234,0.999914,0.92684543,0.0033091756,0.001965729,0.032545883,0.71468675,0.09332484,0.2953535,0.0304138,0.007273898,0.009523923,0.81366867,0.3105437,0.13010223,0.043449227,0.042258836,0.050860167,0.041850466,0.84093267,0.81366867,0.0025041045,0.056155547,0.043449227,0.5149781,0.19662875,0.20340545,0.03734889,0.0038631095,0.0070458814,0.9301466,0.9397049,0.7602327,0.1125528,0.18097223,0.24291909
pork,pork_portion29_day2_rep3,pork_portion29,2,3,Fresh,0,0.09691635,0.28676358,0.2517797,0.04174821,0.03770189,0.03640054,0.46716565,0.6744313,0.28676358,0.00871449,0.11543278,0.03770189,0.27600938,0.930248,0.28487578,0.041061863,0.0030434707,0.44768444,0.7418365,0.5318738,6.9637885e-05,0.047846444,0.04806125,0.0010556141,0.11731382,0.9999004,0.7418365,0.0037278687,0.0013672758,0.047846444,0.6065701,0.05654659,0.25613433,0.044961493,0.0057429974,0.01427739,0.8172863,0.60841864,0.0,0.024927465,0.022967286,0.0,0.121979,1.0,0.8172863,0.0024465844,0.0,0.024927465,0.6775313,0.049959257,0.27868932,0.021317577,0.0051092766,0.0068545165,0.8594957,0.37579882,0.26651683,0.045143466,0.054675743,0.061275154,0.028936714,0.69056606,0.8594957,0.002678276,0.05900689,0.045143466,0.56625247,0.18826306,0.15932404,0.043838408,0.010731015,0.013389892,0.93458587,0.96755695,0.8065643,0.07475031,0.1683656,0.21391352
pork,pork_portion30_day2_rep3,pork_portion30,2,3,Fresh,0,0.043011457,0.24423487,0.2087465,0.04395359,0.050234597,0.050228376,0.46863547,0.84840506,0.24423487,0.005463987,0.13853113,0.050234597,0.22818069,0.9289513,0.11929915,0.05473489,0.0052448343,0.31957027,0.8101571,0.63445914,0.0013305573,0.039190892,0.042245563,0.007252874,0.12846935,0.9983658,0.8101571,0.0034111692,0.008568742,0.039190892,0.6920428,0.03357624,0.28160408,0.037814062,0.0070171147,0.011712436,0.8837336,0.6502547,0.0019116284,0.03142933,0.035055872,0.011466643,0.12052516,0.9978546,0.8837336,0.003005797,0.012601985,0.03142933,0.72278166,0.057386357,0.29397684,0.030372303,0.007403642,0.009153138,0.8356413,0.40555418,0.24186608,0.053796098,0.05666463,0.060998905,0.04395459,0.7120788,0.8356413,0.002219634,0.058563013,0.053796098,0.57006085,0.16478257,0.17244816,0.04999816,0.008161683,0.008744901,1.0213753,1.0172354,0.8388449,0.040802974,0.20978494,0.22277077
pork,pork_portion31_day2_rep1,pork_portion31,2,1,Fresh,0,0.13817766,0.35557607,0.31439215,0.04626364,0.043109667,0.04276109,0.46660203,0.620825,0.35557607,0.0042738076,0.10030574,0.043109667,0.34592363,0.9213001,0.04853348,0.045490485,0.0038906708,0.21050909,0.7414869,0.5412156,0.003219218,0.048973445,0.049553268,0.016502608,0.119264215,0.9960289,0.7414869,0.0033499936,0.01960202,0.048973445,0.61248857,0.05159174,0.2570677,0.046169143,0.0051346803,0.013929305,0.93451184,0.6098459,0.0,0.023232862,0.027461287,0.0,0.106730275,1.0,0.93451184,0.0031361082,0.0,0.023232862,0.71383667,0.09931949,0.29569888,0.022570569,0.0074601974,0.0070419894,0.849059,0.38304183,0.25186127,0.034623105,0.03478324,0.03758676,0.03467494,0.7026939,0.849059,0.0015016954,0.033303715,0.034623105,0.56457585,0.18054745,0.16578409,0.031097833,0.003699934,0.0058608316,0.9332395,0.9338644,0.78119844,0.118497856,0.16509968,0.21390331
pork,pork_portion32_day2_rep1,pork_portion32,2,1,Fresh,0,0.15940633,0.34408468,0.28375438,0.041690137,0.037730657,0.041194625,0.44273993,0.54228055,0.34408468,0.013489159,0.08510707,0.037730657,0.33616385,0.92560446,0.015291458,0.04008711,0.0039737085,0.0071824375,0.83672184,0.6488292,0.0021792569,0.033575144,0.032621555,0.010805574,0.12691896,0.99736935,0.83672184,0.0020912935,0.01230821,0.033575144,0.7087356,0.037776034,0.28733724,0.030151708,0.0036611138,0.009341511,0.94882697,0.6340513,0.0,0.027410207,0.03675503,0.0,0.109325975,1.0,0.94882697,0.0042146645,0.0,0.027410207,0.7324544,0.093208686,0.30110916,0.029182373,0.010525851,0.008778914,0.83956736,0.35362053,0.18857671,0.03696278,0.0384895,0.042576227,0.040327344,0.77536786,0.83956736,0.0024774827,0.04350429,0.03696278,0.5458204,0.18857561,0.18961295,0.03335039,0.0043244385,0.006115632,1.0005288,0.965205,0.78584695,0.06184681,0.24255288,0.23739946
pork,pork_portion33_day2_rep1,pork_portion33,2,1,Fresh,0,0.1260326,0.33414778,0.27745923,0.04635669,0.046822693,0.049408257,0.45228216,0.6320118,0.33414778,0.0071471157,0.09409631,0.046822693,0.32332546,0.92038864,0.011546107,0.0491662,0.0038675896,0.004928215,0.77540034,0.5615487,0.0023717852,0.041155536,0.043494657,0.014035352,0.1184671,0.9970559,0.77540034,0.0035748684,0.016774485,0.041155536,0.6355836,0.05586799,0.26519418,0.039489068,0.0070444164,0.0120070875,0.93926275,0.6248491,0.0020470032,0.03822306,0.04493628,0.016189031,0.10876055,0.9977987,0.93926275,0.0057556373,0.017083082,0.03822306,0.72422254,0.09383586,0.2981518,0.035725545,0.016321354,0.010687232,0.8232873,0.32262695,0.15152672,0.040929526,0.04188957,0.047298323,0.040358275,0.8164514,0.8232873,0.0025112503,0.05037592,0.040929526,0.52469176,0.19530553,0.19820563,0.036257714,0.003880335,0.0065553337,0.95353997,0.9623153,0.7753294,0.101905,0.19033468,0.24514864
pork,pork_portion34_day2_rep1,pork_portion34,2,1,Fresh,0,0.18664485,0.4127827,0.35585535,0.06585332,0.062877804,0.063338526,0.45602754,0.5626218,0.4127827,0.005780498,0.1139731,0.062877804,0.40294802,0.91548514,0.008916116,0.06532834,0.0034542414,0.0042484407,0.7740924,0.5822058,0.0062161004,0.0563299,0.058014233,0.021291664,0.12289958,0.99253005,0.7740924,0.0038671675,0.02464071,0.0563299,0.64817524,0.0446914,0.26767254,0.053352926,0.0071562463,0.015712487,0.9357172,0.6423439,0.00058506744,0.03615437,0.03883069,0.008270708,0.112324946,0.99939895,0.9357172,0.0030863981,0.008326857,0.03615437,0.73330265,0.08358806,0.3003194,0.03372059,0.0069474056,0.01039513,0.8561675,0.36414587,0.21262586,0.043002386,0.043736003,0.04917519,0.037104264,0.7518027,0.8561675,0.0025696815,0.049885392,0.043002386,0.5580685,0.1905096,0.18349613,0.037872113,0.00572548,0.00954491,0.94094265,0.9413303,0.7616627,0.09912338,0.19096555,0.2361925
pork,pork_portion35_day2_rep1,pork_portion35,2,1,Fresh,0,0.17927502,0.32845613,0.24470545,0.06392992,0.06133172,0.06749417,0.39809927,0.4679563,0.32845613,0.035858482,0.11913371,0.06133172,0.3223745,0.9326964,0.03226054,0.06545939,0.0077095027,0.012398956,0.809843,0.5873597,0.0,0.032346644,0.03023479,0.0,0.11886412,1.0,0.809843,0.0022867573,0.0,0.032346644,0.66203773,0.05759113,0.27430826,0.028389115,0.0041048247,0.009200184,0.93856615,0.67203987,0.0,0.038553488,0.040091053,0.0,0.11719553,1.0,0.93856615,0.0026345586,0.0,0.038553488,0.7519056,0.06981976,0.30509558,0.035558667,0.0047296947,0.011237224,0.8219676,0.31928614,0.18505825,0.043709505,0.04337272,0.04604166,0.0331004,0.77515924,0.8219676,0.0026843692,0.04788551,0.043709505,0.5232334,0.19702905,0.18180245,0.03751786,0.0058816136,0.008023538,0.969416,1.0017445,0.7771187,0.0957791,0.21740952,0.28926525
pork,pork_portion36_day2_rep1,pork_portion36,2,1,Fresh,0,0.14153771,0.327742,0.2593702,0.072136156,0.07376803,0.07319603,0.43656057,0.59557307,0.327742,0.0071417573,0.14344974,0.07376803,0.3172699,0.9240855,0.02032747,0.07801025,0.0049976273,0.004593882,0.78048944,0.5989072,0.018075364,0.040699232,0.049772456,0.041909214,0.1250737,0.97796404,0.78048944,0.0036732086,0.050238553,0.040699232,0.66099674,0.039055273,0.26937506,0.04320667,0.009637113,0.010311459,0.935677,0.65773803,0.0043908637,0.040168125,0.055140782,0.020718923,0.11486952,0.9952094,0.935677,0.006818286,0.022107732,0.040168125,0.74269927,0.07587088,0.3021061,0.04278395,0.01917933,0.012352767,0.89030266,0.45159355,0.2909717,0.04011315,0.03895057,0.04093493,0.04290594,0.6726676,0.89030266,0.0009846375,0.032333408,0.04011315,0.6151876,0.16547877,0.16906145,0.03572572,0.0034430374,0.004817399,0.9815556,0.98987746,0.828469,0.095404476,0.16776232,0.20491384
pork,pork_portion37_day2_rep1,pork_portion37,2,1,Fresh,0,0.14032966,0.30136034,0.22860709,0.078984216,0.08236415,0.08543804,0.4190811,0.5720043,0.30136034,0.027462894,0.17230351,0.08236415,0.29122812,0.930723,0.025665116,0.08886686,0.0063673356,0.0112303905,0.80281115,0.6234336,0.015964815,0.03828915,0.039555196,0.03842607,0.12674141,0.980405,0.80281115,0.0027063559,0.046399638,0.03828915,0.68309265,0.036155276,0.27663893,0.03580088,0.0072256746,0.010105385,0.9505009,0.6729956,2.6421918e-05,0.032849062,0.038037,0.00082521635,0.11603294,0.9999736,0.9505009,0.0033411204,0.00082521635,0.032849062,0.7561022,0.07446022,0.3068768,0.03215899,0.00797092,0.009837846,0.8234366,0.3020315,0.14038578,0.046918254,0.043310065,0.049466167,0.037446417,0.83026415,0.8234366,0.003163398,0.053376835,0.046918254,0.51597244,0.20386748,0.20022418,0.038540702,0.005387058,0.00806005,1.0083636,1.0140878,0.7805766,0.08781795,0.2487886,0.29288793
pork,pork_portion38_day2_rep1,pork_portion38,2,1,Fresh,0,0.19208965,0.3784483,0.3200543,0.053786103,0.053492393,0.056299303,0.44564366,0.50035834,0.3784483,0.0083381105,0.07737555,0.053492393,0.3719876,0.9256662,0.012932404,0.055918857,0.003568139,0.0049972567,0.81226146,0.6198932,0.0,0.04322196,0.042447176,0.0,0.12507257,1.0,0.81226146,0.0024657084,0.0,0.04322196,0.6832614,0.041907813,0.2796867,0.039482508,0.0037938107,0.012637776,0.9555487,0.62770385,0.0,0.029115073,0.034903683,0.0,0.1074113,1.0,0.9555487,0.0034657838,0.0,0.029115073,0.73079306,0.09926349,0.30116475,0.028944869,0.007830423,0.0089117065,0.895791,0.36321387,0.21724582,0.03663751,0.037666317,0.042128883,0.033675667,0.75697935,0.895791,0.0023164188,0.038312614,0.03663751,0.5743588,0.20518483,0.19022645,0.032228272,0.0039681876,0.006823689,0.9742064,0.9459179,0.76907784,0.077525735,0.21569027,0.21908516
pork,pork_portion39_day2_rep1,pork_portion39,2,1,Fresh,0,0.12802485,0.31669268,0.25682724,0.073565766,0.0766823,0.082794726,0.44365954,0.6264326,0.31669268,0.014925546,0.15926345,0.0766823,0.3057495,0.92539227,0.07232899,0.08112185,0.0047754566,0.22644944,0.8174646,0.5884248,0.0008534057,0.046670243,0.04012356,0.010727922,0.11796824,0.9990906,0.8174646,0.0043733637,0.011122625,0.046670243,0.66496897,0.060274273,0.27550662,0.037445735,0.01170197,0.011860837,0.9505373,0.67375857,0.0,0.03471482,0.043287333,0.0,0.11613339,1.0,0.9505373,0.0042092246,0.0,0.03471482,0.7565192,0.074042454,0.30703294,0.03573832,0.010120554,0.010905908,0.8336218,0.3338974,0.19602117,0.047694553,0.044850715,0.048339825,0.034243196,0.76556003,0.8336218,0.002059871,0.04693045,0.047694553,0.53473264,0.1953736,0.18146819,0.040594686,0.0046139644,0.006872266,0.9585139,0.9915018,0.7728337,0.0978004,0.20989653,0.2822712
pork,pork_portion40_day2_rep1,pork_portion40,2,1,Fresh,0,0.20982093,0.4253685,0.38469768,0.060828194,0.056683537,0.060778476,0.46664947,0.5151426,0.4253685,0.00662844,0.08345298,0.056683537,0.4179452,0.92148954,0.32030863,0.058060817,0.0033656915,0.4636064,0.7497701,0.58074594,0.0046158307,0.046550356,0.04949741,0.016842708,0.12674797,0.994075,0.7497701,0.0037425386,0.020843415,0.046550356,0.64040476,0.034673575,0.26434612,0.045611475,0.006372469,0.013703356,0.96948606,0.6557644,0.0,0.015651567,0.01685352,0.0,0.11056741,1.0,0.96948606,0.0016571048,0.0,0.015651567,0.75138247,0.09083959,0.30716765,0.014746642,0.0023761827,0.0046740896,0.87764406,0.38021046,0.24028635,0.052269608,0.062607594,0.0560603,0.034534745,0.72718155,0.87764406,0.0052632466,0.049707018,0.052269608,0.5750507,0.191962,0.17785263,0.050582938,0.010707928,0.007335874,0.91600364,0.89517176,0.7597278,0.13154602,0.1910286,0.24091701
pork,pork_portion31_day2_rep2,pork_portion31,2,2,Fresh,0,0.12819198,0.35621372,0.3074008,0.047741845,0.04350825,0.04280861,0.4623045,0.6504562,0.35621372,0.004427659,0.10678165,0.04350825,0.34506798,0.9172207,0.00594374,0.045774497,0.0036126652,0.02647777,0.7361325,0.5387585,0.0039107823,0.049999427,0.05047888,0.019664587,0.119627856,0.99499744,0.7361325,0.0035150251,0.024486609,0.049999427,0.60931116,0.0505079,0.25574613,0.047131788,0.005339986,0.014466187,0.9334581,0.6098553,0.0,0.024066506,0.027644936,0.0,0.106891304,1.0,0.9334581,0.0033527554,0.0,0.024066506,0.7135673,0.09895165,0.2955326,0.022628646,0.008459374,0.0070858574,0.8448368,0.38014194,0.24474217,0.034771405,0.03547503,0.03683372,0.035262685,0.70962286,0.8448368,0.0011046366,0.032665994,0.034771405,0.561369,0.18009526,0.16789125,0.03159844,0.003396537,0.004873204,0.93990254,0.94298345,0.78509045,0.12165158,0.16373701,0.2145715
pork,pork_portion32_day2_rep2,pork_portion32,2,2,Fresh,0,0.14650226,0.3456788,0.28915218,0.044141285,0.03739506,0.038406357,0.4502896,0.58296704,0.3456788,0.010035885,0.09441379,0.03739506,0.33660918,0.9224986,0.02548665,0.039852127,0.0042911796,0.11520504,0.8385087,0.6479517,0.0014883392,0.034832764,0.033947553,0.009626539,0.12650801,0.99825126,0.8385087,0.0020381124,0.010791348,0.034832764,0.7085626,0.039043155,0.28753388,0.031368352,0.0029292975,0.009834362,0.9463432,0.6352638,0.0,0.027469946,0.03473354,0.0,0.10977789,1.0,0.9463432,0.003749014,0.0,0.027469946,0.7323695,0.0915851,0.3009343,0.028217735,0.009052849,0.00856482,0.8384859,0.3507908,0.18070781,0.035865333,0.038072273,0.042206276,0.040819384,0.78442675,0.8384859,0.0021485304,0.04333588,0.035865333,0.5439723,0.18929759,0.19248725,0.03269717,0.004361404,0.005920126,0.9937362,0.9606846,0.7800464,0.059219882,0.24228127,0.23833168
pork,pork_portion33_day2_rep2,pork_portion33,2,2,Fresh,0,0.12139795,0.3357709,0.2772137,0.045822058,0.04553273,0.04786114,0.45205605,0.6474028,0.3357709,0.006759974,0.09458157,0.04553273,0.32437623,0.9184241,0.012201211,0.04771029,0.0035586474,0.004505907,0.77741396,0.5674476,0.0012971767,0.04155072,0.04238001,0.00997496,0.1194569,0.99839985,0.77741396,0.0033048573,0.011804177,0.04155072,0.63989156,0.053699706,0.26651576,0.03887684,0.0062170485,0.012098542,0.9401475,0.62229395,0.0011444864,0.036827438,0.04603029,0.011705899,0.1081795,0.9987655,0.9401475,0.0057762954,0.012335429,0.036827438,0.723005,0.09548514,0.29807568,0.036266368,0.016005779,0.010804624,0.82560736,0.31805426,0.1364061,0.043261092,0.044127613,0.05163534,0.041747715,0.83554935,0.82560736,0.002402204,0.055847112,0.043261092,0.52352685,0.19785672,0.20437515,0.03812629,0.0036480871,0.0066309758,0.95497334,0.9580489,0.77188677,0.09823387,0.19540586,0.24300466
pork,pork_portion34_day2_rep2,pork_portion34,2,2,Fresh,0,0.18679366,0.41728967,0.35826766,0.065723285,0.060346004,0.060101286,0.45544407,0.56590176,0.41728967,0.0049643414,0.11202032,0.060346004,0.40696916,0.9139491,0.009675456,0.062349975,0.0035687308,0.0036550595,0.77259964,0.58094656,0.0054220553,0.056026492,0.057857312,0.020689761,0.12292179,0.99347556,0.77259964,0.0040618367,0.023841245,0.056026492,0.64694184,0.04467332,0.2673793,0.053215522,0.0073485,0.015784154,0.9338384,0.6429825,0.00016931564,0.037172996,0.037399955,0.003663682,0.11270861,0.9998279,0.9338384,0.0029322745,0.0036766604,0.037172996,0.73312,0.08246795,0.30021077,0.03320272,0.006469566,0.010435673,0.8441148,0.34344292,0.18566336,0.046290632,0.048055153,0.050785407,0.037853867,0.7805571,0.8441148,0.002363106,0.050760433,0.046290632,0.54330796,0.19455747,0.19044992,0.0411888,0.005165027,0.008003373,0.93789047,0.93922627,0.75418293,0.09966453,0.19779629,0.24625215
pork,pork_portion35_day2_rep2,pork_portion35,2,2,Fresh,0,0.17543854,0.31471124,0.21648885,0.061638344,0.06383742,0.072505794,0.37300596,0.46127012,0.31471124,0.040107213,0.11126823,0.06383742,0.30801365,0.93340063,0.04214679,0.06816059,0.007934955,0.012877696,0.81062645,0.5866774,0.0,0.030329136,0.028760694,0.0,0.11867812,1.0,0.81062645,0.0022913408,0.0,0.030329136,0.66185415,0.058254715,0.2743164,0.02682733,0.004193272,0.008695281,0.9381031,0.6670005,0.0,0.037941583,0.038521323,0.0,0.11646294,1.0,0.9381031,0.0025071574,0.0,0.037941583,0.7487756,0.07211338,0.30425036,0.03450222,0.0042567397,0.010908046,0.82022923,0.31444153,0.17574008,0.046214055,0.044771582,0.048912507,0.033733986,0.7862575,0.82022923,0.0027790286,0.051725727,0.046214055,0.520306,0.19823092,0.18511757,0.039196435,0.0055385204,0.009268371,0.972104,1.0023897,0.7784492,0.092970125,0.21814136,0.28687388
pork,pork_portion36_day2_rep2,pork_portion36,2,2,Fresh,0,0.13721552,0.33596158,0.26135078,0.07455516,0.07448682,0.07825039,0.43486723,0.62049836,0.33596158,0.00966198,0.15387514,0.07448682,0.32445,0.91957635,0.023089694,0.078617364,0.0044078347,0.006715872,0.774069,0.6013577,0.015665766,0.041532386,0.048793558,0.038421072,0.12669523,0.9808279,0.774069,0.004214543,0.045997523,0.041532386,0.6607313,0.034965973,0.26934785,0.04275652,0.010270715,0.010394445,0.9371695,0.660346,0.00459337,0.039630786,0.05543151,0.022153525,0.11517322,0.99497294,0.9371695,0.0069723655,0.023627939,0.039630786,0.7447153,0.07519021,0.3026356,0.042767998,0.019473573,0.01239947,0.89003664,0.44843838,0.2804736,0.04139322,0.04053573,0.04249099,0.043518335,0.6845012,0.89003664,0.001295728,0.034107987,0.04139322,0.6132284,0.16646554,0.17360987,0.03699763,0.0033603678,0.004720501,0.9778874,0.9837463,0.82050306,0.0988907,0.16945331,0.20559092
pork,pork_portion37_day2_rep2,pork_portion37,2,2,Fresh,0,0.1338992,0.29716504,0.21863377,0.07790202,0.08246145,0.0841854,0.4148863,0.5892234,0.29716504,0.02771758,0.17268443,0.08246145,0.28600523,0.9289466,0.028945552,0.08902423,0.006291764,0.011821392,0.8004404,0.62160903,0.012604452,0.039413568,0.04011852,0.033388663,0.12681271,0.98442185,0.8004404,0.0027977112,0.0407766,0.039413568,0.6811907,0.036025554,0.2765898,0.036419816,0.0073387595,0.010632791,0.95174223,0.6720883,0.0,0.03102449,0.036654696,0.0,0.11562673,1.0,0.95174223,0.0033078115,0.0,0.03102449,0.75588655,0.07543087,0.30689514,0.030743437,0.007743466,0.009443699,0.8256632,0.29528186,0.13463855,0.045593526,0.043158047,0.048916314,0.03670766,0.837494,0.8256632,0.0028229821,0.053372692,0.045593526,0.51420224,0.207243,0.2023501,0.03774402,0.0049253292,0.008504881,1.0073764,1.0131799,0.7765302,0.08972546,0.25042385,0.2944748
pork,pork_portion38_day2_rep2,pork_portion38,2,2,Fresh,0,0.18882468,0.3777674,0.31731653,0.054132577,0.053799864,0.05693692,0.4444842,0.5084441,0.3777674,0.008499461,0.07932361,0.053799864,0.3708248,0.9244394,0.014075951,0.05631775,0.0033682114,0.005099714,0.8119223,0.6171606,0.0,0.043866098,0.043145552,0.0,0.12453728,1.0,0.8119223,0.0024797518,0.0,0.043866098,0.6814333,0.043170836,0.27921274,0.04008429,0.0037246312,0.012798749,0.9572686,0.6252541,0.0,0.02801467,0.034769133,0.0,0.10673813,1.0,0.9572686,0.0036442005,0.0,0.02801467,0.7298947,0.10119172,0.30114007,0.028347194,0.008603242,0.008694575,0.8976291,0.36037323,0.20454712,0.037853222,0.039128657,0.043261643,0.03496736,0.77184606,0.8976291,0.0025841817,0.03981495,0.037853222,0.5736218,0.20673226,0.19623566,0.033372976,0.0040543256,0.0064724544,0.9712927,0.94290704,0.76773185,0.078713,0.212746,0.21578914
pork,pork_portion39_day2_rep2,pork_portion39,2,2,Fresh,0,0.12292081,0.3167853,0.25214803,0.07286593,0.07560002,0.08189353,0.44066146,0.6416236,0.3167853,0.01572414,0.16144653,0.07560002,0.30507544,0.92307574,0.049325258,0.07994575,0.006163458,0.1699567,0.8166656,0.5871436,0.0007305153,0.04846052,0.040550273,0.009448287,0.117794886,0.9992284,0.8166656,0.004390544,0.009781463,0.04846052,0.6639002,0.060570575,0.27519697,0.038233675,0.011739895,0.012231254,0.94962883,0.6719029,0.0,0.034621622,0.04354436,0.0,0.11589445,1.0,0.94962883,0.0043364633,0.0,0.034621622,0.75515467,0.074642345,0.30669877,0.035780456,0.010455797,0.0109030325,0.83533174,0.33743685,0.19322515,0.046718504,0.041961294,0.04502982,0.035442494,0.76895136,0.83533174,0.0018401843,0.04373432,0.046718504,0.5368958,0.1942496,0.18387568,0.038682543,0.0050777276,0.0072387764,0.9610871,0.99430966,0.7765514,0.09755899,0.2057663,0.2775398
pork,pork_portion40_day2_rep2,pork_portion40,2,2,Fresh,0,0.20853776,0.427355,0.3848939,0.060881544,0.05677104,0.062018044,0.46571124,0.5204896,0.427355,0.008150558,0.08461667,0.05677104,0.41938597,0.92017996,0.28174555,0.058005232,0.0033986955,0.445897,0.7482612,0.5785485,0.002976564,0.046849657,0.051307343,0.012840549,0.12657914,0.996154,0.7482612,0.004247795,0.015927678,0.046849657,0.6384987,0.035137314,0.26404822,0.046803135,0.007578972,0.0142135555,0.9647923,0.6512052,0.0,0.015689952,0.016589483,0.0,0.11030661,1.0,0.9647923,0.0015342423,0.0,0.015689952,0.7472221,0.09113585,0.30590138,0.014430401,0.0028033915,0.004601319,0.8744696,0.37271437,0.23285069,0.053814497,0.060925473,0.057737168,0.034147844,0.7348428,0.8744696,0.0041990983,0.05229044,0.053814497,0.57013404,0.19387618,0.17944969,0.050396834,0.0096946,0.0074404813,0.9119343,0.89183754,0.7488035,0.1292606,0.19242835,0.24063623
pork,pork_portion31_day2_rep3,pork_portion31,2,3,Fresh,0,0.12894028,0.35558695,0.30812192,0.04722591,0.041737758,0.04172835,0.4630959,0.64717376,0.35558695,0.0041595916,0.10662688,0.041737758,0.34475133,0.9178626,0.006278289,0.04412675,0.0034682665,0.041634925,0.74080503,0.5401505,0.0022639139,0.04893841,0.048662093,0.013756454,0.119241245,0.9972041,0.74080503,0.003081029,0.016281027,0.04893841,0.61158407,0.05181809,0.2569931,0.045649666,0.0045479196,0.014004877,0.93518126,0.6112554,0.0,0.023080878,0.027269125,0.0,0.10693225,1.0,0.93518126,0.0033108436,0.0,0.023080878,0.714902,0.098907165,0.2960107,0.022167694,0.008285088,0.006894486,0.845242,0.37968686,0.24591774,0.03626002,0.03596242,0.037328407,0.034958564,0.7084414,0.845242,0.0012842128,0.032858916,0.03626002,0.5613128,0.18054394,0.16728388,0.032477308,0.002787472,0.004753534,0.940261,0.94426924,0.78514993,0.120059766,0.16475828,0.21639039
pork,pork_portion32_day2_rep3,pork_portion32,2,3,Fresh,0,0.14811467,0.34746286,0.28584766,0.042631134,0.03739214,0.039773993,0.44595203,0.5798875,0.34746286,0.0128152,0.09019676,0.03739214,0.3382078,0.92140365,0.025277656,0.03961518,0.0042759622,0.101446904,0.8391757,0.6492739,0.003606149,0.033561394,0.032932874,0.014330885,0.12652475,0.99574256,0.8391757,0.0020059645,0.016296087,0.033561394,0.70964396,0.038648542,0.2875902,0.030319287,0.00324544,0.009167046,0.94530916,0.63722205,0.0,0.027382024,0.03518121,0.0,0.110296935,1.0,0.94530916,0.003938962,0.0,0.027382024,0.73323095,0.090137675,0.30107376,0.028334567,0.009639609,0.008560508,0.8405519,0.35641325,0.18698458,0.035041034,0.036331404,0.040908553,0.04111461,0.7773013,0.8405519,0.0022464152,0.04149922,0.035041034,0.5474188,0.18776105,0.1909892,0.031607322,0.0040574684,0.006108694,0.9929901,0.9607861,0.7806798,0.058217548,0.2405895,0.23701288
pork,pork_portion33_day2_rep3,pork_portion33,2,3,Fresh,0,0.122279696,0.34071043,0.28364348,0.04742921,0.04633508,0.048597287,0.45408785,0.6504159,0.34071043,0.0066847974,0.09729734,0.04633508,0.3292988,0.91781926,0.014566692,0.048508096,0.0037853403,0.05896989,0.77375984,0.56191343,0.0013012734,0.04195515,0.04359135,0.0096361125,0.118933454,0.9983552,0.77375984,0.0036404273,0.011624466,0.04195515,0.63533366,0.054960012,0.26515323,0.039844587,0.006904276,0.012358493,0.93412507,0.6293027,0.0021368715,0.041905023,0.04511561,0.016059436,0.11015877,0.9976899,0.93412507,0.006240075,0.016992044,0.041905023,0.72528136,0.08941664,0.29806563,0.036232784,0.018051207,0.010943112,0.8267586,0.32008275,0.13936687,0.042767424,0.042152032,0.04921506,0.041656576,0.83208275,0.8267586,0.0023219285,0.05309105,0.042767424,0.5249039,0.19744657,0.20379286,0.037091237,0.0028489835,0.0060937805,0.94919807,0.9609499,0.770068,0.10178936,0.19042648,0.24639186
pork,pork_portion34_day2_rep3,pork_portion34,2,3,Fresh,0,0.18655187,0.41638422,0.3577473,0.06519659,0.06005106,0.061473288,0.45527986,0.5652151,0.41638422,0.0057241293,0.108615406,0.06005106,0.40633228,0.9141126,0.009522526,0.062344924,0.0028135022,0.004466285,0.77434766,0.5827332,0.005380338,0.054935172,0.05622991,0.019414863,0.123028986,0.99346024,0.77434766,0.0039305976,0.022533093,0.054935172,0.64862627,0.044518963,0.26794788,0.05169696,0.0075576347,0.015387949,0.9338379,0.64521307,0.00032361134,0.036100987,0.03693123,0.005918394,0.11309792,0.99967366,0.9338379,0.0029852742,0.0059326724,0.036100987,0.73442924,0.08135513,0.30050147,0.032582197,0.0066475146,0.010188369,0.8515989,0.35470727,0.2069795,0.04240712,0.044078432,0.047079403,0.03607449,0.7570755,0.8515989,0.0017838678,0.04571911,0.04240712,0.55179566,0.19278374,0.18376814,0.03778518,0.0053685703,0.007811183,0.93897986,0.9411702,0.75619864,0.098887764,0.19607356,0.2437171
pork,pork_portion35_day2_rep3,pork_portion35,2,3,Fresh,0,0.18968335,0.33920583,0.24961483,0.06392832,0.057823688,0.06129539,0.39272538,0.45223367,0.33920583,0.030100236,0.118597806,0.057823688,0.33361128,0.93169606,0.035295077,0.061903737,0.00847409,0.010152619,0.8063494,0.58916944,0.0,0.031901658,0.030515932,0.0,0.11983253,1.0,0.8063494,0.0022106047,0.0,0.031901658,0.66216576,0.055066448,0.27413428,0.028493596,0.003931045,0.009211852,0.93729585,0.6699381,0.0,0.03571247,0.03520356,0.0,0.11709307,1.0,0.93729585,0.0023374236,0.0,0.03571247,0.75031245,0.07030649,0.30458626,0.03173577,0.0044977283,0.010075879,0.82179594,0.31798482,0.18233065,0.04368947,0.04357423,0.045680698,0.03331209,0.77843744,0.82179594,0.0024143772,0.047402807,0.04368947,0.522551,0.19750603,0.18292044,0.037756704,0.005217897,0.008074843,0.9661634,0.9940572,0.77235126,0.09449561,0.21932003,0.2878499
pork,pork_portion36_day2_rep3,pork_portion36,2,3,Fresh,0,0.13579698,0.33309978,0.25713173,0.07463008,0.07419596,0.07669271,0.4334329,0.6217204,0.33309978,0.009169932,0.15514715,0.07419596,0.32144493,0.91974705,0.024099274,0.078340225,0.004567424,0.00620077,0.78848904,0.61212856,0.019938258,0.04132306,0.051287994,0.041101664,0.12640838,0.97583354,0.78848904,0.004070799,0.048923556,0.04132306,0.6717539,0.035831656,0.27243394,0.044387378,0.010273314,0.0105158305,0.93383396,0.6652278,0.006794331,0.039476395,0.056266956,0.025675878,0.11640196,0.99261266,0.93383396,0.0072528976,0.027142173,0.039476395,0.7467532,0.0713207,0.30264324,0.042967476,0.020506507,0.012148607,0.8910255,0.45312774,0.28029835,0.039835528,0.038639113,0.041395035,0.045212876,0.68496144,0.8910255,0.001962973,0.033718903,0.039835528,0.61594206,0.16461532,0.17490257,0.035396088,0.0036450971,0.0053266347,0.9826968,0.9890911,0.82443565,0.088300474,0.17091681,0.20526354
pork,pork_portion37_day2_rep3,pork_portion37,2,3,Fresh,0,0.1358614,0.30084845,0.22298324,0.07785239,0.0818285,0.084111355,0.4164884,0.5866091,0.30084845,0.026506096,0.17170058,0.0818285,0.28989157,0.9285657,0.028750887,0.08822197,0.0062739183,0.021769455,0.801853,0.6227001,0.013883884,0.038470827,0.039534904,0.035216697,0.12675944,0.9829684,0.801853,0.0026711975,0.042714268,0.038470827,0.6822737,0.03610475,0.27675915,0.035874464,0.0066999486,0.010376788,0.9539361,0.6740547,4.4500073e-05,0.030499533,0.034939878,0.0009897783,0.11571185,0.9999556,0.9539361,0.0031958865,0.0009897564,0.030499533,0.7576944,0.07531405,0.30748305,0.029504169,0.00775225,0.009076041,0.82375443,0.30220732,0.13021903,0.046595525,0.04354106,0.04910931,0.03934759,0.84260267,0.82375443,0.0026715153,0.053502753,0.046595525,0.51605076,0.20372398,0.2047333,0.038571287,0.0046066456,0.0074686315,1.0059614,1.0122102,0.7794314,0.09038593,0.2468076,0.2922983
pork,pork_portion38_day2_rep3,pork_portion38,2,3,Fresh,0,0.19154297,0.38036504,0.32246906,0.05293131,0.052648485,0.053761154,0.44676766,0.5039493,0.38036504,0.006956984,0.07670573,0.052648485,0.37372696,0.9248797,0.012618196,0.054854117,0.0037859923,0.0040275888,0.81026846,0.6193189,2.048173e-05,0.043214325,0.042176683,0.00061625155,0.12528805,0.9999741,0.81026846,0.0023374883,0.0007493809,0.043214325,0.6823472,0.041365743,0.27931654,0.039256867,0.003552836,0.012615773,0.9578904,0.6287853,0.0,0.027959522,0.03362547,0.0,0.107295126,1.0,0.9578904,0.0033867282,0.0,0.027959522,0.7321774,0.09965819,0.3016319,0.027817022,0.0077629364,0.008550434,0.895387,0.36236593,0.21282874,0.036481015,0.03786529,0.040544298,0.03432561,0.76181394,0.895387,0.0019025144,0.03677598,0.036481015,0.5737226,0.2051344,0.19226344,0.032172393,0.004055247,0.0055541517,0.97312456,0.94499004,0.7683124,0.079868846,0.21493654,0.21953271
pork,pork_portion39_day2_rep3,pork_portion39,2,3,Fresh,0,0.12348752,0.32030678,0.25782683,0.073104076,0.07595128,0.08347117,0.4434605,0.6447808,0.32030678,0.018096711,0.15817949,0.07595128,0.30869907,0.9227253,0.07359341,0.080262706,0.004333298,0.22685474,0.8168503,0.58813226,0.0009899504,0.047713645,0.04034639,0.012364334,0.11795452,0.9989446,0.8168503,0.0044362177,0.012839566,0.047713645,0.6645983,0.060197808,0.27532005,0.037857916,0.011947183,0.012024063,0.9523284,0.6745208,0.0,0.0343168,0.04317353,0.0,0.11599984,1.0,0.9523284,0.004164572,0.0,0.0343168,0.75753707,0.074477874,0.30735925,0.035541337,0.010037213,0.010845271,0.8334314,0.33313274,0.18871869,0.04886654,0.044121686,0.04738397,0.03537865,0.77418405,0.8334314,0.0018762064,0.04646778,0.04886654,0.5341364,0.19533926,0.18488424,0.040617455,0.004935099,0.007089759,0.9546264,0.9877377,0.7696091,0.09933805,0.20847578,0.28198487
pork,pork_portion40_day2_rep3,pork_portion40,2,3,Fresh,0,0.21235955,0.43396488,0.39186072,0.060838223,0.05700288,0.06187523,0.46640214,0.51888824,0.43396488,0.0076930327,0.08348148,0.05700288,0.42578164,0.91954195,0.2957368,0.058080338,0.0032520238,0.45282936,0.74953663,0.58106023,0.0038433787,0.04644688,0.05081481,0.01451015,0.12680703,0.99499875,0.74953663,0.0042136507,0.018160796,0.04644688,0.64050865,0.034397215,0.26449934,0.04633161,0.0076854876,0.014087703,0.96937716,0.6549669,0.0,0.015196571,0.016655842,0.0,0.110411875,1.0,0.96937716,0.001594394,0.0,0.015196571,0.7508789,0.09120281,0.3070653,0.014528689,0.002575057,0.004573377,0.8803308,0.3848344,0.24265714,0.05037307,0.06082043,0.053086754,0.035211775,0.72500336,0.8803308,0.006167967,0.04662627,0.05037307,0.57838404,0.19093905,0.1780929,0.048571784,0.012388809,0.007244224,0.91135323,0.8899227,0.7536509,0.13122623,0.1892905,0.23735136
pork,pork_portion01_day3_rep1,pork_portion01,3,1,Fresh,0,0.22051595,0.4395461,0.40326566,0.06568833,0.064963266,0.062726006,0.47037134,0.509399,0.4395461,0.003939929,0.094100356,0.064963266,0.43184823,0.9213825,0.6673352,0.06597461,0.0037011532,0.47061327,0.8088949,0.59649533,0.029104328,0.03200504,0.033186156,0.039444413,0.1193454,0.9644722,0.8088949,0.0024458258,0.046604525,0.03200504,0.66759986,0.05265373,0.2714147,0.030217895,0.0051247235,0.005769272,0.96479446,0.6225693,0.0014924356,0.028947143,0.046249334,0.015796842,0.105367325,0.99848413,0.96479446,0.0055196565,0.015839135,0.028947143,0.7309076,0.10574854,0.30173668,0.034607474,0.015036634,0.009824493,0.9049314,0.42808434,0.30424497,0.051887546,0.057603873,0.055965863,0.03244524,0.66446644,0.9049314,0.0027304457,0.046619557,0.051887546,0.60973626,0.1825428,0.16053636,0.04861494,0.0073886383,0.0065013366,0.9833725,0.94252723,0.9134404,0.08801337,0.18031465,0.20128931
pork,pork_portion02_day3_rep1,pork_portion02,3,1,Fresh,0,0.21708758,0.45885944,0.4233599,0.073523775,0.06804149,0.067176506,0.47362107,0.540436,0.45885944,0.0037325465,0.11367431,0.06804149,0.44924816,0.91561407,0.8849386,0.068994366,0.0037887746,0.31598395,0.86183757,0.6414039,0.0,0.041381996,0.04213512,0.0,0.12206528,1.0,0.86183757,0.0033082273,0.0,0.041381996,0.71090627,0.05247763,0.28979507,0.037739657,0.007151825,0.01198134,0.9410115,0.5953149,0.0,0.04412869,0.03507076,0.0,0.10344869,1.0,0.9410115,0.002386058,0.0,0.04412869,0.7074182,0.10937661,0.29464537,0.03424618,0.004790206,0.011323707,0.90929556,0.38948908,0.2581754,0.046475913,0.04458592,0.04857086,0.0312179,0.71608186,0.90929556,0.0026021875,0.04171331,0.046475913,0.59235245,0.19999938,0.17742969,0.039548967,0.0057966607,0.0074106175,1.0805856,1.0320449,1.0164409,0.05721176,0.22009918,0.18759565
pork,pork_portion03_day3_rep1,pork_portion03,3,1,Fresh,0,0.21732529,0.4392042,0.39799672,0.069608994,0.06615577,0.065477684,0.46721664,0.5188809,0.4392042,0.0028438428,0.110059686,0.06615577,0.4310897,0.9197139,0.15755501,0.06777632,0.003175612,0.3637549,0.8314997,0.6037989,0.0076437774,0.04936068,0.051470086,0.024032371,0.11849571,0.9911364,0.8314997,0.003429729,0.026631644,0.04936068,0.67863166,0.058628876,0.27880743,0.046604645,0.0062268013,0.01351241,0.9407452,0.7612814,0.015415043,0.030927444,0.028718824,0.032462146,0.13259162,0.98305005,0.9407452,0.0016081765,0.03484793,0.030927444,0.8079863,0.026436877,0.3171765,0.026064819,0.0036556378,0.008768301,0.91120654,0.37556115,0.21804404,0.049386103,0.04786031,0.053848032,0.035686113,0.76113683,0.91120654,0.0019727282,0.05126423,0.049386103,0.5862528,0.20553125,0.19519582,0.04143182,0.007778083,0.009595375,0.90412754,0.9825853,0.7318123,0.13871242,0.19262674,0.31003198
pork,pork_portion04_day3_rep1,pork_portion04,3,1,Fresh,0,0.23360682,0.45525023,0.406326,0.0744527,0.06846792,0.06890631,0.46141502,0.50062793,0.45525023,0.0070706275,0.10844004,0.06846792,0.44693232,0.9182664,0.05356649,0.07007093,0.0030869006,0.21591093,0.86283547,0.70579654,0.088907614,0.044430494,0.04901341,0.076398656,0.13100137,0.89880085,0.86283547,0.0023071107,0.083051875,0.044430494,0.75247854,0.021452304,0.28614643,0.043550868,0.0066374894,0.008887137,0.95646656,0.63759327,0.00017341199,0.03926844,0.053904638,0.0033798565,0.108938105,0.9998211,0.95646656,0.0058329995,0.0034018704,0.03926844,0.7369793,0.094796866,0.30266982,0.04277612,0.014728429,0.0127750775,0.88149345,0.38692468,0.24679714,0.044988737,0.04179144,0.04401451,0.03467789,0.7198247,0.88149345,0.002530848,0.037120968,0.044988737,0.57944655,0.1908109,0.17648154,0.03812744,0.00543366,0.00585545,0.97556525,0.9078997,0.74957293,0.07676375,0.2657984,0.22351453
pork,pork_portion05_day3_rep1,pork_portion05,3,1,Fresh,0,0.2189528,0.4121036,0.3243495,0.06009751,0.060542416,0.062355272,0.421845,0.4769753,0.4121036,0.009767783,0.07797587,0.060542416,0.40415776,0.9186165,0.028610006,0.062324457,0.004230369,0.005786542,0.8459655,0.6050364,0.011988579,0.04408285,0.04357543,0.03977148,0.11646101,0.9861767,0.8459655,0.003165059,0.04488504,0.04408285,0.68373716,0.064294845,0.28009817,0.039509792,0.008381003,0.012132306,0.975826,0.60732245,0.0,0.019993609,0.025379129,0.0,0.10166769,1.0,0.975826,0.004034143,0.0,0.019993609,0.72564554,0.11772307,0.3015162,0.018194586,0.01140204,0.005514386,0.91027266,0.4092855,0.2850939,0.044422086,0.065024644,0.059478357,0.031341158,0.68704784,0.91027266,0.0043228706,0.0527118,0.044422086,0.60302556,0.19209662,0.1681245,0.047472917,0.016113766,0.00969677,0.93342185,0.90513116,0.7660573,0.071201265,0.18811102,0.1958582
pork,pork_portion06_day3_rep1,pork_portion06,3,1,Fresh,0,0.22046885,0.43389922,0.34771326,0.052179437,0.04819385,0.047837745,0.4306433,0.49722415,0.43389922,0.010050586,0.06948251,0.04819385,0.42452255,0.91314787,0.025332764,0.049450386,0.0033458166,0.006682427,0.87345386,0.6850001,0.0722107,0.052062158,0.057636976,0.08691477,0.12538652,0.91929126,0.87345386,0.0029704217,0.09201784,0.052062158,0.7418845,0.040251914,0.28594986,0.05131745,0.059204884,0.016876306,0.96177685,0.7194919,0.0010860802,0.031232951,0.04556198,0.0088167405,0.122522175,0.99885964,0.96177685,0.0055089756,0.008990256,0.031232951,0.7875865,0.05594146,0.31510964,0.035078343,0.015165483,0.010270289,0.91739565,0.42849392,0.30483076,0.047981314,0.050888404,0.052195653,0.031826645,0.6679007,0.91739565,0.0015494217,0.041215565,0.047981314,0.61476535,0.1870503,0.16305922,0.044057753,0.0055799866,0.0069098594,0.96466947,0.9749815,0.76313734,0.05643692,0.2298068,0.26490757
pork,pork_portion07_day3_rep1,pork_portion07,3,1,Fresh,0,0.20956366,0.44666594,0.41090834,0.04845546,0.04493688,0.0450851,0.47296047,0.5349855,0.44666594,0.0037866724,0.06698544,0.04493688,0.43784088,0.91639465,0.8028656,0.045465488,0.0034337647,0.3954528,0.7742208,0.5322887,0.0032874425,0.039981756,0.04226374,0.016588852,0.112265304,0.99607116,0.7742208,0.003669446,0.019022208,0.039981756,0.61693,0.070592955,0.2604275,0.038379382,0.006817191,0.011101955,0.95390064,0.6572779,0.0017160345,0.03832072,0.050827943,0.013625277,0.1126046,0.9982296,0.95390064,0.0048253816,0.013802567,0.03832072,0.747721,0.08381203,0.30482993,0.04133902,0.011712935,0.012205603,0.912134,0.40390632,0.27059945,0.05094652,0.05407264,0.056285877,0.032001067,0.7040139,0.912134,0.0016538601,0.04729565,0.05094652,0.6003121,0.19502187,0.17451695,0.04639574,0.0047654337,0.007349123,1.0206335,1.0184592,0.97035956,0.13875376,0.15211618,0.22600551
pork,pork_portion08_day3_rep1,pork_portion08,3,1,Fresh,0,0.15952955,0.37311828,0.31964922,0.07017747,0.077246495,0.08714897,0.45518038,0.5912206,0.37311828,0.014796738,0.11875901,0.077246495,0.36298528,0.91959995,0.16811202,0.07960803,0.0043142424,0.359643,0.8116932,0.6439586,0.040490657,0.04059291,0.04049661,0.058893856,0.1284131,0.9511511,0.8116932,0.0023591178,0.06751694,0.04059291,0.6988066,0.029940525,0.27717078,0.037413422,0.004043201,0.01005839,0.94730777,0.6415419,3.3375054e-05,0.03817131,0.049178675,0.0009846974,0.11069114,0.99996656,0.94730777,0.0047433237,0.000984696,0.03817131,0.73635983,0.08888635,0.30185413,0.040306147,0.011022092,0.0121507235,0.88399786,0.3336716,0.2222091,0.041993685,0.05611536,0.04971073,0.02629139,0.7486052,0.88399786,0.005937561,0.04612107,0.041993685,0.55767304,0.2132522,0.1805415,0.0399842,0.01466109,0.007780042,0.95716435,0.92053276,0.7327926,0.07412237,0.2507171,0.24922398
pork,pork_portion09_day3_rep1,pork_portion09,3,1,Fresh,0,0.16474202,0.32138723,0.2332624,0.051138088,0.056639392,0.06616333,0.39924982,0.49886858,0.32138723,0.035939194,0.09590348,0.056639392,0.3134638,0.9292208,0.038272426,0.059848696,0.0061143637,0.061599508,0.82405156,0.6173145,0.0065530166,0.034035053,0.04461367,0.023920266,0.12256646,0.9922471,0.82405156,0.0050717853,0.027371172,0.034035053,0.6851242,0.048497934,0.2800758,0.03709569,0.012435548,0.010025948,0.94438773,0.708692,5.188705e-05,0.03020531,0.037251662,0.0010284025,0.12302184,0.99993575,0.94438773,0.0033849785,0.0011247179,0.03020531,0.77593195,0.053914018,0.3112575,0.03102379,0.008102057,0.009525774,0.91251206,0.40798312,0.30561298,0.041398894,0.046576276,0.045864575,0.02606214,0.6646602,0.91251206,0.003193681,0.036869798,0.041398894,0.603252,0.194588,0.15722585,0.038900707,0.006155684,0.007921421,0.9860391,1.0269176,0.79863155,0.09616485,0.20769565,0.27080122
pork,pork_portion10_day3_rep1,pork_portion10,3,1,Fresh,0,0.18775858,0.38904822,0.30591285,0.03490058,0.03878975,0.042818226,0.42793998,0.51880336,0.38904822,0.014290351,0.055247024,0.03878975,0.38009244,0.9167632,0.025704069,0.039703477,0.0046866653,0.007401277,0.78770995,0.5749938,0.010864866,0.041758418,0.042497527,0.03347861,0.11910854,0.9869791,0.78770995,0.0030849818,0.037907895,0.041758418,0.6475796,0.054422002,0.2676468,0.03920981,0.004609669,0.010775271,0.9195698,0.63915443,1.2289039e-05,0.038272515,0.041391492,0.00038002836,0.11378486,0.9999863,0.9195698,0.0034215776,0.00040055465,0.038272515,0.7265017,0.07832661,0.2976995,0.03606437,0.0072588236,0.011298574,0.9131302,0.37295178,0.2810617,0.029005794,0.02648375,0.027498126,0.022326635,0.6907775,0.9131302,0.0021476618,0.02164315,0.029005794,0.58723146,0.20925044,0.1632674,0.023873352,0.0036187465,0.004407046,0.9347288,0.94707805,0.74993634,0.087768406,0.1962366,0.2336862
pork,pork_portion01_day3_rep2,pork_portion01,3,2,Fresh,0,0.21231835,0.43400225,0.3986764,0.06775352,0.06653068,0.06448321,0.47155038,0.52304536,0.43400225,0.0032478063,0.099496745,0.06653068,0.42608014,0.92085993,0.89706296,0.06770294,0.0039588707,0.30306184,0.807672,0.5931728,0.029142562,0.035223812,0.037810605,0.040005125,0.118790016,0.9645715,0.807672,0.0027075591,0.04718145,0.035223812,0.665122,0.05386896,0.27081072,0.03403321,0.00623626,0.0067904666,0.9653458,0.6196954,0.001414268,0.029619368,0.04701177,0.01508142,0.104820944,0.99855924,0.9653458,0.0054609734,0.015124194,0.029619368,0.7294616,0.1073925,0.3014019,0.03543105,0.014704742,0.010054478,0.9065525,0.42473093,0.30252168,0.049959097,0.056337245,0.05532799,0.03213519,0.6668268,0.9065525,0.0023106264,0.047047812,0.049959097,0.6087127,0.18455489,0.16102849,0.0470351,0.0074982755,0.0071346937,1.0959042,1.0528921,1.0569988,0.08910768,0.17975806,0.2005967
pork,pork_portion02_day3_rep2,pork_portion02,3,2,Fresh,0,0.21300118,0.4556376,0.41931844,0.06849788,0.06287877,0.06235132,0.4733532,0.5432977,0.4556376,0.0035942227,0.102187514,0.06287877,0.4460479,0.9150743,0.8607491,0.06360642,0.0036458794,0.34372455,0.86360914,0.6412048,0.0,0.04068448,0.04283883,0.0,0.121706195,1.0,0.86360914,0.0036627878,0.0,0.04068448,0.71126646,0.05332695,0.29002726,0.037920866,0.007938918,0.011961393,0.94440174,0.5963586,0.0,0.042899407,0.034699168,0.0,0.10321236,1.0,0.94440174,0.0024744743,0.0,0.042899407,0.7090781,0.110209666,0.29522115,0.033539172,0.0049832948,0.010973632,0.90964943,0.38792858,0.2562581,0.04604398,0.04385409,0.048337504,0.03131894,0.71826726,0.90964943,0.0022369034,0.04139271,0.04604398,0.59174734,0.20080137,0.17821054,0.039202135,0.0046213646,0.007870622,1.0670861,1.0182406,0.99863553,0.057161253,0.22031002,0.18885137
pork,pork_portion03_day3_rep2,pork_portion03,3,2,Fresh,0,0.21220103,0.43593425,0.39641923,0.072183065,0.067641184,0.067023635,0.4686666,0.528565,0.43593425,0.002302097,0.11589268,0.067641184,0.42751855,0.919676,0.39358094,0.069380805,0.0026916803,0.48841012,0.8312136,0.6012384,0.00831421,0.049497515,0.051040255,0.024763886,0.11799833,0.9904291,0.8312136,0.0033549443,0.027412936,0.049497515,0.67692024,0.059794944,0.278282,0.04645821,0.005748589,0.013309241,0.9408888,0.7612942,0.009764979,0.028513271,0.02772869,0.02451027,0.132847,0.9892068,0.9408888,0.001416278,0.026366772,0.028513271,0.8079417,0.026352048,0.31793192,0.02489758,0.0032832192,0.008081916,0.9122647,0.37155735,0.21848227,0.049780536,0.049332824,0.05418345,0.034651794,0.76100934,0.9122647,0.0025629376,0.05116657,0.049780536,0.58504224,0.20761798,0.19461945,0.04201085,0.008583968,0.0089100115,0.9027128,0.9738954,0.7559272,0.14091544,0.19311301,0.3126459
pork,pork_portion04_day3_rep2,pork_portion04,3,2,Fresh,0,0.21706465,0.44031,0.3989494,0.07391425,0.06912616,0.06825958,0.46730343,0.5217025,0.44031,0.0034428828,0.1108394,0.06912616,0.43185502,0.91945827,0.24210943,0.070595376,0.0027561877,0.4276463,0.86477387,0.70705897,0.089744635,0.044596553,0.04894844,0.07721706,0.13082713,0.8981279,0.86477387,0.0023891623,0.08372714,0.044596553,0.7538428,0.021658476,0.28641433,0.043483306,0.0066691986,0.00877449,0.95353097,0.6368093,0.00039911002,0.041279335,0.054429516,0.0060660513,0.10913773,0.9995911,0.95353097,0.0057929633,0.0061114896,0.041279335,0.7355726,0.09394427,0.3021383,0.043681115,0.01472746,0.013008543,0.8890182,0.38923424,0.25079155,0.043746702,0.041508067,0.04402445,0.03373302,0.7176793,0.8890182,0.0028605105,0.036591228,0.043746702,0.5837293,0.1925795,0.17660443,0.03737178,0.00582056,0.005504132,0.95482117,0.8816582,0.7454592,0.076198936,0.2649732,0.22032711
pork,pork_portion05_day3_rep2,pork_portion05,3,2,Fresh,0,0.21620704,0.40857458,0.3226188,0.060872123,0.061586574,0.062532455,0.42303625,0.4794273,0.40857458,0.009446432,0.08158329,0.061586574,0.4007194,0.91909236,0.027753977,0.06338588,0.0053930813,0.0055180434,0.8651242,0.6019531,0.00066054816,0.041874774,0.040220175,0.007911066,0.113867514,0.99926716,0.8651242,0.0033094015,0.008581692,0.041874774,0.6875695,0.073958226,0.28433242,0.03665486,0.007280785,0.011722664,0.9794708,0.60372084,0.0,0.017733146,0.026772216,0.0,0.10074969,1.0,0.9794708,0.004390806,0.0,0.017733146,0.7248406,0.12096786,0.30165675,0.018037528,0.012297822,0.0051814583,0.9089084,0.39004415,0.27134368,0.04505238,0.06594885,0.059300724,0.029317172,0.70171636,0.9089084,0.004440501,0.05271479,0.04505238,0.59347534,0.1995684,0.17123538,0.047567043,0.016402189,0.00967033,0.92863727,0.90392476,0.7585885,0.06244335,0.19344914,0.20110844
pork,pork_portion06_day3_rep2,pork_portion06,3,2,Fresh,0,0.17861497,0.37758225,0.3040293,0.06107374,0.07310685,0.065807894,0.43645754,0.5401348,0.37758225,0.0066144555,0.091886766,0.07310685,0.36807296,0.919387,0.020718807,0.07514501,0.008216309,0.004699691,0.8677873,0.67966104,0.050753172,0.048915222,0.048222054,0.054715585,0.12627421,0.9421961,0.8677873,0.002595394,0.0605758,0.048915222,0.7368866,0.036189243,0.2895055,0.044494975,0.004838531,0.011542466,0.96391124,0.6995611,0.00040186648,0.028826168,0.048446048,0.004238797,0.11881097,0.99957794,0.96391124,0.005891292,0.004325195,0.028826168,0.77612305,0.06681823,0.31254175,0.036432553,0.016135735,0.010485374,0.9145728,0.42404696,0.2965814,0.047263592,0.052257087,0.0525951,0.03268026,0.6759097,0.9145728,0.0022038629,0.042245764,0.047263592,0.61130786,0.18773714,0.16583024,0.044247694,0.006925312,0.0071940552,0.99413687,0.98921126,0.7845585,0.054847974,0.23244862,0.25161418
pork,pork_portion07_day3_rep2,pork_portion07,3,2,Fresh,0,0.19944155,0.4372091,0.4027699,0.052503582,0.048238013,0.049235832,0.47386092,0.5496621,0.4372091,0.0040450646,0.074189514,0.048238013,0.42843395,0.9166653,0.84638846,0.049194712,0.0025470003,0.35706893,0.76385766,0.51615196,0.0012752058,0.04371085,0.045922913,0.009558481,0.11042274,0.99849117,0.76385766,0.0039179535,0.010887841,0.04371085,0.60362506,0.07452141,0.25683984,0.042001624,0.0058943904,0.01283216,0.9488897,0.65059197,0.0006158175,0.037044093,0.04622654,0.007273282,0.11213878,0.9993582,0.9488897,0.0046198564,0.007403361,0.037044093,0.74220985,0.08501038,0.30333632,0.037881,0.011568552,0.011404604,0.9076715,0.39849734,0.26467356,0.05189201,0.053652696,0.05604599,0.031968035,0.7091391,0.9076715,0.0015844277,0.047338195,0.05189201,0.59587985,0.19560255,0.17549129,0.046633963,0.0041955765,0.00702228,1.0428163,1.0416385,0.9990359,0.14655267,0.14607607,0.22357874
pork,pork_portion08_day3_rep2,pork_portion08,3,2,Fresh,0,0.15099001,0.36203673,0.3098956,0.06859428,0.07802461,0.08701827,0.45572302,0.6029478,0.36203673,0.01350428,0.122848704,0.07802461,0.35175887,0.9205495,0.1589682,0.08048466,0.0050199474,0.35148716,0.81108487,0.6438092,0.04475421,0.039200418,0.03882081,0.06605312,0.12815994,0.94613826,0.81108487,0.003079653,0.07576122,0.039200418,0.6985867,0.02980914,0.27594632,0.035945702,0.0040027457,0.012152311,0.95060444,0.64405787,0.0,0.03643484,0.045900453,0.0,0.11078431,1.0,0.95060444,0.0043718303,0.0,0.03643484,0.7388193,0.0890421,0.3027114,0.03788509,0.009982632,0.011467048,0.87958556,0.33184198,0.21893947,0.042361405,0.05642511,0.050276704,0.026815694,0.7511755,0.87958556,0.005742029,0.04714212,0.042361405,0.55495644,0.21232599,0.18090603,0.039850146,0.015176599,0.008014607,0.96301186,0.9283763,0.7371235,0.07644328,0.25094762,0.2526678
pork,pork_portion09_day3_rep2,pork_portion09,3,2,Fresh,0,0.16066283,0.3147134,0.21981792,0.04927221,0.056133565,0.062666,0.39029416,0.5020443,0.3147134,0.034095816,0.08997583,0.056133565,0.30629215,0.92878675,0.038775515,0.05919369,0.007588262,0.010145799,0.8225793,0.6113906,0.0017163691,0.03540605,0.044466775,0.010286129,0.121710815,0.9979413,0.8225793,0.005065656,0.011883732,0.03540605,0.6809333,0.050822698,0.27960914,0.03750627,0.011612742,0.011191201,0.94236743,0.7011471,0.0,0.03136024,0.039111372,0.0,0.122001946,1.0,0.94236743,0.0035563973,0.0,0.03136024,0.77077395,0.056840137,0.30989122,0.032609254,0.008339434,0.009955644,0.91104454,0.4019895,0.30068874,0.04170593,0.045522846,0.04701711,0.025734782,0.669739,0.91104454,0.002351426,0.038134117,0.04170593,0.59981227,0.19653746,0.15831384,0.038580287,0.0052431244,0.007459791,0.9844683,1.0244696,0.7978925,0.09499767,0.20621824,0.26780394
pork,pork_portion10_day3_rep2,pork_portion10,3,2,Fresh,0,0.18012616,0.38731068,0.30591017,0.038610067,0.03746388,0.041685127,0.43176994,0.5378075,0.38731068,0.014430481,0.062142633,0.03746388,0.37769625,0.9155895,0.02440626,0.038891297,0.0030610354,0.008247482,0.79062414,0.5738196,0.01093177,0.042581793,0.044068336,0.032817315,0.11827253,0.98688006,0.79062414,0.0031871176,0.03721997,0.042581793,0.6478448,0.05637052,0.2678607,0.040394153,0.0055191596,0.011088893,0.927363,0.6500491,0.0,0.037051544,0.0406071,0.0,0.1148785,1.0,0.927363,0.0032402922,0.0,0.037051544,0.7354342,0.07609,0.30035755,0.03526508,0.006581396,0.010995396,0.91107816,0.36556578,0.2774825,0.031032413,0.029218277,0.03020213,0.02143454,0.6941191,0.91107816,0.0020653987,0.023640145,0.031032413,0.5830639,0.21166794,0.16333371,0.026035119,0.0032173707,0.004541394,0.93301,0.9533546,0.74631244,0.09548195,0.19809026,0.24571042
pork,pork_portion01_day3_rep3,pork_portion01,3,3,Fresh,0,0.21653464,0.43669373,0.40015882,0.06842091,0.06605337,0.064618446,0.47029778,0.516465,0.43669373,0.0033548074,0.0993914,0.06605337,0.42882743,0.92108655,0.69585985,0.06719591,0.0030751484,0.45961773,0.81118196,0.5938297,0.028230581,0.031922255,0.03623604,0.03850237,0.118546546,0.9655818,0.81118196,0.0028905934,0.04534868,0.031922255,0.6666359,0.0550469,0.27162752,0.032075573,0.006672739,0.0063070226,0.96484035,0.62189555,0.0013913923,0.029337825,0.04604225,0.016123647,0.10525814,0.9985852,0.96484035,0.0055033728,0.016172905,0.029337825,0.73054993,0.10609659,0.30155787,0.03455384,0.014908917,0.009882126,0.9070591,0.4254497,0.3058906,0.050397478,0.057082288,0.055010714,0.03138836,0.66329175,0.9070591,0.0030136323,0.045796975,0.050397478,0.6093281,0.18459547,0.15960474,0.04762879,0.008147646,0.006526932,0.9932525,0.9543161,0.92874604,0.08710284,0.18059933,0.20250307
pork,pork_portion02_day3_rep3,pork_portion02,3,3,Fresh,0,0.21079934,0.4526483,0.41915202,0.068113014,0.06265079,0.062181015,0.47520155,0.5450818,0.4526483,0.0030983486,0.10080265,0.06265079,0.44342688,0.9158605,0.9271177,0.063399084,0.0035674076,0.2542649,0.8626018,0.64021057,0.0,0.041984376,0.042783212,0.0,0.12165199,1.0,0.8626018,0.0033419123,0.0,0.041984376,0.7103596,0.053385668,0.28967604,0.03834684,0.0072377203,0.012170766,0.9398505,0.5942144,0.0,0.04498404,0.036557633,0.0,0.10338043,1.0,0.9398505,0.0024440414,0.0,0.04498404,0.70639414,0.10941968,0.2942918,0.035471212,0.0040937387,0.011654373,0.9085065,0.38678285,0.2609743,0.04554746,0.043308623,0.0451226,0.030349463,0.7125608,0.9085065,0.0019356044,0.037306808,0.04554746,0.59087247,0.20105709,0.17539082,0.038653776,0.0046886737,0.0060693934,1.1051912,1.058285,1.0477487,0.056363467,0.221687,0.18942046
pork,pork_portion03_day3_rep3,pork_portion03,3,3,Fresh,0,0.21582842,0.44192383,0.40048093,0.07108976,0.06616857,0.06637345,0.4677016,0.5258514,0.44192383,0.0021813333,0.11239181,0.06616857,0.43343067,0.9186496,0.23235828,0.0679756,0.002420249,0.42205015,0.8319377,0.60251945,0.0059151216,0.04887486,0.05053362,0.020679649,0.11827835,0.99318886,0.8319377,0.003370606,0.022803426,0.04887486,0.67794615,0.0594727,0.2789259,0.045913834,0.0059767826,0.013486484,0.9396096,0.76181084,0.015598608,0.029777654,0.028816,0.03234591,0.13273282,0.9827443,0.9396096,0.0015297397,0.034978885,0.029777654,0.80802375,0.02556496,0.31707814,0.02593561,0.0032542814,0.0089675905,0.91176045,0.37338462,0.21854562,0.04912262,0.047101725,0.05213616,0.035141308,0.7606012,0.91176045,0.0024213276,0.049013805,0.04912262,0.5855628,0.20669293,0.19482478,0.040809695,0.008511558,0.008939871,0.8945062,0.97216135,0.72899604,0.13973372,0.19308412,0.31183663
pork,pork_portion04_day3_rep3,pork_portion04,3,3,Fresh,0,0.22664376,0.44819418,0.40117207,0.07434672,0.06924269,0.06903867,0.46304837,0.5084041,0.44819418,0.004349279,0.1087215,0.06924269,0.43974203,0.91876364,0.09174196,0.07078169,0.003100418,0.2826945,0.86587375,0.7085962,0.089173116,0.043156203,0.04804863,0.0764126,0.13112754,0.89873594,0.86587375,0.002252585,0.083124645,0.043156203,0.75508463,0.02132832,0.28698075,0.04253026,0.006749431,0.008335016,0.95312864,0.6370123,0.00033375053,0.040840928,0.054669745,0.005218479,0.10920995,0.99965507,0.95312864,0.0057979636,0.005275947,0.040840928,0.7355561,0.09362989,0.30208665,0.043783806,0.014561701,0.01306495,0.88228595,0.38626847,0.24871533,0.046434868,0.04320606,0.045778535,0.03390233,0.7180549,0.88228595,0.0025173596,0.03807868,0.046434868,0.5795434,0.19151536,0.17555848,0.039387044,0.005453303,0.0057242056,0.97105575,0.9014414,0.7452917,0.076400705,0.26868805,0.22345226
pork,pork_portion05_day3_rep3,pork_portion05,3,3,Fresh,0,0.21950746,0.41178793,0.3243789,0.06219762,0.062249903,0.06382363,0.42179012,0.4756679,0.41178793,0.009171218,0.08084723,0.062249903,0.40400442,0.91894144,0.02848327,0.06408616,0.0049046036,0.0055155186,0.8466,0.6092805,0.021944838,0.046809755,0.046965018,0.05667152,0.11660463,0.97493815,0.8466,0.0029337362,0.0634418,0.046809755,0.6865841,0.06253525,0.2788055,0.042576518,0.008194812,0.012989707,0.9654663,0.60298854,0.0,0.026866408,0.02519753,0.0,0.102110215,1.0,0.9654663,0.003541746,0.0,0.026866408,0.7198442,0.11565452,0.2994258,0.020827875,0.010505149,0.006676771,0.90723157,0.38904694,0.26774728,0.045686293,0.06522296,0.062480114,0.029744558,0.7052248,0.90723157,0.003390841,0.056590047,0.045686293,0.5922107,0.1993722,0.17242762,0.047696885,0.015487891,0.011679098,0.93591887,0.9046737,0.75757605,0.065977946,0.1973498,0.1985636
pork,pork_portion06_day3_rep3,pork_portion06,3,3,Fresh,0,0.20784338,0.4270887,0.3419308,0.053059574,0.049481247,0.04956983,0.43332535,0.51943576,0.4270887,0.00957067,0.07316536,0.049481247,0.4168263,0.9115951,0.024430739,0.0506992,0.003698502,0.0066433703,0.87663054,0.6912777,0.0985527,0.0537279,0.06258251,0.09789104,0.12490594,0.8905967,0.87663054,0.003103005,0.102077566,0.0537279,0.74689585,0.043878265,0.2821455,0.054978862,0.0892612,0.017119745,0.96223754,0.69607466,0.0004072607,0.030383142,0.04952849,0.005177184,0.11844163,0.99956846,0.96223754,0.006005449,0.0052896026,0.030383142,0.77350324,0.06787143,0.3118195,0.037443392,0.016288862,0.010855402,0.91470754,0.42239952,0.30018905,0.047994807,0.053445294,0.054508366,0.03142209,0.67212594,0.91470754,0.0015297983,0.04391709,0.047994807,0.6107697,0.18860964,0.1636618,0.045177553,0.0071046315,0.007844624,0.9634809,0.9600418,0.7613851,0.046520654,0.23133501,0.25101918
pork,pork_portion07_day3_rep3,pork_portion07,3,3,Fresh,0,0.2063447,0.43949464,0.40784815,0.051233,0.048778974,0.04873855,0.47525993,0.535723,0.43949464,0.0044148467,0.071143076,0.048778974,0.43107966,0.9183637,0.8991518,0.049334127,0.0038350192,0.29576647,0.77653706,0.5370483,0.002457238,0.036531154,0.040978886,0.012484001,0.11297452,0.9969773,0.77653706,0.0039427774,0.014715311,0.036531154,0.62061346,0.0690744,0.26163048,0.036446434,0.007531083,0.010695963,0.9500894,0.65525645,0.0007131353,0.036256712,0.045298647,0.0070989593,0.112826705,0.99926394,0.9500894,0.00458476,0.0071665794,0.036256712,0.74533826,0.08326318,0.3041395,0.03707783,0.011513521,0.011084813,0.90935177,0.40104643,0.26856798,0.052021224,0.05554489,0.05763004,0.03195523,0.70552355,0.90935177,0.0018649368,0.04884283,0.052021224,0.59787476,0.19525006,0.17442839,0.04746512,0.005165622,0.0075042862,1.0787256,1.0724696,1.0372744,0.13253157,0.15505339,0.22607857
pork,pork_portion08_day3_rep3,pork_portion08,3,3,Fresh,0,0.14881308,0.36140785,0.30698422,0.067442544,0.078316696,0.086696446,0.45406583,0.607806,0.36140785,0.013891826,0.12161646,0.078316696,0.35076985,0.91966516,0.12393351,0.08056593,0.00502805,0.3129758,0.81403023,0.64563644,0.03465558,0.038134,0.03844004,0.055019163,0.12867923,0.9586321,0.81403023,0.0021970402,0.06321879,0.038134,0.7004923,0.030013556,0.2788337,0.035266135,0.0039840597,0.008494939,0.9432673,0.6334226,9.439815e-06,0.039421678,0.046325512,0.00037775288,0.109776944,0.9999906,0.9432673,0.0041059135,0.0003777531,0.039421678,0.73029524,0.09125644,0.3001901,0.03917762,0.00866392,0.012006725,0.874495,0.34716713,0.2224629,0.04538725,0.052267183,0.050844874,0.030012159,0.74592996,0.874495,0.0038788568,0.046773344,0.04538725,0.55885,0.20448539,0.18026581,0.041317422,0.0106920665,0.0074190046,0.96839035,0.9280985,0.74696237,0.071379274,0.24539477,0.23789935
pork,pork_portion09_day3_rep3,pork_portion09,3,3,Fresh,0,0.15765433,0.31568876,0.22158721,0.051123407,0.057910487,0.065129325,0.39378482,0.51471823,0.31568876,0.03425185,0.09231404,0.057910487,0.30684382,0.9275398,0.03797319,0.061212763,0.007350972,0.010426766,0.8195086,0.6023959,0.0009345418,0.0375509,0.043927964,0.008898914,0.120440215,0.9989009,0.8195086,0.0046245987,0.010293543,0.0375509,0.6743588,0.054039516,0.27784783,0.03797943,0.010234465,0.011570942,0.947693,0.71318823,9.4365705e-06,0.0305637,0.03489044,0.00026198343,0.12355107,0.99998915,0.947693,0.0028728773,0.0002906341,0.0305637,0.7796768,0.053074595,0.3123472,0.029810952,0.006464908,0.009364845,0.912768,0.40712038,0.30616882,0.038603965,0.042934686,0.04351174,0.025809394,0.66399115,0.912768,0.00287814,0.034946725,0.038603965,0.60302323,0.19507205,0.15684669,0.03598429,0.00595047,0.007585952,0.97755295,1.0312816,0.7989757,0.110828795,0.19904828,0.2748639
pork,pork_portion10_day3_rep3,pork_portion10,3,3,Fresh,0,0.18160222,0.3878221,0.30963778,0.037536822,0.03653159,0.039634418,0.434271,0.53437316,0.3878221,0.011004415,0.05969602,0.03653159,0.37857494,0.9163922,0.022690754,0.03792433,0.003186307,0.0063820984,0.78654593,0.5720034,0.01112157,0.042898603,0.044052493,0.032033373,0.11860709,0.9866248,0.78654593,0.0031311752,0.036736954,0.042898603,0.64536893,0.055495232,0.2669843,0.040540025,0.0050998307,0.010880985,0.9271422,0.6494814,0.0,0.037677847,0.04155973,0.0,0.11472193,1.0,0.9271422,0.0033424667,0.0,0.037677847,0.73496944,0.07633279,0.3002339,0.036013268,0.006869255,0.011287724,0.9106034,0.36851344,0.27676684,0.030180886,0.028470052,0.02868762,0.022429088,0.6947259,0.9106034,0.0020502105,0.02247837,0.030180886,0.5841635,0.21012385,0.16417818,0.025216214,0.003755767,0.0042780885,0.9338104,0.9538066,0.74906635,0.097816095,0.19551271,0.24321523
pork,pork_portion11_day3_rep1,pork_portion11,3,1,Fresh,0,0.17031144,0.4450652,0.42466384,0.063708454,0.05623918,0.054725293,0.48535356,0.626987,0.4450652,0.0027876922,0.10044233,0.05623918,0.43369964,0.91169953,0.9888304,0.056537848,0.004167106,0.0019740665,0.8165828,0.5989271,1.2289039e-05,0.044409145,0.04364504,0.00046839498,0.12021866,0.99998367,0.8165828,0.0030737272,0.0005759559,0.044409145,0.671216,0.054518905,0.277005,0.04025476,0.005630616,0.012839622,0.94274825,0.6603745,0.00023622262,0.03935975,0.046041112,0.0030176379,0.11459263,0.9997419,0.94274825,0.004242072,0.0031901652,0.03935975,0.7461624,0.077514194,0.30391923,0.038749304,0.010061121,0.011904506,0.8437329,0.3523637,0.22252686,0.047486875,0.0514299,0.056273896,0.032953463,0.73726976,0.8437329,0.002306199,0.05416092,0.047486875,0.5478495,0.1915361,0.17376463,0.043759916,0.0056144195,0.009214785,1.1392401,1.1236554,1.0936168,0.082886204,0.21130921,0.26319048
pork,pork_portion12_day3_rep1,pork_portion12,3,1,Fresh,0,0.15864477,0.3807853,0.31545043,0.08895602,0.10146444,0.11171592,0.44633687,0.61748624,0.3807853,0.021339435,0.16241871,0.10146444,0.36852157,0.9154215,0.13674173,0.10427442,0.006709549,0.3189077,0.8424331,0.57138664,0.00070184073,0.0473709,0.048049238,0.009263025,0.11090071,0.99925715,0.8424331,0.0050795237,0.009521683,0.0473709,0.6621134,0.07989549,0.27661708,0.042350724,0.012340561,0.013226388,0.9388675,0.6198545,0.0011736895,0.04159536,0.062329497,0.013590822,0.10778304,0.99880403,0.9388675,0.0072492147,0.013681067,0.04159536,0.7211541,0.0962402,0.29757932,0.048132982,0.018806065,0.013958698,0.8668667,0.3930194,0.25292003,0.05100135,0.054804977,0.059122156,0.03623174,0.7093888,0.8668667,0.002141792,0.053623978,0.05100135,0.5766735,0.18274987,0.1712607,0.04740408,0.0054977555,0.00849641,0.89658517,0.90624297,0.7624477,0.06474848,0.1702321,0.21051118
pork,pork_portion13_day3_rep1,pork_portion13,3,1,Fresh,0,0.1454622,0.41164178,0.38404226,0.07038845,0.06601971,0.06907589,0.48076347,0.66292727,0.41166744,0.0044638533,0.1264702,0.0660848,0.3999246,0.9126765,0.9876643,0.06693757,0.0035032071,0.075881,0.84158766,0.6472279,0.00022802994,0.042040713,0.042028114,0.0037149314,0.1260745,0.999746,0.84158766,0.0024600946,0.0039594965,0.042040713,0.70888215,0.04077178,0.28797776,0.03845622,0.0040686503,0.0122725135,0.9492844,0.66912854,0.0,0.026618408,0.02428459,0.0,0.11535535,1.0,0.9492844,0.0020609929,0.0,0.026618408,0.75336254,0.07584805,0.30611894,0.022291819,0.0033453396,0.0071124756,0.83214206,0.3059115,0.12686951,0.037703153,0.034428712,0.042402938,0.04027037,0.84749115,0.83214206,0.0028244865,0.045659572,0.037703153,0.5211999,0.20518349,0.20859109,0.030408286,0.0065010893,0.0065379003,1.1598421,1.1356516,1.0593437,0.059480682,0.261836,0.28308803
pork,pork_portion14_day3_rep1,pork_portion14,3,1,Fresh,0,0.20644851,0.37051782,0.29219863,0.09016498,0.076089494,0.078247145,0.41605178,0.46344814,0.37051782,0.018929467,0.13118297,0.076089494,0.3649862,0.9292959,0.026794288,0.08065482,0.009427198,0.0065591545,0.811804,0.59444004,0.004585054,0.045449264,0.04762697,0.02423061,0.119695775,0.9943951,0.811804,0.004281037,0.028716698,0.045449264,0.6670133,0.054855388,0.2748715,0.042715333,0.009213432,0.013617826,0.9674828,0.6733944,0.0,0.017791556,0.02073157,0.0,0.11380487,1.0,0.9674828,0.0021232252,0.0,0.017791556,0.7613416,0.081371516,0.30920357,0.017299429,0.004985853,0.005293612,0.82034063,0.37224537,0.17287539,0.046776306,0.04313504,0.05047091,0.0492033,0.78970075,0.82034063,0.00247683,0.053394265,0.046776306,0.5462733,0.1726447,0.1955758,0.03963985,0.0075797387,0.009168181,0.95781463,0.9776647,0.79616153,0.10382495,0.18638743,0.25980076
pork,pork_portion15_day3_rep1,pork_portion15,3,1,Fresh,0,0.13552284,0.34827125,0.28670943,0.090141624,0.08920474,0.092986956,0.449359,0.6524161,0.34827125,0.010514255,0.18107644,0.08920474,0.33633438,0.91880256,0.055082392,0.09370969,0.004508261,0.19406387,0.8659491,0.69172025,0.008294883,0.052752387,0.054407246,0.022710213,0.13087012,0.99044997,0.8659491,0.0030431645,0.025001844,0.052752387,0.7437352,0.028992001,0.29737785,0.04936735,0.005374361,0.015026224,0.96208227,0.74843025,0.0,0.025385432,0.028006528,0.0,0.1278385,1.0,0.96208227,0.002138734,0.0,0.025385432,0.80544376,0.041792683,0.31947455,0.02413932,0.0043256064,0.0076685827,0.87837404,0.39080045,0.25329155,0.048561703,0.04850304,0.050669845,0.03493459,0.7119147,0.87837404,0.0013902048,0.04322602,0.048561703,0.5801632,0.1880367,0.1732205,0.04302079,0.0048126853,0.0066630817,1.0081892,1.0291322,0.77937657,0.06678375,0.25974232,0.30582494
pork,pork_portion16_day3_rep1,pork_portion16,3,1,Fresh,0,0.119229145,0.31873316,0.25397307,0.079645604,0.08568991,0.094121225,0.4422324,0.6646122,0.31873316,0.017314939,0.17392467,0.08568991,0.3061716,0.9215939,0.068753935,0.09056943,0.005909711,0.21400058,0.8051708,0.59183985,0.012639947,0.06414585,0.06692143,0.044506785,0.11963137,0.9860325,0.8051708,0.003948721,0.047577716,0.06414585,0.66322637,0.053453885,0.27214915,0.060901176,0.007870692,0.016628742,0.90199137,0.708464,0.0010383796,0.02703485,0.028530879,0.010553743,0.12875018,0.9988915,0.90199137,0.0019792533,0.011076782,0.02703485,0.7643587,0.036048867,0.3055494,0.025073221,0.004687109,0.007860176,0.8807581,0.41862804,0.24623425,0.04088948,0.042285543,0.043538958,0.043268856,0.7201511,0.8807581,0.001554073,0.03753722,0.04088948,0.59411573,0.17587449,0.18266582,0.037379097,0.004282259,0.005355099,0.9604816,1.0247915,0.807456,0.10791785,0.16664438,0.2522583
pork,pork_portion17_day3_rep1,pork_portion17,3,1,Fresh,0,0.15293597,0.36785868,0.3065437,0.06088142,0.054494258,0.0567028,0.44988623,0.5973228,0.36785868,0.011376102,0.1158015,0.054494258,0.35772094,0.91780114,0.021168405,0.05701533,0.0041249427,0.08825221,0.81592655,0.60163915,0.00018738331,0.04292351,0.045882657,0.0034522212,0.120780505,0.99978584,0.81592655,0.0036364377,0.0038019933,0.04292351,0.672726,0.05287644,0.2773496,0.04130339,0.006980275,0.012974809,0.94183564,0.66370887,0.0,0.020214636,0.017862136,0.0,0.11551124,1.0,0.94183564,0.0019529802,0.0,0.020214636,0.747935,0.075340636,0.30438656,0.016512629,0.0032760657,0.0053532193,0.8596242,0.37086317,0.23802932,0.043029167,0.04769863,0.046856657,0.033827048,0.7231073,0.8596242,0.0034458847,0.042717297,0.043029167,0.5632255,0.18954858,0.17308773,0.03920313,0.010367004,0.0063833385,0.95548505,0.9706798,0.7717923,0.08301828,0.20381403,0.2537724
pork,pork_portion18_day3_rep1,pork_portion18,3,1,Fresh,0,0.14147954,0.34886852,0.29233912,0.046713114,0.0413803,0.041839313,0.45248535,0.60268366,0.34886852,0.0064195665,0.09143957,0.0413803,0.3389832,0.9203436,0.012259458,0.043757115,0.0028852439,0.03201973,0.7465597,0.4767168,0.0,0.035879984,0.036606118,0.0,0.10434893,1.0,0.7465597,0.0035713126,0.0,0.035879984,0.5740581,0.087585576,0.24884309,0.033907045,0.0053169695,0.010641991,0.94917613,0.7307715,0.0,0.02127266,0.021049913,0.0,0.12593837,1.0,0.94917613,0.0014508658,0.0,0.02127266,0.7909558,0.04495144,0.31506613,0.018812027,0.0027799415,0.0061449246,0.8740777,0.3565263,0.20575574,0.04290418,0.048333213,0.052502647,0.035523087,0.76500225,0.8740777,0.0022173282,0.051353365,0.04290418,0.5621634,0.20005713,0.18972528,0.039529014,0.0063445717,0.008979626,0.89706075,1.0306709,0.7746716,0.23075476,0.1276176,0.30350295
pork,pork_portion19_day3_rep1,pork_portion19,3,1,Fresh,0,0.13839887,0.3902913,0.35346422,0.049189597,0.040967543,0.04087351,0.47387818,0.6526175,0.3902913,0.0036451023,0.092476115,0.040967543,0.37918794,0.9137694,0.627923,0.04241135,0.0028825777,0.48180556,0.79482615,0.57504296,0.0119545,0.059113123,0.06799442,0.039122842,0.11776763,0.98630273,0.79482615,0.005764313,0.043572653,0.059113123,0.64972204,0.057595305,0.2684834,0.059630457,0.01342083,0.016005546,0.90755236,0.6940586,0.0,0.028831478,0.024457682,0.0,0.12536077,1.0,0.90755236,0.000958822,0.0,0.028831478,0.7567424,0.045569953,0.30396575,0.02310533,0.0028523656,0.0076482543,0.85640925,0.35737178,0.22278959,0.035907794,0.034999505,0.039095223,0.033472214,0.73945266,0.85640925,0.002038942,0.037187517,0.035907794,0.5552102,0.19425382,0.17743446,0.031205686,0.0033038757,0.0062709004,0.96717095,1.0006328,0.8669639,0.11338857,0.18946756,0.28059277
pork,pork_portion20_day3_rep1,pork_portion20,3,1,Fresh,0,0.115734085,0.33544126,0.27624133,0.067855425,0.061119847,0.06276213,0.4527206,0.67771596,0.33544126,0.007329799,0.15140682,0.061119847,0.32330397,0.9176764,0.0126684755,0.06448055,0.00439797,0.0049934215,0.8026921,0.65295196,0.009425679,0.027388277,0.030146746,0.02265163,0.13329192,0.9882471,0.8026921,0.0025981797,0.027489152,0.027388277,0.7021926,0.021097306,0.28275934,0.026701547,0.006047842,0.0072929575,0.95339894,0.63119686,0.0,0.01585296,0.018565558,0.0,0.10831945,1.0,0.95339894,0.0020375242,0.0,0.01585296,0.7320128,0.0964447,0.30140752,0.0153769385,0.0046355287,0.004862992,0.8692622,0.41386092,0.25632018,0.054709416,0.061032746,0.061181255,0.040739853,0.7066201,0.8692622,0.0027737163,0.05602326,0.054709416,0.58772707,0.17404832,0.17427294,0.051943727,0.007971082,0.0077408133,1.0101286,0.9616832,0.80561674,0.08315184,0.2196945,0.2073738
pork,pork_portion11_day3_rep2,pork_portion11,3,2,Fresh,0,0.17896657,0.44538397,0.4262236,0.062438395,0.057220433,0.055431902,0.48539627,0.6073565,0.44538397,0.0023933374,0.094830096,0.057220433,0.43467978,0.913557,0.98836637,0.057328783,0.0038053293,0.0009935318,0.81521434,0.60033935,0.0,0.042836264,0.043190785,0.0,0.12061726,1.0,0.81521434,0.0030223038,0.0,0.042836264,0.6716813,0.0532791,0.27705014,0.039591692,0.0052444665,0.012604051,0.9415509,0.6609912,0.0002048173,0.03945009,0.046290364,0.003082279,0.11490693,0.99977744,0.9415509,0.0041873194,0.003187812,0.03945009,0.7461877,0.076674454,0.30389032,0.039012782,0.009734886,0.011994533,0.8265343,0.3390235,0.21081346,0.057244416,0.053698834,0.056734737,0.032747213,0.74638987,0.8265343,0.002872135,0.055862874,0.057244416,0.5343512,0.1908664,0.17337956,0.0486193,0.0069491514,0.0099110305,1.1411479,1.1251298,1.0938097,0.082576886,0.22031204,0.27376547
pork,pork_portion12_day3_rep2,pork_portion12,3,2,Fresh,0,0.16680776,0.387127,0.32018918,0.0818291,0.09286265,0.10509896,0.444479,0.5925434,0.387127,0.021206476,0.13928992,0.09286265,0.3756342,0.9154524,0.13430674,0.09466054,0.0064996188,0.31439337,0.84292775,0.5714154,0.0008711564,0.047252197,0.0469714,0.010070626,0.1108378,0.99907327,0.84292775,0.0047555207,0.010324963,0.047252197,0.6622308,0.080089375,0.2766501,0.0418809,0.011252183,0.013056885,0.93797636,0.6202479,0.00025170352,0.04187523,0.06264806,0.0041521545,0.108037375,0.9997357,0.93797636,0.0074961623,0.0042134034,0.04187523,0.7211758,0.09566869,0.297663,0.048222918,0.01928692,0.014127825,0.86754847,0.39366078,0.24897802,0.05009451,0.054922394,0.05727532,0.037213486,0.71393937,0.86754847,0.0022621534,0.05141391,0.05009451,0.5771481,0.18256536,0.17354943,0.046984583,0.006117844,0.007956811,0.8945561,0.9045052,0.76109874,0.06448853,0.1684344,0.20904352
pork,pork_portion13_day3_rep2,pork_portion13,3,2,Fresh,0,0.15154211,0.41780704,0.38934842,0.068127766,0.0642545,0.0663177,0.48014843,0.65149546,0.41780704,0.004673302,0.118206,0.0642545,0.405993,0.9122594,0.9454413,0.06469514,0.0035579714,0.21277791,0.8428814,0.6469927,3.4136217e-05,0.04171615,0.041358806,0.00086824363,0.12582605,0.9999563,0.8428814,0.0024368102,0.0010287338,0.04171615,0.7090394,0.041455857,0.28806248,0.037972182,0.0039672973,0.012155151,0.9483749,0.6703348,0.0,0.025471155,0.02387887,0.0,0.11595297,1.0,0.9483749,0.002041113,0.0,0.025471155,0.7539296,0.07487045,0.30622983,0.021769706,0.0032054035,0.006999639,0.8205246,0.2992805,0.12516074,0.040268034,0.034782764,0.043493856,0.03979506,0.8472871,0.8205246,0.0026143158,0.04856795,0.040268034,0.5133463,0.20373443,0.20575048,0.0309378,0.0089911735,0.008990904,1.1323793,1.1094464,1.0298908,0.058836382,0.26721784,0.29083043
pork,pork_portion14_day3_rep2,pork_portion14,3,2,Fresh,0,0.16849783,0.34403533,0.26420924,0.07071691,0.06677563,0.06762177,0.42112422,0.5290237,0.34403533,0.015175048,0.122433335,0.06677563,0.3355185,0.9250729,0.027355045,0.07052842,0.004723826,0.006586722,0.809768,0.58862615,0.0018537063,0.042975534,0.046482064,0.016146636,0.11891865,0.9978293,0.809768,0.0039862017,0.01827668,0.042975534,0.66282237,0.056892578,0.27417415,0.04152547,0.0077235894,0.012908349,0.9708726,0.6744982,0.0,0.016095968,0.019894574,0.0,0.113639325,1.0,0.9708726,0.0020619081,0.0,0.016095968,0.7629522,0.082172506,0.30982208,0.01631253,0.0050069788,0.0049444,0.8210776,0.37174207,0.17101191,0.046664305,0.044296045,0.050939202,0.04943952,0.79235166,0.8210776,0.0025316868,0.054156326,0.046664305,0.54630804,0.17307772,0.19656079,0.040019233,0.008111021,0.00830765,0.9600961,0.98639154,0.7990992,0.109251246,0.1819297,0.26081905
pork,pork_portion15_day3_rep2,pork_portion15,3,2,Fresh,0,0.14281203,0.34840065,0.28627348,0.09206629,0.08963126,0.094895534,0.4474182,0.6324346,0.34840065,0.0104629155,0.18262768,0.08963126,0.33710828,0.9204394,0.056909032,0.09451629,0.0044014878,0.19632855,0.8679982,0.6925471,0.007630058,0.051519077,0.053424604,0.021982573,0.13064772,0.99129885,0.8679982,0.0031459308,0.024197202,0.051519077,0.744775,0.02945052,0.2978444,0.048270922,0.0058678174,0.014680893,0.9619947,0.74977726,0.0,0.024873141,0.027400961,0.0,0.12802444,1.0,0.9619947,0.0021317767,0.0,0.024873141,0.80625874,0.041083604,0.31972155,0.023641884,0.00448066,0.00751227,0.88012516,0.3903636,0.25224775,0.048525367,0.049824238,0.050479624,0.03466833,0.7137072,0.88012516,0.0017362256,0.04273691,0.048525367,0.5806398,0.18884008,0.17409061,0.043638397,0.0046511064,0.0065959767,1.009011,1.0307469,0.779921,0.06628867,0.26011613,0.30650327
pork,pork_portion16_day3_rep2,pork_portion16,3,2,Fresh,0,0.12092709,0.31495193,0.2548838,0.07921603,0.085170224,0.09604696,0.4446634,0.6550567,0.31497216,0.020729173,0.17121625,0.08522047,0.30295393,0.923967,0.10401889,0.09046091,0.0051276516,0.27738395,0.8044278,0.60207266,0.020606281,0.064865015,0.06625721,0.05498334,0.121462114,0.9768394,0.8044278,0.0036826904,0.05973526,0.064865015,0.66948766,0.047945425,0.2722459,0.060624264,0.007879796,0.015621559,0.9030033,0.7089673,0.0007160774,0.027762031,0.02851473,0.007985234,0.12875985,0.999234,0.9030033,0.002004923,0.008336798,0.027762031,0.76493967,0.036171578,0.3058177,0.025302391,0.0046343994,0.007932327,0.88176095,0.41758966,0.2466561,0.0408369,0.0424373,0.043303058,0.042972177,0.7199759,0.88176095,0.0018438683,0.037145033,0.0408369,0.5939847,0.17673978,0.18246107,0.037416648,0.004344686,0.0055701546,0.9643968,1.0209478,0.8057298,0.101866454,0.1742125,0.25338086
pork,pork_portion17_day3_rep2,pork_portion17,3,2,Fresh,0,0.15446113,0.36799505,0.30819985,0.062066328,0.055376116,0.058343284,0.45101902,0.59434795,0.36799505,0.011217898,0.1147828,0.055376116,0.35798714,0.9183851,0.019304572,0.05807605,0.0031238536,0.082262516,0.81678486,0.6013406,0.0,0.041259892,0.046100087,0.0,0.12053827,1.0,0.81678486,0.0038582638,0.0,0.041259892,0.67279404,0.05336983,0.27746525,0.040895533,0.0077939034,0.012760194,0.9448909,0.66489697,0.0,0.019769989,0.018558532,0.0,0.11516087,1.0,0.9448909,0.0019196974,0.0,0.019769989,0.7496481,0.07607803,0.30499095,0.01685775,0.003079834,0.005431263,0.8614724,0.3698012,0.24001613,0.042148013,0.04781982,0.046254102,0.033083268,0.7213044,0.8614724,0.0032871212,0.042343788,0.042148013,0.5635992,0.19070785,0.17231256,0.038727753,0.0105273435,0.0065012756,0.9560344,0.97185194,0.7714933,0.08473412,0.20455398,0.2556516
pork,pork_portion18_day3_rep2,pork_portion18,3,2,Fresh,0,0.1372894,0.35146335,0.29221374,0.04754373,0.041103963,0.040892415,0.451623,0.61756337,0.35146335,0.0065959534,0.0945992,0.041103963,0.34088776,0.9181678,0.012143494,0.043299057,0.0032621438,0.004272546,0.7467737,0.47710955,0.0,0.037545662,0.03842496,0.0,0.10440493,1.0,0.7467737,0.0037487177,0.0,0.037545662,0.5744295,0.08747771,0.24889742,0.035458565,0.005771721,0.011198772,0.9494516,0.7351436,0.0,0.01993797,0.021770878,0.0,0.12712947,1.0,0.9494516,0.0020332402,0.0,0.01993797,0.79382634,0.042986516,0.3158793,0.018782487,0.0039103446,0.005991309,0.8675413,0.35484317,0.20528865,0.044957105,0.04847574,0.054297194,0.035576336,0.7638821,0.8675413,0.0025476424,0.053588077,0.044957105,0.5587015,0.19847594,0.18809794,0.04017689,0.00765548,0.009414542,0.8947851,1.0311892,0.77224296,0.23366858,0.12753256,0.30949754
pork,pork_portion19_day3_rep2,pork_portion19,3,2,Fresh,0,0.14079988,0.3899844,0.35195023,0.050409093,0.04137693,0.041793495,0.47264913,0.6463475,0.3899844,0.0032525542,0.095917575,0.04137693,0.3789912,0.91406745,0.54263675,0.04288774,0.003325644,0.49732324,0.7971743,0.5925833,0.023184156,0.0668606,0.07630493,0.054943394,0.12049576,0.97356147,0.7971743,0.006056463,0.061143745,0.0668606,0.6614433,0.049759388,0.26951542,0.067069985,0.015166421,0.016682643,0.9108718,0.6978325,0.0,0.02956588,0.02456338,0.0,0.12560213,1.0,0.9108718,0.00087123516,0.0,0.02956588,0.75996035,0.045044206,0.30498135,0.023389645,0.0027482766,0.007782615,0.8554171,0.35829893,0.22338504,0.03648593,0.0363849,0.040539615,0.033604663,0.73850846,0.8554171,0.0023759364,0.03869386,0.03648593,0.55525374,0.19344139,0.17710914,0.032066587,0.0038210973,0.006525801,0.9494224,0.9781713,0.8270313,0.10481258,0.20114587,0.28333342
pork,pork_portion20_day3_rep2,pork_portion20,3,2,Fresh,0,0.121214576,0.33492666,0.2753709,0.06857218,0.06170102,0.06298351,0.45110977,0.6612671,0.33492666,0.008069647,0.14981888,0.06170102,0.32321066,0.9189017,0.018524405,0.06523679,0.003705528,0.07189789,0.8048497,0.65263224,0.010227193,0.028782243,0.031328913,0.024565594,0.1329291,0.98734474,0.8048497,0.0023660625,0.029519549,0.028782243,0.7024468,0.022173256,0.28286815,0.027946757,0.0050293203,0.007564753,0.9565828,0.63183063,0.0,0.016308699,0.018727176,0.0,0.108146876,1.0,0.9565828,0.002249586,0.0,0.016308699,0.73342365,0.09747364,0.3019815,0.015376552,0.005179639,0.004936719,0.8722266,0.41599652,0.25699186,0.055256564,0.06261905,0.059367575,0.041333005,0.70665485,0.8722266,0.0040941513,0.05302958,0.055256564,0.5899528,0.17418163,0.17507106,0.05283176,0.008493179,0.007322283,1.0088704,0.9609197,0.8063908,0.08363631,0.21767327,0.20633529
pork,pork_portion11_day3_rep3,pork_portion11,3,3,Fresh,0,0.18201765,0.4519046,0.43299016,0.063925155,0.057339024,0.055545785,0.48599625,0.60652304,0.4519046,0.003115982,0.09639484,0.057339024,0.44088438,0.91259706,0.9877497,0.05737761,0.0035834473,0.0018990769,0.8153224,0.5995196,7.646513e-05,0.043371767,0.044089746,0.0016540164,0.12047273,0.9999017,0.8153224,0.0031325223,0.002020221,0.043371767,0.6712013,0.05374746,0.27690965,0.040256288,0.0057750624,0.012801845,0.9420639,0.6591453,0.000118794036,0.03914003,0.045821417,0.001982981,0.11453262,0.99986756,0.9420639,0.0042147026,0.0021456138,0.03914003,0.74523485,0.077829614,0.3036378,0.0385814,0.0099440245,0.011894348,0.8346693,0.34734172,0.218011,0.048812363,0.05194103,0.058985975,0.032971106,0.73997104,0.8346693,0.0028786531,0.05828128,0.048812363,0.54169893,0.19043408,0.17311709,0.044429775,0.00701403,0.011332351,1.1384033,1.121372,1.093302,0.082312286,0.21500462,0.26672512
pork,pork_portion12_day3_rep3,pork_portion12,3,3,Fresh,0,0.17289704,0.3888117,0.3266764,0.08093283,0.0924333,0.104308754,0.4469559,0.57700366,0.3888117,0.02141732,0.13750513,0.0924333,0.37805662,0.91762936,0.16383795,0.09409932,0.0074337646,0.3487905,0.84129983,0.5718777,0.00065541547,0.046695568,0.04778662,0.00906845,0.11121328,0.9993117,0.84129983,0.0049441676,0.009255411,0.046695568,0.6620295,0.07920731,0.27651197,0.042187437,0.011667884,0.013117438,0.93904805,0.6195159,0.00067445426,0.041983463,0.06312772,0.009034947,0.10772605,0.99931717,0.93904805,0.0072942567,0.009057349,0.041983463,0.72101974,0.09647948,0.29765734,0.048898507,0.018603602,0.01423608,0.8671994,0.39460355,0.25171384,0.049867693,0.054633286,0.05796524,0.0367192,0.71074086,0.8671994,0.0020099995,0.05278122,0.049867693,0.57745796,0.18210872,0.1723082,0.04680294,0.005728671,0.008207532,0.8923495,0.8998991,0.7621176,0.06500234,0.16911377,0.2089372
pork,pork_portion13_day3_rep3,pork_portion13,3,3,Fresh,0,0.14722328,0.41332445,0.38184243,0.06966855,0.06594966,0.06810989,0.47833475,0.6594693,0.41332445,0.0047058635,0.12422251,0.06594966,0.4014245,0.9117894,0.9004903,0.0667762,0.003941006,0.29160237,0.8432425,0.6472243,2.4578078e-05,0.042476315,0.041952662,0.000628991,0.12584922,0.99996585,0.8432425,0.002421338,0.00079078006,0.042476315,0.7093695,0.041466784,0.28816167,0.038491428,0.003850044,0.0123818135,0.95052844,0.6689868,0.0,0.02603798,0.024412232,0.0,0.11518282,1.0,0.95052844,0.0020578357,0.0,0.02603798,0.75366837,0.076469645,0.30630752,0.022179171,0.0034676658,0.0071358522,0.82230514,0.30187368,0.1301155,0.04037117,0.035021324,0.04367835,0.039352745,0.8415043,0.82230514,0.0024772407,0.0484135,0.04037117,0.5152218,0.20345071,0.2044234,0.03130933,0.008487993,0.009330977,1.1078078,1.0839225,0.9996013,0.059303153,0.26635355,0.28872365
pork,pork_portion14_day3_rep3,pork_portion14,3,3,Fresh,0,0.21085522,0.37213576,0.2979906,0.091662884,0.07701302,0.079624794,0.4192521,0.4544244,0.37213576,0.015820256,0.12850964,0.07701302,0.36726707,0.9308979,0.024573483,0.08180729,0.009131027,0.005513895,0.812886,0.58937156,0.0015076735,0.04353799,0.045934938,0.013513921,0.11860508,0.99823207,0.812886,0.0037227832,0.015232857,0.04353799,0.66416025,0.057894967,0.2747825,0.041403137,0.0071471725,0.01282805,0.96957123,0.6726485,0.0,0.01635594,0.01907701,0.0,0.11350854,1.0,0.96957123,0.0019514313,0.0,0.01635594,0.7614759,0.08258552,0.30939198,0.015793689,0.004848128,0.004793,0.8203662,0.37274975,0.17253289,0.046882123,0.04446397,0.051608145,0.049485944,0.7902883,0.8203662,0.0025926149,0.054995075,0.046882123,0.5465428,0.17240444,0.19578263,0.040370554,0.007523621,0.008974535,0.95544976,0.9778323,0.7979753,0.10619688,0.1821737,0.2591732
pork,pork_portion15_day3_rep3,pork_portion15,3,3,Fresh,0,0.1370838,0.3503315,0.28860283,0.09187754,0.09001389,0.09504859,0.44934285,0.65146685,0.3503315,0.010230845,0.18515213,0.09001389,0.33848044,0.91865784,0.05518488,0.09460996,0.004371101,0.19391824,0.86631346,0.6907504,0.009954944,0.0524493,0.05485832,0.025907202,0.13051426,0.9886781,0.86631346,0.0033384808,0.028281694,0.0524493,0.74325985,0.029637955,0.29703012,0.04948933,0.0060979063,0.0148010645,0.96310234,0.74924165,0.0,0.025711184,0.027895419,0.0,0.12780452,1.0,0.96310234,0.0021494615,0.0,0.025711184,0.80621666,0.041795377,0.31976724,0.024188723,0.0040211906,0.0077108266,0.87898207,0.3896493,0.25647953,0.04864011,0.04838525,0.049640276,0.03363334,0.70854026,0.87898207,0.0020320707,0.0415687,0.04864011,0.57994014,0.18890749,0.17157939,0.043077547,0.0042950273,0.0062773433,1.006326,1.0284302,0.77742267,0.06803189,0.2603421,0.30790043
pork,pork_portion16_day3_rep3,pork_portion16,3,3,Fresh,0,0.12309959,0.31656477,0.25434032,0.081569955,0.08598428,0.09503021,0.44292206,0.65210885,0.31657827,0.018672429,0.17598502,0.08600282,0.30457696,0.92362714,0.11084935,0.09137541,0.0046991794,0.2839854,0.80493283,0.60184705,0.022208294,0.06678341,0.06847174,0.054078292,0.121329755,0.9749453,0.80493283,0.0036772056,0.05927974,0.06678341,0.6694885,0.048333414,0.27213207,0.06263877,0.0077390973,0.016095914,0.90152663,0.70905286,0.0005367212,0.02774207,0.028337559,0.00593375,0.12891378,0.9994093,0.90152663,0.0019670587,0.006290383,0.02774207,0.7645763,0.035521593,0.30562356,0.025207164,0.004487095,0.007983486,0.8804363,0.41816407,0.24647255,0.040372312,0.041912388,0.042470884,0.04338887,0.7197212,0.8804363,0.0019308631,0.036454026,0.040372312,0.5937998,0.17600164,0.18242732,0.03690955,0.0046650474,0.0054029613,0.96193117,1.0189544,0.80480874,0.1016244,0.17342114,0.2531335
pork,pork_portion17_day3_rep3,pork_portion17,3,3,Fresh,0,0.15208127,0.3631174,0.3025865,0.06138284,0.054335147,0.05660798,0.449489,0.594853,0.3631174,0.01277957,0.11920808,0.054335147,0.35316345,0.9190741,0.015440352,0.057026315,0.003928554,0.049290616,0.8169933,0.60076886,0.00016851017,0.041293725,0.04604272,0.0028268974,0.12036286,0.99980587,0.8169933,0.0039609214,0.0031466002,0.041293725,0.6724716,0.05378908,0.2773631,0.040824953,0.008039907,0.012706186,0.9412199,0.66282654,0.0,0.019737227,0.017308634,0.0,0.11540527,1.0,0.9412199,0.001972937,0.0,0.019737227,0.74729353,0.0754377,0.30419075,0.016078193,0.0032236972,0.0052671046,0.86092186,0.37167257,0.23987988,0.041820746,0.046433993,0.046218414,0.033615284,0.7212685,0.86092186,0.003290703,0.04205271,0.041820746,0.5641885,0.18970777,0.17254789,0.038253047,0.009815699,0.0064755348,0.9587906,0.97490394,0.77536416,0.082381494,0.20294175,0.25281408
pork,pork_portion18_day3_rep3,pork_portion18,3,3,Fresh,0,0.14211865,0.34488347,0.28854188,0.046532754,0.04177208,0.04227899,0.4516728,0.5960389,0.34488347,0.0055569448,0.09162343,0.04177208,0.3353267,0.92151386,0.013601255,0.044254385,0.0034436684,0.04498933,0.74762464,0.47818938,0.0,0.03693574,0.038485304,0.0,0.10448416,1.0,0.74762464,0.003850533,0.0,0.03693574,0.57531077,0.08723875,0.24922274,0.035341837,0.0059623737,0.011113715,0.9477211,0.7314275,0.0,0.020921368,0.020369042,0.0,0.12634054,1.0,0.9477211,0.001730604,0.0,0.020921368,0.7910881,0.043990534,0.31503952,0.01830312,0.0031902804,0.005957463,0.8652765,0.35462764,0.20959267,0.045718595,0.047826704,0.053224508,0.034718852,0.75825113,0.8652765,0.0025760427,0.052285142,0.045718595,0.5576978,0.1978995,0.18544064,0.04032312,0.007476883,0.009117785,0.89951366,1.0337459,0.77627015,0.22970004,0.12893477,0.30814752
pork,pork_portion19_day3_rep3,pork_portion19,3,3,Fresh,0,0.14252006,0.38872257,0.35218742,0.050354134,0.042130616,0.04272302,0.47334486,0.64101267,0.38872257,0.0034496111,0.094395384,0.042130616,0.3781202,0.91502404,0.6828536,0.04388726,0.0026086278,0.46403888,0.79647243,0.59183,0.024025643,0.06595232,0.0775801,0.057095062,0.1204187,0.97265154,0.79647243,0.0064598406,0.06351617,0.06595232,0.6607606,0.04989289,0.26911178,0.06755535,0.016086563,0.016336802,0.90988564,0.6938644,0.0,0.028829718,0.024696462,0.0,0.1252167,1.0,0.90988564,0.0010434927,0.0,0.028829718,0.757259,0.04663627,0.3041986,0.023288688,0.0027043012,0.007717762,0.8559814,0.35955104,0.22377968,0.035998683,0.034831926,0.03886694,0.03379309,0.73808014,0.8559814,0.0020179092,0.036694184,0.035998683,0.5560612,0.19311881,0.17727746,0.031183971,0.0034617602,0.0061077927,0.99975985,1.0204034,0.8991204,0.1027309,0.19977279,0.27936834
pork,pork_portion20_day3_rep3,pork_portion20,3,3,Fresh,0,0.121496834,0.33703488,0.2786028,0.0684354,0.062281705,0.06354787,0.45246777,0.6622527,0.33703488,0.007976658,0.14746664,0.062281705,0.32536352,0.9187037,0.022287454,0.06563879,0.0039806566,0.09799439,0.806528,0.6540583,0.011972232,0.028682794,0.03094189,0.025074258,0.13290331,0.9851689,0.806528,0.0023874529,0.030228728,0.028682794,0.70389146,0.022199214,0.28317094,0.02761158,0.005235886,0.0073436545,0.95626,0.6311518,0.0,0.016652215,0.019080486,0.0,0.108122006,1.0,0.95626,0.0021790054,0.0,0.016652215,0.73299813,0.09777404,0.3018664,0.015791375,0.0048801797,0.005067714,0.870277,0.4150511,0.26026756,0.05455736,0.06045459,0.05839251,0.040262643,0.7021735,0.870277,0.0032478918,0.051540118,0.05455736,0.5887484,0.1740632,0.17279144,0.051699188,0.0074686566,0.0067599895,1.0075037,0.95825666,0.80406,0.08311603,0.22023676,0.20805858
pork,pork_portion21_day3_rep1,pork_portion21,3,1,Fresh,0,0.2163249,0.39379987,0.28296217,0.057513,0.057737622,0.06379595,0.39252138,0.45820802,0.39379987,0.019197842,0.08066296,0.057737622,0.38606203,0.9193542,0.043492693,0.059770267,0.0041949307,0.009002984,0.8082297,0.582811,0.008094381,0.053412847,0.05614564,0.03972965,0.117586106,0.9907013,0.8082297,0.004905708,0.04440897,0.053412847,0.6586895,0.059345778,0.27182424,0.0501445,0.011766918,0.01506952,0.94013214,0.6796666,0.0019102637,0.03329826,0.04006834,0.013278793,0.118387334,0.9979888,0.94013214,0.003442915,0.0135442475,0.03329826,0.75702107,0.06663583,0.306243,0.033650715,0.007969082,0.010137148,0.8782222,0.3291705,0.23766036,0.03112783,0.031217927,0.032087024,0.022162171,0.72826064,0.8782222,0.0019189334,0.028228717,0.03112783,0.552976,0.21404628,0.17013904,0.026810154,0.0027861488,0.0057632783,0.93063176,0.96632135,0.7357709,0.10443608,0.2131841,0.2861617
pork,pork_portion22_day3_rep1,pork_portion22,3,1,Fresh,0,0.15647464,0.3712763,0.3326594,0.048738487,0.045537755,0.04608628,0.4679202,0.58611465,0.3712763,0.004275877,0.08669258,0.045537755,0.36272636,0.92233753,0.21387789,0.047386374,0.0033045837,0.40883446,0.76893085,0.51541495,0.003485989,0.033131186,0.035063796,0.018869532,0.10948804,0.995771,0.76893085,0.0030015148,0.022272745,0.033131186,0.6048992,0.07704585,0.25715682,0.03190226,0.00558251,0.008992548,0.94661105,0.69365716,0.00018773468,0.029363872,0.038625862,0.0026198074,0.12015997,0.9997737,0.94661105,0.004245546,0.0029069444,0.029363872,0.76743937,0.062402237,0.30936903,0.031049421,0.010728157,0.00942915,0.9031647,0.4585752,0.3141517,0.042680383,0.045325674,0.04488092,0.039004922,0.65179646,0.9031647,0.001575814,0.03557111,0.042680383,0.6241742,0.16801898,0.16163085,0.039520644,0.006251049,0.0050769355,0.88036287,0.95519626,0.80005074,0.17134716,0.13331483,0.23131445
pork,pork_portion23_day3_rep1,pork_portion23,3,1,Fresh,0,0.12482748,0.3364328,0.2920169,0.048404064,0.04250386,0.044093996,0.46344414,0.63961035,0.3364328,0.0054630754,0.10417108,0.04250386,0.32627448,0.9223159,0.06973711,0.04518517,0.0030906247,0.24580416,0.8344991,0.63799685,0.00722595,0.055750415,0.05962388,0.020340074,0.124842495,0.991489,0.8344991,0.0039204815,0.023045124,0.055750415,0.7009223,0.04245126,0.28464016,0.053860057,0.007548899,0.01618403,0.92955333,0.57329,0.0017021279,0.028913876,0.029779812,0.018144954,0.10064206,0.9982045,0.92955333,0.0025722818,0.018945845,0.028913876,0.6911862,0.11563062,0.28979173,0.026325041,0.005138827,0.008556675,0.8586906,0.3465443,0.18423998,0.037055906,0.036146104,0.041089844,0.037899684,0.78526455,0.8586906,0.002476578,0.040518958,0.037055906,0.55079395,0.1987627,0.1950441,0.031883806,0.00436378,0.0056964513,0.9801562,0.9123189,0.76788026,0.07400371,0.23451918,0.18867444
pork,pork_portion24_day3_rep1,pork_portion24,3,1,Fresh,0,0.19918962,0.38280132,0.2971102,0.06107086,0.05929964,0.061448246,0.4200875,0.49065855,0.38280132,0.010444588,0.09135211,0.05929964,0.3751284,0.92164326,0.028913582,0.06199863,0.0037799599,0.0065826303,0.8556559,0.6572214,0.016181326,0.034126777,0.03770638,0.03799107,0.12517978,0.9816787,0.8556559,0.0021997788,0.041927695,0.034126777,0.71930367,0.04196859,0.28920493,0.03334216,0.0052195555,0.007949968,0.90526164,0.65736073,0.0,0.03205807,0.02742961,0.0,0.11889538,1.0,0.90526164,0.0027493136,0.0,0.03205807,0.7333283,0.06295562,0.2982914,0.025346262,0.0071276296,0.0082961405,0.8766126,0.3761413,0.26735374,0.040341444,0.042047445,0.04314793,0.028126499,0.69446355,0.8766126,0.0019189522,0.038933683,0.040341444,0.57324475,0.19445395,0.1627247,0.03537997,0.008342349,0.007795816,0.9798141,0.96861553,0.7654801,0.02682739,0.24613461,0.24758205
pork,pork_portion25_day3_rep1,pork_portion25,3,1,Fresh,0,0.20504446,0.42417204,0.34258014,0.041971046,0.03784562,0.036898565,0.43589383,0.51971376,0.42417204,0.009265471,0.059051294,0.03784562,0.41425803,0.91213465,0.02228215,0.03913788,0.0028181493,0.006073246,0.83772135,0.6021524,0.00048473448,0.03461335,0.035246357,0.0056146933,0.11778112,0.9994473,0.83772135,0.0025398077,0.006177135,0.03461335,0.6794722,0.062083486,0.28052443,0.032104008,0.004168096,0.010108009,0.9538734,0.68350905,0.0,0.032335177,0.035902087,0.0,0.11739182,1.0,0.9538734,0.0028962668,0.0,0.032335177,0.7633853,0.07056041,0.30886218,0.030848084,0.0062638605,0.009617866,0.87065333,0.3838448,0.19885603,0.03482164,0.036957894,0.039726585,0.043774355,0.77110547,0.87065333,0.0023496908,0.038758293,0.03482164,0.5727639,0.18673615,0.19685106,0.031320225,0.006402167,0.005298681,0.92715406,0.95512575,0.7627591,0.088973545,0.18419062,0.2497595
pork,pork_portion26_day3_rep1,pork_portion26,3,1,Fresh,0,0.19365321,0.38019833,0.2949719,0.04315122,0.038700227,0.03920094,0.42084822,0.4952933,0.38019833,0.014683537,0.07315995,0.038700227,0.3724818,0.92065626,0.028354531,0.040758543,0.003233326,0.007570089,0.79755884,0.61713004,0.0015630652,0.054098472,0.048205055,0.010863862,0.12683496,0.99786276,0.79755884,0.0031980562,0.014595188,0.054098472,0.6772809,0.03689706,0.27703974,0.04578114,0.007056814,0.015059394,0.9483237,0.7002869,2.69709e-06,0.034004223,0.03303814,0.00010280831,0.12120834,0.99999464,0.9483237,0.0026233091,0.00020561663,0.034004223,0.7719453,0.059768166,0.31054315,0.029554226,0.0058186622,0.009514682,0.8556303,0.32311097,0.1594061,0.04232447,0.041387588,0.046945255,0.03724231,0.8139028,0.8556303,0.0031656732,0.049164437,0.04232447,0.539216,0.2066965,0.2020367,0.03463795,0.008770684,0.00811614,0.9673557,0.9901161,0.75346154,0.102989875,0.23134223,0.29584542
pork,pork_portion27_day3_rep1,pork_portion27,3,1,Fresh,0,0.14451885,0.36134222,0.32055005,0.04467555,0.042023174,0.042857535,0.46669018,0.60678065,0.36134222,0.005316176,0.08711531,0.042023174,0.3520855,0.92140865,0.18465798,0.043721624,0.0036227494,0.3854003,0.794374,0.62117493,0.01670534,0.059883174,0.06375477,0.031903952,0.12735097,0.9795942,0.794374,0.004697034,0.037929155,0.059883174,0.6789717,0.03366522,0.27525604,0.057760384,0.00947971,0.016747631,0.960414,0.64501536,0.0,0.031391,0.04012557,0.0,0.10977065,1.0,0.960414,0.004177325,0.0,0.031391,0.7424376,0.09273369,0.30427143,0.03262193,0.010117863,0.009840225,0.8986627,0.3827842,0.22544715,0.03583179,0.03270362,0.036165804,0.03673288,0.7482817,0.8986627,0.0024268592,0.03239686,0.03583179,0.5842373,0.1979955,0.19013639,0.029389225,0.005784582,0.006409983,0.9503426,0.923788,0.75977045,0.091427,0.2079048,0.22166236
pork,pork_portion28_day3_rep1,pork_portion28,3,1,Fresh,0,0.18559599,0.37446788,0.28200027,0.041737843,0.03992877,0.040048923,0.41606444,0.5095571,0.37446788,0.0122235855,0.073229186,0.03992877,0.36570105,0.918518,0.032473516,0.04179133,0.003055922,0.007139802,0.77764994,0.56412876,0.0017832767,0.05186892,0.05730899,0.011635251,0.11855802,0.9978947,0.77764994,0.0046947524,0.013322393,0.05186892,0.63776445,0.055633113,0.26592508,0.051512606,0.00843591,0.015674202,0.94396496,0.6310998,0.0,0.031058667,0.037025884,0.0,0.10931813,1.0,0.94396496,0.0036401749,0.0,0.031058667,0.7291861,0.09270233,0.29997835,0.030917615,0.008233301,0.0095091,0.8049448,0.3136041,0.14913827,0.05896346,0.040894233,0.042250294,0.03966715,0.81468844,0.8049448,0.002546321,0.04408184,0.05896346,0.5125386,0.19266342,0.19382043,0.042747676,0.009892663,0.011039447,0.93439204,0.9410907,0.7579307,0.10436317,0.1991429,0.2611472
pork,pork_portion29_day3_rep1,pork_portion29,3,1,Fresh,0,0.12575082,0.31972194,0.2797999,0.035264194,0.031734344,0.030961055,0.46370277,0.611424,0.31972194,0.00873896,0.0818268,0.031734344,0.31070322,0.9274263,0.23028202,0.033775996,0.0038106476,0.4159991,0.7642174,0.55426604,0.0018365297,0.046199255,0.047250215,0.011488443,0.11863293,0.9977565,0.7642174,0.0034482137,0.013577445,0.046199255,0.62757677,0.054716893,0.26257876,0.043697428,0.0056836237,0.013444783,0.86392695,0.65069866,0.0,0.019524151,0.019049434,0.0,0.123767026,1.0,0.86392695,0.0024590786,0.0,0.019524151,0.71750456,0.04867352,0.29143363,0.0168348,0.005248232,0.005409983,0.89356714,0.39549726,0.29333335,0.043666445,0.058643043,0.0638704,0.02650222,0.67214495,0.89356714,0.0031755108,0.059561122,0.043666445,0.5900186,0.19269918,0.15705435,0.044697326,0.012887867,0.014208331,0.92901754,0.97027487,0.7894322,0.09463686,0.17772205,0.23463559
pork,pork_portion30_day3_rep1,pork_portion30,3,1,Fresh,0,0.075728975,0.28031334,0.23969716,0.05068768,0.05145772,0.051387846,0.46513435,0.75181156,0.28031334,0.005552843,0.14106122,0.05145772,0.26707384,0.92614555,0.053761423,0.05541797,0.0045434507,0.21597947,0.84362197,0.6591036,0.0031255123,0.03791244,0.041576643,0.01433527,0.12799777,0.99639755,0.84362197,0.0031406197,0.015828773,0.03791244,0.71704096,0.035594057,0.2898083,0.03668699,0.007105592,0.010951769,0.91918045,0.6811278,0.005827735,0.028379258,0.034543652,0.023235044,0.12126192,0.99370605,0.91918045,0.003217566,0.024755672,0.028379258,0.75200754,0.057099614,0.30296853,0.028836245,0.008098214,0.008253608,0.8672804,0.42419165,0.2585512,0.054403275,0.058644786,0.060262736,0.043534376,0.70315284,0.8672804,0.0022727754,0.054277733,0.054403275,0.5920081,0.16859287,0.17484193,0.050915852,0.008102019,0.0076826666,1.0253149,1.025917,0.83314395,0.0431085,0.21572937,0.23333879
pork,pork_portion21_day3_rep2,pork_portion21,3,2,Fresh,0,0.21412769,0.388336,0.2819468,0.0622281,0.061373647,0.06570148,0.39496967,0.45834696,0.388336,0.017865056,0.08814591,0.061373647,0.38100958,0.921049,0.04138593,0.06394232,0.0041742586,0.008634481,0.8065265,0.57871217,0.0075208903,0.059760697,0.0614653,0.034692302,0.117023386,0.9914878,0.8065265,0.0050635817,0.038109604,0.059760697,0.65555453,0.06074944,0.27120984,0.05547513,0.0117436815,0.016179362,0.93954664,0.677533,0.0011005522,0.03353681,0.039411634,0.008796784,0.11815648,0.99883914,0.93954664,0.0032990517,0.008945947,0.03353681,0.7556008,0.06747967,0.30592808,0.033359405,0.0076321405,0.01015046,0.87584734,0.32672492,0.2363491,0.035181087,0.034905903,0.035490446,0.021415345,0.7293225,0.87584734,0.0020907195,0.03128717,0.035181087,0.5509072,0.21419324,0.16988021,0.030018913,0.0032308227,0.005868263,0.9318312,0.9689591,0.73825544,0.10611272,0.21157448,0.28624007
pork,pork_portion22_day3_rep2,pork_portion22,3,2,Fresh,0,0.16547701,0.3893404,0.35829508,0.05535097,0.048953094,0.053040344,0.4746036,0.58495337,0.3894483,0.007977243,0.09874024,0.04902875,0.3808466,0.9215266,0.68050766,0.051113643,0.002427528,0.46321446,0.7646993,0.51219755,0.0014105092,0.036477517,0.038777508,0.010400378,0.10945259,0.9982754,0.7646993,0.0033724203,0.01230235,0.036477517,0.6015021,0.076899745,0.25637692,0.035278056,0.0059274794,0.010601566,0.944905,0.6828366,4.315344e-05,0.033453412,0.04919038,0.0008020749,0.11838946,0.999953,0.944905,0.005706714,0.0008309917,0.033453412,0.7604204,0.06715941,0.30760586,0.038501196,0.014521434,0.011440228,0.9009934,0.45979682,0.31458464,0.044293858,0.044884842,0.046574432,0.03957917,0.65057546,0.9009934,0.0019359547,0.037475258,0.044293858,0.6239448,0.16665307,0.1611144,0.040111475,0.00510064,0.006808872,0.97055155,1.0065165,0.9479979,0.16725516,0.13279414,0.22357173
pork,pork_portion23_day3_rep2,pork_portion23,3,2,Fresh,0,0.12579167,0.33585787,0.29247254,0.054090887,0.048340295,0.051563744,0.46373448,0.6394638,0.33585787,0.007909618,0.11777113,0.048340295,0.3257923,0.9228912,0.19930707,0.05145375,0.0038395918,0.39323953,0.83489966,0.63675624,0.010298199,0.05817329,0.06187246,0.027021142,0.124450706,0.9880674,0.83489966,0.0040198984,0.030328352,0.05817329,0.7002156,0.043389305,0.28408617,0.055860616,0.0077535757,0.016432483,0.9270112,0.5706004,0.0015936589,0.029209392,0.03252753,0.017212994,0.10043897,0.9983103,0.9270112,0.0028843891,0.018002348,0.029209392,0.6888823,0.11591851,0.28905383,0.027881611,0.0061151125,0.008738615,0.8521825,0.3351592,0.17005593,0.04395678,0.04300055,0.04759433,0.038251,0.80082804,0.8521825,0.0023622578,0.04767066,0.04395678,0.54289436,0.20071967,0.19811498,0.03774034,0.004344619,0.0068997587,0.95963734,0.8894345,0.7540998,0.07357722,0.23852433,0.1917644
pork,pork_portion24_day3_rep2,pork_portion24,3,2,Fresh,0,0.19931614,0.38306242,0.2978033,0.06509962,0.06279745,0.06300798,0.4205711,0.49272028,0.38306242,0.008296223,0.09898751,0.06279745,0.37531945,0.921676,0.028772373,0.06559409,0.0038232938,0.0051689325,0.85608834,0.6587415,0.0111806365,0.038331714,0.04022283,0.030370725,0.12571272,0.98742986,0.85608834,0.0022214584,0.03296411,0.038331714,0.720296,0.041302495,0.29025495,0.036108665,0.0044062324,0.009453365,0.8947877,0.6528471,0.0,0.04016152,0.029848237,0.0,0.11956667,1.0,0.8947877,0.0032656915,0.0,0.04016152,0.72753805,0.06078486,0.29615578,0.029002866,0.008793412,0.009780111,0.8816603,0.37725452,0.2648588,0.040852025,0.0443422,0.047248922,0.028443143,0.6993345,0.8816603,0.0020201865,0.043730643,0.040852025,0.5757616,0.19570461,0.16539009,0.03711243,0.006636501,0.0091194855,0.98103994,0.96782506,0.76542526,0.021606233,0.24560423,0.24153486
pork,pork_portion25_day3_rep2,pork_portion25,3,2,Fresh,0,0.19619039,0.41652086,0.33506948,0.04871461,0.042888667,0.04202404,0.4362359,0.53439736,0.41652086,0.008672971,0.0740556,0.042888667,0.4062606,0.91182035,0.022514015,0.044448048,0.0025632798,0.0056226696,0.8358093,0.60101724,0.00010923214,0.03482013,0.035661034,0.0019029903,0.117888376,0.9998665,0.8358093,0.0027170994,0.0022028799,0.03482013,0.6782304,0.06182594,0.2801079,0.03244878,0.004283512,0.010321763,0.95418835,0.68216246,0.0,0.031370863,0.034881547,0.0,0.11711278,1.0,0.95418835,0.0027877833,0.0,0.031370863,0.7626547,0.07135038,0.30870685,0.029985927,0.005942547,0.009293321,0.86787945,0.38030985,0.19045177,0.037768126,0.039881133,0.044109393,0.04476702,0.78031427,0.86787945,0.002468123,0.043791387,0.037768126,0.56982404,0.18713354,0.19943658,0.033936325,0.0065231863,0.0065746256,0.92887706,0.9567198,0.7636921,0.089644186,0.18428726,0.2500588
pork,pork_portion26_day3_rep2,pork_portion26,3,2,Fresh,0,0.1988473,0.37664536,0.29328433,0.045369513,0.04183662,0.042893436,0.4188661,0.47752714,0.37664536,0.017983653,0.072441384,0.04183662,0.36994484,0.92372394,0.02807097,0.044309407,0.002700098,0.009403062,0.8224284,0.63317966,0.00030477115,0.046730027,0.047694303,0.0035674088,0.12616487,0.99963033,0.8224284,0.0028127588,0.004064829,0.046730027,0.6945942,0.039598178,0.2831209,0.04347097,0.0053132814,0.013823091,0.94652826,0.6983892,0.0,0.03342289,0.03140931,0.0,0.1209605,1.0,0.94652826,0.002313098,0.0,0.03342289,0.7702846,0.059958316,0.31000248,0.02846967,0.0051812693,0.009225813,0.85123575,0.3203188,0.15281942,0.04839314,0.046357937,0.052588623,0.037939493,0.82125,0.85123575,0.0037224924,0.055209838,0.04839314,0.5361408,0.20617369,0.2034708,0.03922787,0.009479266,0.00793334,0.97576946,0.99289894,0.75714236,0.082862474,0.24330848,0.2958906
pork,pork_portion27_day3_rep2,pork_portion27,3,2,Fresh,0,0.14610103,0.36015606,0.32119825,0.051156092,0.04618457,0.04577521,0.46769002,0.60454714,0.36015606,0.005705617,0.102265395,0.04618457,0.35116276,0.9226066,0.29742366,0.048491884,0.0028562848,0.4551851,0.8028202,0.6279132,0.017655073,0.06414735,0.064526394,0.034828283,0.12744805,0.9789794,0.8028202,0.0044216528,0.039973184,0.06414735,0.68559325,0.033937067,0.27736998,0.059717964,0.00831757,0.017102582,0.95962,0.6384645,0.0,0.030970989,0.038887106,0.0,0.10875114,1.0,0.95962,0.0042188554,0.0,0.030970989,0.73836386,0.09566874,0.30324188,0.031399585,0.010778811,0.009553991,0.906315,0.37449816,0.22149773,0.035504147,0.035472564,0.038737018,0.03489783,0.75484896,0.906315,0.0021116405,0.03426961,0.035504147,0.58371574,0.20433177,0.19246973,0.030618122,0.005151834,0.0059760027,0.9497259,0.9131181,0.7622434,0.08523434,0.21591999,0.21907571
pork,pork_portion28_day3_rep2,pork_portion28,3,2,Fresh,0,0.19881852,0.3796009,0.28236145,0.043333016,0.040497392,0.042400982,0.408122,0.48095626,0.3796009,0.011968404,0.0671642,0.040497392,0.37179863,0.9201504,0.035709344,0.042701054,0.003093739,0.0071282936,0.76228803,0.5549266,0.005081316,0.057574335,0.059637245,0.021723058,0.11878404,0.99392956,0.76228803,0.004273008,0.02527055,0.057574335,0.62731206,0.053678207,0.2618192,0.054785635,0.007978891,0.016267767,0.9464097,0.6383077,0.0,0.03241804,0.039647315,0.0,0.1103271,1.0,0.9464097,0.0039608595,0.0,0.03241804,0.734156,0.09008171,0.30131933,0.03272457,0.0094815055,0.009982501,0.84085596,0.3233235,0.15066075,0.044089813,0.044813376,0.05233285,0.039594784,0.8216455,0.84085596,0.0020607638,0.054961797,0.044089813,0.53265595,0.20147996,0.20243476,0.03869936,0.0031547826,0.007344727,0.93122864,0.9438568,0.75508916,0.11958723,0.18528803,0.25057933
pork,pork_portion29_day3_rep2,pork_portion29,3,2,Fresh,0,0.11733179,0.31034076,0.27394417,0.041690044,0.03839981,0.03626036,0.46649092,0.63169193,0.31034076,0.009659862,0.102968596,0.03839981,0.30096948,0.92867553,0.4267365,0.041189566,0.0041180057,0.49093163,0.7687673,0.5528654,0.0015948446,0.049407363,0.04960824,0.010972395,0.117627844,0.9980981,0.7687673,0.0036145535,0.012593373,0.049407363,0.62799025,0.05746554,0.26298591,0.046043154,0.0059915003,0.014204868,0.85812575,0.6427675,0.0,0.025264962,0.020971715,0.0,0.122868344,1.0,0.85812575,0.0021080012,0.0,0.025264962,0.7108372,0.0501547,0.28949946,0.019981518,0.0042900154,0.0065847887,0.8931217,0.38677052,0.2835833,0.041261636,0.055043116,0.06171767,0.026190326,0.6825493,0.8931217,0.0032695187,0.058608443,0.041261636,0.58563215,0.19608131,0.16030648,0.04162852,0.012705436,0.01517491,0.9448617,0.9790937,0.8298868,0.0872928,0.17762773,0.23164997
pork,pork_portion30_day3_rep2,pork_portion30,3,2,Fresh,0,0.068294376,0.2666887,0.22791341,0.050811663,0.05434419,0.05311644,0.46569347,0.7691355,0.2666887,0.0049794395,0.14545056,0.05434419,0.25272185,0.92811525,0.04506488,0.058600493,0.0052601593,0.19795336,0.83396053,0.65133756,0.001875826,0.0425467,0.043963663,0.010056463,0.12807524,0.9977385,0.83396053,0.0033525466,0.011514607,0.0425467,0.7094321,0.035353016,0.28743616,0.039480872,0.007204729,0.012323175,0.90061504,0.6632301,0.0041941316,0.034091983,0.03742078,0.022849744,0.120478526,0.99544686,0.90061504,0.0031763294,0.024288319,0.034091983,0.7356151,0.05808856,0.29785192,0.032515407,0.007260754,0.009872766,0.8567639,0.4206775,0.25326186,0.061383985,0.058516107,0.06025867,0.04446064,0.7058116,0.8567639,0.002653714,0.053438418,0.061383985,0.58599794,0.16603157,0.17447942,0.053306375,0.009571372,0.0075221565,1.0316746,1.0266614,0.8417794,0.036206905,0.21230192,0.22194088
pork,pork_portion21_day3_rep3,pork_portion21,3,3,Fresh,0,0.21320675,0.3887256,0.27851635,0.06282891,0.061961405,0.06699806,0.3918321,0.46142408,0.3887256,0.019937348,0.08900711,0.061961405,0.3810356,0.9201457,0.04344959,0.06450035,0.004219334,0.009627732,0.8069853,0.5792271,0.007701128,0.059109796,0.061233066,0.03621195,0.11704387,0.99127436,0.8069853,0.005010305,0.03987824,0.059109796,0.6559772,0.060653858,0.27129093,0.055219132,0.011370015,0.016155727,0.9381122,0.6770918,0.0009940472,0.034911346,0.04098851,0.008681035,0.118226215,0.9989436,0.9381122,0.0034705782,0.00891115,0.034911346,0.7548828,0.067087784,0.30565745,0.03466473,0.008007949,0.010584551,0.87874925,0.32523116,0.235901,0.035707504,0.03564691,0.036344934,0.020990703,0.73082596,0.87874925,0.0022646454,0.031854603,0.035707504,0.55154705,0.21580377,0.17057085,0.030564772,0.002927909,0.005809086,0.93071514,0.9675859,0.73575234,0.10490365,0.21241866,0.28585008
pork,pork_portion22_day3_rep3,pork_portion22,3,3,Fresh,0,0.15439251,0.37072596,0.3343241,0.05259623,0.049811736,0.049421344,0.46978185,0.59275156,0.37072596,0.0037375817,0.09476552,0.049811736,0.36203152,0.9223595,0.48703638,0.05164853,0.003962499,0.4992219,0.7653344,0.5154671,0.0020490831,0.037940875,0.038984958,0.013663893,0.110000566,0.9975249,0.7653344,0.0032145944,0.015970366,0.037940875,0.6037764,0.075456575,0.25682625,0.03585002,0.0056240633,0.010659965,0.9427705,0.6828959,0.00016270338,0.03493408,0.04800352,0.0023470586,0.11870714,0.9998002,0.9427705,0.005579329,0.0025374056,0.03493408,0.75982296,0.06617219,0.30724514,0.037967876,0.014319152,0.011401487,0.9011978,0.4550114,0.31066966,0.04289621,0.04594703,0.046340454,0.038910706,0.65503365,0.9011978,0.0018908333,0.037502624,0.04289621,0.6215576,0.16875893,0.16213033,0.03999041,0.005749712,0.0058755926,0.9103197,0.9610514,0.86071575,0.16425222,0.1341224,0.22516584
pork,pork_portion23_day3_rep3,pork_portion23,3,3,Fresh,0,0.12099987,0.33234313,0.28431138,0.053592023,0.047656793,0.050288096,0.46036562,0.65023434,0.33234313,0.0071567027,0.11873518,0.047656793,0.32168895,0.9216081,0.049883835,0.050785154,0.0033154518,0.20188327,0.8348692,0.63673747,0.008673321,0.05792965,0.061489254,0.023896866,0.12446965,0.98990947,0.8348692,0.0039954074,0.026913645,0.05792965,0.700256,0.04337975,0.2843046,0.055563357,0.007506506,0.016546475,0.9290859,0.57206273,0.0012362676,0.028531505,0.032259893,0.01365813,0.10047508,0.9987011,0.9290859,0.0029404843,0.014242912,0.028531505,0.6903592,0.11604231,0.28965732,0.027513424,0.0060939887,0.008395691,0.85175955,0.3367003,0.16608977,0.04465454,0.043499272,0.048793573,0.039360832,0.8055509,0.85175955,0.002587483,0.04938841,0.04465454,0.54328656,0.19982345,0.20003502,0.03820641,0.004692107,0.0060767904,0.9846579,0.9177937,0.76982075,0.07352854,0.23709786,0.19152492
pork,pork_portion24_day3_rep3,pork_portion24,3,3,Fresh,0,0.1950025,0.37955037,0.2928744,0.064710796,0.06351378,0.06362961,0.41975284,0.49942657,0.37955037,0.007350773,0.09839807,0.06351378,0.37148905,0.9211128,0.029599143,0.06627171,0.004183369,0.004993578,0.85063154,0.6525724,0.010719573,0.042422935,0.046317678,0.029040135,0.12526017,0.987818,0.85063154,0.0029779647,0.03202103,0.042422935,0.71481353,0.04208081,0.2886679,0.0410878,0.006574051,0.011295905,0.90387744,0.65527445,0.0,0.035019446,0.02981189,0.0,0.118696295,1.0,0.90387744,0.0027580273,0.0,0.035019446,0.73169327,0.06343261,0.29780915,0.027743142,0.0071170046,0.009155098,0.87495345,0.3743081,0.2641433,0.04337608,0.044392347,0.04607847,0.02831697,0.6977575,0.87495345,0.0018614138,0.042227216,0.04337608,0.5716455,0.1945838,0.16369934,0.03781067,0.008299695,0.008796423,0.97861403,0.96814203,0.7654344,0.028712153,0.24366245,0.24657933
pork,pork_portion25_day3_rep3,pork_portion25,3,3,Fresh,0,0.19891094,0.42155036,0.33912867,0.046401527,0.042469893,0.04135363,0.43647262,0.53281295,0.42155036,0.007032064,0.066721715,0.042469893,0.41087943,0.91097546,0.023371393,0.04353812,0.0035091958,0.026152208,0.8348675,0.6014372,0.0002724061,0.0347719,0.035238557,0.0036024838,0.11803402,0.9996657,0.8348675,0.0026765617,0.004075548,0.0347719,0.6781891,0.061237987,0.27998504,0.03212634,0.0045274594,0.010199569,0.9547859,0.6816802,0.0,0.031487767,0.03545395,0.0,0.11696447,1.0,0.9547859,0.0028477127,0.0,0.031487767,0.7625553,0.07183703,0.3087223,0.0303469,0.0062519573,0.009443167,0.87096673,0.37956426,0.1909283,0.038263924,0.03937952,0.04320785,0.044215385,0.7805272,0.87096673,0.0023469708,0.04246355,0.038263924,0.57079905,0.18867444,0.1997875,0.03382306,0.0062165866,0.006151294,0.9270161,0.9535483,0.76053643,0.089754246,0.1849441,0.24957609
pork,pork_portion26_day3_rep3,pork_portion26,3,3,Fresh,0,0.19544312,0.37259063,0.29023412,0.042807758,0.041155696,0.04136301,0.41973913,0.47996494,0.37259063,0.013849628,0.06558678,0.041155696,0.36585715,0.9241004,0.027630024,0.043371517,0.0028820736,0.0071701123,0.803555,0.61806995,0.00052035967,0.050723664,0.04917582,0.0049360706,0.1260797,0.99935585,0.803555,0.0028191567,0.005720183,0.050723664,0.67959243,0.039039943,0.2781717,0.045719117,0.0048829443,0.014615299,0.9477443,0.7012871,0.0,0.033672865,0.03265768,0.0,0.121409245,1.0,0.9477443,0.002446869,0.0,0.033672865,0.7724004,0.059045345,0.3106391,0.029304577,0.0052689426,0.009461761,0.85441506,0.32091728,0.1511431,0.047779467,0.04671726,0.05185283,0.03822943,0.82384306,0.85441506,0.003579813,0.0546231,0.047779467,0.5377997,0.2070037,0.2050157,0.038931593,0.009709735,0.007729773,0.97187084,0.99684095,0.75845736,0.10033775,0.23166527,0.29679194
pork,pork_portion27_day3_rep3,pork_portion27,3,3,Fresh,0,0.14477137,0.35582697,0.31631023,0.049833838,0.049574107,0.047712963,0.4668121,0.6023679,0.35582697,0.005362392,0.094771035,0.049574107,0.34684289,0.923294,0.23077258,0.051494017,0.005041978,0.41918302,0.80895984,0.63037866,0.017055849,0.061916947,0.064625636,0.037973747,0.12691496,0.97977436,0.80895984,0.0044646827,0.043731682,0.061916947,0.6889423,0.035354342,0.2784832,0.05917561,0.008292765,0.017259182,0.9595031,0.6382477,0.0,0.03070892,0.038989328,0.0,0.108751215,1.0,0.9595031,0.0043298653,0.0,0.03070892,0.7382277,0.095681235,0.30321234,0.031339772,0.010912479,0.009499796,0.8982497,0.38030016,0.22696641,0.037759382,0.034365952,0.03640092,0.035760347,0.7465208,0.8982497,0.002287197,0.03175551,0.037759382,0.5830689,0.1989524,0.1889653,0.03080609,0.006596528,0.005232805,0.95275664,0.91835314,0.76303434,0.08173075,0.2144457,0.21861285
pork,pork_portion28_day3_rep3,pork_portion28,3,3,Fresh,0,0.19671908,0.3829109,0.28591603,0.043747786,0.040071327,0.0409144,0.4107859,0.49105257,0.3829109,0.009670628,0.07111194,0.040071327,0.3745954,0.9186689,0.035211466,0.04210603,0.0031052907,0.0049205087,0.77174723,0.5623854,0.0033054946,0.058939435,0.06472337,0.016529791,0.11898439,0.9961534,0.77174723,0.005108154,0.018596701,0.058939435,0.63487273,0.053981908,0.26465645,0.05827379,0.009620707,0.017443884,0.9433865,0.6288954,0.0,0.033012766,0.039467245,0.0,0.109016255,1.0,0.9433865,0.0037860132,0.0,0.033012766,0.7277348,0.09349648,0.2996206,0.03291903,0.008686887,0.010090504,0.8366894,0.32105434,0.14832114,0.044659488,0.043306403,0.05225006,0.03979786,0.8235413,0.8366894,0.0023197387,0.055378992,0.044659488,0.5298032,0.20091864,0.20210174,0.038126495,0.004441693,0.0076235738,0.93170434,0.93569714,0.7530653,0.10680476,0.19116251,0.2454106
pork,pork_portion29_day3_rep3,pork_portion29,3,3,Fresh,0,0.11362416,0.30357513,0.27281928,0.043393444,0.04120012,0.036985483,0.47105658,0.6377946,0.30359602,0.0099767335,0.11311731,0.041137807,0.2943015,0.9309627,0.5578463,0.044145945,0.0047967504,0.49337503,0.7728139,0.5568783,0.0009678768,0.046219762,0.04737006,0.0079893125,0.11787087,0.9988403,0.7728139,0.0035244834,0.009200717,0.046219762,0.63173026,0.05714848,0.2642581,0.04366752,0.0056665526,0.013621277,0.86469096,0.6486981,0.0,0.021878943,0.019820873,0.0,0.1232098,1.0,0.86469096,0.002349342,0.0,0.021878943,0.71637976,0.050050896,0.29127675,0.018113894,0.0046475693,0.005932754,0.8928948,0.3867662,0.28309777,0.04186927,0.058446772,0.06143726,0.026455402,0.68302804,0.8928948,0.0029741982,0.05844724,0.04186927,0.58559036,0.19594097,0.16063754,0.042935967,0.014507347,0.014232592,0.98163307,1.012529,0.88480556,0.08913991,0.17924692,0.2354918
pork,pork_portion30_day3_rep3,pork_portion30,3,3,Fresh,0,0.07060658,0.27427363,0.23168705,0.054199174,0.056975536,0.055059172,0.46342665,0.769759,0.27427363,0.0047089485,0.1507285,0.056975536,0.2602614,0.92595875,0.027685769,0.061270222,0.0053923093,0.14682718,0.84421855,0.663727,0.0010101817,0.04154314,0.043332096,0.006581178,0.12896563,0.9987726,0.84421855,0.003330734,0.0074641644,0.04154314,0.7201094,0.033540774,0.2908988,0.038777336,0.006919626,0.012234902,0.91283536,0.67669535,0.0041830963,0.03076907,0.033498306,0.02046251,0.121380314,0.9955078,0.91283536,0.0029723921,0.02154527,0.03076907,0.7474108,0.056556687,0.30164573,0.028920922,0.0073100193,0.008461865,0.8642737,0.42031273,0.25830498,0.059732284,0.058574155,0.060070287,0.04273117,0.70256126,0.8642737,0.0027905747,0.052681267,0.059732284,0.58884597,0.16927058,0.17348288,0.052857276,0.008303253,0.0072079566,1.037859,1.0335513,0.837736,0.037290663,0.2223492,0.23296553
pork,pork_portion31_day3_rep1,pork_portion31,3,1,Fresh,0,0.12085306,0.3783904,0.36160392,0.061077714,0.056422822,0.05686752,0.48685107,0.6969909,0.3783904,0.0030860442,0.12960221,0.056422822,0.3675984,0.9181648,0.98777646,0.058798417,0.0043041552,0.036747456,0.76089793,0.5579041,0.011561067,0.05898624,0.060730763,0.03572862,0.11936606,0.9861222,0.76089793,0.0036793374,0.041229248,0.05898624,0.6287716,0.051542055,0.26100892,0.056064162,0.006600868,0.0155671155,0.9556477,0.6322277,0.0,0.028014315,0.03623116,0.0,0.10822276,1.0,0.9556477,0.0039046481,0.0,0.028014315,0.73349905,0.096997984,0.3018478,0.02926023,0.0093761,0.008894436,0.88907635,0.39139944,0.27383825,0.041500222,0.044898,0.045966692,0.030350104,0.69178134,0.88907635,0.0018761146,0.038840692,0.041500222,0.5853886,0.19240884,0.16522141,0.038162105,0.0057952586,0.0070521166,1.1607918,1.1307946,1.1183698,0.12125137,0.17578618,0.22295001
pork,pork_portion32_day3_rep1,pork_portion32,3,1,Fresh,0,0.15387496,0.36717895,0.31283054,0.056880243,0.046893165,0.049113248,0.4542946,0.59083146,0.36717895,0.012933808,0.1180306,0.046893165,0.35777393,0.919718,0.11644161,0.04936077,0.005337474,0.3054055,0.85807556,0.66775095,0.021656813,0.042891536,0.04292684,0.039239023,0.12664923,0.9750765,0.85807556,0.0023709452,0.043831628,0.042891536,0.72657424,0.037636615,0.2905636,0.039308667,0.004272925,0.010671129,0.9646826,0.65517753,0.0,0.02745102,0.041689243,0.0,0.11110816,1.0,0.9646826,0.0048931655,0.0,0.02745102,0.74978757,0.089366116,0.30629334,0.03210653,0.012577007,0.009398671,0.87896305,0.35706767,0.21267533,0.04238444,0.044100568,0.049263753,0.03371782,0.75823736,0.87896305,0.0024670165,0.04664383,0.04238444,0.56455994,0.2018929,0.1874857,0.037729245,0.004385726,0.007753079,0.97180235,0.9376581,0.75038695,0.058840666,0.25269312,0.24715745
pork,pork_portion33_day3_rep1,pork_portion33,3,1,Fresh,0,0.13138299,0.40907928,0.37768516,0.06720793,0.05733182,0.058765683,0.47907245,0.69303405,0.40907928,0.0048537846,0.12418195,0.05733182,0.39639568,0.90976596,0.8892489,0.058257893,0.0024952178,0.30519956,0.79654074,0.5857382,0.011371143,0.045805484,0.048856027,0.029259762,0.119850166,0.9863254,0.79654074,0.0036194772,0.034108687,0.045805484,0.65709877,0.052718025,0.27066615,0.044135638,0.007798523,0.0120909205,0.9583621,0.64151853,0.0029008484,0.034312773,0.05125122,0.020617042,0.10938626,0.99700755,0.9583621,0.0063945157,0.020925377,0.034312773,0.7399789,0.09359934,0.30315313,0.038552724,0.018138751,0.010839762,0.8547557,0.32281843,0.1596942,0.045026626,0.04790236,0.055293217,0.036988843,0.8140728,0.8547557,0.0023678364,0.057312727,0.045026626,0.53875047,0.20649388,0.20158286,0.040013686,0.004194838,0.008392137,1.0886422,1.0619255,0.99385166,0.09795817,0.20597532,0.25210035
pork,pork_portion34_day3_rep1,pork_portion34,3,1,Fresh,0,0.1687582,0.44599527,0.42439458,0.07855636,0.07145479,0.06968545,0.48490387,0.6403961,0.44599664,0.0039805556,0.13473773,0.07145553,0.4340442,0.91115755,0.98778224,0.07221839,0.004137428,0.03736403,0.7861656,0.59595704,0.024572276,0.06577771,0.06743257,0.046088386,0.12286236,0.9707753,0.7861656,0.003888949,0.053016,0.06577771,0.66038114,0.043113068,0.2686398,0.06206145,0.007507417,0.016349664,0.95268875,0.66333926,0.001893878,0.034601957,0.044580337,0.013937798,0.113891095,0.99806,0.95268875,0.004206102,0.014008096,0.034601957,0.75098854,0.08023548,0.3055278,0.036350068,0.010908209,0.010599466,0.8748952,0.36682984,0.21893913,0.047355935,0.053143397,0.05679684,0.035400197,0.750598,0.8748952,0.002782487,0.055539086,0.047355935,0.5673759,0.19624545,0.18515374,0.04372562,0.0070126015,0.009350684,1.1497371,1.1208731,1.0830925,0.10463508,0.19765987,0.248318
pork,pork_portion35_day3_rep1,pork_portion35,3,1,Fresh,0,0.19070515,0.36947477,0.29109275,0.077316076,0.06729138,0.07260819,0.42050335,0.501548,0.36947477,0.02628283,0.14250094,0.06729138,0.36226416,0.9251461,0.02811529,0.071470656,0.008145988,0.049202725,0.8339165,0.610983,0.0,0.032990843,0.033764802,0.0,0.12009738,1.0,0.8339165,0.0026196516,0.0,0.032990843,0.683933,0.055834405,0.28129637,0.030557463,0.0050189816,0.009740587,0.9414729,0.67951816,0.0,0.037971936,0.040390022,0.0,0.11823386,1.0,0.9414729,0.0030066231,0.0,0.037971936,0.75727445,0.067296766,0.30659592,0.03537608,0.005980139,0.01114757,0.84982103,0.32147023,0.19167377,0.04086556,0.043205466,0.047558196,0.03108817,0.77468574,0.84982103,0.0023151345,0.049341843,0.04086556,0.53656423,0.20609263,0.18540406,0.035858016,0.004370901,0.008571279,0.96087164,0.98462695,0.7564114,0.0784246,0.23127997,0.28751478
pork,pork_portion36_day3_rep1,pork_portion36,3,1,Fresh,0,0.1251649,0.34247926,0.28251103,0.0739076,0.07502909,0.081079744,0.4512433,0.66297895,0.34247926,0.010896542,0.15430252,0.07502909,0.3303666,0.9178582,0.03872057,0.07864572,0.0041082473,0.15543997,0.7995931,0.62801933,0.03941146,0.0451992,0.054848738,0.059473217,0.12710015,0.9529051,0.7995931,0.0036450375,0.069460295,0.0451992,0.6851378,0.03272106,0.2732264,0.0477083,0.010423866,0.00900387,0.9398387,0.6681731,0.0083060255,0.03879143,0.060507182,0.030356662,0.11604186,0.9912385,0.9398387,0.0072987205,0.03122657,0.03879143,0.75023395,0.07245117,0.30369505,0.045869496,0.0208383,0.012294493,0.90246886,0.45670557,0.3000614,0.038410347,0.036563493,0.03844573,0.041034106,0.666772,0.90246886,0.0019888035,0.029225146,0.038410347,0.6225027,0.16804773,0.16816637,0.033702325,0.0033108087,0.0040372703,0.98199964,0.98041475,0.8150555,0.08212385,0.18241183,0.20933706
pork,pork_portion37_day3_rep1,pork_portion37,3,1,Fresh,0,0.14361559,0.33079663,0.2645396,0.07856115,0.08382219,0.09235698,0.43539417,0.59799474,0.33079663,0.02698424,0.16291663,0.08382219,0.32031554,0.92464113,0.066725165,0.08882187,0.005804029,0.20809321,0.80844045,0.6334795,0.017464355,0.037213836,0.039822206,0.037087098,0.12797745,0.9790274,0.80844045,0.002540743,0.04343502,0.037213836,0.6910465,0.033499423,0.27898628,0.035846565,0.0057756617,0.008883338,0.9492309,0.6792361,0.0,0.028439313,0.034994632,0.0,0.117202714,1.0,0.9492309,0.0032812182,0.0,0.028439313,0.75948924,0.070715435,0.3076383,0.029025191,0.007793678,0.008924357,0.8294609,0.3036952,0.14806822,0.044586457,0.04139129,0.047206376,0.036169775,0.82197016,0.8294609,0.0026618468,0.05130308,0.044586457,0.5195259,0.2054022,0.19848129,0.036369238,0.0058430126,0.00788381,0.9882458,0.9900009,0.7578582,0.08300832,0.2558338,0.29603747
pork,pork_portion38_day3_rep1,pork_portion38,3,1,Fresh,0,0.13474058,0.37405592,0.35317272,0.05274214,0.053100646,0.05780186,0.48263654,0.64844745,0.37405592,0.007366581,0.099740684,0.053100646,0.36443168,0.9206423,0.88052994,0.05461391,0.004505849,0.3111542,0.78960276,0.6112107,0.0013458481,0.046564173,0.04407136,0.010307352,0.12689485,0.9984047,0.78960276,0.0025026689,0.011706948,0.046564173,0.67133623,0.036476344,0.2750876,0.04138479,0.004553344,0.0130777145,0.9521633,0.6223372,0.0,0.02736014,0.031379946,0.0,0.106850185,1.0,0.9521633,0.0030462765,0.0,0.02736014,0.7265937,0.10050679,0.29999363,0.02644359,0.0064858636,0.008264998,0.89605373,0.35938445,0.2242522,0.033340536,0.035490338,0.036889117,0.031205602,0.74895024,0.89605373,0.0017174097,0.032840915,0.033340536,0.5729648,0.20707701,0.18613458,0.0297534,0.00424681,0.0056198984,1.114675,1.0680852,1.017274,0.08816799,0.21608834,0.21891306
pork,pork_portion39_day3_rep1,pork_portion39,3,1,Fresh,0,0.10733678,0.32676414,0.2783059,0.067011215,0.070665985,0.08283869,0.45967185,0.69651663,0.32679918,0.017004216,0.14718653,0.07076151,0.31451014,0.92019826,0.24044377,0.07410556,0.003828124,0.41370857,0.7996581,0.57403487,0.0,0.049046423,0.037560213,0.0,0.11767538,1.0,0.7996581,0.0047800764,0.0,0.049046423,0.6507495,0.059926935,0.2709101,0.036274347,0.013140763,0.012041262,0.9614683,0.6912248,0.0,0.029316023,0.03776098,0.0,0.11782388,1.0,0.9614683,0.0037105319,0.0,0.029316023,0.7703104,0.069955185,0.31104878,0.030908063,0.008560759,0.009412668,0.8462179,0.35712448,0.22952296,0.034037758,0.03410715,0.035618953,0.032317072,0.7280441,0.8462179,0.0017087375,0.03259963,0.034037758,0.5510501,0.19072884,0.171754,0.03005945,0.00434103,0.0051226765,0.9241493,0.96729124,0.7699319,0.12651674,0.19204438,0.2864688
pork,pork_portion40_day3_rep1,pork_portion40,3,1,Fresh,0,0.13882433,0.42400005,0.42899346,0.06655576,0.05657517,0.059287865,0.5009927,0.68934727,0.4296209,0.004293478,0.11251256,0.059181284,0.41342127,0.91620785,0.97393745,0.05728952,0.0026821042,0.0044160653,0.7627458,0.6024644,0.0028073634,0.03911266,0.039954208,0.0124099525,0.12952904,0.99636364,0.7627458,0.0033071125,0.015257942,0.03911266,0.6583374,0.029183358,0.2699603,0.036740735,0.006568862,0.011256973,0.9671466,0.66518056,0.0,0.013680175,0.013664999,0.0,0.11284793,1.0,0.9671466,0.0016386353,0.0,0.013680175,0.7563597,0.085229054,0.3081041,0.012137955,0.003045712,0.0038407038,0.88198334,0.39694056,0.26185498,0.04485386,0.060845647,0.050651383,0.03458095,0.7032154,0.88198334,0.0056696506,0.044191215,0.04485386,0.58508414,0.18668444,0.17114903,0.04688911,0.013578555,0.0074709537,1.1586113,1.1186897,1.0982449,0.11918236,0.1998407,0.2416303
pork,pork_portion31_day3_rep2,pork_portion31,3,2,Fresh,0,0.12698042,0.38049543,0.36459848,0.06193551,0.058573134,0.05737125,0.48728985,0.68301255,0.38049543,0.0035712828,0.12839995,0.058573134,0.3700276,0.91901785,0.9887657,0.060775213,0.004373313,0.0027490817,0.7613518,0.56017077,0.012138767,0.06034802,0.06263201,0.035388116,0.11975445,0.9855421,0.7613518,0.003776358,0.040519666,0.06034802,0.6303389,0.05060147,0.26141497,0.057654165,0.006825041,0.015744029,0.95355463,0.62776774,0.0,0.029331222,0.035305817,0.0,0.107600085,1.0,0.95355463,0.0036492597,0.0,0.029331222,0.7302133,0.09835274,0.30090258,0.029206086,0.008484553,0.0089747505,0.88738143,0.38910308,0.2676528,0.041851107,0.045780834,0.047072437,0.030977214,0.6982411,0.88738143,0.001719823,0.04052344,0.041851107,0.5834524,0.19255511,0.16755973,0.0386988,0.0060090236,0.007421647,1.162303,1.1297702,1.1169949,0.117534444,0.17651625,0.2195294
pork,pork_portion32_day3_rep2,pork_portion32,3,2,Fresh,0,0.16027051,0.36970437,0.31822154,0.056084115,0.0489173,0.052536607,0.45583567,0.57676506,0.36970437,0.015121638,0.11132452,0.0489173,0.36090255,0.92117244,0.22945404,0.051412337,0.0040640538,0.41042167,0.85822856,0.6685966,0.024700759,0.04055435,0.04077612,0.03958021,0.12660863,0.9714557,0.85822856,0.002113244,0.044245213,0.04055435,0.7271535,0.037238937,0.29038164,0.03723544,0.004164907,0.009698842,0.9620182,0.6595033,0.0,0.029840339,0.04215907,0.0,0.11216619,1.0,0.9620182,0.0047726976,0.0,0.029840339,0.75150967,0.086042635,0.30652994,0.03316391,0.012072346,0.009823886,0.88110346,0.358218,0.20598798,0.04454011,0.047760203,0.053319763,0.035286877,0.76681364,0.88110346,0.0025211119,0.051498704,0.04454011,0.5658978,0.20193294,0.19141845,0.040166896,0.004770388,0.008105585,0.9587441,0.9251791,0.7488493,0.056884024,0.25084102,0.24725083
pork,pork_portion33_day3_rep2,pork_portion33,3,2,Fresh,0,0.13431302,0.40827942,0.37667662,0.06850603,0.058448933,0.059846565,0.47852287,0.6859034,0.40827942,0.0050676274,0.12580353,0.058448933,0.39586347,0.9104471,0.85240144,0.05948238,0.0022946976,0.3473621,0.7951179,0.5871751,0.01195448,0.047888644,0.04960072,0.030390635,0.12040825,0.9855885,0.7951179,0.003445043,0.035401497,0.047888644,0.6575208,0.05138937,0.2705968,0.04529892,0.0071392744,0.01245284,0.95320886,0.64700806,0.0063607283,0.03829491,0.054405786,0.033245757,0.11083549,0.99337643,0.95320886,0.0072598965,0.03400077,0.03829491,0.7417382,0.088649936,0.30258816,0.040447522,0.021602545,0.011248088,0.85745233,0.32749242,0.15853225,0.047162075,0.04891085,0.056099158,0.03821594,0.8163772,0.85745233,0.0023204582,0.05745861,0.047162075,0.54177845,0.20548065,0.20326361,0.04157156,0.004177632,0.0076301727,1.0700194,1.0475087,0.96935487,0.09749037,0.20414253,0.25198945
pork,pork_portion34_day3_rep2,pork_portion34,3,2,Fresh,0,0.17068616,0.44691792,0.4236382,0.079619855,0.07156008,0.069999814,0.4838119,0.6369542,0.44691792,0.0034937055,0.13575312,0.07156008,0.4349513,0.91087365,0.9896252,0.07233689,0.0040791053,0.01858377,0.7995749,0.612365,0.030707508,0.06293361,0.06526175,0.050484452,0.12395049,0.9636161,0.7995749,0.0037671782,0.057754166,0.06293361,0.67481154,0.04064058,0.27217218,0.05970151,0.008085745,0.015145279,0.9549301,0.6672121,0.0006799936,0.032209523,0.04246346,0.0076683275,0.114333756,0.99930507,0.9549301,0.0041755345,0.007702782,0.032209523,0.753938,0.0792196,0.30657467,0.03435847,0.010590928,0.01019929,0.8642319,0.35317975,0.21040544,0.04635863,0.049014393,0.052973147,0.034206815,0.7570249,0.8642319,0.002392928,0.05082104,0.04635863,0.55656546,0.19826148,0.18466362,0.04163391,0.0051395614,0.009110339,1.153073,1.122479,1.0819285,0.09451387,0.21560203,0.2607474
pork,pork_portion35_day3_rep2,pork_portion35,3,2,Fresh,0,0.18343794,0.36223578,0.28474453,0.0768242,0.06866016,0.07306072,0.4205632,0.5104341,0.36223578,0.028593658,0.14250351,0.06866016,0.3547682,0.925245,0.026420241,0.07245187,0.008721992,0.034234192,0.8367447,0.6149846,9.456265e-05,0.032003846,0.0314534,0.0018004094,0.12033966,0.9998846,0.8367447,0.002329291,0.0020920264,0.032003846,0.68723243,0.054995783,0.28232658,0.02874822,0.0044714697,0.009250034,0.9483384,0.68522793,0.0,0.03599093,0.038918868,0.0,0.11835342,1.0,0.9483384,0.002920719,0.0,0.03599093,0.76274854,0.06732239,0.30838978,0.033899963,0.005774539,0.010665487,0.8469989,0.32212064,0.1910584,0.044601794,0.046822798,0.050678983,0.031312395,0.77500564,0.8469989,0.0023309952,0.052174583,0.044601794,0.53559685,0.20477,0.18510246,0.039140888,0.0045438516,0.008465272,0.9661026,0.9909521,0.7595809,0.08083265,0.23426096,0.29272768
pork,pork_portion36_day3_rep2,pork_portion36,3,2,Fresh,0,0.123134874,0.33863735,0.28258273,0.077950485,0.07796712,0.08309545,0.45410824,0.6684492,0.33863735,0.009982842,0.16338834,0.07796712,0.32670376,0.9193109,0.043923326,0.081868365,0.0043755057,0.17584766,0.7975294,0.6144337,0.02908532,0.04228336,0.05177947,0.0558149,0.12502235,0.9652954,0.7975294,0.0033993965,0.065447174,0.04228336,0.6757935,0.038712718,0.27221373,0.044915177,0.009714744,0.009482604,0.94377285,0.676609,0.016520647,0.03803826,0.061987318,0.046553575,0.1166716,0.98267615,0.94377285,0.0069914297,0.047966678,0.03803826,0.7565503,0.07000886,0.30415174,0.046784054,0.021155909,0.012238881,0.90187585,0.45726848,0.29777047,0.036801685,0.035918374,0.037930213,0.04185866,0.669055,0.90187585,0.0024564795,0.029046744,0.036801685,0.62257296,0.16742279,0.16931634,0.03273231,0.0036963131,0.004336249,0.9743887,0.9868135,0.81767833,0.09231004,0.17316635,0.21358837
pork,pork_portion37_day3_rep2,pork_portion37,3,2,Fresh,0,0.14587268,0.33111474,0.26423708,0.0788723,0.083584234,0.091956146,0.43396765,0.5917695,0.33111474,0.028351374,0.16475321,0.083584234,0.32083955,0.9250624,0.075977445,0.088582896,0.005469314,0.22536488,0.80875254,0.6336661,0.016921103,0.037192248,0.039895345,0.037504148,0.12803936,0.97971225,0.80875254,0.0024376812,0.043931477,0.037192248,0.6912642,0.03356548,0.27906552,0.035885427,0.0057431017,0.008844674,0.950416,0.68003094,0.0,0.028860006,0.034696393,0.0,0.11721881,1.0,0.950416,0.0032785453,0.0,0.028860006,0.7602983,0.070820585,0.3079154,0.028907975,0.0077524935,0.008873521,0.8238924,0.30423158,0.15924056,0.043549303,0.03594725,0.040605083,0.034380175,0.8065259,0.8238924,0.0022640543,0.04141207,0.043549303,0.5172551,0.20349288,0.19235545,0.0340295,0.0060917465,0.008258263,0.9865222,0.9882552,0.7568259,0.08358208,0.2582114,0.30004337
pork,pork_portion38_day3_rep2,pork_portion38,3,2,Fresh,0,0.13860935,0.37024376,0.34953567,0.052839868,0.055416014,0.059812035,0.48237002,0.63482606,0.37024376,0.0074778623,0.09798051,0.055416014,0.36105797,0.92236716,0.86380994,0.056981523,0.004936523,0.3315039,0.81010664,0.6254372,5.0521605e-05,0.037617438,0.037803017,0.00081657263,0.12661594,0.99992096,0.81010664,0.0025047064,0.0011261313,0.037617438,0.68626714,0.038035464,0.2802875,0.034681067,0.004520383,0.011091816,0.9507879,0.62487704,0.0,0.027837686,0.032195643,0.0,0.10742958,1.0,0.9507879,0.0032691318,0.0,0.027837686,0.7276432,0.09867285,0.30011675,0.026940066,0.0075129517,0.008394782,0.89195496,0.36220136,0.23097001,0.033074845,0.0342032,0.035003945,0.030830098,0.7401478,0.89195496,0.0026707735,0.030611902,0.033074845,0.5725488,0.20479399,0.18234792,0.028896794,0.005218781,0.0053603584,1.1082878,1.0633,1.0119438,0.07603992,0.2243489,0.22177796
pork,pork_portion39_day3_rep2,pork_portion39,3,2,Fresh,0,0.10991179,0.32639876,0.27714148,0.067183524,0.070355184,0.0796053,0.45867565,0.6877158,0.3264109,0.014928185,0.14774023,0.0703902,0.31433854,0.92071724,0.21723545,0.07360916,0.004496448,0.39963827,0.8058046,0.58086747,0.0,0.051253214,0.04036983,0.0,0.11811508,1.0,0.8058046,0.0049690045,0.0,0.051253214,0.65679127,0.059104633,0.27284995,0.03854232,0.013772505,0.012778654,0.95936,0.69044435,0.0,0.030879106,0.03912392,0.0,0.117855445,1.0,0.95936,0.0037667693,0.0,0.030879106,0.76918155,0.06947658,0.31064087,0.032171655,0.008870056,0.009814238,0.84401274,0.35311297,0.22403368,0.03744863,0.037281767,0.039213482,0.032695293,0.73421764,0.84401274,0.0019278257,0.036450434,0.03744863,0.548221,0.19147396,0.17328042,0.033047717,0.0040779007,0.0054639503,0.9288397,0.96964806,0.76709116,0.11902649,0.19804856,0.28735834
pork,pork_portion40_day3_rep2,pork_portion40,3,2,Fresh,0,0.13753656,0.42158282,0.4256431,0.065425135,0.05702864,0.060008522,0.50033295,0.6899005,0.42675138,0.0049042734,0.11064976,0.059494503,0.4109391,0.91633856,0.9745693,0.057664406,0.0032467516,0.0049452097,0.7703434,0.60848856,0.0047067003,0.0386923,0.04239685,0.016593942,0.12936777,0.99402976,0.7703434,0.00356137,0.020393418,0.0386923,0.6642711,0.02943596,0.27166677,0.038170215,0.0070650596,0.01131309,0.9673271,0.66611266,0.0,0.013963059,0.01441427,0.0,0.11283956,1.0,0.9673271,0.0016474327,0.0,0.013963059,0.75699306,0.08489113,0.30822062,0.01263652,0.0030959952,0.0039777574,0.8855482,0.3976307,0.25886673,0.045733426,0.062306363,0.051712614,0.03531123,0.70778793,0.8855482,0.00601197,0.045037035,0.045733426,0.58687055,0.18748422,0.17367329,0.047246687,0.015134096,0.0071862717,1.1596746,1.120303,1.0970938,0.11405621,0.20142697,0.23993748
pork,pork_portion31_day3_rep3,pork_portion31,3,3,Fresh,0,0.12272559,0.37899777,0.3618927,0.063309126,0.058412887,0.057374462,0.48653176,0.693983,0.37899777,0.003131317,0.13360305,0.058412887,0.368288,0.91831446,0.98930013,0.060799636,0.0038862587,0.0022611506,0.7646583,0.5576859,0.016404461,0.0601305,0.061803892,0.0416757,0.118480526,0.9804334,0.7646583,0.0035461644,0.04781398,0.0601305,0.62972045,0.0533542,0.26072505,0.057145663,0.006328789,0.0148882475,0.9549408,0.63185936,0.0,0.027090192,0.034868564,0.0,0.10821789,1.0,0.9549408,0.0040153847,0.0,0.027090192,0.7330674,0.096835345,0.301744,0.027813235,0.010147305,0.008433796,0.8885758,0.38902938,0.27709112,0.04134906,0.044413902,0.045271106,0.028984027,0.6879117,0.8885758,0.00214333,0.037869852,0.04134906,0.58409345,0.19344229,0.16293845,0.037936922,0.005095256,0.0069270623,1.1607432,1.1316472,1.1202166,0.119389094,0.17682962,0.22537328
pork,pork_portion32_day3_rep3,pork_portion32,3,3,Fresh,0,0.14826539,0.37217313,0.32114688,0.053155936,0.046231225,0.050158758,0.45907012,0.6110897,0.37217313,0.013433166,0.1098736,0.046231225,0.36209238,0.9175536,0.17440066,0.048359387,0.0038902962,0.37034026,0.8503249,0.6633143,0.02204638,0.04860322,0.04925345,0.03495426,0.12682626,0.974162,0.8503249,0.0028132773,0.039309926,0.04860322,0.7215036,0.036564905,0.2888973,0.045127995,0.005596862,0.012583203,0.96437347,0.65839,0.0,0.028929688,0.042346414,0.0,0.11169396,1.0,0.96437347,0.0049332995,0.0,0.028929688,0.75158536,0.0876279,0.30673474,0.032880932,0.012706299,0.009706712,0.87909716,0.35318717,0.21319456,0.042360526,0.044570036,0.04932888,0.032648776,0.757708,0.87909716,0.0020320418,0.047198705,0.042360526,0.56291336,0.20352125,0.18656114,0.03779885,0.004007793,0.0075462223,0.958346,0.92627954,0.741835,0.061891157,0.25198805,0.2519327
pork,pork_portion33_day3_rep3,pork_portion33,3,3,Fresh,0,0.12978534,0.4066958,0.37690762,0.06793898,0.058370374,0.05885016,0.47998372,0.6959273,0.4066958,0.004172726,0.12639923,0.058370374,0.39418542,0.9104796,0.9191325,0.059317704,0.0025341343,0.2613736,0.79633373,0.5818292,0.013109662,0.04954341,0.052256152,0.031168688,0.11889562,0.9842775,0.79633373,0.0035315475,0.036233902,0.04954341,0.65450907,0.054675978,0.269759,0.04741978,0.0077433377,0.012841072,0.95145214,0.6494289,0.0093617,0.040889468,0.054568827,0.041097466,0.111322194,0.9902028,0.95145214,0.0067807348,0.042305395,0.040889468,0.74258494,0.08677401,0.3020945,0.04158833,0.020782268,0.012116301,0.8536239,0.32238495,0.16253369,0.04767612,0.049917534,0.056226797,0.03646876,0.8107633,0.8536239,0.0023835914,0.057727426,0.04767612,0.5381308,0.20629726,0.19995433,0.042073563,0.0041954652,0.008071131,1.105375,1.0865583,1.0167646,0.09916263,0.20348366,0.25791454
pork,pork_portion34_day3_rep3,pork_portion34,3,3,Fresh,0,0.17400214,0.4426479,0.42164597,0.08019729,0.07422673,0.072835304,0.48480752,0.6266889,0.4426479,0.0037036466,0.13715473,0.07422673,0.43119752,0.913015,0.9882533,0.075135626,0.0044878037,0.032390814,0.7973392,0.6032702,0.027201358,0.06670041,0.06788851,0.04884444,0.122522324,0.9680442,0.7973392,0.003843278,0.055341996,0.06670041,0.6682165,0.044272155,0.27096075,0.06246882,0.007951696,0.016028536,0.9548357,0.6668022,0.0006243919,0.032203753,0.042241186,0.007286396,0.11426815,0.99936175,0.9548357,0.0040957425,0.007309046,0.032203753,0.75367105,0.079402424,0.30651975,0.03432311,0.010268709,0.010192232,0.87024635,0.35605195,0.21834011,0.048833497,0.05391657,0.057100665,0.032800347,0.7500916,0.87024635,0.0022386624,0.054736808,0.048833497,0.5606608,0.19923925,0.18255208,0.044830114,0.0056335456,0.008421145,1.1512605,1.1241262,1.0841545,0.099000275,0.20832458,0.25880843
pork,pork_portion35_day3_rep3,pork_portion35,3,3,Fresh,0,0.19158025,0.3691753,0.29357862,0.079752654,0.06948758,0.073078424,0.42261016,0.49983495,0.3691753,0.025102206,0.14612098,0.06948758,0.36226282,0.9259462,0.0321528,0.073685355,0.008774351,0.08700027,0.83330184,0.6113323,0.00017531085,0.03442256,0.03399549,0.002822396,0.12017317,0.99979764,0.83330184,0.002414793,0.0031883747,0.03442256,0.6839124,0.055392087,0.28121626,0.03112604,0.0046669054,0.009991936,0.9436893,0.6806754,0.0,0.038066335,0.040323794,0.0,0.11812293,1.0,0.9436893,0.0031173343,0.0,0.038066335,0.75863975,0.06767692,0.30704865,0.035344828,0.0065521607,0.011102264,0.8506587,0.3236453,0.19492072,0.042404477,0.043408662,0.047730196,0.030936608,0.7710867,0.8506587,0.0024242902,0.0488494,0.042404477,0.53788555,0.20561343,0.18435091,0.036857095,0.0044175163,0.008816307,0.9609139,0.9845347,0.75689286,0.08001504,0.23080985,0.28777358
pork,pork_portion36_day3_rep3,pork_portion36,3,3,Fresh,0,0.12857012,0.3434991,0.2904534,0.073761486,0.074720785,0.07984848,0.4563894,0.65387625,0.3434991,0.009710774,0.1529107,0.074720785,0.332113,0.91987115,0.046603985,0.078381605,0.004058971,0.18757343,0.8023709,0.63293046,0.041290175,0.044952124,0.053464778,0.061482243,0.1276375,0.95078653,0.8023709,0.003352288,0.07148719,0.044952124,0.6890179,0.03149037,0.27396432,0.0467608,0.009560414,0.008766048,0.94338775,0.67434466,0.016063597,0.03859979,0.063331224,0.047126595,0.11641131,0.9832227,0.94338775,0.0074664797,0.04838681,0.03859979,0.7550964,0.070964664,0.30383858,0.047478486,0.02230786,0.012272536,0.90206224,0.4573244,0.30019778,0.035654005,0.03350865,0.035537343,0.04146936,0.6662802,0.90206224,0.0020294231,0.026930278,0.035654005,0.62270117,0.1675903,0.16809854,0.030999469,0.003221626,0.0039956206,0.9840194,0.982714,0.8155543,0.08256548,0.18473944,0.21281533
pork,pork_portion37_day3_rep3,pork_portion37,3,3,Fresh,0,0.14892036,0.33299702,0.27170965,0.08102938,0.08468239,0.09090658,0.43948913,0.58680254,0.33299702,0.024574969,0.16725975,0.08468239,0.32325828,0.926489,0.09262658,0.08983581,0.0057086498,0.25943097,0.803444,0.6296914,0.023352897,0.03888084,0.043169267,0.046507716,0.12764709,0.9717908,0.803444,0.0026468164,0.05507363,0.03888084,0.68724334,0.033385217,0.27660865,0.038489576,0.0068267845,0.009505624,0.9508284,0.67843056,0.0,0.028866792,0.03412045,0.0,0.11696419,1.0,0.9508284,0.0032521253,0.0,0.028866792,0.7594602,0.07181545,0.30773488,0.028510116,0.007813939,0.008739894,0.8312778,0.305881,0.15896788,0.042212408,0.037692863,0.04133481,0.034438476,0.80863684,0.8312778,0.0023409354,0.04257311,0.042212408,0.52132607,0.2053723,0.19446684,0.033917632,0.00613111,0.0069795866,0.9818192,0.98336697,0.7547261,0.08752715,0.25269622,0.29559255
pork,pork_portion38_day3_rep3,pork_portion38,3,3,Fresh,0,0.13591778,0.36848873,0.3490525,0.052944522,0.055967037,0.061018523,0.48327938,0.640368,0.36849546,0.008457566,0.09860515,0.05596864,0.35931948,0.9224625,0.8443708,0.05756343,0.004907359,0.35020053,0.8072907,0.62630665,0.000120159486,0.038843576,0.03789297,0.001699364,0.12724414,0.999842,0.8072907,0.0023023542,0.002061062,0.038843576,0.6860324,0.036489807,0.28007975,0.035155214,0.0038057438,0.011276099,0.9521865,0.62176174,0.0,0.025645241,0.02977496,0.0,0.1067857,1.0,0.9521865,0.002979781,0.0,0.025645241,0.7262889,0.10081996,0.29988423,0.024820369,0.00687278,0.00779097,0.8885167,0.36074314,0.23169792,0.032254096,0.03474812,0.03551359,0.030849222,0.7383797,0.8885167,0.0020012225,0.03131166,0.032254096,0.57048583,0.20423372,0.18100044,0.028965179,0.0047321185,0.0051428066,1.1000515,1.051774,1.000252,0.0784294,0.22650771,0.22159053
pork,pork_portion39_day3_rep3,pork_portion39,3,3,Fresh,0,0.10361723,0.32026097,0.27485764,0.06787459,0.07093209,0.08141575,0.4617412,0.7034863,0.32035673,0.016053421,0.15205418,0.07109876,0.30801517,0.9216685,0.268662,0.074558266,0.0040738434,0.43152556,0.8051407,0.580006,0.0,0.05258749,0.042062536,0.0,0.118051745,1.0,0.8051407,0.0051658917,0.0,0.05258749,0.6560724,0.059221964,0.27259845,0.03997732,0.014073867,0.013217978,0.96075463,0.68941134,0.0,0.030630179,0.039814763,0.0,0.11755496,1.0,0.96075463,0.003867522,0.0,0.030630179,0.76894754,0.07050919,0.31069592,0.032583058,0.008995607,0.0099241985,0.84568876,0.35127813,0.22571725,0.037688527,0.038317803,0.040367827,0.032031696,0.73274624,0.84568876,0.0015994782,0.037414543,0.037688527,0.5481284,0.19297361,0.17250761,0.03357942,0.0040462315,0.005613415,0.93003947,0.96886414,0.7732376,0.11966462,0.19889589,0.2878448
pork,pork_portion40_day3_rep3,pork_portion40,3,3,Fresh,0,0.13756296,0.42075762,0.42724323,0.06616421,0.057670858,0.060823284,0.50176823,0.6912996,0.4281192,0.0050684474,0.11050014,0.060824342,0.4103452,0.91694474,0.97320044,0.058397844,0.0027905563,0.005211571,0.7711371,0.6075491,0.0068149487,0.03871584,0.0418804,0.021584362,0.12894459,0.99142593,0.7711371,0.0032164245,0.026268262,0.03871584,0.66388804,0.0303317,0.27133283,0.037889156,0.00651296,0.010945876,0.9699534,0.66839826,0.0,0.014723167,0.015064432,0.0,0.11307307,1.0,0.9699534,0.0014763292,0.0,0.014723167,0.75910187,0.08491339,0.30885443,0.01332708,0.0027777317,0.0041450667,0.8863856,0.39722237,0.26088095,0.044471703,0.061725393,0.05206622,0.034656074,0.70571166,0.8863856,0.005704785,0.04568945,0.044471703,0.5871383,0.18804961,0.17274974,0.046378005,0.015275154,0.007431392,1.1588722,1.1203852,1.0969344,0.115985796,0.20120658,0.242349
pork,pork_portion01_day4_rep1,pork_portion01,4,1,Sub-fresh,1,0.11771103,0.3408466,0.3298847,0.052688032,0.04643611,0.046871603,0.48992017,0.668627,0.3408466,0.0042650416,0.121648,0.04643611,0.33211184,0.927237,0.9878064,0.049248274,0.003506203,0.0036169605,0.6987391,0.5021471,0.03692638,0.03169746,0.032970294,0.04105535,0.11517217,0.94811624,0.6987391,0.0024273826,0.05575271,0.03169746,0.5747315,0.053512014,0.23883395,0.030996265,0.0043981504,0.0049112844,0.9044877,0.5553006,0.0013161799,0.03411077,0.03723837,0.015391902,0.100170866,0.9986433,0.9044877,0.0036516748,0.015563528,0.03411077,0.6726454,0.11427353,0.2836668,0.031764433,0.008772277,0.009433426,0.8348318,0.46153367,0.36773545,0.046673313,0.050266948,0.050866935,0.031226555,0.55965465,0.8348318,0.001922582,0.04147149,0.046673313,0.6022829,0.14292951,0.11949887,0.04511686,0.0064873793,0.006484272,1.1761035,1.1281335,1.2008699,0.12364898,0.15164243,0.18089542
pork,pork_portion02_day4_rep1,pork_portion02,4,1,Sub-fresh,1,0.09737788,0.356965,0.35828996,0.05940009,0.051647864,0.051769268,0.49868146,0.74521756,0.3596706,0.0038613118,0.13433848,0.05167843,0.3469425,0.9231464,0.9783578,0.053759012,0.0042419923,0.0034047181,0.7635687,0.56653124,0.0,0.040821526,0.042536296,0.0,0.12155376,1.0,0.7635687,0.0037804043,0.0,0.040821526,0.6352667,0.048046775,0.26466623,0.03876144,0.0073851068,0.012248555,0.91727966,0.56333023,0.0,0.023834772,0.023342703,0.0,0.10031162,1.0,0.91727966,0.0031223143,0.0,0.023834772,0.6815712,0.11544911,0.2868887,0.019679386,0.0083676465,0.006340847,0.8225194,0.3589411,0.24719562,0.03784883,0.03884026,0.038616817,0.030288354,0.69902325,0.8225194,0.0022218158,0.035386395,0.03784883,0.54237884,0.18169723,0.15741697,0.03396865,0.006154777,0.0055498397,1.1654552,1.1146662,1.123337,0.08474087,0.19491795,0.20131132
pork,pork_portion03_day4_rep1,pork_portion03,4,1,Sub-fresh,1,0.10043208,0.34033474,0.35277402,0.055576067,0.04935105,0.053457633,0.50530446,0.7295856,0.35394326,0.008956926,0.13316582,0.05216569,0.33196488,0.9300453,0.9732273,0.052297194,0.0041544256,0.009590775,0.6482099,0.45020422,0.07231027,0.050284468,0.05015723,0.06406099,0.10743514,0.8933897,0.6482099,0.0027741643,0.088213824,0.050284468,0.52599686,0.059132855,0.2130629,0.04852341,0.0050687287,0.0047542425,0.88526934,0.71235716,0.0058104526,0.032486293,0.030014856,0.018267829,0.13219465,0.99310935,0.88526934,0.0018367307,0.021079134,0.032486293,0.7622565,0.026848026,0.3033915,0.027656522,0.0031012022,0.009176945,0.8143911,0.3460042,0.21359901,0.046666116,0.04362601,0.044974886,0.034870412,0.73810756,0.8143911,0.0017325112,0.044646915,0.046666116,0.5323068,0.18345259,0.17042002,0.040151678,0.004102353,0.006022951,1.1721718,1.2039918,1.1144671,0.25499055,0.13158125,0.30835575
pork,pork_portion04_day4_rep1,pork_portion04,4,1,Sub-fresh,1,0.115208976,0.35766193,0.3659665,0.060931187,0.05829479,0.058465283,0.503378,0.70372564,0.3661336,0.0030439391,0.13415478,0.05840689,0.34918162,0.92776585,0.97541046,0.061014213,0.004324936,0.0028559298,0.71637267,0.5857294,0.15190546,0.04938544,0.05178675,0.06673824,0.1260228,0.7913077,0.71637267,0.002535988,0.081117846,0.04938544,0.6355096,0.01984383,0.22767399,0.048385862,0.005177615,0.00437707,0.90496385,0.5840874,6.0902148e-05,0.04098087,0.045694605,0.0015136611,0.10544008,0.9999378,0.90496385,0.004054632,0.0015221086,0.04098087,0.6893657,0.09999313,0.28772515,0.039426133,0.008176493,0.012257441,0.8176251,0.38301194,0.25336483,0.043978307,0.039570667,0.040961217,0.035796173,0.689778,0.8176251,0.001805599,0.035154197,0.043978307,0.5520163,0.16908133,0.15799223,0.037456203,0.005102861,0.005673096,1.2105436,1.128647,1.1335416,0.11371248,0.18465781,0.20116824
pork,pork_portion05_day4_rep1,pork_portion05,4,1,Sub-fresh,1,0.045813076,0.27259707,0.28369537,0.045520086,0.04918242,0.051388927,0.50536716,0.85585046,0.28418693,0.0065879393,0.12858683,0.05089868,0.26105222,0.9355237,0.97592306,0.052576616,0.005509295,0.00670405,0.64499027,0.44481647,0.030196818,0.0449154,0.04424142,0.044753633,0.11024882,0.95403844,0.64499027,0.004022445,0.06615646,0.0449154,0.5210763,0.059800107,0.2219544,0.04272463,0.00576022,0.013207338,0.90663296,0.55167425,0.0,0.023128338,0.03266881,0.0,0.09939948,1.0,0.90663296,0.0048727426,0.0,0.023128338,0.67157,0.11685757,0.283861,0.02433102,0.012377099,0.00717611,0.84040606,0.3680414,0.24411815,0.039437097,0.05440448,0.054796193,0.032679345,0.70956576,0.84040606,0.0028911268,0.053802274,0.039437097,0.55440766,0.18387702,0.16514784,0.041233577,0.012696004,0.011391073,1.1844717,1.1479063,1.1438472,0.17244226,0.14047436,0.17975383
pork,pork_portion06_day4_rep1,pork_portion06,4,1,Sub-fresh,1,0.082723245,0.31335714,0.29007384,0.045685183,0.0375116,0.03819097,0.48104545,0.74737966,0.31335714,0.0053579863,0.11945944,0.0375116,0.3019596,0.92383194,0.8673323,0.040033262,0.0027483273,0.3317179,0.73301506,0.5735313,0.1647802,0.057153795,0.060302567,0.07665932,0.11776546,0.77932686,0.73301506,0.0028097504,0.08659479,0.057153795,0.63205904,0.033855315,0.22269759,0.05613239,0.0055505326,0.0104680285,0.9044667,0.66802967,0.00016721956,0.032395348,0.042599447,0.0030687351,0.121054575,0.9998128,0.9044667,0.00539174,0.003286429,0.032395348,0.73977953,0.057307053,0.29971227,0.033866283,0.014074875,0.010217553,0.8352739,0.38456407,0.2673448,0.042517878,0.042990994,0.043457747,0.032061737,0.67992544,0.8352739,0.0014928677,0.036998842,0.042517878,0.5601605,0.17536394,0.15493558,0.038681857,0.0035385727,0.0049348087,1.1474223,1.1246084,1.0650733,0.1344803,0.17258556,0.25915384
pork,pork_portion07_day4_rep1,pork_portion07,4,1,Sub-fresh,1,0.07337081,0.36425656,0.4235318,0.053674247,0.043156598,0.043383677,0.5262559,0.835831,0.4235318,0.001846852,0.10912161,0.043383677,0.35744366,0.9336059,0.944488,0.04435877,0.0032918912,0.0020241549,0.5524469,0.3595373,0.018042585,0.044287585,0.043704353,0.031493183,0.104423314,0.969523,0.5524469,0.0038264082,0.05085582,0.044287585,0.43526852,0.06392122,0.19681981,0.04377075,0.0045144,0.009944274,0.89092684,0.60741574,0.00016795019,0.04279766,0.045253024,0.002332099,0.111562364,0.9998033,0.89092684,0.003686747,0.0025714366,0.04279766,0.6987598,0.082275435,0.28899738,0.040002253,0.0073500057,0.012618909,0.832136,0.37039432,0.2359982,0.042317137,0.04208644,0.044379782,0.03511979,0.7164326,0.832136,0.0016664197,0.040700816,0.042317137,0.551357,0.17954819,0.1676487,0.03794857,0.0035811013,0.0057689594,1.1495285,1.1273545,1.0998566,0.2797521,0.1664244,0.21427804
pork,pork_portion08_day4_rep1,pork_portion08,4,1,Sub-fresh,1,0.061726525,0.27495918,0.25965387,0.05649345,0.06441394,0.072871804,0.48522633,0.80723685,0.2757213,0.010841413,0.15192091,0.06551633,0.26191762,0.9305915,0.84914714,0.06941831,0.0044477135,0.34570205,0.69278044,0.55638057,0.06750578,0.04388647,0.04242122,0.059269022,0.1282162,0.9052005,0.69278044,0.0024516338,0.07748009,0.04388647,0.6088212,0.022694658,0.24093516,0.04068657,0.0036436566,0.007463228,0.87730724,0.59508926,0.011079643,0.04269992,0.044803526,0.058315493,0.1102343,0.98751426,0.87730724,0.003770316,0.064892426,0.04269992,0.68733007,0.0829385,0.28225487,0.039388303,0.009619054,0.017971488,0.7945609,0.30839354,0.20899868,0.038044278,0.051636666,0.046143126,0.026840298,0.73684216,0.7945609,0.004755532,0.046676774,0.038044278,0.507673,0.19244374,0.16179529,0.038014386,0.012256849,0.007697393,1.1465342,1.1049246,1.0381283,0.10723935,0.21285869,0.2424429
pork,pork_portion09_day4_rep1,pork_portion09,4,1,Sub-fresh,1,0.048452437,0.2198538,0.17729904,0.04082577,0.046748735,0.05612385,0.45267373,0.7983037,0.2198538,0.02583613,0.14651556,0.046748735,0.20321013,0.9347532,0.20806307,0.051956158,0.0056143533,0.39223865,0.68712914,0.509916,0.023900678,0.03615834,0.041188583,0.037287384,0.1202128,0.9657967,0.68712914,0.0042803627,0.052037902,0.03615834,0.5763743,0.043966882,0.24086311,0.03699626,0.010198334,0.008645059,0.8625309,0.6349052,0.0,0.034385305,0.035251323,0.0,0.12058717,1.0,0.8625309,0.0025642877,0.0,0.034385305,0.7070971,0.056099642,0.2889312,0.031754375,0.0050171027,0.0100817075,0.8159974,0.37929022,0.28592417,0.035770793,0.03641073,0.037515372,0.027202616,0.6489789,0.8159974,0.0024380076,0.032500714,0.035770793,0.5504544,0.17167568,0.13954276,0.032865804,0.0038980334,0.0059856847,0.9663475,1.0161072,0.8411664,0.13980773,0.16506723,0.24538067
pork,pork_portion10_day4_rep1,pork_portion10,4,1,Sub-fresh,1,0.025614649,0.25820667,0.24730855,0.028818911,0.029195352,0.030187981,0.49066228,0.9090544,0.25822687,0.004374796,0.09572308,0.02918919,0.24392653,0.92957294,0.98835194,0.031496443,0.0031223008,0.03683411,0.6151835,0.4374467,0.037832133,0.03980644,0.038733084,0.042658523,0.113293044,0.9403802,0.6151835,0.0023712018,0.06375529,0.03980644,0.5070208,0.050347522,0.21489596,0.038205363,0.003963933,0.0075078853,0.8242795,0.5679135,0.0,0.043453842,0.039740697,0.0,0.112655476,1.0,0.8242795,0.002815326,0.0,0.043453842,0.6542804,0.073841594,0.27348205,0.037477,0.0050723455,0.012143325,0.8305903,0.38671586,0.28927332,0.030351574,0.029483493,0.02965993,0.027578963,0.6505437,0.8305903,0.001627917,0.025752217,0.030351574,0.5599601,0.1735821,0.14275627,0.02661496,0.0051942393,0.005388578,1.2002043,1.1881521,1.1774682,0.16021769,0.15229404,0.18956192
pork,pork_portion01_day4_rep2,pork_portion01,4,2,Sub-fresh,1,0.11392538,0.3387328,0.32798472,0.054596767,0.05111799,0.051553767,0.4901979,0.67957646,0.3387476,0.004068487,0.12595229,0.051105153,0.32965317,0.9270133,0.9877652,0.054088417,0.0041232826,0.0037525592,0.6976748,0.50530636,0.041128315,0.03168211,0.033627808,0.042639088,0.11588502,0.9420335,0.6976748,0.0025356049,0.05803034,0.03168211,0.57652795,0.051345654,0.23834205,0.03130043,0.0053648315,0.0044642887,0.9032837,0.55304193,0.0007171795,0.033294585,0.03568126,0.010139173,0.09997609,0.99925995,0.9032837,0.0034034739,0.010237837,0.033294585,0.6709771,0.11489318,0.28331622,0.030758144,0.0077462583,0.009291376,0.82973963,0.45715755,0.3615265,0.046755653,0.05097183,0.052147638,0.03193703,0.56461096,0.82973963,0.0017459866,0.043724764,0.046755653,0.5978745,0.14278418,0.120690286,0.045523692,0.006900638,0.0067199627,1.178718,1.127958,1.1994902,0.12239938,0.15052779,0.18046908
pork,pork_portion02_day4_rep2,pork_portion02,4,2,Sub-fresh,1,0.10931455,0.36940995,0.37831295,0.064216465,0.05832895,0.060553767,0.5036927,0.72956043,0.37876177,0.0060035484,0.13627249,0.060372677,0.3601328,0.92438966,0.9739311,0.06056736,0.0044315606,0.0061235284,0.76834923,0.5720146,9.558141e-06,0.039934896,0.041471504,0.00044500883,0.122037195,0.9999863,0.76834923,0.003806585,0.0006032691,0.039934896,0.64019114,0.047354504,0.26616332,0.03777199,0.0073993313,0.011950023,0.9190615,0.56593436,0.0,0.024614168,0.022110322,0.0,0.10062356,1.0,0.9190615,0.0029551052,0.0,0.024614168,0.6836277,0.11492977,0.28755182,0.0192011,0.008204553,0.0062767747,0.8325404,0.3693887,0.257456,0.038055647,0.039786097,0.040312015,0.030498898,0.6903948,0.8325404,0.002326097,0.036223058,0.038055647,0.5516818,0.18100125,0.15646812,0.03468831,0.005578926,0.005775317,1.1612744,1.1095002,1.1214111,0.08313015,0.19423796,0.19737805
pork,pork_portion03_day4_rep2,pork_portion03,4,2,Sub-fresh,1,0.110204265,0.34350255,0.35072988,0.054785985,0.050680384,0.054882728,0.50220525,0.70187163,0.35231897,0.007798716,0.12677002,0.05351504,0.3353155,0.9298159,0.9766182,0.053755,0.0036224828,0.007510072,0.653241,0.45631558,0.0816275,0.05254291,0.05222146,0.06746393,0.10724757,0.8805173,0.653241,0.0028081867,0.092174135,0.05254291,0.53154325,0.058260985,0.21219742,0.050532725,0.0048041577,0.004902851,0.8891705,0.71417904,0.0043776915,0.03303434,0.030216262,0.014255405,0.13201761,0.99474317,0.8891705,0.0018633336,0.016285626,0.03303434,0.76450723,0.027652273,0.30440012,0.027981939,0.003015654,0.009017596,0.8101852,0.3425786,0.2167107,0.05124803,0.046837818,0.04465651,0.033387557,0.73285747,0.8101852,0.002666109,0.04323088,0.05124803,0.5290145,0.1835542,0.16725364,0.043624543,0.0040621455,0.007973152,1.1757773,1.204152,1.1178089,0.25240928,0.13313426,0.3139608
pork,pork_portion04_day4_rep2,pork_portion04,4,2,Sub-fresh,1,0.120078,0.36000293,0.37122658,0.06208009,0.05807982,0.05838282,0.5053455,0.6946006,0.37122658,0.002843652,0.13420425,0.05838282,0.35208258,0.92877316,0.9740521,0.06093883,0.004095055,0.0020653354,0.7226143,0.5902364,0.15998843,0.04647745,0.05038409,0.069467835,0.12524346,0.78168076,0.7226143,0.0021878858,0.08370187,0.04647745,0.64034027,0.020555284,0.22673137,0.04657174,0.00537013,0.0065942477,0.9056345,0.58915883,2.8674423e-05,0.042819552,0.045046706,0.00082414725,0.1063367,0.99997,0.9056345,0.00404281,0.00083380786,0.042819552,0.6925484,0.09770003,0.2885838,0.03941896,0.008675772,0.012397918,0.835886,0.39760196,0.2695135,0.04103248,0.04034767,0.042184614,0.035014194,0.67731977,0.835886,0.0021639378,0.0353544,0.04103248,0.56677496,0.16961493,0.1567253,0.036862615,0.004125425,0.005060846,1.2109667,1.1298081,1.135974,0.111815564,0.18036485,0.19590142
pork,pork_portion05_day4_rep2,pork_portion05,4,2,Sub-fresh,1,0.05665596,0.27272,0.29057333,0.048653662,0.049519293,0.051258042,0.51038784,0.8231143,0.29067162,0.0054016346,0.13399935,0.051235568,0.26247472,0.9393073,0.97229755,0.05329979,0.00461778,0.0060774214,0.6378899,0.4375591,0.04968171,0.044283446,0.041619692,0.056001958,0.107710645,0.9231453,0.6378899,0.0036729877,0.0834918,0.044283446,0.51439595,0.06087721,0.2146025,0.040926326,0.0053615463,0.014194879,0.9083523,0.5519186,0.0,0.021461008,0.032692987,0.0,0.099245444,1.0,0.9083523,0.0049836077,0.0,0.021461008,0.6722606,0.11747624,0.28418356,0.023693753,0.012772339,0.006863892,0.84322625,0.38080704,0.25786164,0.039561372,0.052819736,0.054805055,0.03308271,0.6941448,0.84322625,0.002473525,0.054125227,0.039561372,0.5618409,0.17961624,0.16119626,0.0403528,0.013072228,0.011934613,1.1870996,1.1475328,1.1509283,0.18156601,0.13857202,0.17657793
pork,pork_portion06_day4_rep2,pork_portion06,4,2,Sub-fresh,1,0.09179969,0.31935158,0.29742923,0.046639293,0.03793266,0.038121033,0.4820096,0.72417516,0.31935158,0.004485145,0.11725401,0.03793266,0.30860624,0.9247008,0.96162647,0.0405422,0.0023237767,0.17786446,0.73478884,0.5732492,0.16418414,0.057346985,0.058991246,0.077235825,0.11744827,0.7807952,0.73478884,0.0025408617,0.08682072,0.057346985,0.6324299,0.03471475,0.22311537,0.05535754,0.0050259302,0.0106052505,0.90940243,0.6543715,1.348545e-06,0.03283061,0.04775068,7.270896e-05,0.117872454,0.9999973,0.90940243,0.0056989873,0.00014541796,0.03283061,0.7327829,0.06637591,0.29842234,0.03766791,0.014448558,0.011220215,0.83810997,0.3859701,0.2735175,0.04147419,0.041635185,0.042242475,0.03126842,0.6734956,0.83810997,0.0009313448,0.035496593,0.04147419,0.56211925,0.17600393,0.1526496,0.03760219,0.003123533,0.005204708,1.2009728,1.1646833,1.1310436,0.12939975,0.17283414,0.24978806
pork,pork_portion07_day4_rep2,pork_portion07,4,2,Sub-fresh,1,0.08665246,0.36568484,0.42796117,0.05421267,0.042384192,0.04353111,0.528424,0.80631185,0.42796117,0.002811545,0.10809383,0.04353111,0.35996807,0.9360008,0.94312555,0.04382795,0.002886616,0.0028455255,0.57129955,0.37859094,0.03045307,0.039149787,0.04098555,0.03936916,0.10528392,0.9490896,0.57129955,0.0034467038,0.062722884,0.039149787,0.4543902,0.062311895,0.19980656,0.03987496,0.005377564,0.0074461526,0.896672,0.61186445,0.00086172036,0.043374714,0.045362562,0.008858009,0.11167301,0.9990884,0.896672,0.003309786,0.009094971,0.043374714,0.7031292,0.08247461,0.29037863,0.04030116,0.0060843686,0.0125939455,0.833213,0.37076515,0.2431546,0.04243566,0.042388525,0.043603092,0.034025736,0.7081511,0.833213,0.0019428653,0.03945196,0.04243566,0.55213165,0.18012866,0.164302,0.03799124,0.0043957606,0.005674776,1.1509869,1.1279827,1.1021959,0.26548243,0.15714566,0.21961758
pork,pork_portion08_day4_rep2,pork_portion08,4,2,Sub-fresh,1,0.07008824,0.2777638,0.26431417,0.057104733,0.0638164,0.069576666,0.48676836,0.7785993,0.27815053,0.008042982,0.15252273,0.06437191,0.26551285,0.931985,0.9321342,0.06855299,0.0042798566,0.2338753,0.69484025,0.5562546,0.0757667,0.042799044,0.04256272,0.058370218,0.12733269,0.89327675,0.69484025,0.0022440376,0.07642191,0.042799044,0.60936046,0.023781195,0.23946689,0.040444493,0.0042922576,0.0068847663,0.87822855,0.59461427,0.010691265,0.04279089,0.04445238,0.056860685,0.11008063,0.9879848,0.87822855,0.0037326156,0.06307032,0.04279089,0.6873173,0.083576344,0.28252313,0.039087813,0.009973849,0.017290834,0.7970758,0.30811644,0.21623695,0.038619634,0.051160384,0.04507034,0.024577754,0.7286626,0.7970758,0.0039478326,0.044654813,0.038619634,0.50874746,0.19364247,0.15848525,0.03808871,0.011875524,0.0070918268,1.1928343,1.1487867,1.0967432,0.10726868,0.21338663,0.24369477
pork,pork_portion09_day4_rep2,pork_portion09,4,2,Sub-fresh,1,0.05700537,0.23024762,0.19760497,0.040965497,0.042612255,0.050353043,0.46472436,0.77088106,0.23024762,0.01712001,0.14038111,0.042612255,0.21547763,0.93598485,0.32690838,0.04757495,0.0038252159,0.46192214,0.68043816,0.4930973,0.011963545,0.041135352,0.043558404,0.026494391,0.11781448,0.9830144,0.68043816,0.0040882835,0.036472607,0.041135352,0.56326514,0.04970315,0.23922068,0.04062507,0.0079299435,0.010893424,0.86381686,0.6327909,0.0,0.03450597,0.035963837,0.0,0.12002549,1.0,0.86381686,0.0025949925,0.0,0.03450597,0.7061545,0.057698786,0.28880078,0.03223944,0.005203872,0.010214949,0.8200637,0.3847682,0.29012236,0.03642711,0.03716707,0.038653776,0.027692344,0.6456308,0.8200637,0.0024248853,0.03322904,0.03642711,0.5548525,0.17071243,0.13938235,0.033487413,0.0039980887,0.0063485354,0.95610696,1.0067782,0.85789466,0.15145789,0.15710413,0.24081166
pork,pork_portion10_day4_rep2,pork_portion10,4,2,Sub-fresh,1,0.02945528,0.2625998,0.25181663,0.029659573,0.028359896,0.030519502,0.49051103,0.89587224,0.26290178,0.005721252,0.09769619,0.028449647,0.24866644,0.92908883,0.9893169,0.030659545,0.0031234343,0.004993582,0.61692977,0.43951416,0.04619267,0.03986602,0.039028093,0.04563047,0.112800024,0.92728543,0.61692977,0.0022601304,0.06794708,0.03986602,0.5090696,0.050130423,0.21353906,0.038285695,0.004050093,0.006612394,0.8242313,0.57006025,0.0,0.042588,0.039900724,0.0,0.1132016,1.0,0.8242313,0.0027886366,0.0,0.042588,0.6555504,0.07279954,0.27377707,0.037356533,0.004820381,0.01203168,0.83803904,0.39212477,0.29331526,0.02813965,0.029962784,0.030432208,0.027793335,0.6488619,0.83803904,0.0014763904,0.025919879,0.02813965,0.5657013,0.17405526,0.1435289,0.026253557,0.0046425643,0.005040906,1.20092,1.1877639,1.1772612,0.15999728,0.15318595,0.1878568
pork,pork_portion01_day4_rep3,pork_portion01,4,3,Sub-fresh,1,0.11651814,0.34002185,0.33140188,0.051790018,0.04540072,0.046193697,0.4918033,0.67080885,0.3401359,0.0040711826,0.119952135,0.04534538,0.33137146,0.927832,0.98628336,0.048215747,0.0032348873,0.0035161234,0.6975537,0.5023194,0.034819987,0.029864892,0.032483794,0.03860725,0.11562295,0.95078576,0.6975537,0.002789577,0.05276779,0.029864892,0.5745071,0.052787542,0.23914146,0.029886542,0.00588489,0.0047833053,0.9054326,0.5530351,0.0013640834,0.033692207,0.03717673,0.0149304755,0.0996251,0.998584,0.9054326,0.0037267846,0.0151821915,0.033692207,0.6717477,0.11583138,0.28353313,0.031537812,0.008960433,0.0093697775,0.83938056,0.46735176,0.36966524,0.047108233,0.050829753,0.051279563,0.032669343,0.5598812,0.83938056,0.002038128,0.041737083,0.047108233,0.60704625,0.14199953,0.12099851,0.045633845,0.0063422187,0.0059129028,1.1760267,1.1265252,1.200936,0.12410026,0.15157615,0.17688571
pork,pork_portion02_day4_rep3,pork_portion02,4,3,Sub-fresh,1,0.1032494,0.3662719,0.37734938,0.060512684,0.056479275,0.057927024,0.5047991,0.7428525,0.37748286,0.0051340717,0.13134941,0.05787383,0.35691488,0.92466444,0.9726169,0.058480397,0.004423171,0.005783447,0.7573835,0.5608384,0.0,0.04357598,0.043638535,0.0,0.12133262,1.0,0.7573835,0.0037770213,0.0,0.04357598,0.6297644,0.048262037,0.2628499,0.040298335,0.0073291343,0.012835131,0.9065422,0.5594277,0.0,0.03382949,0.025055844,0.0,0.1008586,1.0,0.9065422,0.00261819,0.0,0.03382949,0.6756964,0.112972066,0.2847223,0.024628485,0.0074499007,0.008259995,0.82561094,0.3613164,0.24949798,0.037549354,0.038374506,0.039221376,0.030355753,0.6973923,0.82561094,0.0019625514,0.03597892,0.037549354,0.54482913,0.18186873,0.15733376,0.033842336,0.0053075273,0.0055270074,1.1603005,1.1107048,1.1188136,0.08231366,0.19025879,0.19519432
pork,pork_portion03_day4_rep3,pork_portion03,4,3,Sub-fresh,1,0.09998831,0.3360838,0.3479792,0.05630819,0.0539014,0.056193378,0.50553024,0.72957236,0.34837273,0.0069023725,0.13450997,0.05586445,0.32767633,0.9308232,0.97397935,0.057069555,0.0047443574,0.0069465656,0.648894,0.45349076,0.07719705,0.054325964,0.052157965,0.06722999,0.107791126,0.88663375,0.648894,0.003137003,0.09177851,0.054325964,0.5282505,0.057722837,0.21230282,0.051030368,0.0052150628,0.0052474234,0.8919199,0.71597266,0.0037408639,0.029522086,0.027587935,0.014056805,0.13200228,0.99562603,0.8919199,0.001862578,0.01572242,0.029522086,0.7663954,0.027871374,0.30508593,0.025323922,0.0029002398,0.008064419,0.81204766,0.34528536,0.21229796,0.046549395,0.04416099,0.04520151,0.034943074,0.7389298,0.81204766,0.002247044,0.044731796,0.046549395,0.5309765,0.18280707,0.1704142,0.04033757,0.00467138,0.006319272,1.1758765,1.2063229,1.1165017,0.25731847,0.13193996,0.31235173
pork,pork_portion04_day4_rep3,pork_portion04,4,3,Sub-fresh,1,0.11703838,0.35744932,0.3675818,0.059518676,0.057308253,0.057886764,0.5043692,0.69899416,0.3675818,0.0025666326,0.13078871,0.057886764,0.34926367,0.9284511,0.97447306,0.06007157,0.0042379913,0.0025570544,0.716149,0.58444816,0.1542389,0.049274784,0.052094404,0.07132424,0.12537423,0.7883341,0.716149,0.0023444463,0.08692421,0.049274784,0.6346596,0.020443257,0.22623019,0.048568837,0.0057187793,0.0062480383,0.9048557,0.58408624,0.0,0.041399166,0.04515694,0.0,0.10548638,1.0,0.9048557,0.004285224,0.0,0.041399166,0.6892986,0.10000506,0.28778067,0.039037343,0.009145244,0.0121972645,0.8137189,0.3834809,0.25299907,0.043992456,0.03920777,0.04157699,0.036537603,0.6888288,0.8137189,0.0025789123,0.03638893,0.043992456,0.55065763,0.167333,0.15731992,0.037308928,0.0057308874,0.005957967,1.2107009,1.1284914,1.1347245,0.11447256,0.18270619,0.20192668
pork,pork_portion05_day4_rep3,pork_portion05,4,3,Sub-fresh,1,0.04664599,0.27170584,0.28431934,0.046742056,0.0488473,0.050946645,0.506289,0.85360736,0.28524524,0.008061835,0.13089232,0.050544284,0.2603809,0.93638027,0.97495687,0.052383345,0.0056486544,0.007948828,0.64426816,0.44286245,0.030494729,0.042645942,0.04164154,0.043420058,0.10988897,0.95337,0.64426816,0.00330297,0.06455055,0.042645942,0.5196902,0.060572542,0.22157773,0.04027326,0.005794354,0.012166749,0.90894777,0.550398,0.0,0.021760926,0.03328733,0.0,0.09893938,1.0,0.90894777,0.005189106,0.0,0.021760926,0.6715937,0.118450046,0.2840397,0.023771435,0.01348255,0.0068551414,0.83995026,0.37222132,0.24572748,0.038728423,0.054163467,0.05382689,0.033529554,0.70745724,0.83995026,0.003010747,0.05323011,0.038728423,0.55621094,0.18183282,0.16506629,0.040660985,0.013253402,0.010852943,1.1840019,1.1469405,1.1457661,0.17414357,0.1386772,0.17744079
pork,pork_portion06_day4_rep3,pork_portion06,4,3,Sub-fresh,1,0.08747234,0.31352332,0.29408664,0.044479188,0.035686776,0.036352236,0.4837295,0.7318094,0.31352332,0.00507393,0.11352658,0.035686776,0.3028033,0.92568994,0.9539055,0.038196784,0.0021462282,0.19396502,0.7304605,0.5728803,0.16494887,0.05807422,0.06129035,0.07928367,0.118071936,0.77865845,0.7304605,0.003005692,0.08939503,0.05807422,0.63094324,0.03306265,0.22191091,0.05713341,0.0053010173,0.011356421,0.8994553,0.669667,0.0010868974,0.036550414,0.04056991,0.009702724,0.122092955,0.9986604,0.8994553,0.0051205475,0.011794664,0.036550414,0.7393446,0.05436876,0.29909486,0.03364298,0.01341354,0.010694263,0.82264304,0.37312996,0.25992003,0.042185802,0.042476837,0.041764516,0.031628326,0.6838992,0.82264304,0.0018098141,0.03570592,0.042185802,0.5494082,0.17568806,0.15362106,0.038248435,0.004038775,0.005191469,1.2001147,1.174115,1.1241761,0.13476709,0.17791423,0.2682477
pork,pork_portion07_day4_rep3,pork_portion07,4,3,Sub-fresh,1,0.07706303,0.363593,0.42373762,0.05216608,0.042060237,0.043126244,0.52689046,0.8267299,0.42373762,0.0027571942,0.10566781,0.043126244,0.35711062,0.9344834,0.94422674,0.043386858,0.0033567955,0.0028064263,0.5671907,0.37528804,0.022301331,0.037896827,0.039641332,0.035013825,0.105959535,0.96268594,0.5671907,0.0033670645,0.05620438,0.037896827,0.45038894,0.062054634,0.20065089,0.03890853,0.0051496215,0.0077168406,0.8866375,0.6059331,0.0013968544,0.044062164,0.04381064,0.011925235,0.11180578,0.9982537,0.8866375,0.0036099511,0.014853619,0.044062164,0.6965393,0.081169434,0.2879548,0.03928142,0.0081376005,0.012884981,0.8304892,0.3669216,0.23751202,0.041349463,0.041017856,0.043392204,0.034157656,0.7138644,0.8304892,0.0020053172,0.04040564,0.041349463,0.54912466,0.18065709,0.16576843,0.03694678,0.0036603003,0.007362388,1.1501034,1.128738,1.1005094,0.26187277,0.15821527,0.2157739
pork,pork_portion08_day4_rep3,pork_portion08,4,3,Sub-fresh,1,0.05825973,0.2714199,0.25852612,0.05495368,0.063123405,0.07028344,0.48734513,0.8163381,0.27237678,0.009881766,0.14816917,0.06438144,0.25829956,0.93127275,0.898594,0.06785851,0.0046228445,0.28605846,0.6922793,0.5521446,0.069509,0.044567272,0.042304948,0.059436537,0.12715076,0.9018978,0.6922793,0.0023784717,0.077657804,0.044567272,0.60587287,0.024759892,0.23958074,0.040831696,0.003991991,0.008563532,0.8763337,0.59379506,0.011512527,0.042434048,0.044746634,0.058660235,0.11011272,0.98687166,0.8763337,0.003814208,0.06610564,0.042434048,0.68623745,0.083225735,0.28188798,0.03910998,0.010288384,0.018090697,0.7944519,0.3070841,0.21225813,0.039440297,0.050749887,0.04604534,0.02526866,0.7328741,0.7944519,0.003598888,0.04614577,0.039440297,0.5070393,0.19299182,0.15980418,0.03833772,0.011469366,0.0075711343,1.1734016,1.1325374,1.0736576,0.10801215,0.21079458,0.24303298
pork,pork_portion09_day4_rep3,pork_portion09,4,3,Sub-fresh,1,0.0471501,0.22658469,0.19506721,0.037858773,0.041126985,0.048700776,0.46724746,0.8090576,0.22658607,0.016241405,0.13437133,0.041128945,0.21091929,0.9349244,0.37944943,0.045835074,0.004125497,0.47910684,0.6870336,0.51256645,0.029388316,0.035317983,0.042688053,0.043196376,0.12047976,0.9581363,0.6870336,0.004231721,0.060019877,0.035317983,0.5780552,0.042621937,0.2401859,0.03784856,0.0104047535,0.008329887,0.861316,0.6357317,0.0,0.033835083,0.03513438,0.0,0.120947376,1.0,0.861316,0.0028809076,0.0,0.033835083,0.70726043,0.05519914,0.28883153,0.031409055,0.00569003,0.009960482,0.8172766,0.3837722,0.28448918,0.034882296,0.035961974,0.037324682,0.028912187,0.6512023,0.8172766,0.0021086303,0.032644924,0.034882296,0.5531318,0.16986793,0.14157262,0.032241326,0.00421738,0.006041649,0.9748779,1.0141413,0.8712096,0.13863108,0.16290271,0.2420532
pork,pork_portion10_day4_rep3,pork_portion10,4,3,Sub-fresh,1,0.025303245,0.2598716,0.2525743,0.027509108,0.027735062,0.029977974,0.49334115,0.91014117,0.26027873,0.005211943,0.09206486,0.02783008,0.24587482,0.93028975,0.9872545,0.029976696,0.0028757765,0.004766875,0.6155661,0.4363184,0.036375213,0.039012633,0.03821495,0.042069867,0.11301983,0.94279563,0.6155661,0.002511464,0.06290102,0.039012633,0.5063628,0.05105618,0.21513331,0.037595227,0.0039358246,0.0073653096,0.82420456,0.56722784,0.0,0.042563852,0.040355496,0.0,0.112543195,1.0,0.82420456,0.0028906332,0.0,0.042563852,0.6537829,0.074159734,0.2733889,0.037646297,0.0048382324,0.012091168,0.8353347,0.38894066,0.28964108,0.028781623,0.030529607,0.0314571,0.027920319,0.65218395,0.8353347,0.0017421459,0.026944963,0.028781623,0.5629285,0.17435181,0.14413646,0.026781296,0.004531713,0.0053543206,1.1987814,1.1869928,1.1759309,0.16018794,0.15310796,0.18708064
pork,pork_portion11_day4_rep1,pork_portion11,4,1,Sub-fresh,1,0.077941105,0.34899402,0.37626994,0.056472443,0.046333253,0.04709932,0.51294196,0.80559516,0.37626994,0.0038684916,0.122685984,0.04709932,0.3401922,0.9287521,0.96363825,0.048004765,0.0040492155,0.0030607188,0.7286139,0.53065956,0.0001780003,0.04258,0.040649112,0.0028469015,0.11927281,0.9997692,0.7286139,0.002847109,0.0035724316,0.04258,0.60198855,0.051275916,0.25402611,0.038730595,0.004276083,0.012418179,0.88535035,0.608434,0.0024530033,0.04418723,0.045545574,0.019111903,0.11223536,0.9973445,0.88535035,0.0033618216,0.02008247,0.04418723,0.6976225,0.07935548,0.28788254,0.040821988,0.0059160837,0.012801696,0.78692997,0.32559252,0.21698597,0.048825886,0.045577314,0.047113135,0.029690772,0.72488815,0.78692997,0.0024000767,0.046945784,0.048825886,0.5115261,0.1827469,0.15853536,0.042089224,0.005327626,0.007723769,1.1584693,1.1427497,1.1108869,0.10526427,0.18597461,0.24910307
pork,pork_portion12_day4_rep1,pork_portion12,4,1,Sub-fresh,1,0.08614659,0.2979536,0.27321613,0.07080854,0.08192747,0.089133054,0.4769319,0.7509356,0.29832226,0.014194757,0.17325538,0.082436495,0.28536952,0.92809457,0.620278,0.08707528,0.0068003777,0.47800314,0.744948,0.50764155,0.0006526846,0.048513945,0.046409592,0.009034379,0.111468166,0.99925864,0.744948,0.005729086,0.009943801,0.048513945,0.5925006,0.070650175,0.2528846,0.042644594,0.012625561,0.013289855,0.88329655,0.58845043,0.00048192154,0.052834988,0.05852018,0.0060565663,0.10884915,0.99947166,0.88329655,0.0055410597,0.006286939,0.052834988,0.68501705,0.08863411,0.28512874,0.05039439,0.012742642,0.015615502,0.83688474,0.37871855,0.2611219,0.0431741,0.04600957,0.04742107,0.03193474,0.68816316,0.83688474,0.0022517492,0.04409974,0.0431741,0.5579303,0.17842111,0.15736744,0.039959025,0.0058228862,0.007029842,0.98209894,0.9883,0.92227215,0.09961122,0.14809865,0.2013348
pork,pork_portion13_day4_rep1,pork_portion13,4,1,Sub-fresh,1,0.06460322,0.33579442,0.36051527,0.059548393,0.055708967,0.058559693,0.5117338,0.8385776,0.36051527,0.003306962,0.13082266,0.058559693,0.3261226,0.9286211,0.9648844,0.0575992,0.0043659024,0.004085148,0.7467168,0.5673877,0.008134306,0.043680273,0.042280603,0.021276973,0.12410594,0.98919547,0.7467168,0.0024832217,0.027167728,0.043680273,0.630869,0.040269375,0.26125205,0.040038995,0.0035499553,0.012059302,0.8512117,0.5871518,0.0,0.038891125,0.03245727,0.0,0.11296546,1.0,0.8512117,0.0017981179,0.0,0.038891125,0.6742706,0.07553655,0.28023577,0.031646922,0.0033299746,0.010486905,0.8013657,0.29468486,0.1501254,0.038474098,0.03362132,0.036801346,0.035021976,0.8123123,0.8013657,0.0018120691,0.03958595,0.038474098,0.50317836,0.199244,0.19004294,0.030915404,0.005587234,0.0072564734,1.1735151,1.1479129,1.078758,0.05905806,0.21598278,0.22958837
pork,pork_portion14_day4_rep1,pork_portion14,4,1,Sub-fresh,1,0.061763354,0.25713828,0.2550527,0.055655193,0.049287397,0.049532153,0.49551648,0.78776854,0.25984943,0.010228849,0.16753969,0.049424905,0.24560007,0.9384017,0.9563016,0.054052316,0.0046684444,0.16629131,0.5995411,0.41831914,0.069604695,0.040965855,0.042162742,0.04730744,0.107648894,0.8863061,0.5995411,0.0029283196,0.0712886,0.040965855,0.48982313,0.054169226,0.20079173,0.040874586,0.004300065,0.0068276674,0.9086252,0.62970287,0.0,0.018766189,0.024120547,0.0,0.11341913,1.0,0.9086252,0.0028560832,0.0,0.018766189,0.71765673,0.07842765,0.29483628,0.019779244,0.0063066953,0.006143755,0.79302424,0.35142496,0.19287989,0.040704045,0.041737705,0.04358072,0.042038128,0.75698006,0.79302424,0.0019879488,0.04454304,0.040704045,0.52548873,0.17250174,0.17678794,0.037257906,0.0046509434,0.0056553753,1.1884053,1.183186,1.1280878,0.24767116,0.12589997,0.24436425
pork,pork_portion15_day4_rep1,pork_portion15,4,1,Sub-fresh,1,0.05591247,0.25121456,0.24250574,0.058941957,0.07090529,0.07275429,0.49040192,0.81943667,0.2520422,0.0070487773,0.16356872,0.071566105,0.23748973,0.93674374,0.97064245,0.076793045,0.007325595,0.13470061,0.7550276,0.59274167,0.13396914,0.047352143,0.048331745,0.06030631,0.12105353,0.82516354,0.7550276,0.0025096904,0.0740956,0.047352143,0.65043044,0.032797687,0.24033745,0.045598786,0.0045028143,0.00556613,0.9178882,0.7102459,0.0,0.030751472,0.03314587,0.0,0.1268168,1.0,0.9178882,0.0023213783,0.0,0.030751472,0.76966864,0.0418846,0.30786988,0.029127665,0.0047163684,0.009279119,0.8473891,0.3788784,0.25260058,0.03914044,0.03875194,0.041241992,0.033363003,0.701566,0.8473891,0.001968366,0.036018264,0.03914044,0.56196713,0.18199421,0.16420798,0.034992762,0.003318766,0.0059556677,1.2332817,1.234202,1.1512033,0.13733517,0.18942297,0.2888068
pork,pork_portion16_day4_rep1,pork_portion16,4,1,Sub-fresh,1,0.03979112,0.24134031,0.25886112,0.0520676,0.07258474,0.08384385,0.5096563,0.88102365,0.2596769,0.011258584,0.1350377,0.08301173,0.22806387,0.94318014,0.97369957,0.07887153,0.007840616,0.012145546,0.6572605,0.4813074,0.07407622,0.06700862,0.067350574,0.0763797,0.11436772,0.8953566,0.6572605,0.0026455629,0.100841224,0.06700862,0.5485307,0.046664968,0.21919452,0.064893134,0.005228449,0.008523616,0.8474144,0.66171044,0.0003991694,0.028028611,0.03143373,0.005040206,0.12820446,0.9995468,0.8474144,0.0024470785,0.005558054,0.028028611,0.7198141,0.035887033,0.2910752,0.027650831,0.0051530725,0.008620068,0.8378522,0.39746395,0.25512505,0.041293506,0.04241535,0.040916946,0.038774163,0.69527256,0.8378522,0.002149259,0.037314277,0.041293506,0.56711614,0.16989067,0.1646104,0.037811916,0.004562012,0.005261154,1.2147907,1.2373258,1.1694264,0.18606721,0.13604932,0.23930523
pork,pork_portion17_day4_rep1,pork_portion17,4,1,Sub-fresh,1,0.052888736,0.27647117,0.2846844,0.04608582,0.043734167,0.04437853,0.5037774,0.83146,0.28482231,0.003582337,0.13221776,0.044223566,0.26534808,0.93493116,0.9778427,0.047016516,0.0043061543,0.003574036,0.70239204,0.5080718,0.016539603,0.038451098,0.03995974,0.03317791,0.11738765,0.977287,0.70239204,0.0029483668,0.043820407,0.038451098,0.57963496,0.051719777,0.24395648,0.037234295,0.006057094,0.008896854,0.8988218,0.63223296,0.0,0.01926472,0.015740946,0.0,0.11499956,1.0,0.8988218,0.0018365481,0.0,0.01926472,0.71620846,0.07273214,0.29380104,0.015149803,0.00293806,0.0051008547,0.8259351,0.35160714,0.24319348,0.031869497,0.03909606,0.036668796,0.029285805,0.70478046,0.8259351,0.0026576445,0.034624264,0.031869497,0.54053164,0.18607855,0.15895356,0.030819342,0.009376419,0.005588719,1.1905577,1.1893591,1.1432785,0.1468956,0.16372795,0.24878424
pork,pork_portion18_day4_rep1,pork_portion18,4,1,Sub-fresh,1,0.068896726,0.27135223,0.25666732,0.0439749,0.03540541,0.03541929,0.48614407,0.7603021,0.27135223,0.004240274,0.13193853,0.03540541,0.2598499,0.93316466,0.9924827,0.038890436,0.0032655909,0.0035956043,0.6380016,0.4034811,0.0033030158,0.036702514,0.037072644,0.012956312,0.10297075,0.9949321,0.6380016,0.0045764875,0.01890341,0.036702514,0.49263003,0.07858059,0.22068906,0.035290122,0.007925919,0.010335443,0.9144403,0.7052429,0.0,0.020031273,0.02037219,0.0,0.12672381,1.0,0.9144403,0.0024712537,0.0,0.020031273,0.7656843,0.042782165,0.30678996,0.01766519,0.0054241507,0.0057199053,0.8276737,0.34904796,0.22062336,0.038804725,0.03988073,0.04095643,0.03304917,0.7332238,0.8276737,0.00208967,0.039546356,0.038804725,0.539474,0.18722929,0.17050788,0.03465471,0.005616592,0.005779318,1.1748047,1.2324057,1.1446624,0.28853688,0.12851867,0.30101308
pork,pork_portion19_day4_rep1,pork_portion19,4,1,Sub-fresh,1,0.032377202,0.29579479,0.32434613,0.03565039,0.033207227,0.032131087,0.51427907,0.90739274,0.32434613,0.0030849967,0.09504855,0.032131087,0.2855307,0.9336578,0.9638425,0.034739964,0.0041796346,0.0027311968,0.7031751,0.5087015,0.023609964,0.053524155,0.05970352,0.052856233,0.11687567,0.96942544,0.7031751,0.004108203,0.06624524,0.053524155,0.58019626,0.05196829,0.24252862,0.05439674,0.009844708,0.011706138,0.8637542,0.6564855,0.0,0.026096428,0.022637213,0.0,0.1251196,1.0,0.8637542,0.0012019515,0.0,0.026096428,0.7210143,0.045675952,0.29225674,0.021486076,0.002301874,0.007038901,0.8093094,0.34813303,0.23250769,0.03440596,0.033973202,0.03619532,0.031436373,0.7120587,0.8093094,0.001357649,0.035639897,0.03440596,0.5315493,0.18143621,0.15990777,0.030469669,0.0042833136,0.006449021,1.176647,1.1954854,1.1281284,0.1494731,0.16110454,0.2680375
pork,pork_portion20_day4_rep1,pork_portion20,4,1,Sub-fresh,1,0.014184219,0.22146234,0.24716306,0.029152712,0.05152514,0.0512736,0.5168296,0.9558538,0.24716306,0.0052465596,0.08246256,0.0512736,0.20731518,0.9457462,0.9683433,0.055267487,0.00834835,0.003717764,0.66764593,0.5379498,0.11127858,0.033452965,0.03874653,0.050649878,0.12570933,0.83479613,0.66764593,0.0029128902,0.06999948,0.033452965,0.59005827,0.021822492,0.22340924,0.035591595,0.0062887855,0.0039278315,0.88761985,0.5686585,0.0,0.018278025,0.028521698,0.0,0.10484672,1.0,0.88761985,0.0038647084,0.0,0.018278025,0.67479074,0.100551546,0.28314793,0.02189915,0.00864827,0.006499109,0.84187824,0.4450287,0.32144684,0.047460295,0.05057551,0.050033353,0.0379867,0.6185623,0.84187824,0.002351548,0.041766644,0.047460295,0.5946598,0.151299,0.1416566,0.04524706,0.0057656327,0.00484767,1.247018,1.1842213,1.2102038,0.13017899,0.1531954,0.17034103
pork,pork_portion11_day4_rep2,pork_portion11,4,2,Sub-fresh,1,0.08357733,0.34864014,0.3733847,0.05573359,0.046259418,0.046414446,0.51216596,0.78841746,0.3733847,0.0025044412,0.12050941,0.046414446,0.339955,0.928437,0.9646772,0.0479357,0.00316292,0.0021011347,0.7299132,0.5287707,0.00026839104,0.04160686,0.03941259,0.0042343517,0.118627444,0.99965924,0.7299132,0.0027220927,0.005235217,0.04160686,0.60113984,0.052877888,0.25392058,0.03767505,0.0040368633,0.012087994,0.8848762,0.6073434,0.0019526936,0.043954615,0.04489161,0.01787724,0.11216121,0.9978652,0.8848762,0.0034520118,0.019166552,0.043954615,0.69681764,0.07968047,0.2877247,0.04027182,0.0063561564,0.012848339,0.79203546,0.32683557,0.22086717,0.045190807,0.04512808,0.046829645,0.029016795,0.7216219,0.79203546,0.0024954302,0.046492945,0.045190807,0.5143758,0.18419252,0.1579828,0.04019799,0.0053419312,0.0074930973,1.1575822,1.142805,1.1113408,0.104953974,0.18432468,0.24706426
pork,pork_portion12_day4_rep2,pork_portion12,4,2,Sub-fresh,1,0.08753251,0.29868677,0.27417558,0.07015644,0.081862725,0.09015569,0.4767854,0.7459787,0.29934776,0.015719341,0.17260137,0.0826976,0.28626528,0.92826873,0.60376585,0.086961865,0.006782861,0.48042217,0.74551505,0.5081639,0.000113332244,0.048014883,0.04528475,0.0022914768,0.11156247,0.9998702,0.74551505,0.0056418255,0.002568309,0.048014883,0.5930215,0.07055732,0.2531546,0.04173045,0.012752756,0.013253361,0.8835257,0.5887482,0.0008155597,0.05284048,0.058253087,0.009969912,0.10883082,0.999142,0.8835257,0.0055891406,0.010216489,0.05284048,0.6853112,0.08863152,0.2851882,0.0501298,0.013109386,0.015487139,0.8281506,0.37659496,0.25603595,0.052288473,0.04886062,0.050210405,0.033209585,0.69148076,0.8281506,0.0026778376,0.04625871,0.052288473,0.55321056,0.17597976,0.15767063,0.045134295,0.006497519,0.007446653,0.97606176,0.98271054,0.9144394,0.09934895,0.14770238,0.20332493
pork,pork_portion13_day4_rep2,pork_portion13,4,2,Sub-fresh,1,0.06426297,0.33090428,0.35553288,0.058070432,0.058003377,0.060490288,0.51210195,0.83718383,0.35553288,0.003333391,0.12789916,0.060490288,0.32120988,0.9293929,0.9652199,0.059862707,0.004819843,0.004456167,0.7442252,0.5661949,0.0077865073,0.043793265,0.04269564,0.020633535,0.12427426,0.9897115,0.7442252,0.0025378766,0.026335793,0.043793265,0.62938523,0.039763853,0.26077324,0.040382747,0.0037865327,0.0121088615,0.8408589,0.5785695,0.0,0.045580413,0.03691204,0.0,0.11264498,1.0,0.8408589,0.0019358349,0.0,0.045580413,0.66585094,0.07544482,0.27746925,0.036390413,0.0038109117,0.012090641,0.79999554,0.2924301,0.14979224,0.038290154,0.03377076,0.037458558,0.034593236,0.8123735,0.79999554,0.0021550788,0.040533394,0.038290154,0.5016282,0.19966331,0.1895516,0.03092554,0.005199365,0.007795178,1.1758643,1.1493502,1.0801469,0.053680867,0.21670766,0.22389473
pork,pork_portion14_day4_rep2,pork_portion14,4,2,Sub-fresh,1,0.052176956,0.25204164,0.25375792,0.049628213,0.046077114,0.0461296,0.49924812,0.8188503,0.25623837,0.0078037367,0.154802,0.04607089,0.24003845,0.9385734,0.98057157,0.050434325,0.004213297,0.051761772,0.59645545,0.41216213,0.06497947,0.040507276,0.0420204,0.04721596,0.10683049,0.8935563,0.59645545,0.003056488,0.071831465,0.040507276,0.48473814,0.055994507,0.20040381,0.040794503,0.0045178193,0.0069889505,0.9076932,0.63139904,0.0,0.017575348,0.019966193,0.0,0.11384121,1.0,0.9076932,0.0024338586,0.0,0.017575348,0.71837777,0.077222526,0.29494935,0.016875926,0.0052441615,0.0053424537,0.7886765,0.34722483,0.18713607,0.04301962,0.042102214,0.045308307,0.04225054,0.7631937,0.7886765,0.0020230366,0.046681374,0.04301962,0.521518,0.17266552,0.17782988,0.038423628,0.0042464286,0.0059095793,1.2031147,1.2003381,1.144657,0.2529367,0.1243964,0.24815339
pork,pork_portion15_day4_rep2,pork_portion15,4,2,Sub-fresh,1,0.0580815,0.25378844,0.24210967,0.058695287,0.07024957,0.07015334,0.4882719,0.8121785,0.25445735,0.0079427315,0.163815,0.070148,0.24010782,0.93579304,0.9572022,0.07589704,0.0076268143,0.17992498,0.7493274,0.58722067,0.12513724,0.049591124,0.05061547,0.062161658,0.12140119,0.8359885,0.7493274,0.0025556253,0.077189066,0.049591124,0.64510316,0.03295745,0.2407614,0.047659725,0.0043830303,0.0060127676,0.9130824,0.707455,0.0,0.033119377,0.034301452,0.0,0.12700222,1.0,0.9130824,0.0024846923,0.0,0.033119377,0.7665975,0.0412596,0.30680877,0.030443281,0.0050882725,0.009729674,0.8456782,0.37584847,0.2499128,0.03809297,0.038010348,0.040290643,0.03320362,0.7040879,0.8456782,0.0019703927,0.03535629,0.03809297,0.55980086,0.18272461,0.16457488,0.034190994,0.0030050855,0.005915987,1.2216467,1.2249054,1.1391109,0.13853541,0.18844381,0.28811055
pork,pork_portion16_day4_rep2,pork_portion16,4,2,Sub-fresh,1,0.0439504,0.24134995,0.26006737,0.05403133,0.07507567,0.08554247,0.510946,0.867485,0.2607487,0.011502615,0.14363442,0.08469267,0.22833203,0.94432986,0.9690498,0.08152637,0.008149884,0.06458796,0.6419032,0.46685952,0.061381634,0.071052425,0.070767194,0.07010487,0.11437788,0.91232866,0.6419032,0.0033489135,0.09398529,0.071052425,0.5342229,0.04723211,0.21785371,0.06864467,0.006397274,0.010846383,0.84758204,0.66245884,7.373423e-05,0.030772313,0.02994839,0.0013903369,0.1284118,0.99991125,0.84758204,0.0022344931,0.0016024209,0.030772313,0.7203835,0.035576332,0.2912742,0.0273767,0.0046430277,0.008812057,0.83836275,0.39853135,0.2546986,0.039865423,0.040466245,0.039744075,0.03937905,0.6959234,0.83836275,0.0014725752,0.03490664,0.039865423,0.56783867,0.16957505,0.16517459,0.036377776,0.004139292,0.0041350927,1.2094004,1.2358509,1.1669298,0.200455,0.1373787,0.23901193
pork,pork_portion17_day4_rep2,pork_portion17,4,2,Sub-fresh,1,0.054349817,0.27553108,0.28260276,0.046752684,0.04311363,0.043183338,0.5031418,0.8243716,0.28267685,0.002775358,0.13711232,0.043139823,0.26445127,0.93509316,0.9785864,0.04642881,0.0047314465,0.0026590002,0.6979069,0.5028921,0.013664105,0.04148631,0.04077988,0.030882634,0.11716835,0.98117614,0.6979069,0.0030291579,0.040805355,0.04148631,0.5748819,0.052366868,0.24302064,0.03866812,0.00633905,0.01002472,0.8802335,0.6231937,0.0,0.031586852,0.020330058,0.0,0.115893885,1.0,0.8802335,0.0025029466,0.0,0.031586852,0.70511764,0.06949777,0.28979942,0.021286001,0.0065565873,0.0073680435,0.81933856,0.35987747,0.24778767,0.033723075,0.039799675,0.038665373,0.030772764,0.6969693,0.81933856,0.0029177668,0.036344044,0.033723075,0.5417086,0.18011604,0.156631,0.032227777,0.009176402,0.006173185,1.1902226,1.1907433,1.1499882,0.13943839,0.15774503,0.2380604
pork,pork_portion18_day4_rep2,pork_portion18,4,2,Sub-fresh,1,0.06532117,0.26603422,0.24917704,0.043412644,0.037027147,0.037847813,0.48387387,0.7692521,0.26603422,0.003934571,0.13161366,0.037027147,0.2539938,0.93305033,0.9878835,0.040561944,0.0036200157,0.079249956,0.6294489,0.38026035,0.0009153478,0.038501203,0.041304607,0.0070428103,0.0983731,0.99864125,0.6294489,0.005519627,0.009581826,0.038501203,0.47522438,0.08726961,0.21644929,0.03874041,0.0076745357,0.011553437,0.9051777,0.69198984,0.000102489415,0.027968444,0.030482763,0.002671972,0.12538193,0.99987316,0.9051777,0.0029564456,0.0031572862,0.027968444,0.754844,0.04547909,0.30343166,0.026476027,0.0066401744,0.008370023,0.8329186,0.34226313,0.21833695,0.03946548,0.041045357,0.04300469,0.0315893,0.7378211,0.8329186,0.0010709704,0.041287966,0.03946548,0.538556,0.19226168,0.1717103,0.03557256,0.0042504943,0.005911996,1.1659325,1.2276433,1.1383682,0.29580316,0.13052128,0.2927049
pork,pork_portion19_day4_rep2,pork_portion19,4,2,Sub-fresh,1,0.036570437,0.2935922,0.3196875,0.03519713,0.032425735,0.031860497,0.51345116,0.8928827,0.3196875,0.0029202593,0.09562116,0.031860497,0.28337857,0.9336933,0.9653737,0.034072734,0.003917267,0.0027297796,0.70040613,0.50680375,0.027568337,0.058296748,0.06263621,0.056008827,0.11666397,0.9642274,0.70040613,0.0040567815,0.0704774,0.058296748,0.57805526,0.05177714,0.2409776,0.05786242,0.009379476,0.012370518,0.84410477,0.6396604,0.0,0.036345407,0.031102182,0.0,0.12464916,1.0,0.84410477,0.001626064,0.0,0.036345407,0.7048352,0.045739803,0.28701824,0.029823149,0.0026106336,0.009673293,0.7982962,0.3435516,0.23268053,0.041452117,0.03621779,0.037042625,0.030653674,0.7078533,0.7982962,0.0019555213,0.036866505,0.041452117,0.5248156,0.17943165,0.15635203,0.034100767,0.006163064,0.008527835,1.1787113,1.1942583,1.13213,0.13501607,0.16214691,0.2595269
pork,pork_portion20_day4_rep2,pork_portion20,4,2,Sub-fresh,1,0.017619343,0.22534998,0.24803253,0.035450637,0.054043934,0.054111157,0.5145548,0.9461716,0.24803253,0.004744259,0.098084465,0.054111157,0.21124436,0.94457763,0.96995854,0.058054484,0.007911809,0.003748757,0.6704694,0.540676,0.11546501,0.034834597,0.040236272,0.05283076,0.12567149,0.8294796,0.6704694,0.0031946802,0.07232285,0.034834597,0.5926627,0.021749988,0.22303179,0.036949348,0.006897898,0.0041112476,0.878721,0.5518105,0.0,0.025915971,0.037745982,0.0,0.102536075,1.0,0.878721,0.004478737,0.0,0.025915971,0.66212237,0.10543466,0.27953452,0.030014776,0.009413534,0.008867963,0.8287384,0.42644194,0.30636457,0.052047115,0.056210738,0.05532709,0.03640243,0.63125837,0.8287384,0.0027246806,0.047267802,0.052047115,0.57958263,0.1546726,0.14233564,0.050021768,0.0067377714,0.0056518894,1.2469926,1.1764936,1.201908,0.122557454,0.15604927,0.16751333
pork,pork_portion11_day4_rep3,pork_portion11,4,3,Sub-fresh,1,0.08219022,0.35056263,0.37883952,0.057739962,0.04628531,0.04704307,0.513458,0.7958921,0.37883952,0.0035901067,0.12346865,0.04704307,0.34200525,0.92931294,0.96302664,0.04814561,0.0036692182,0.0022582018,0.7285522,0.52853245,8.065638e-05,0.04123582,0.040503647,0.0014027259,0.118833415,0.99988735,0.7285522,0.0029007993,0.0018545478,0.04123582,0.60060483,0.052399527,0.253687,0.038342997,0.0040227138,0.012263043,0.88558584,0.60657924,0.0023114062,0.043514866,0.044629876,0.018866405,0.11194271,0.99749434,0.88558584,0.0033014219,0.019932909,0.043514866,0.69658196,0.08036956,0.2876884,0.040013522,0.005902035,0.012596961,0.79200846,0.3262094,0.22136156,0.045308933,0.044448905,0.045340456,0.028574266,0.72091377,0.79200846,0.0021307333,0.044483118,0.045308933,0.51413643,0.18445696,0.15762784,0.04002793,0.004896469,0.0066257855,1.1571575,1.1412761,1.1104535,0.105593696,0.18477908,0.24705528
pork,pork_portion12_day4_rep3,pork_portion12,4,3,Sub-fresh,1,0.087566644,0.297891,0.27462757,0.07143123,0.08257585,0.091273025,0.47792917,0.74743676,0.29889876,0.015533855,0.17359461,0.08387801,0.28554025,0.9287407,0.6125387,0.08798807,0.006720071,0.47867143,0.75127804,0.51305705,0.0008789491,0.048206784,0.043419696,0.009316386,0.11179538,0.9990027,0.75127804,0.005168547,0.010244893,0.048206784,0.59789264,0.07055498,0.25463942,0.040580813,0.011886079,0.012683998,0.8875389,0.5842311,0.0001037741,0.0488244,0.059052385,0.0019662983,0.10754927,0.9998825,0.8875389,0.006190175,0.0020508145,0.0488244,0.6839733,0.09260925,0.28523734,0.04928428,0.01441125,0.015117397,0.8353707,0.37830073,0.25886017,0.044014223,0.04673535,0.047043838,0.03284832,0.69029844,0.8353707,0.002184674,0.043467425,0.044014223,0.55705875,0.17793714,0.15820603,0.040601313,0.005886629,0.006819337,0.98088664,0.9823395,0.9186111,0.093981415,0.14999244,0.19880922
pork,pork_portion13_day4_rep3,pork_portion13,4,3,Sub-fresh,1,0.066512965,0.32944486,0.35595638,0.057238985,0.057628363,0.060291983,0.5132531,0.83049697,0.35595638,0.004120884,0.12594244,0.060291983,0.32001522,0.93058085,0.9642152,0.0593973,0.0052166027,0.004920058,0.7455354,0.56785715,0.0076678754,0.044501927,0.043513164,0.019616699,0.12449495,0.9898261,0.7455354,0.0024428456,0.024951575,0.044501927,0.6308698,0.039492894,0.26123744,0.041079134,0.0036697662,0.01224216,0.83809286,0.57591677,0.0,0.045646776,0.037360743,0.0,0.112530015,1.0,0.83809286,0.0018915018,0.0,0.045646776,0.6633512,0.07561997,0.2766197,0.036800534,0.0031593686,0.0121695185,0.80516505,0.29612586,0.15588203,0.03461884,0.032521743,0.03708023,0.033978187,0.80582345,0.80516505,0.002025963,0.039965462,0.03461884,0.5055759,0.20013347,0.18850683,0.02868634,0.005482547,0.007537751,1.1767949,1.1496196,1.0815312,0.050958995,0.21631852,0.21945508
pork,pork_portion14_day4_rep3,pork_portion14,4,3,Sub-fresh,1,0.057052895,0.25251138,0.25540814,0.050583873,0.047252346,0.04766229,0.5003331,0.8021655,0.25773895,0.008354675,0.15545887,0.047635455,0.24090669,0.9396608,0.97926414,0.051903293,0.004562974,0.057787776,0.59723353,0.4135567,0.07611198,0.041743107,0.043626063,0.050217822,0.10581142,0.87517035,0.59723353,0.0034221408,0.076137304,0.041743107,0.48612046,0.05584883,0.19740875,0.042104743,0.0047039236,0.008297486,0.9078364,0.62674254,0.0,0.018610068,0.024948992,0.0,0.11304489,1.0,0.9078364,0.0030085095,0.0,0.018610068,0.7156302,0.079593726,0.29432184,0.020259533,0.00675495,0.006199056,0.7913145,0.35319662,0.19599354,0.04163097,0.041342586,0.043653667,0.041963033,0.75249153,0.7913145,0.0023110614,0.044551704,0.04163097,0.52568823,0.17111522,0.17529729,0.03724578,0.0057441527,0.0062425626,1.2052183,1.1975908,1.1480964,0.2502612,0.12385825,0.24211767
pork,pork_portion15_day4_rep3,pork_portion15,4,3,Sub-fresh,1,0.057087988,0.25218228,0.24243179,0.059092008,0.07042726,0.07203616,0.4894752,0.8150605,0.25265956,0.0066839578,0.16369578,0.0706347,0.23847632,0.93646365,0.9626646,0.076256454,0.006925529,0.16181453,0.74702233,0.58188033,0.12655596,0.05252313,0.054229867,0.062003966,0.12018766,0.8338502,0.74702233,0.0028196175,0.076941974,0.05252313,0.6409718,0.03470189,0.23899265,0.05095039,0.0052080504,0.0067562726,0.9130137,0.7063935,0.0,0.03421932,0.035852533,0.0,0.12676936,1.0,0.9130137,0.002685476,0.0,0.03421932,0.76594955,0.041726258,0.3066834,0.031736467,0.0056024273,0.010076981,0.84449214,0.3752444,0.2527037,0.038138423,0.037811283,0.039707825,0.03255143,0.70033693,0.84449214,0.0018783644,0.03466907,0.038138423,0.5590799,0.1826303,0.16277699,0.034032784,0.0033215324,0.005658314,1.2242867,1.228452,1.144933,0.14230537,0.18546678,0.28871796
pork,pork_portion16_day4_rep3,pork_portion16,4,3,Sub-fresh,1,0.042028673,0.24159,0.25457013,0.052025545,0.07158996,0.077392995,0.5075148,0.86955744,0.25513944,0.0075905644,0.14135931,0.07680942,0.22821636,0.94240254,0.97504985,0.07761585,0.008416875,0.036702354,0.6467908,0.4683526,0.061953884,0.06776665,0.06815479,0.07193975,0.11376138,0.91200185,0.6467908,0.002888153,0.095332734,0.06776665,0.53677654,0.048681717,0.21852681,0.065752506,0.0053916094,0.00953644,0.84906334,0.66305554,0.00040884461,0.028661348,0.029498618,0.0042302352,0.12826765,0.999506,0.84906334,0.002090371,0.004782718,0.028661348,0.72117203,0.035923637,0.29149365,0.026541794,0.004284489,0.008409501,0.8476827,0.40928212,0.25795543,0.035728157,0.038461477,0.037893325,0.040760856,0.69510067,0.8476827,0.001987687,0.032922674,0.035728157,0.57693213,0.1680538,0.16774552,0.03366162,0.0048047467,0.0044985395,1.2108977,1.237723,1.1717333,0.19871745,0.13579729,0.23146735
pork,pork_portion17_day4_rep3,pork_portion17,4,3,Sub-fresh,1,0.0496786,0.27508494,0.2819079,0.044853587,0.04383695,0.044558976,0.5026251,0.8411707,0.28252378,0.0039008039,0.12888823,0.044198073,0.2636043,0.9341947,0.97863615,0.0470662,0.004300682,0.0036448864,0.7030768,0.5086489,0.017942319,0.03943222,0.040943626,0.035355195,0.1174029,0.9753564,0.7030768,0.0030696043,0.04687171,0.03943222,0.5802385,0.051701173,0.24390353,0.03814556,0.0067723296,0.009161304,0.892373,0.6272272,0.0,0.02166653,0.019433254,0.0,0.11499,1.0,0.892373,0.0018870132,0.0,0.02166653,0.7111331,0.07264048,0.29210103,0.018162742,0.0028529554,0.0060364343,0.8243781,0.3527929,0.24402468,0.03277683,0.03908468,0.03637822,0.029559713,0.7032003,0.8243781,0.0033660466,0.034198575,0.03277683,0.5404873,0.18495047,0.1583776,0.030769052,0.010376556,0.005749998,1.1911691,1.1890703,1.1449258,0.1410491,0.16324896,0.24416283
pork,pork_portion18_day4_rep3,pork_portion18,4,3,Sub-fresh,1,0.06261064,0.26966313,0.25377274,0.043032076,0.035652075,0.03570404,0.4854648,0.78236496,0.26966313,0.004686949,0.12954883,0.035652075,0.25756636,0.93198967,0.98952687,0.039037995,0.0028753313,0.060536984,0.6338419,0.38842,0.002375882,0.0351686,0.03696808,0.013112974,0.09973603,0.996513,0.6338419,0.004394858,0.018136807,0.0351686,0.48176372,0.08482195,0.2180173,0.035127968,0.006015324,0.010090998,0.9162582,0.70221806,0.0,0.020118406,0.023165556,0.0,0.12576659,1.0,0.9162582,0.0024984772,0.0,0.020118406,0.7642585,0.045134325,0.3064914,0.019595997,0.005709458,0.006185029,0.832433,0.34492454,0.21845047,0.039344233,0.041266233,0.04338574,0.03220647,0.7376547,0.832433,0.0016148328,0.042289738,0.039344233,0.53958166,0.19082442,0.1719902,0.035562217,0.0047381814,0.005845612,1.167555,1.2287339,1.1389577,0.29867387,0.12922049,0.29965958
pork,pork_portion19_day4_rep3,pork_portion19,4,3,Sub-fresh,1,0.034157723,0.2952378,0.32432514,0.03544926,0.03297164,0.031958465,0.5147778,0.9018553,0.32432514,0.0026260577,0.095157325,0.031958465,0.28512007,0.93415767,0.96371657,0.03456673,0.0040076342,0.002610895,0.7058432,0.5082469,0.025320832,0.0545854,0.06050187,0.056818657,0.11618334,0.96723855,0.7058432,0.004293048,0.07106857,0.0545854,0.5807296,0.05336927,0.2422924,0.05514321,0.0103293415,0.012130019,0.8637456,0.6572996,0.0,0.024879146,0.022105053,0.0,0.12522392,1.0,0.8637456,0.0009960308,0.0,0.024879146,0.7215448,0.045321908,0.2923663,0.02078859,0.0021760773,0.0068180556,0.80436516,0.34845594,0.23410906,0.035873283,0.034893986,0.036937755,0.031314228,0.7084076,0.80436516,0.001983704,0.036437683,0.035873283,0.529706,0.17935888,0.15793745,0.03167841,0.0036290614,0.0070073395,1.1762763,1.1963305,1.1308507,0.14966989,0.15997672,0.2698873
pork,pork_portion20_day4_rep3,pork_portion20,4,3,Sub-fresh,1,0.018940456,0.22951776,0.25416204,0.03621905,0.055194404,0.055101406,0.515765,0.94302535,0.25416204,0.0050300546,0.098540336,0.055101406,0.21584174,0.9444246,0.9686788,0.05917186,0.008154939,0.0036905687,0.6722659,0.54207224,0.11484498,0.035047628,0.040411226,0.053532887,0.12575711,0.8308136,0.6722659,0.0030222014,0.07332188,0.035047628,0.59416693,0.021805966,0.22373448,0.03709433,0.0067749307,0.004482333,0.87744427,0.55130565,0.0,0.02642849,0.04013604,0.0,0.10258708,1.0,0.87744427,0.0048940647,0.0,0.02642849,0.66135675,0.1051084,0.27928492,0.031568997,0.010236411,0.009342702,0.8281794,0.42822537,0.3106313,0.053092174,0.056610517,0.05445977,0.035940915,0.62583476,0.8281794,0.0029865487,0.045150574,0.053092174,0.5804664,0.15376663,0.14039017,0.05067831,0.006409633,0.005369854,1.2447076,1.1739674,1.2017293,0.12058034,0.15667672,0.16793638
pork,pork_portion21_day4_rep1,pork_portion21,4,1,Sub-fresh,1,0.09055796,0.29132414,0.25523457,0.053235766,0.043952446,0.0461691,0.4666616,0.7058135,0.29134914,0.014917143,0.14263926,0.04395399,0.27996102,0.9280505,0.33923873,0.04757382,0.002773457,0.4657019,0.68951815,0.5028327,0.028000152,0.049080037,0.04945009,0.0496666,0.117671885,0.9614321,0.68951815,0.0034557388,0.06526513,0.049080037,0.57234085,0.048878554,0.23881754,0.0464932,0.008418348,0.011004483,0.88266855,0.62814134,0.002654432,0.03773762,0.039769292,0.018941078,0.11636337,0.9970711,0.88266855,0.0029528697,0.020534106,0.03773762,0.70878613,0.06825933,0.29032248,0.035284333,0.0062249782,0.010977419,0.83365273,0.3482412,0.25515243,0.025712356,0.027896905,0.027558621,0.024834454,0.6926859,0.83365273,0.0020223227,0.025285918,0.025712356,0.54241014,0.19090539,0.15368587,0.023439465,0.004754868,0.004235969,0.93194085,0.9620419,0.80417186,0.14712474,0.16827023,0.24777529
pork,pork_portion22_day4_rep1,pork_portion22,4,1,Sub-fresh,1,0.050034218,0.29716635,0.3286133,0.0416864,0.035020884,0.037924744,0.5164691,0.85517013,0.3286133,0.007597908,0.111332715,0.037924744,0.28818813,0.9366899,0.96276957,0.037094865,0.004892706,0.010099709,0.6153258,0.4064718,0.025778096,0.03261431,0.03257002,0.037626635,0.10541836,0.9595774,0.6153258,0.0021876087,0.05642329,0.03261431,0.4872916,0.067042746,0.2125989,0.03178422,0.0042286776,0.005578854,0.8952738,0.6498345,0.0,0.03519054,0.040342085,0.0,0.11894588,1.0,0.8952738,0.0041042715,0.0,0.03519054,0.72584915,0.06257177,0.29574862,0.034214858,0.009818188,0.010693094,0.84709454,0.47010428,0.34137368,0.035294898,0.037381776,0.035898924,0.040223546,0.59615827,0.84709454,0.0029062543,0.028150013,0.035294898,0.61037606,0.14193124,0.1382591,0.033566553,0.0048815776,0.0054622507,1.1656262,1.1834469,1.1896486,0.25267285,0.16212489,0.2107959
pork,pork_portion23_day4_rep1,pork_portion23,4,1,Sub-fresh,1,0.025929637,0.25806335,0.2936753,0.030706875,0.033294145,0.03499094,0.5205975,0.9196422,0.2936753,0.0031443727,0.08753422,0.03499094,0.2476232,0.9425334,0.960834,0.035733093,0.0041823434,0.0031107091,0.6795052,0.5060387,0.10761596,0.050051153,0.053287018,0.06605736,0.113926,0.8460409,0.6795052,0.0027384209,0.089538805,0.050051153,0.57206225,0.044030473,0.2186398,0.050412975,0.0056488304,0.006291469,0.8522976,0.52055573,0.0,0.022886792,0.020217266,0.0,0.09985569,1.0,0.8522976,0.0022070217,0.0,0.022886792,0.6354334,0.11006018,0.27117667,0.019008996,0.004170926,0.0061559784,0.81775284,0.37281352,0.23785558,0.037617084,0.034599766,0.036165632,0.036463194,0.7084771,0.81775284,0.0019231811,0.033503998,0.037617084,0.5467469,0.17314562,0.16399084,0.032055296,0.005210568,0.005591465,1.2097192,1.1484927,1.147341,0.10552698,0.1424714,0.15275426
pork,pork_portion24_day4_rep1,pork_portion24,4,1,Sub-fresh,1,0.05483991,0.26247114,0.24572915,0.046280283,0.04330318,0.04476472,0.48479068,0.81130177,0.26247114,0.0044073174,0.13818449,0.04330318,0.24942945,0.9318894,0.9857836,0.047335964,0.0030494467,0.08862575,0.70549685,0.52970034,0.10240684,0.041377313,0.04117202,0.051344518,0.11597847,0.8561525,0.70549685,0.0023711885,0.06570614,0.041377313,0.59515023,0.04294144,0.22950906,0.039305188,0.0031659661,0.007190004,0.8793513,0.65530586,0.0,0.025864584,0.03181106,0.0,0.12220241,1.0,0.8793513,0.0036630395,0.0,0.025864584,0.7247297,0.052970804,0.2943511,0.026285911,0.0092580775,0.008057907,0.8378772,0.37551227,0.27328965,0.033550702,0.035641838,0.03643885,0.028111264,0.6731537,0.8378772,0.0014818417,0.032481283,0.033550702,0.55722594,0.18091057,0.15031809,0.030863483,0.005383791,0.0054475972,1.217252,1.2151078,1.1647792,0.14524436,0.16353881,0.2552873
pork,pork_portion25_day4_rep1,pork_portion25,4,1,Sub-fresh,1,0.07729397,0.309882,0.29078418,0.037226617,0.032409776,0.032801032,0.4846037,0.7582264,0.3099723,0.008693171,0.102358714,0.032213844,0.29842934,0.924527,0.84592974,0.03439703,0.0039278017,0.34991735,0.6432377,0.45130825,0.011269927,0.036186434,0.034142952,0.024760896,0.11406176,0.9830703,0.6432377,0.002570316,0.035878252,0.036186434,0.52464366,0.055235546,0.22720508,0.033486705,0.0035833456,0.008851529,0.8861213,0.6235762,0.0,0.038311917,0.03740931,0.0,0.11517748,1.0,0.8861213,0.0025691108,0.0,0.038311917,0.70704377,0.07202919,0.29059917,0.034085345,0.0044109374,0.010967653,0.8151366,0.4085168,0.2759543,0.036721833,0.0430322,0.041733287,0.038838957,0.66079444,0.8151366,0.0028335417,0.039429095,0.036721833,0.5645878,0.156668,0.15128377,0.035958704,0.010002958,0.007526545,1.0907156,1.0964079,1.0691028,0.19383146,0.13284622,0.21648607
pork,pork_portion26_day4_rep1,pork_portion26,4,1,Sub-fresh,1,0.09149388,0.2900701,0.2637123,0.031910725,0.0258863,0.025465574,0.47557503,0.69012713,0.29007703,0.006927211,0.087243624,0.025889201,0.27951878,0.93011856,0.74260724,0.028282158,0.0017172376,0.43478048,0.6880061,0.5255138,0.025380153,0.048077065,0.047004633,0.04157412,0.1237308,0.96452,0.6880061,0.0025703423,0.05631685,0.048077065,0.58668745,0.03611735,0.24318786,0.045093358,0.0050377515,0.011577771,0.8705174,0.64575404,4.0456353e-06,0.04155625,0.037756957,0.00016255656,0.12163094,0.99999326,0.8705174,0.0033846989,0.00026211227,0.04155625,0.7161532,0.05406519,0.29163662,0.034779467,0.007908157,0.011248641,0.826413,0.3504299,0.22568578,0.03297756,0.03745451,0.037309717,0.032627013,0.7263598,0.826413,0.0027389082,0.036481317,0.03297756,0.53969616,0.18627022,0.16790663,0.031061258,0.0064452924,0.005631931,1.0691167,1.0777261,0.97533756,0.13939437,0.17441712,0.2528327
pork,pork_portion27_day4_rep1,pork_portion27,4,1,Sub-fresh,1,0.035971835,0.28467575,0.31412873,0.03530099,0.03653785,0.03669324,0.51568955,0.8935583,0.31412873,0.0055446057,0.097282484,0.03669324,0.2745913,0.9367544,0.9638431,0.038516276,0.0055060075,0.0057219435,0.6755825,0.5251501,0.08381302,0.06378538,0.065043345,0.06506383,0.12208926,0.8811117,0.6755825,0.0038683233,0.08785706,0.06378538,0.5829838,0.031766783,0.22849776,0.062472038,0.006774967,0.012285175,0.911304,0.5959883,0.0,0.03352055,0.036281936,0.0,0.10693751,1.0,0.911304,0.0034547534,0.0,0.03352055,0.6983105,0.096634954,0.29039183,0.03137123,0.0074610836,0.009835322,0.8419933,0.39465567,0.2655106,0.029002119,0.029765151,0.030018212,0.035121143,0.68350816,0.8419933,0.0008856611,0.025778541,0.029002119,0.56770134,0.17309189,0.15961681,0.026453082,0.0033141987,0.004012214,1.206168,1.1570978,1.1471155,0.14607875,0.15795861,0.20001629
pork,pork_portion28_day4_rep1,pork_portion28,4,1,Sub-fresh,1,0.041796323,0.26583797,0.26776984,0.030810583,0.025648275,0.02827673,0.49931347,0.8518426,0.27099988,0.0069455644,0.1027501,0.02694133,0.2538063,0.9338099,0.9819775,0.027972605,0.0029023772,0.006287145,0.6185763,0.44066486,0.020616153,0.05331791,0.05430714,0.040492736,0.11499813,0.96953595,0.6185763,0.0034685282,0.05729636,0.05331791,0.50980425,0.05000642,0.2196936,0.052393746,0.0057475623,0.011938577,0.8810012,0.5847707,0.0,0.033055253,0.03445998,0.0,0.108612835,1.0,0.8810012,0.0031303202,0.0,0.033055253,0.6822241,0.08956261,0.2843585,0.030450685,0.006417411,0.009652168,0.7883028,0.39563018,0.29670238,0.033744745,0.0346806,0.03646863,0.031561993,0.6229051,0.7883028,0.0017258846,0.03176339,0.033744745,0.5480451,0.15351382,0.13118783,0.031704307,0.0043985974,0.0055360296,1.1948725,1.1759964,1.191336,0.18834767,0.14145465,0.21343622
pork,pork_portion29_day4_rep1,pork_portion29,4,1,Sub-fresh,1,0.042303827,0.2336011,0.2430606,0.028338678,0.030977273,0.03469409,0.5058657,0.8353524,0.2442363,0.00851994,0.0976556,0.033488803,0.22114114,0.9429369,0.97907335,0.03421615,0.004574334,0.0066631096,0.6617231,0.46985266,0.004985251,0.044109177,0.04370409,0.018139344,0.11583631,0.99295425,0.6617231,0.0033833585,0.024659138,0.044109177,0.5422183,0.053606804,0.23400778,0.042159893,0.0050502336,0.012154548,0.7796938,0.57636136,0.0,0.023386838,0.023615062,0.0,0.12110617,1.0,0.7796938,0.0021731867,0.0,0.023386838,0.64634854,0.050006416,0.26850915,0.02170318,0.003998822,0.006964324,0.8401434,0.41526356,0.31860766,0.042042248,0.051730994,0.054147433,0.028765004,0.62085706,0.8401434,0.0025398366,0.04960077,0.042042248,0.5788242,0.16499195,0.13578798,0.042563803,0.010776499,0.010119167,1.2037945,1.2177962,1.201776,0.10975613,0.15295021,0.18813854
pork,pork_portion30_day4_rep1,pork_portion30,4,1,Sub-fresh,1,0.023664385,0.22183111,0.21252532,0.03051859,0.040688626,0.039774947,0.48988754,0.9095856,0.22183111,0.0011541065,0.10904564,0.040688626,0.20581973,0.9371713,0.9903606,0.044520594,0.0053003863,0.0020543276,0.70411676,0.5502261,0.038782544,0.04624644,0.044082183,0.04816612,0.12624007,0.9462142,0.70411676,0.0029325825,0.064756185,0.04624644,0.6077707,0.03055426,0.24726194,0.041933667,0.00782544,0.009946625,0.833198,0.6105815,0.0008142415,0.03813886,0.040026207,0.007152139,0.119903505,0.99904156,0.833198,0.0030975295,0.007995867,0.03813886,0.6834201,0.055796403,0.2810687,0.035867676,0.0067999554,0.011175065,0.820715,0.45759666,0.3339165,0.04875511,0.04951328,0.047166932,0.040051,0.59317493,0.820715,0.0029765433,0.036451973,0.04875511,0.59399253,0.13748255,0.13359855,0.045400362,0.007013448,0.005110786,1.2392396,1.2280142,1.2345936,0.08661929,0.15666163,0.19083336
pork,pork_portion21_day4_rep2,pork_portion21,4,2,Sub-fresh,1,0.09814824,0.28382388,0.23423761,0.055446118,0.04840779,0.050123934,0.4528458,0.67494285,0.28382388,0.012335242,0.14120778,0.04840779,0.27217668,0.92836845,0.122971244,0.05283381,0.002826503,0.311323,0.69089365,0.49520233,0.020138938,0.0560826,0.0563753,0.041622218,0.11598803,0.972741,0.69089365,0.004364268,0.053711325,0.0560826,0.5677375,0.053492166,0.239466,0.053025663,0.009406705,0.013320479,0.88173294,0.62736523,0.0010304551,0.037673373,0.038735826,0.011541406,0.11646493,0.99886674,0.88173294,0.0029794113,0.0124175595,0.037673373,0.70804286,0.06823727,0.29039243,0.03459476,0.0061063,0.010944636,0.83303785,0.3460229,0.25330704,0.029683154,0.031533387,0.03080556,0.024938313,0.69486785,0.83303785,0.0019748504,0.027704585,0.029683154,0.54111236,0.19162573,0.15421356,0.026757728,0.0050459914,0.0041489033,0.9307715,0.9786904,0.7849155,0.14998835,0.16449241,0.24826436
pork,pork_portion22_day4_rep2,pork_portion22,4,2,Sub-fresh,1,0.049870398,0.292538,0.32293025,0.045103814,0.039764617,0.041587666,0.5159837,0.8559036,0.32293025,0.008486833,0.11940055,0.041587666,0.2833697,0.937357,0.96342456,0.04220083,0.005449382,0.009920461,0.6132361,0.40485677,0.032511078,0.043053955,0.042207778,0.043417588,0.10474747,0.9495849,0.6132361,0.002855288,0.064508304,0.043053955,0.48520026,0.06711236,0.21037523,0.04127417,0.006165835,0.0070808693,0.8929394,0.65081805,0.0,0.0362986,0.0398674,0.0,0.11942524,1.0,0.8929394,0.003995766,0.0,0.0362986,0.7257725,0.061108522,0.29561728,0.034239862,0.009669233,0.010742612,0.84418964,0.46614045,0.34035563,0.0368036,0.037198924,0.035274394,0.039383143,0.59593517,0.84418964,0.002167933,0.026959922,0.0368036,0.60721886,0.14273953,0.1371542,0.03396767,0.004601544,0.004931136,1.168394,1.187223,1.1912254,0.25529838,0.16115002,0.2140774
pork,pork_portion23_day4_rep2,pork_portion23,4,2,Sub-fresh,1,0.019241966,0.25408202,0.28620103,0.029105922,0.03777432,0.038318656,0.5184953,0.9411813,0.28620103,0.0026480362,0.082159355,0.038318656,0.24277318,0.9414669,0.96312636,0.04017643,0.005190654,0.0028541994,0.67734534,0.5051892,0.10859939,0.053330366,0.05580925,0.06672934,0.1140009,0.8445032,0.67734534,0.0028594271,0.09026683,0.053330366,0.5708127,0.04353814,0.21783778,0.053166017,0.0055968165,0.0069441334,0.8503201,0.51704186,2.184718e-05,0.023794774,0.022020265,0.0008013032,0.09935117,0.9999727,0.8503201,0.0022947646,0.00097590504,0.023794774,0.63268,0.111009814,0.27043986,0.020439079,0.0036657539,0.006602806,0.81497765,0.3718495,0.24008185,0.04227785,0.040678468,0.042381633,0.036098644,0.70533687,0.81497765,0.0022269615,0.04035973,0.04227785,0.5452367,0.17272162,0.16199383,0.036956906,0.0060976855,0.005903717,1.2121638,1.1495656,1.1507679,0.105579205,0.14304213,0.15236542
pork,pork_portion24_day4_rep2,pork_portion24,4,2,Sub-fresh,1,0.050992005,0.25828975,0.24046701,0.04750982,0.04823401,0.049182355,0.48381656,0.8260458,0.25828975,0.0061495476,0.14200082,0.04823401,0.24460287,0.93182474,0.9321244,0.05253727,0.0039255344,0.2399323,0.70103633,0.52376294,0.0914219,0.046661146,0.047720775,0.061287552,0.11611273,0.87249106,0.70103633,0.0026284433,0.07996957,0.046661146,0.5898442,0.043913186,0.2299613,0.04522822,0.0038747163,0.007323254,0.87517214,0.6486941,0.0,0.02863701,0.035849243,0.0,0.121520504,1.0,0.87517214,0.004049245,0.0,0.02863701,0.71941245,0.054554775,0.29272392,0.029694416,0.0097425915,0.009139011,0.83355623,0.37379935,0.2722265,0.03756745,0.04071201,0.041328445,0.028143033,0.67305064,0.83355623,0.0015895775,0.03778219,0.03756745,0.5547044,0.18001732,0.14964579,0.034806278,0.006846251,0.0063649234,1.1834743,1.1848543,1.1285611,0.14436175,0.16189417,0.25167623
pork,pork_portion25_day4_rep2,pork_portion25,4,2,Sub-fresh,1,0.07852477,0.30911785,0.29077178,0.041962523,0.036425125,0.03660725,0.4851113,0.75639635,0.30921224,0.008497607,0.11190541,0.03626697,0.29775378,0.92510825,0.8870588,0.03883144,0.0039404114,0.30356184,0.6559339,0.45678958,0.012619898,0.038212743,0.03610608,0.026234556,0.11306805,0.9815704,0.6559339,0.0023627062,0.036858678,0.038212743,0.53230566,0.058067683,0.22978172,0.035211246,0.003967474,0.008739633,0.88731897,0.6269589,8.621888e-05,0.034215394,0.03444133,0.0019237776,0.11566675,0.9998998,0.88731897,0.0025183167,0.0021045783,0.034215394,0.7094399,0.07076678,0.29128703,0.031003121,0.0046536713,0.0099849,0.81777376,0.40972614,0.2741192,0.03783909,0.048379827,0.04754587,0.039483584,0.66463834,0.81777376,0.003028503,0.045567445,0.03783909,0.56624067,0.15699604,0.15307586,0.039577417,0.010524216,0.0076881736,1.1130081,1.1199682,1.0958159,0.18793803,0.1297004,0.2168959
pork,pork_portion26_day4_rep2,pork_portion26,4,2,Sub-fresh,1,0.093941495,0.2894901,0.26363847,0.03492816,0.029103512,0.028799096,0.47572878,0.6826097,0.2895068,0.00803995,0.09371166,0.029109875,0.2792132,0.93111867,0.7029224,0.031674538,0.002602167,0.45411217,0.69123906,0.52837485,0.026749782,0.049010232,0.048498943,0.044047944,0.12387087,0.9630757,0.69123906,0.0026168756,0.058624636,0.049010232,0.58945465,0.03616049,0.24382518,0.046267923,0.004942538,0.01140212,0.8779683,0.643138,0.0,0.03829543,0.03775585,0.0,0.11998939,1.0,0.8779683,0.0028143106,0.0,0.03829543,0.7166005,0.058612455,0.29234502,0.03425466,0.0056981775,0.0109740775,0.824505,0.3700668,0.23453769,0.038130805,0.03880686,0.040610336,0.036230963,0.7150484,0.824505,0.0017395888,0.039977726,0.038130805,0.54820144,0.17679797,0.16663183,0.033813704,0.0074843178,0.006948268,1.0526017,1.058843,0.9638267,0.13792871,0.16564886,0.24110134
pork,pork_portion27_day4_rep2,pork_portion27,4,2,Sub-fresh,1,0.037763514,0.28297082,0.3138771,0.03750386,0.04014131,0.040255297,0.5168775,0.88935393,0.3138771,0.0043179304,0.10164947,0.040255297,0.2729709,0.93758434,0.9631656,0.04248565,0.0054436876,0.0048130765,0.6659543,0.5172879,0.07661671,0.0671673,0.06789204,0.06487872,0.12241849,0.8905796,0.6659543,0.0043277475,0.08867683,0.0671673,0.57488114,0.03149623,0.22739176,0.065509945,0.0075304112,0.013537356,0.9106489,0.5932757,0.0,0.03332353,0.03622998,0.0,0.10649116,1.0,0.9106489,0.0034607945,0.0,0.03332353,0.69654,0.09770699,0.2899001,0.031264193,0.0073905485,0.009793941,0.844424,0.39000937,0.26848704,0.031718154,0.031093476,0.031825233,0.033539876,0.6811699,0.844424,0.0019740816,0.026909366,0.031718154,0.566362,0.17606394,0.15763736,0.028405754,0.0023786766,0.0046248995,1.2056154,1.1567589,1.1466767,0.15196063,0.16074227,0.20144366
pork,pork_portion28_day4_rep2,pork_portion28,4,2,Sub-fresh,1,0.035967622,0.25959697,0.26616687,0.032468148,0.030399201,0.03181916,0.5025332,0.87418085,0.2678851,0.006480395,0.10629162,0.030882666,0.24731897,0.9352448,0.9793387,0.03301986,0.0037882065,0.0058284122,0.6212075,0.44214457,0.027188705,0.057862047,0.059780665,0.048747506,0.11433565,0.96020395,0.6212075,0.0037722886,0.068727404,0.057862047,0.51160914,0.05048545,0.2187929,0.057434097,0.0064054565,0.01246343,0.87580186,0.58277637,0.0,0.03319204,0.03426855,0.0,0.1089175,1.0,0.87580186,0.0030287383,0.0,0.03319204,0.67937875,0.08835017,0.28333,0.030459752,0.0060294634,0.00969607,0.7863389,0.39275554,0.29481933,0.038868193,0.040056035,0.040748555,0.03126023,0.6248045,0.7863389,0.0018244963,0.03515173,0.038868193,0.54578054,0.15400232,0.13102816,0.036578707,0.0050157756,0.00533516,1.1962768,1.178276,1.1912389,0.18369925,0.13995028,0.21296604
pork,pork_portion29_day4_rep2,pork_portion29,4,2,Sub-fresh,1,0.04341905,0.23818707,0.25321764,0.031917464,0.031301916,0.032755207,0.51014024,0.8389391,0.2536724,0.0070921257,0.107031666,0.032065034,0.22650114,0.9441153,0.9754698,0.034687582,0.0039783325,0.006023134,0.65515804,0.46735516,0.0043071206,0.049820013,0.049842812,0.017012078,0.116322085,0.9939755,0.65515804,0.0040239375,0.022930948,0.049820013,0.5385852,0.051975936,0.23278864,0.047815498,0.0057926658,0.014132262,0.7809837,0.57728785,0.0,0.02265959,0.021418259,0.0,0.121013604,1.0,0.7809837,0.0021376815,0.0,0.02265959,0.6472833,0.05014796,0.26878613,0.019944813,0.00439166,0.006458674,0.8426116,0.41710016,0.32214335,0.0444699,0.054086998,0.057634704,0.02840507,0.61799073,0.8426116,0.0025776995,0.053649783,0.0444699,0.5808851,0.1651729,0.13488412,0.044605788,0.011307089,0.011525834,1.2020334,1.214758,1.1995515,0.114518315,0.15552534,0.188598
pork,pork_portion30_day4_rep2,pork_portion30,4,2,Sub-fresh,1,0.027433189,0.22277744,0.2143551,0.033396374,0.043996017,0.04508963,0.49043077,0.8963275,0.22294326,0.00431199,0.11658139,0.04396543,0.20698228,0.9377948,0.98962206,0.048395988,0.005056113,0.018760059,0.70576304,0.55000687,0.039439324,0.044748224,0.04536394,0.049892753,0.12582795,0.94567007,0.70576304,0.0030008662,0.06645777,0.044748224,0.6081383,0.031422667,0.24730682,0.042387266,0.0077450695,0.009357238,0.8352977,0.6134854,0.0005006259,0.03577714,0.03711025,0.0051015047,0.120290145,0.9994061,0.8352977,0.0031277942,0.0057639387,0.03577714,0.6858641,0.05517521,0.2818094,0.03329613,0.0066377567,0.010402666,0.8200659,0.45759466,0.33362406,0.047647983,0.048831422,0.04752824,0.040393565,0.59328127,0.8200659,0.0026278908,0.037346784,0.047647983,0.59372455,0.13728142,0.13364471,0.044836044,0.0060132877,0.0050523626,1.238333,1.2285535,1.2341347,0.088294424,0.15599008,0.19283126
pork,pork_portion21_day4_rep3,pork_portion21,4,3,Sub-fresh,1,0.09342819,0.2853891,0.24223034,0.05586886,0.04859712,0.050884426,0.45953393,0.6934871,0.2853891,0.013431551,0.14730167,0.04859712,0.27365813,0.9284135,0.20570245,0.05285567,0.0023879486,0.39361632,0.6924666,0.5034319,0.029916475,0.055677794,0.054879803,0.050984215,0.11707708,0.9591724,0.6924666,0.003827749,0.066543214,0.055677794,0.5735486,0.04994307,0.23894528,0.051958084,0.0090852985,0.012507175,0.8804642,0.63183314,8.738872e-05,0.037167955,0.038541142,0.0013817281,0.11751898,0.9998825,0.8804642,0.003055012,0.0016451619,0.037167955,0.7104344,0.06541379,0.2909667,0.034277406,0.0062514064,0.01086131,0.83635825,0.34833616,0.25889543,0.030364783,0.032105327,0.03208117,0.023651779,0.68948025,0.83635825,0.0012596657,0.028733041,0.030364783,0.5437443,0.19192815,0.15238482,0.027431646,0.005053175,0.0048628794,0.9288432,0.97098505,0.78625697,0.14725244,0.16894013,0.25099084
pork,pork_portion22_day4_rep3,pork_portion22,4,3,Sub-fresh,1,0.047686417,0.29811996,0.34412867,0.045123372,0.040949214,0.04730579,0.5230448,0.8693103,0.34412867,0.008962964,0.11570629,0.04730579,0.29019254,0.94050914,0.95386535,0.043268315,0.006272519,0.013460348,0.6161677,0.4088361,0.03084113,0.04274829,0.04225286,0.04416674,0.10562174,0.95262873,0.6161677,0.00258122,0.06500849,0.04274829,0.4887748,0.06623167,0.21182671,0.041297678,0.00573522,0.0070679393,0.8938941,0.6498923,1.2515645e-05,0.03519101,0.045012314,0.0002857363,0.11906132,0.9999792,0.8938941,0.004701006,0.00046070246,0.03519101,0.7254891,0.061990645,0.29557213,0.03728161,0.010879919,0.011365319,0.8432201,0.46731126,0.34259835,0.03866475,0.038084764,0.035853356,0.039196324,0.5928242,0.8432201,0.0024483504,0.027587978,0.03866475,0.6075053,0.14187679,0.13604873,0.035248373,0.003952062,0.005777486,1.1637944,1.1809436,1.1863073,0.25112733,0.1598794,0.21389174
pork,pork_portion23_day4_rep3,pork_portion23,4,3,Sub-fresh,1,0.023011928,0.25632617,0.29092202,0.03328108,0.03926092,0.041481066,0.5200297,0.93062466,0.29092202,0.0033778038,0.0901779,0.041481066,0.2455279,0.94231987,0.9616411,0.041954085,0.005139509,0.0041595283,0.6819272,0.5090441,0.11034066,0.05329519,0.055722326,0.06600004,0.11412178,0.84300566,0.6819272,0.002689377,0.08876595,0.05329519,0.574684,0.04362279,0.21889679,0.052989937,0.0056605483,0.006393182,0.851005,0.52172065,0.0,0.026195742,0.02154649,0.0,0.10022903,1.0,0.851005,0.002371049,0.0,0.026195742,0.6356107,0.10893149,0.27116525,0.020700816,0.004971179,0.006792191,0.80971587,0.37609258,0.24619882,0.04319826,0.040561937,0.04261441,0.036035378,0.69565964,0.80971587,0.0016162767,0.04048375,0.04319826,0.545316,0.16908674,0.15853713,0.037310172,0.006635413,0.0069407066,1.211474,1.1504164,1.1544428,0.103485644,0.14229186,0.15638697
pork,pork_portion24_day4_rep3,pork_portion24,4,3,Sub-fresh,1,0.052191783,0.26197264,0.24418211,0.04849029,0.048821595,0.05002985,0.48400623,0.82433695,0.26197264,0.0056010764,0.14349455,0.048821595,0.24844332,0.9312118,0.95231956,0.05306733,0.0037999745,0.19921045,0.7052636,0.53541046,0.10448133,0.04435036,0.04539177,0.05953605,0.11738706,0.85399383,0.7052636,0.003108802,0.07697018,0.04435036,0.59874624,0.03989596,0.22949295,0.042882778,0.004726238,0.008006605,0.880021,0.6561187,0.0,0.026176417,0.03386778,0.0,0.122103706,1.0,0.880021,0.0037614936,0.0,0.026176417,0.7254098,0.052841745,0.29459804,0.0278222,0.009361782,0.008515171,0.83278304,0.37595078,0.27376443,0.03791106,0.039738666,0.03982514,0.028476845,0.6707107,0.83278304,0.0022693798,0.035412233,0.03791106,0.55537355,0.17876488,0.14919065,0.03427485,0.00776935,0.00573464,1.1998476,1.1965069,1.1425405,0.14300324,0.16617529,0.25673386
pork,pork_portion25_day4_rep3,pork_portion25,4,3,Sub-fresh,1,0.076687366,0.31256008,0.2956317,0.041558586,0.03430076,0.034577165,0.48619497,0.76386416,0.31277308,0.008604019,0.11025339,0.03399127,0.30123588,0.9245242,0.9349227,0.03639999,0.0041557397,0.22781837,0.6533934,0.457532,0.015822347,0.03731678,0.03599458,0.028819384,0.11354938,0.97669375,0.6533934,0.0024366714,0.040879365,0.03731678,0.5318417,0.056559358,0.2288882,0.03492898,0.003935632,0.008174211,0.88328224,0.6273591,0.0,0.037867863,0.03670672,0.0,0.11628206,1.0,0.88328224,0.0025642503,0.0,0.037867863,0.7084252,0.06878934,0.2908002,0.03350226,0.0047870474,0.010803524,0.81399375,0.41277406,0.28138497,0.037477367,0.045610048,0.043915447,0.039201546,0.6539131,0.81399375,0.0032280076,0.0415787,0.037477367,0.5664702,0.1544283,0.1491289,0.03783072,0.010246135,0.007505026,1.1423776,1.1458529,1.1317548,0.18752177,0.13091604,0.21807343
pork,pork_portion26_day4_rep3,pork_portion26,4,3,Sub-fresh,1,0.07901589,0.2822588,0.25947934,0.03971997,0.036207102,0.03389052,0.47940856,0.732014,0.28264403,0.0102604395,0.11341067,0.035600305,0.2708805,0.9303581,0.81274295,0.038993735,0.0043656076,0.38424897,0.692178,0.5302224,0.02532177,0.050993208,0.048765138,0.041859433,0.12418516,0.965139,0.692178,0.002658852,0.055728555,0.050993208,0.590945,0.03552175,0.24456172,0.047011554,0.004932028,0.011885935,0.87689114,0.6475099,0.0,0.036727566,0.035265297,0.0,0.12100964,1.0,0.87689114,0.002315871,0.0,0.036727566,0.7190619,0.05591918,0.29280007,0.032304127,0.004740092,0.010364388,0.82438403,0.36830747,0.23690405,0.03764386,0.038943075,0.04120879,0.03508888,0.7121659,0.82438403,0.0015386873,0.040774714,0.03764386,0.54739743,0.17769846,0.16506234,0.03378416,0.007269596,0.007370986,1.1072503,1.1116883,1.0307515,0.13840859,0.16861424,0.2462028
pork,pork_portion27_day4_rep3,pork_portion27,4,3,Sub-fresh,1,0.034092963,0.2845165,0.3199151,0.036721054,0.039956827,0.04096139,0.51878524,0.9024546,0.3199151,0.004726445,0.09760854,0.04096139,0.27472213,0.93808585,0.96028686,0.04216606,0.0056200707,0.0053494037,0.6754486,0.5304153,0.0907237,0.06499757,0.06767146,0.06773663,0.12316113,0.871392,0.6754486,0.0039887787,0.09109148,0.06499757,0.5864586,0.029017108,0.22775193,0.06454617,0.00777536,0.0115359835,0.91117716,0.5983984,0.0,0.032413222,0.03563067,0.0,0.10745254,1.0,0.91117716,0.0034737508,0.0,0.032413222,0.6997284,0.09537052,0.29068235,0.03057847,0.007839936,0.009551373,0.8410097,0.3970403,0.26977962,0.031161012,0.030764703,0.031503733,0.03461023,0.6780893,0.8410097,0.0015502883,0.026701948,0.031161012,0.56852335,0.17189407,0.15766317,0.02790159,0.0031605242,0.0045878724,1.2083845,1.157225,1.1478561,0.14557837,0.16014972,0.20190276
pork,pork_portion28_day4_rep3,pork_portion28,4,3,Sub-fresh,1,0.033722132,0.2635802,0.27352417,0.031829756,0.030231413,0.03201438,0.5043921,0.88489467,0.27450606,0.0063977884,0.10218459,0.031214349,0.25157356,0.9351525,0.9764661,0.032754324,0.0038844722,0.0065212823,0.6219901,0.44322884,0.02433007,0.05655332,0.058530502,0.045948472,0.11470275,0.9642829,0.6219901,0.0040169675,0.06453309,0.05655332,0.5125474,0.050277375,0.21972287,0.05603026,0.007176321,0.012568248,0.8755243,0.5840596,0.0,0.035059102,0.034080252,0.0,0.10921547,1.0,0.8755243,0.00283393,0.0,0.035059102,0.6799767,0.08752213,0.28343928,0.030902814,0.0056914217,0.009924189,0.7831754,0.3963576,0.2959624,0.037434496,0.038081337,0.038607456,0.03219828,0.6216788,0.7831754,0.0016711365,0.032577194,0.037434496,0.5464478,0.15112069,0.13065518,0.035014912,0.00435284,0.0045023207,1.1932191,1.1757094,1.1904002,0.18297413,0.13875037,0.21264459
pork,pork_portion29_day4_rep3,pork_portion29,4,3,Sub-fresh,1,0.03775934,0.23843423,0.2505223,0.031804018,0.032483187,0.035123732,0.5073127,0.85989654,0.25118017,0.0071416143,0.10719526,0.034355056,0.22608817,0.9419311,0.9768398,0.035882,0.0039413115,0.006505168,0.6614197,0.47550395,0.009108883,0.046727188,0.046884067,0.025387408,0.117036924,0.98715276,0.6614197,0.0035469027,0.03434529,0.046727188,0.54585856,0.05049772,0.23413335,0.044799156,0.0056906193,0.012274129,0.7754126,0.5778681,0.0,0.026346128,0.023249408,0.0,0.12212319,1.0,0.7754126,0.0021411555,0.0,0.026346128,0.6461036,0.047264736,0.26809642,0.02226357,0.0040809806,0.0073438915,0.8333385,0.41374964,0.3191468,0.043495346,0.05381369,0.056954827,0.028589753,0.617387,0.8333385,0.00261907,0.05279306,0.043495346,0.57549673,0.1631072,0.1336434,0.04447883,0.010637577,0.010831672,1.2035445,1.2162064,1.1998471,0.10589152,0.1538101,0.19100371
pork,pork_portion30_day4_rep3,pork_portion30,4,3,Sub-fresh,1,0.026195895,0.22027571,0.2158504,0.03372038,0.045894515,0.04707123,0.49403653,0.9017109,0.22148956,0.0065710815,0.1167644,0.045733415,0.20448701,0.9390973,0.9865374,0.050408542,0.0060304664,0.03227177,0.70468754,0.5549677,0.046609167,0.04415214,0.044702224,0.051641457,0.12684733,0.93535835,0.70468754,0.0028246245,0.0691603,0.04415214,0.61108875,0.028380487,0.2466656,0.041780967,0.007459501,0.009258967,0.8320985,0.6150996,0.0008575024,0.03590838,0.037718616,0.0065560658,0.121089906,0.99899095,0.8320985,0.003259488,0.007410784,0.03590838,0.68594044,0.053018317,0.2815804,0.033769336,0.0067815706,0.010470785,0.81444496,0.46016985,0.33902833,0.047819894,0.05132666,0.04815647,0.040217426,0.5838535,0.81444496,0.003364828,0.037906304,0.047819894,0.5933217,0.13398942,0.13032176,0.04612431,0.008123467,0.0048315604,1.2418294,1.2304054,1.2379403,0.08619072,0.15812908,0.1949711
pork,pork_portion31_day4_rep1,pork_portion31,4,1,Sub-fresh,1,0.011655462,0.28955477,0.35442254,0.021301908,0.041041512,0.0406264,0.5301439,0.9701325,0.35442254,0.0045949486,0.052360494,0.0406264,0.2815903,0.9434589,0.94199514,0.04213061,0.0079556275,0.0022971996,0.599953,0.4224047,0.05256603,0.05991995,0.06133685,0.06376381,0.110569306,0.9195376,0.599953,0.0033867995,0.09197975,0.05991995,0.49221882,0.05198856,0.2056276,0.059347134,0.0061630895,0.008345302,0.89243513,0.5870174,0.0,0.027735163,0.032167822,0.0,0.107624374,1.0,0.89243513,0.00389352,0.0,0.027735163,0.68719167,0.09318558,0.28639314,0.026728634,0.009355668,0.008269649,0.84045136,0.391403,0.2856212,0.04284954,0.045595475,0.04672935,0.03019934,0.6601141,0.84045136,0.0018304938,0.039212357,0.04284954,0.56605875,0.17491224,0.14795588,0.040092796,0.0049840524,0.006537142,1.1752961,1.1477331,1.1410892,0.2150225,0.15455936,0.2012891
pork,pork_portion32_day4_rep1,pork_portion32,4,1,Sub-fresh,1,0.020332761,0.25764278,0.29125932,0.034143332,0.039184026,0.041364685,0.51835173,0.9378645,0.29125932,0.007094676,0.097139984,0.041364685,0.24651006,0.94164187,0.9619682,0.041813266,0.0063105477,0.008317734,0.7078223,0.5373795,0.15292701,0.04450611,0.043797854,0.051417395,0.11325534,0.7856346,0.7078223,0.0021751209,0.06555651,0.04450611,0.60120827,0.04103258,0.21576574,0.042250823,0.0037227166,0.006966664,0.9121539,0.61080354,0.0,0.032926124,0.04149593,0.0,0.109499484,1.0,0.9121539,0.004330191,0.0,0.032926124,0.70739186,0.0895095,0.2926049,0.034214213,0.010010481,0.010431318,0.8377682,0.4091431,0.29684478,0.0394883,0.04016886,0.041233186,0.03256523,0.64526135,0.8377682,0.0019067961,0.034757018,0.0394883,0.57390434,0.16601957,0.14527017,0.03615067,0.0052790944,0.005393963,1.2221808,1.177535,1.1729333,0.139747,0.1460715,0.21302636
pork,pork_portion33_day4_rep1,pork_portion33,4,1,Sub-fresh,1,0.001280769,0.23255347,0.32849512,0.0061493744,0.03609305,0.037009906,0.54740685,0.9967221,0.32849512,0.005275014,0.014989751,0.037009906,0.22625364,0.9649163,0.92506945,0.03778338,0.007940721,0.002831622,0.59903955,0.40979254,0.11411919,0.048070967,0.048659876,0.06036471,0.09949217,0.81434286,0.59903955,0.0027384472,0.08724039,0.048070967,0.48393276,0.059664015,0.18391627,0.04801946,0.005109404,0.005830291,0.91198134,0.6087266,0.0030086034,0.04440448,0.04809419,0.02199366,0.10907567,0.99676734,0.91198134,0.005957721,0.02316761,0.04440448,0.7062546,0.0905269,0.29173923,0.039599262,0.016812852,0.011898338,0.83411473,0.38653967,0.27190134,0.043991737,0.04602133,0.04614882,0.031929832,0.67402804,0.83411473,0.0014952634,0.040724598,0.043991737,0.56081855,0.17423524,0.15276153,0.040523164,0.0058358386,0.0066125207,1.1979934,1.1815519,1.1548029,0.24900866,0.14145179,0.21788421
pork,pork_portion34_day4_rep1,pork_portion34,4,1,Sub-fresh,1,0.030215615,0.33234873,0.41985592,0.037609033,0.05667339,0.057344425,0.5360069,0.9347558,0.41985592,0.005292767,0.0774788,0.057344425,0.32646602,0.94356984,0.92842853,0.05799982,0.0098192245,0.0033369195,0.6120119,0.44490582,0.08854559,0.056671154,0.058196083,0.068079196,0.1113115,0.8619548,0.6120119,0.0034846098,0.09860072,0.056671154,0.51109684,0.04601639,0.20157085,0.056489162,0.006653167,0.007950039,0.8979915,0.6202078,7.943759e-06,0.039609283,0.040515084,0.00026948907,0.11309841,0.9999921,0.8979915,0.0029163628,0.0002694891,0.039609283,0.7085814,0.07869517,0.2918403,0.036246736,0.0053663007,0.011584764,0.82553023,0.41039872,0.29840395,0.04374468,0.044228148,0.04349217,0.033567797,0.63840455,0.82553023,0.0023820766,0.03636748,0.04374468,0.5698968,0.16082458,0.14199688,0.040262144,0.0039458494,0.005263919,1.1696208,1.139853,1.1359681,0.21958284,0.14208242,0.22007205
pork,pork_portion35_day4_rep1,pork_portion35,4,1,Sub-fresh,1,0.04752884,0.23320188,0.22964434,0.05268761,0.05203293,0.061433475,0.49138975,0.82465005,0.24141169,0.018502053,0.17436971,0.05692406,0.21978475,0.9413589,0.8285574,0.057612676,0.005446737,0.35870668,0.67902404,0.48623875,0.022516863,0.04258857,0.040712092,0.0354082,0.115731314,0.9683123,0.67902404,0.0022631919,0.04824777,0.04258857,0.55832773,0.05289396,0.23605025,0.039416473,0.0035685622,0.0085052885,0.8892415,0.64434165,0.0,0.039687894,0.03830111,0.0,0.11867669,1.0,0.8892415,0.0029867166,0.0,0.039687894,0.7206075,0.062767304,0.29407218,0.034809604,0.006374203,0.011170316,0.8014736,0.36529896,0.26968202,0.040207632,0.037017774,0.037021577,0.027803835,0.6628691,0.8014736,0.0024924302,0.035112284,0.040207632,0.53736997,0.17190708,0.14190057,0.034416392,0.0060152407,0.0074171405,1.1202884,1.1438624,1.0790802,0.17262317,0.1531911,0.2619994
pork,pork_portion36_day4_rep1,pork_portion36,4,1,Sub-fresh,1,0.017043445,0.2420671,0.28957936,0.03113443,0.06064259,0.06472859,0.52742624,0.95359516,0.28957936,0.005321511,0.08083986,0.06472859,0.23077779,0.9485971,0.954269,0.06432591,0.009452963,0.006856998,0.5983517,0.4408613,0.12130334,0.05300063,0.06149591,0.0720944,0.109808475,0.80430573,0.5983517,0.0034358413,0.104451485,0.05300063,0.5046609,0.042898104,0.18765971,0.05800092,0.008858704,0.0066571073,0.86681736,0.6195092,0.008068344,0.043527037,0.061600998,0.02668299,0.116656646,0.991057,0.86681736,0.0071287067,0.029057475,0.043527037,0.6990045,0.06593357,0.28632355,0.049205445,0.018662607,0.01334087,0.86520725,0.49565455,0.36104265,0.028045962,0.02792358,0.027157772,0.042299546,0.5814006,0.86520725,0.0025296602,0.018783394,0.028045962,0.6312539,0.13731878,0.13812688,0.025369788,0.00482091,0.002493339,1.2177818,1.201866,1.2184587,0.21916799,0.165513,0.17789952
pork,pork_portion37_day4_rep1,pork_portion37,4,1,Sub-fresh,1,0.08348475,0.27705106,0.2526611,0.060684983,0.06541503,0.07111499,0.47562367,0.73144186,0.27756894,0.01692334,0.16406363,0.06616449,0.265138,0.9325308,0.6219882,0.07076044,0.0049833856,0.4763582,0.67987674,0.5264929,0.092130125,0.040633447,0.042577527,0.057533562,0.12116672,0.86676586,0.67987674,0.0025816723,0.07790582,0.040633447,0.585455,0.03304756,0.22754237,0.04000905,0.0057696374,0.0056142556,0.8973006,0.641886,0.0,0.032443646,0.034979712,0.0,0.117159225,1.0,0.8973006,0.0036392717,0.0,0.032443646,0.7215806,0.067471415,0.29493046,0.030062206,0.008937922,0.009450468,0.79097825,0.32851803,0.2201999,0.041207343,0.032397885,0.03158959,0.029608898,0.72078854,0.79097825,0.002224326,0.028672818,0.041207343,0.51451105,0.18304177,0.15830803,0.03231817,0.0061239083,0.0056576477,1.0330831,1.0313265,0.91592574,0.15574448,0.17979072,0.27367866
pork,pork_portion38_day4_rep1,pork_portion38,4,1,Sub-fresh,1,0.052296747,0.30051312,0.32038674,0.041903835,0.038076423,0.04405132,0.50985086,0.8467525,0.3205369,0.00553923,0.111378275,0.043791253,0.29056233,0.9328257,0.9695541,0.040547207,0.0031071997,0.0063782623,0.69382274,0.53382975,0.015227857,0.042776126,0.03798676,0.029216535,0.12553874,0.9789247,0.69382274,0.0023056746,0.039346684,0.042776126,0.5938274,0.034288026,0.24736957,0.03736118,0.0042772866,0.009844447,0.8956052,0.5786812,0.0,0.02825317,0.029460426,0.0,0.1056891,1.0,0.8956052,0.0031963922,0.0,0.02825317,0.68326896,0.09877244,0.28568006,0.025596919,0.0071178656,0.008094959,0.83174866,0.33984083,0.24617703,0.029342845,0.031307682,0.031095406,0.024614621,0.7030484,0.83174866,0.0017697811,0.027687136,0.029342845,0.5376373,0.19342679,0.15647916,0.026834285,0.0035003517,0.0048230886,1.192011,1.1478446,1.1264313,0.11672927,0.19168605,0.21647379
pork,pork_portion39_day4_rep1,pork_portion39,4,1,Sub-fresh,1,0.055240005,0.25342578,0.23422645,0.051580243,0.059593353,0.064330116,0.48097825,0.8114897,0.25391865,0.010424335,0.15174487,0.060529325,0.23944789,0.93333805,0.75255597,0.06467791,0.00560354,0.4255944,0.7008079,0.4943047,0.0030135452,0.049700674,0.036036406,0.00963338,0.11545971,0.9955855,0.7008079,0.004357716,0.013543795,0.049700674,0.57038146,0.05804993,0.24394256,0.0369601,0.011553194,0.01203392,0.8890544,0.6278414,2.9657791e-05,0.04142279,0.043973036,0.00077578344,0.11559734,0.9999595,0.8890544,0.0035064642,0.00093591196,0.04142279,0.7105057,0.071038984,0.29163343,0.038817465,0.007154539,0.01233172,0.76370865,0.31512642,0.22560325,0.039528225,0.033532068,0.034159508,0.025497276,0.7039987,0.76370865,0.0021238183,0.032507263,0.039528225,0.49699783,0.17913596,0.14654039,0.03257607,0.0046156645,0.0062199696,1.0650512,1.0853132,1.0012031,0.14858648,0.17185508,0.2798617
pork,pork_portion40_day4_rep1,pork_portion40,4,1,Sub-fresh,1,0.017450847,0.30297476,0.37570426,0.038110472,0.0430434,0.044174306,0.5320527,0.9606682,0.37570426,0.0027852587,0.0802455,0.044174306,0.29563442,0.943793,0.9374115,0.044150498,0.0059292084,0.0034083026,0.63299793,0.49896044,0.06645292,0.039799664,0.040746033,0.04713135,0.1251723,0.896771,0.63299793,0.00308388,0.069763936,0.039799664,0.5535131,0.025828497,0.22229606,0.038996752,0.005100607,0.007955608,0.9027714,0.6139811,0.0,0.016030876,0.014685872,0.0,0.1113418,1.0,0.9027714,0.0019148283,0.0,0.016030876,0.7064402,0.08387981,0.2917524,0.013430113,0.0034315067,0.0044287383,0.826058,0.363586,0.25776517,0.041161727,0.05207786,0.049257234,0.0290154,0.6881392,0.826058,0.0030879325,0.045251988,0.041161727,0.54649603,0.18130901,0.15383954,0.041878186,0.009844751,0.007367389,1.1918684,1.1511246,1.121739,0.17770998,0.1700286,0.23258235
pork,pork_portion31_day4_rep2,pork_portion31,4,2,Sub-fresh,1,0.012287703,0.29153797,0.35103452,0.02242711,0.043386653,0.04329511,0.52788585,0.9685713,0.35103452,0.0047560898,0.055262823,0.04329511,0.28323644,0.941463,0.94522,0.044711567,0.008264462,0.0032371704,0.5998021,0.42289937,0.053361297,0.06479401,0.065839596,0.06421384,0.11068993,0.9187991,0.5998021,0.003302094,0.09180251,0.06479401,0.4924379,0.051667895,0.20558994,0.06397796,0.006210692,0.009363663,0.89383644,0.5884728,0.0,0.02753883,0.03286468,0.0,0.10765816,1.0,0.89383644,0.0038512228,0.0,0.02753883,0.6884387,0.093078606,0.28682107,0.027307186,0.009020432,0.008463806,0.84265864,0.39274013,0.28578448,0.041400816,0.04465733,0.04502441,0.03016568,0.6607069,0.84265864,0.0020509118,0.03751784,0.041400816,0.5675947,0.17509846,0.14870137,0.039011132,0.0052572135,0.0062138774,1.1758202,1.1477953,1.1413221,0.21617045,0.15530601,0.20101638
pork,pork_portion32_day4_rep2,pork_portion32,4,2,Sub-fresh,1,0.019884057,0.25637972,0.28996748,0.030132227,0.03993388,0.042140268,0.5186278,0.93845224,0.28996748,0.006360625,0.08742941,0.042140268,0.24514095,0.9418057,0.96212965,0.042321905,0.0063885236,0.0073201945,0.7099871,0.53664565,0.15070833,0.04515753,0.045553856,0.054066475,0.112754256,0.78980017,0.7099871,0.0023638045,0.068331465,0.04515753,0.6013839,0.042382985,0.2165873,0.043649282,0.003562306,0.006330377,0.91037774,0.60196424,0.0,0.035594042,0.043392323,0.0,0.10811484,1.0,0.91037774,0.004332944,0.0,0.035594042,0.7015985,0.09321367,0.29105672,0.036127158,0.009925695,0.011037787,0.839789,0.4096772,0.2980261,0.040022776,0.0393469,0.04049666,0.032108236,0.6446871,0.839789,0.0015921844,0.033273507,0.040022776,0.5750267,0.16660203,0.14522834,0.03597859,0.0046113464,0.004938237,1.2213533,1.1742235,1.1734961,0.13480511,0.14566118,0.20657249
pork,pork_portion33_day4_rep2,pork_portion33,4,2,Sub-fresh,1,0.001731331,0.22649848,0.32293668,0.008025645,0.03775974,0.03842113,0.54866046,0.9955085,0.32293668,0.0059383214,0.019875413,0.03842113,0.22000705,0.9665084,0.9249947,0.03968851,0.008457196,0.003193924,0.6032525,0.41848785,0.1193364,0.050173834,0.05074106,0.061418608,0.10100048,0.8074043,0.6032525,0.0025205177,0.087947324,0.050173834,0.4911052,0.05696516,0.18462296,0.049988143,0.0051910775,0.0046953266,0.91081256,0.6071505,0.0024627447,0.043289244,0.047116432,0.018403526,0.10895692,0.9973361,0.91081256,0.0059637246,0.019471353,0.043289244,0.70492774,0.09077704,0.291524,0.03869414,0.01666997,0.011578371,0.82812804,0.38214076,0.26675063,0.04825637,0.049586225,0.05023081,0.03216258,0.6784445,0.82812804,0.0020209777,0.044504024,0.04825637,0.55613,0.17382485,0.15318897,0.044252973,0.00524453,0.0065210047,1.2037082,1.184626,1.1562915,0.24143562,0.13737725,0.21948642
pork,pork_portion34_day4_rep2,pork_portion34,4,2,Sub-fresh,1,0.03299802,0.33343956,0.41825488,0.040310465,0.058938134,0.059144076,0.5352806,0.9286777,0.41825488,0.0052164807,0.08269891,0.059144076,0.32711855,0.94287133,0.9298149,0.06043907,0.010011817,0.0032941888,0.6122359,0.44200426,0.08999163,0.059623905,0.06071748,0.07127144,0.110172175,0.85979104,0.6122359,0.0033490865,0.10363467,0.059623905,0.50923455,0.047743652,0.20026083,0.05914628,0.0063643106,0.0107694,0.8998184,0.62072986,2.3831275e-05,0.03890382,0.040850453,0.0007689757,0.112949915,0.99997354,0.8998184,0.0032736445,0.000858232,0.03890382,0.7094802,0.07924725,0.2921998,0.036141574,0.006525881,0.011445286,0.8267922,0.41233838,0.2994854,0.044430956,0.044090882,0.044028666,0.033514544,0.6377212,0.8267922,0.002170514,0.036172852,0.044430956,0.5713792,0.16048968,0.1420735,0.04050775,0.003476827,0.004900139,1.1690462,1.1395613,1.1368029,0.22258388,0.1412777,0.21956806
pork,pork_portion35_day4_rep2,pork_portion35,4,2,Sub-fresh,1,0.048683237,0.23064347,0.22096358,0.052319694,0.05523673,0.06603924,0.4855943,0.81828076,0.23635796,0.01984415,0.17217547,0.059492268,0.21659571,0.9405188,0.734806,0.06119775,0.0055606253,0.4280068,0.6809803,0.48857537,0.024100853,0.046483763,0.044037037,0.03742325,0.11585797,0.96633846,0.6809803,0.0025225452,0.05056524,0.046483763,0.56038034,0.052507073,0.23632951,0.042793363,0.00415637,0.009556206,0.8863541,0.63933146,0.0,0.044092804,0.04198852,0.0,0.11807243,1.0,0.8863541,0.0028439427,0.0,0.044092804,0.7166364,0.06402275,0.2928957,0.03853255,0.005369856,0.012446911,0.8008696,0.36559445,0.26914424,0.04293945,0.039391052,0.039630286,0.028158592,0.66360164,0.8008696,0.002115456,0.03736029,0.04293945,0.53725404,0.17159455,0.14213376,0.036831286,0.005438128,0.006905135,1.074817,1.1016219,1.0224122,0.16657823,0.15358871,0.257835
pork,pork_portion36_day4_rep2,pork_portion36,4,2,Sub-fresh,1,0.024839211,0.24965154,0.29548466,0.03745629,0.06254394,0.0674403,0.52645314,0.9319432,0.29548466,0.0054874145,0.09592439,0.0674403,0.23876432,0.947457,0.95516133,0.06669445,0.008930782,0.0075565716,0.6017663,0.44402185,0.12365844,0.05358511,0.062101014,0.07499117,0.109770656,0.8017636,0.6017663,0.003286255,0.1077483,0.05358511,0.50784093,0.042784866,0.18788333,0.058287174,0.009061378,0.00733256,0.87203735,0.63067365,0.016083458,0.042723812,0.059875723,0.04178856,0.11768998,0.98220253,0.87203735,0.0065088538,0.045639284,0.042723812,0.70748186,0.06261193,0.28750098,0.047808416,0.018480632,0.012041639,0.8734909,0.49231136,0.3628824,0.027021555,0.028524073,0.027878001,0.039831005,0.5832635,0.8734909,0.0015387388,0.019578762,0.027021555,0.63240355,0.14237632,0.13799408,0.025587194,0.0035425087,0.0025120345,1.2163672,1.203502,1.212794,0.22399394,0.16710249,0.18534137
pork,pork_portion37_day4_rep2,pork_portion37,4,2,Sub-fresh,1,0.09282235,0.27849537,0.2504776,0.06395901,0.06840737,0.0740606,0.4713783,0.7023183,0.27888912,0.017610982,0.16910526,0.068933964,0.2670027,0.9334036,0.558706,0.07418671,0.004989912,0.48910785,0.67364144,0.52469176,0.09859849,0.04466974,0.043792278,0.05969874,0.12148218,0.8558607,0.67364144,0.0026631118,0.0818296,0.04466974,0.5825365,0.031276435,0.22434303,0.041873325,0.0059866295,0.008482058,0.8985077,0.6433477,0.0,0.03144848,0.033271022,0.0,0.11726424,1.0,0.8985077,0.0035120794,0.0,0.03144848,0.72282195,0.06720244,0.29531726,0.028668623,0.008587189,0.009038706,0.7918365,0.3299009,0.22293931,0.045371372,0.03617305,0.035893537,0.029418845,0.7180049,0.7918365,0.0021778964,0.032911777,0.045371372,0.5155978,0.18279238,0.15742743,0.035817128,0.006895085,0.00619345,1.0125184,1.0136317,0.8867025,0.16127002,0.17864929,0.27443847
pork,pork_portion38_day4_rep2,pork_portion38,4,2,Sub-fresh,1,0.05974903,0.30252948,0.32120717,0.044362172,0.040080357,0.045415025,0.5093823,0.82422644,0.3215034,0.006058477,0.11809923,0.045112986,0.29287174,0.9332729,0.9703727,0.042628627,0.0035478426,0.0070996676,0.6958763,0.53490394,0.01891078,0.044741847,0.04028415,0.03378112,0.12514243,0.97404957,0.6958763,0.0022635008,0.044936996,0.044741847,0.59513855,0.034684367,0.24718095,0.03946096,0.0041257557,0.009822847,0.8985514,0.57969844,0.0,0.02792577,0.030097302,0.0,0.10549503,1.0,0.8985514,0.003165425,0.0,0.02792577,0.6848394,0.09949675,0.28626537,0.025957482,0.006999096,0.008147412,0.8342909,0.34070382,0.24466433,0.030226957,0.031136308,0.030779392,0.025252275,0.7057486,0.8342909,0.0020006164,0.02733247,0.030226957,0.5390457,0.19411573,0.15802953,0.027127434,0.0033034459,0.004770485,1.1924063,1.1475296,1.125547,0.11736474,0.19108309,0.21599305
pork,pork_portion39_day4_rep2,pork_portion39,4,2,Sub-fresh,1,0.061234254,0.2569628,0.23284319,0.054511443,0.060283724,0.06546012,0.47661018,0.7932248,0.25734517,0.011418349,0.15762162,0.061030716,0.24310318,0.93248093,0.5559631,0.06561773,0.004941183,0.4922729,0.70088166,0.49686036,0.003435469,0.050526094,0.036571905,0.011279001,0.11598968,0.9950134,0.70088166,0.0043530595,0.015793068,0.050526094,0.57194227,0.056745928,0.24428923,0.037576985,0.011432628,0.012213885,0.8892996,0.62605596,0.0,0.04206116,0.0436334,0.0,0.11524379,1.0,0.8892996,0.0034244063,0.0,0.04206116,0.7094383,0.07203114,0.29144803,0.038863726,0.0068850177,0.01237239,0.7663445,0.31631017,0.22519171,0.043095175,0.036668785,0.03647292,0.026018979,0.7057518,0.7663445,0.0022248272,0.035358503,0.043095175,0.49866802,0.1794845,0.14750552,0.03568182,0.004100015,0.006575971,0.9859957,1.0138099,0.8939545,0.14616002,0.17262954,0.27692923
pork,pork_portion40_day4_rep2,pork_portion40,4,2,Sub-fresh,1,0.023287622,0.3061895,0.3790766,0.041673828,0.04617218,0.047950674,0.5323753,0.9472629,0.3790766,0.0031587954,0.08710817,0.047950674,0.29912904,0.94383794,0.9374992,0.047469907,0.0061652376,0.0037254067,0.64230645,0.50377107,0.077724606,0.03730845,0.038765132,0.051236093,0.12363746,0.88105446,0.64230645,0.0030346874,0.07456326,0.03730845,0.5598166,0.027516184,0.22164603,0.036954306,0.0055174814,0.0061026085,0.90465695,0.61341,0.0,0.016032511,0.014772319,0.0,0.110747725,1.0,0.90465695,0.0016866461,0.0,0.016032511,0.7066633,0.08504588,0.29192176,0.013631645,0.0025742638,0.0044997525,0.82187283,0.35948548,0.25531742,0.042459883,0.047906354,0.045386124,0.028518379,0.6892943,0.82187283,0.0028745008,0.041410096,0.042459883,0.5427982,0.18156846,0.15319674,0.04032305,0.008157952,0.006928168,1.1916583,1.149077,1.1205177,0.17266239,0.1694315,0.23539968
pork,pork_portion31_day4_rep3,pork_portion31,4,3,Sub-fresh,1,0.01242791,0.28791925,0.35082173,0.022288194,0.043047864,0.043488268,0.5294763,0.9681103,0.35082173,0.0042366977,0.054950617,0.043488268,0.27969465,0.94320285,0.9432998,0.044350605,0.00791365,0.0032623105,0.5957492,0.41867045,0.046841457,0.06200464,0.06357789,0.060548812,0.11082188,0.9284216,0.5957492,0.003398555,0.087320104,0.06200464,0.48850283,0.05199069,0.20598558,0.061428975,0.00629984,0.00944294,0.89033103,0.58916146,0.0,0.02646687,0.030499056,0.0,0.108259454,1.0,0.89033103,0.0037021441,0.0,0.02646687,0.6877824,0.09123282,0.2863624,0.025418324,0.008808191,0.007931938,0.8417117,0.38913095,0.28516224,0.042544693,0.044131454,0.045375228,0.029074147,0.6611499,0.8417117,0.0020050087,0.037362374,0.042544693,0.5654271,0.1764145,0.14802286,0.039259706,0.004184096,0.0058489745,1.175369,1.1506325,1.1410841,0.21843244,0.15734774,0.2033828
pork,pork_portion32_day4_rep3,pork_portion32,4,3,Sub-fresh,1,0.019185744,0.25171018,0.28364512,0.029364591,0.04007062,0.044958364,0.51769173,0.93990743,0.28364512,0.007787414,0.086349905,0.044958364,0.24017186,0.94209915,0.9632639,0.042821165,0.006213469,0.009362454,0.7078359,0.5340127,0.14450623,0.04730121,0.047268774,0.055444274,0.11312288,0.79833865,0.7078359,0.0022339544,0.07025053,0.04730121,0.59893525,0.04264378,0.21775582,0.045465507,0.0033047781,0.005799762,0.9067174,0.5988701,0.0,0.033897806,0.042183228,0.0,0.10799021,1.0,0.9067174,0.00444318,0.0,0.033897806,0.6986384,0.09326589,0.2901438,0.034840528,0.010309021,0.010648775,0.83877337,0.40666828,0.29397243,0.039842725,0.04015939,0.0421858,0.032438513,0.64910704,0.83877337,0.0019562857,0.036203627,0.039842725,0.5730526,0.16747649,0.14641201,0.036382366,0.0041601676,0.0065300395,1.2220939,1.1763504,1.1739237,0.13320409,0.14609262,0.20478727
pork,pork_portion33_day4_rep3,pork_portion33,4,3,Sub-fresh,1,0.0021665986,0.23152424,0.32738176,0.009491969,0.03743925,0.03799139,0.5477513,0.9945407,0.32738176,0.005325772,0.022672249,0.03799139,0.22513036,0.9651969,0.9251411,0.039251912,0.008061661,0.0021577077,0.60125536,0.41137704,0.10793944,0.050738484,0.052005086,0.06412006,0.10039102,0.8263588,0.60125536,0.0023764293,0.09361742,0.050738484,0.485768,0.05968286,0.18672794,0.05107493,0.004865545,0.0050753923,0.91180193,0.6065731,0.0025838122,0.043157533,0.04766718,0.019069329,0.10869378,0.99719656,0.91180193,0.0058141146,0.020187417,0.043157533,0.7048747,0.09148983,0.29154074,0.039274693,0.016112495,0.011767737,0.8243376,0.373217,0.26265517,0.049967423,0.05022291,0.051933955,0.031032193,0.68212694,0.8243376,0.0016254726,0.046822276,0.049967423,0.5502853,0.17635988,0.15268324,0.04504802,0.0056500053,0.007326825,1.197139,1.1810876,1.1509477,0.2449595,0.13760468,0.22445983
pork,pork_portion34_day4_rep3,pork_portion34,4,3,Sub-fresh,1,0.03394976,0.32899275,0.41795406,0.042195972,0.059279215,0.061213862,0.5371153,0.9269913,0.41795406,0.0048129098,0.08612987,0.061213862,0.32357383,0.9451199,0.9276205,0.060839903,0.009566419,0.0044977777,0.6125093,0.44266093,0.08112176,0.06116083,0.061213378,0.06886432,0.11122275,0.87455523,0.6125093,0.0033430778,0.09936308,0.06116083,0.50968826,0.047217965,0.20329535,0.059768345,0.0061399024,0.009587034,0.8953095,0.6185353,0.0,0.039671153,0.04132616,0.0,0.11309562,1.0,0.8953095,0.0031288245,0.0,0.039671153,0.7067618,0.078421116,0.2912199,0.03676032,0.0057423306,0.011685195,0.8261623,0.41095826,0.29470903,0.043377448,0.043195307,0.04349166,0.034837645,0.64321315,0.8261623,0.0017210215,0.036240563,0.043377448,0.57027465,0.16058417,0.14417157,0.03965003,0.0041603893,0.0045265085,1.1685518,1.1414926,1.1358477,0.21804206,0.1414858,0.21680109
pork,pork_portion35_day4_rep3,pork_portion35,4,3,Sub-fresh,1,0.05005138,0.22710824,0.22053885,0.05193636,0.055456985,0.065394245,0.4881126,0.8094032,0.23387529,0.020263694,0.17227122,0.059939753,0.21320689,0.94247913,0.75061876,0.0614825,0.005689023,0.4180015,0.682531,0.4888091,0.025257487,0.045897447,0.043563057,0.03839299,0.11557804,0.96476984,0.682531,0.0024191926,0.05166218,0.045897447,0.56099576,0.053101566,0.23636755,0.042328086,0.0039853356,0.009138056,0.88417727,0.63497865,0.0,0.04296795,0.04205159,0.0,0.11751514,1.0,0.88417727,0.0027614539,0.0,0.04296795,0.71331674,0.065298535,0.29198352,0.03835175,0.0048703225,0.012352603,0.79866487,0.36030942,0.26579213,0.044383306,0.039949544,0.0400362,0.027381334,0.6668685,0.79866487,0.0023790153,0.036865607,0.044383306,0.5337026,0.17306331,0.14227171,0.037658688,0.0057164347,0.0074376687,1.0846215,1.1090094,1.0318936,0.16261482,0.15488629,0.25746477
pork,pork_portion36_day4_rep3,pork_portion36,4,3,Sub-fresh,1,0.02004877,0.24047391,0.28954685,0.034387637,0.061828256,0.067742825,0.52853847,0.94516563,0.28954685,0.0064823725,0.088876456,0.067742825,0.22939847,0.94984066,0.95342094,0.06590699,0.009191219,0.008970149,0.61508954,0.4574646,0.14267226,0.050223514,0.05654372,0.07155473,0.10920546,0.7734747,0.61508954,0.0030279085,0.09943494,0.050223514,0.520987,0.04207847,0.18609054,0.05334341,0.008477179,0.008038451,0.8697333,0.6236199,0.012967661,0.0432604,0.059649847,0.039109446,0.11682978,0.9856039,0.8697333,0.006475968,0.042727534,0.0432604,0.7024378,0.065129735,0.28648823,0.04790136,0.017945835,0.012678781,0.87176913,0.4932918,0.3633091,0.026727958,0.027206192,0.026817305,0.04002731,0.5819789,0.87176913,0.0015993989,0.018516898,0.026727958,0.63233477,0.14121531,0.1376284,0.024750533,0.0031588774,0.0021297473,1.2238675,1.2046903,1.2172716,0.20865154,0.15676424,0.18128072
pork,pork_portion37_day4_rep3,pork_portion37,4,3,Sub-fresh,1,0.08988906,0.2753935,0.24841031,0.06355103,0.06901488,0.07444731,0.47192883,0.70852834,0.27545148,0.017866608,0.1705331,0.06906624,0.26370576,0.93393403,0.5926538,0.0748859,0.006003841,0.4831404,0.68168926,0.5262523,0.085597634,0.044693768,0.045737747,0.059137676,0.12113376,0.8773405,0.68168926,0.002706116,0.079703234,0.044693768,0.5857374,0.033891402,0.22942303,0.04327716,0.00587677,0.0054238737,0.89707184,0.6419157,0.0,0.03118889,0.03279826,0.0,0.11725601,1.0,0.89707184,0.003334373,0.0,0.03118889,0.7214937,0.0673376,0.29489043,0.028405992,0.008267719,0.008980667,0.78784823,0.32733548,0.21620944,0.045942213,0.03598211,0.035694096,0.03055122,0.7251094,0.78784823,0.001998502,0.032858707,0.045942213,0.5125842,0.1823237,0.1594945,0.03608384,0.0064458847,0.006402681,1.0226034,1.0243155,0.9024885,0.15438396,0.17964837,0.2742208
pork,pork_portion38_day4_rep3,pork_portion38,4,3,Sub-fresh,1,0.056442164,0.29838985,0.320332,0.0433962,0.04020162,0.047190502,0.5112726,0.8343458,0.3206004,0.0070711887,0.11467126,0.046858255,0.28878763,0.934529,0.96861696,0.042935614,0.003093708,0.00789693,0.6951585,0.53328466,0.017433306,0.044355493,0.040861003,0.03336724,0.1249803,0.9760446,0.6951585,0.0023276757,0.04452112,0.044355493,0.59388,0.035165615,0.24699879,0.039821357,0.004363602,0.010168438,0.89747024,0.5773997,0.0,0.027069429,0.028808149,0.0,0.105234765,1.0,0.89747024,0.003032356,0.0,0.027069429,0.6830928,0.10018325,0.28573436,0.02492748,0.006726086,0.0078587765,0.830041,0.34115168,0.24300557,0.030606952,0.031125331,0.03214513,0.026231285,0.706285,0.830041,0.0018560102,0.029272344,0.030606952,0.537422,0.19233902,0.15793975,0.02733436,0.003334071,0.005272602,1.1927568,1.1480148,1.1268818,0.116989985,0.18926832,0.21457894
pork,pork_portion39_day4_rep3,pork_portion39,4,3,Sub-fresh,1,0.059704456,0.26350588,0.24487282,0.05427391,0.06130057,0.06771769,0.48180652,0.80351776,0.2643146,0.012130458,0.15390168,0.062237095,0.24999847,0.9320083,0.6771255,0.06614299,0.0052132024,0.4604556,0.6989698,0.4955909,0.003367195,0.051284507,0.0365103,0.012028628,0.11600792,0.9951762,0.6989698,0.0040746024,0.016578468,0.051284507,0.57050365,0.056520622,0.24381599,0.037935212,0.011033403,0.0122913895,0.8879991,0.62414163,0.0,0.042853054,0.044116758,0.0,0.11507459,1.0,0.8879991,0.0034689426,0.0,0.042853054,0.70792055,0.07247063,0.29093954,0.03930375,0.007116619,0.01253635,0.76710033,0.31523648,0.22134064,0.043776035,0.038558383,0.038138974,0.026617512,0.7113412,0.76710033,0.0021157267,0.038259372,0.043776035,0.49838325,0.18011026,0.14957911,0.036714867,0.003928183,0.0063689803,1.0280854,1.0476819,0.9514992,0.14614525,0.17133692,0.27472702
pork,pork_portion40_day4_rep3,pork_portion40,4,3,Sub-fresh,1,0.0196118,0.3027457,0.37834817,0.039463744,0.044800866,0.0473028,0.53323853,0.95608515,0.37834817,0.0031370283,0.08151048,0.0473028,0.2956492,0.9450371,0.93609643,0.046122715,0.0057727545,0.0034722413,0.611816,0.47481441,0.055636026,0.0551021,0.05454499,0.049539626,0.12347634,0.9124612,0.611816,0.0041969717,0.074419476,0.0551021,0.53084916,0.028936232,0.21699286,0.053280894,0.00677256,0.012019841,0.90408427,0.6141648,0.0,0.0157157,0.014600285,0.0,0.1110973,1.0,0.90408427,0.0018440818,0.0,0.0157157,0.70698184,0.08449425,0.29198474,0.013359803,0.0027844198,0.004423489,0.82207054,0.3574928,0.2541824,0.04172622,0.04901669,0.043345157,0.02818931,0.6906429,0.82207054,0.0044529666,0.03948949,0.04172622,0.54194754,0.18255092,0.15352178,0.04030005,0.009518662,0.0066204276,1.1881372,1.1509163,1.1200318,0.19933188,0.16658098,0.23669267
pork,pork_portion01_day5_rep1,pork_portion01,5,1,Spoiled,2,0.061353195,0.34161288,0.42513204,0.05646901,0.0530991,0.05281223,0.53630984,0.86726606,0.42513204,0.0034323453,0.11274697,0.05281223,0.33677915,0.94399,0.930828,0.054484352,0.0061424244,0.0030766567,0.70722723,0.49874887,0.1325166,0.03610223,0.03671771,0.051121134,0.104197636,0.8138904,0.70722723,0.002284438,0.06440428,0.03610223,0.5760626,0.06071537,0.21454485,0.034914386,0.0037742795,0.0043753665,0.9440207,0.5934761,0.00029667988,0.032044612,0.039620936,0.005431987,0.10271161,0.99969786,0.9440207,0.0042641577,0.005449067,0.032044612,0.7074495,0.11155593,0.29485935,0.03216591,0.01043512,0.009694948,0.8835794,0.4808052,0.37700945,0.04984921,0.054302976,0.05216085,0.03210782,0.57347757,0.8835794,0.0034382776,0.039063267,0.04984921,0.63029367,0.15277967,0.12985897,0.04757755,0.008027428,0.0053520296,1.1621068,1.1112151,1.1634929,0.16216563,0.1363398,0.18675531
pork,pork_portion02_day5_rep1,pork_portion02,5,1,Spoiled,2,0.044154096,0.36802062,0.5023567,0.05385403,0.05977424,0.05957542,0.547147,0.9199596,0.5023567,0.004193731,0.09210366,0.05957542,0.36683407,0.9521594,0.9014332,0.05928425,0.009588304,0.0047076633,0.7514215,0.5504732,0.032106895,0.052281424,0.05579547,0.045485053,0.117996134,0.95919144,0.7514215,0.0037600873,0.056033555,0.052281424,0.62137294,0.051521827,0.255363,0.05121171,0.007803463,0.011717885,0.9635206,0.6084299,0.0,0.02404006,0.025762923,0.0,0.10339099,1.0,0.9635206,0.0029989155,0.0,0.02404006,0.72224486,0.112159014,0.29977497,0.0214077,0.007399114,0.0067703556,0.8673368,0.3897918,0.27628183,0.04743139,0.046242595,0.047557265,0.030183198,0.6814581,0.8673368,0.0023341372,0.040660717,0.04743139,0.5758232,0.18523109,0.15862432,0.041270703,0.0071390034,0.0072100763,1.1372532,1.092662,1.0879433,0.12579522,0.17120549,0.21610725
pork,pork_portion03_day5_rep1,pork_portion03,5,1,Spoiled,2,0.05400023,0.35626572,0.47125652,0.056531604,0.06505597,0.061367426,0.54404753,0.89485973,0.47125652,0.0073500997,0.10373846,0.061367426,0.3536239,0.94850427,0.91274023,0.064856045,0.03760215,0.011008696,0.68998796,0.46914726,0.14121246,0.05306611,0.05475687,0.06817398,0.097638436,0.7994676,0.68998796,0.0033181475,0.08563738,0.05306611,0.55200654,0.069174625,0.2015642,0.05195539,0.006203046,0.007736359,0.93116647,0.75258464,0.0054777837,0.027366178,0.026334604,0.017780699,0.13281414,0.99378544,0.93116647,0.0013276379,0.019467164,0.027366178,0.7999318,0.026495883,0.31571758,0.023741806,0.002915789,0.007701896,0.9039267,0.3988922,0.26124808,0.05090809,0.051917367,0.054485306,0.033479035,0.71153325,0.9039267,0.0021854627,0.04834303,0.05090809,0.59456134,0.19390132,0.17643702,0.045038506,0.0064265267,0.008248417,1.1481932,1.1856333,1.0814892,0.2762597,0.13416047,0.29933372
pork,pork_portion04_day5_rep1,pork_portion04,5,1,Spoiled,2,0.09523731,0.39701623,0.47038877,0.066720225,0.06511862,0.0636545,0.5309346,0.81073934,0.47038877,0.0036445886,0.12094695,0.0636545,0.3903213,0.9335337,0.935603,0.06584404,0.0076564928,0.004037352,0.7624019,0.616163,0.19627576,0.049395803,0.055452105,0.06660389,0.12140269,0.7448184,0.7624019,0.0031549176,0.07293335,0.049395803,0.6685348,0.025704248,0.22601958,0.050271574,0.0069000674,0.0066280183,0.9427673,0.6210947,0.00023434087,0.04048207,0.04808442,0.004242449,0.10768435,0.999759,0.9427673,0.0046762484,0.0042720092,0.04048207,0.7229856,0.09722053,0.2983452,0.04004523,0.011156894,0.012221038,0.85055107,0.40064347,0.27535704,0.044175345,0.042147532,0.042615097,0.03465058,0.67596054,0.85055107,0.00147036,0.034545526,0.044175345,0.5741436,0.17380154,0.15767282,0.03880313,0.0038330762,0.005133789,1.1853547,1.1028068,1.1027961,0.115371,0.18845104,0.21864885
pork,pork_portion05_day5_rep1,pork_portion05,5,1,Spoiled,2,0.02960817,0.28624588,0.35174334,0.044389024,0.06261705,0.071614884,0.5313643,0.92623866,0.3517529,0.008032011,0.101188816,0.07163674,0.27844116,0.94659865,0.9424118,0.06551428,0.00880408,0.013269318,0.68367624,0.46027124,0.092446715,0.04553814,0.044396725,0.06527864,0.1014485,0.86676073,0.68367624,0.0037768804,0.08908512,0.04553814,0.54390764,0.069924146,0.21434252,0.04278462,0.0053532426,0.013219793,0.95092547,0.580162,0.0,0.02446602,0.03642039,0.0,0.099664934,1.0,0.95092547,0.0052519822,0.0,0.02446602,0.7023491,0.120954,0.29436085,0.026255881,0.014262722,0.007616655,0.8658027,0.38380635,0.2694709,0.04577823,0.060105328,0.057257697,0.030159088,0.6888632,0.8658027,0.0038655663,0.054082777,0.04577823,0.57282144,0.18682405,0.16100286,0.045535237,0.015045631,0.01196282,1.1700921,1.1319704,1.1289451,0.18469077,0.13170692,0.19723246
pork,pork_portion06_day5_rep1,pork_portion06,5,1,Spoiled,2,0.02586411,0.30797112,0.37784156,0.038136493,0.046146914,0.046396296,0.53134024,0.9393688,0.37784156,0.0040073977,0.083470315,0.046396296,0.3007704,0.9427344,0.93907255,0.0473159,0.007108982,0.004301816,0.72263426,0.5440053,0.2572765,0.06457286,0.071441114,0.08229837,0.10050635,0.64877474,0.72263426,0.0029234735,0.07914752,0.06457286,0.61140305,0.04828709,0.17665657,0.06592169,0.0067425077,0.009496601,0.9458813,0.6942696,9.844379e-05,0.031139022,0.046336472,0.002551577,0.120161735,0.9998975,0.9458813,0.0055081346,0.0025650563,0.031139022,0.7676618,0.061851595,0.30932143,0.03580621,0.01499429,0.010564117,0.8735025,0.41409433,0.29722294,0.04376343,0.04454373,0.04568281,0.031713553,0.6596234,0.8735025,0.0012162097,0.03607,0.04376343,0.59026814,0.17700332,0.15410914,0.039807826,0.003886118,0.005469134,1.2156508,1.1792067,1.1341608,0.20542823,0.13237424,0.26233432
pork,pork_portion07_day5_rep1,pork_portion07,5,1,Spoiled,2,0.0057881284,0.3059368,0.5171004,0.020622052,0.051876657,0.053191684,0.567338,0.9903872,0.5171004,0.0060549295,0.031961907,0.053191684,0.3142453,0.8476856,0.86027133,0.05112224,0.3417201,0.0037660964,0.51855844,0.30483043,0.10604964,0.0463869,0.04555161,0.05534175,0.078087986,0.7998968,0.51855844,0.0056421855,0.09475977,0.0463869,0.3893418,0.0808542,0.14952098,0.046141353,0.0044207536,0.013210576,0.9308911,0.63214725,2.7308975e-05,0.040182415,0.045432143,0.0005370444,0.111115076,0.9999645,0.9308911,0.003892132,0.00066973816,0.040182415,0.7256998,0.08667893,0.298247,0.03895659,0.008195801,0.012022006,0.8617246,0.39513287,0.27060056,0.053803187,0.049391802,0.050832037,0.033476513,0.6863249,0.8617246,0.0020812228,0.043352105,0.053803187,0.5758887,0.1805245,0.16137953,0.045701165,0.005790098,0.007605039,1.0482538,1.0316479,1.0010049,0.36781797,0.21183611,0.2235689
pork,pork_portion08_day5_rep1,pork_portion08,5,1,Spoiled,2,0.07239942,0.28570446,0.25877357,0.058384884,0.066766955,0.07460763,0.47617537,0.776566,0.28579763,0.010367932,0.15219964,0.0669573,0.2726298,0.9273197,0.5689717,0.071427554,0.0047626006,0.49029544,0.53450996,0.33645242,0.18446597,0.07705613,0.07533017,0.0734106,0.06974752,0.66338843,0.53450996,0.0076124296,0.101094715,0.07705613,0.416526,0.073830806,0.12222311,0.07625383,0.0067756344,0.016782412,0.9194262,0.6158678,0.0,0.043732256,0.04985459,0.0,0.109484285,1.0,0.9194262,0.004363098,0.0,0.043732256,0.71254575,0.09004003,0.29430318,0.042753156,0.0087024765,0.013228457,0.8380171,0.32805455,0.23019545,0.0389313,0.056433536,0.047039036,0.02477304,0.7250314,0.8380171,0.0059151566,0.04580092,0.0389313,0.5356618,0.19984445,0.16470087,0.039018624,0.016272433,0.008079527,0.97402966,0.98488885,0.87283504,0.34278563,0.1785417,0.24523804
pork,pork_portion09_day5_rep1,pork_portion09,5,1,Spoiled,2,0.040661514,0.1999109,0.1457784,0.03791742,0.044405233,0.0557265,0.4335004,0.8124466,0.1999109,0.039546587,0.15771678,0.044405233,0.18102336,0.9356739,0.104235515,0.049511332,0.007170465,0.2748862,0.6155675,0.38703397,0.10446641,0.06976433,0.06375066,0.07237078,0.08862178,0.82954836,0.6155675,0.009774126,0.115520045,0.06976433,0.4751839,0.079541184,0.18278904,0.06357502,0.0060652276,0.030290348,0.89979374,0.65492463,4.0442446e-06,0.04766848,0.057243057,0.00016253053,0.11915628,0.99999326,0.89979374,0.005088862,0.0002620684,0.04766848,0.73014885,0.06199753,0.2970785,0.048843466,0.010713768,0.01508958,0.86589384,0.413521,0.31581572,0.04267793,0.043632045,0.044016764,0.027248552,0.63499236,0.86589384,0.0025958102,0.03464328,0.04267793,0.58761173,0.17543828,0.14245036,0.03897559,0.004266531,0.0060861898,0.9086607,1.0497798,0.86297894,0.2799589,0.15317793,0.23894663
pork,pork_portion10_day5_rep1,pork_portion10,5,1,Spoiled,2,0.02911963,0.2629366,0.23902977,0.033520054,0.03439077,0.038674295,0.4804203,0.8984587,0.2629366,0.0114360675,0.10840996,0.03439077,0.24798086,0.92562425,0.7327038,0.036905598,0.0041133426,0.4352477,0.56974745,0.3344941,0.10717834,0.06696519,0.06766637,0.07055939,0.07959572,0.8206118,0.56974745,0.005172982,0.10702706,0.06696519,0.42657506,0.08764315,0.16514398,0.06663711,0.006818359,0.012692554,0.8795942,0.6049695,0.0,0.041648977,0.04167263,0.0,0.1125054,1.0,0.8795942,0.002839765,0.0,0.041648977,0.693793,0.07862046,0.2869613,0.03774362,0.004884113,0.012114963,0.88274014,0.40086067,0.3126361,0.03332662,0.030864043,0.030659914,0.023813112,0.64466184,0.88274014,0.0015400817,0.023464706,0.03332662,0.5880978,0.18695933,0.14506169,0.028036768,0.005096349,0.004222472,1.0277317,1.0558647,1.0033089,0.29381338,0.19067407,0.20747115
pork,pork_portion01_day5_rep2,pork_portion01,5,2,Spoiled,2,0.06289132,0.34374663,0.42462566,0.05466858,0.048472077,0.04860213,0.53528434,0.86223847,0.42462566,0.0032963085,0.11061757,0.04860213,0.33877528,0.94288915,0.93260896,0.049919553,0.00524862,0.003968915,0.7075348,0.50125074,0.13366245,0.031579725,0.03310556,0.047186717,0.104673974,0.8117372,0.7075348,0.0023737208,0.05982198,0.031579725,0.57768905,0.05953061,0.21483558,0.031151192,0.00449142,0.0046233875,0.94442886,0.5927652,0.00013215741,0.030754479,0.038988438,0.002950955,0.10251053,0.9998665,0.94442886,0.0043576756,0.002955472,0.030754479,0.70718575,0.11203593,0.2948989,0.03133041,0.010603617,0.009439018,0.883063,0.47869632,0.37095457,0.049811065,0.054737546,0.054293506,0.032965824,0.5801815,0.883063,0.0028603892,0.04207904,0.049811065,0.62876993,0.15338475,0.13244587,0.04784888,0.007919949,0.0063122706,1.1630137,1.1102781,1.160894,0.16104762,0.13492931,0.18506688
pork,pork_portion02_day5_rep2,pork_portion02,5,2,Spoiled,2,0.04435481,0.37013176,0.5065107,0.05310671,0.056577682,0.057252172,0.54743755,0.91979635,0.5065107,0.0039237994,0.09028961,0.057252172,0.36944214,0.95229983,0.90014553,0.05649894,0.008725353,0.0047578723,0.7520867,0.5509333,0.03115384,0.04883513,0.052970797,0.04484526,0.11800866,0.96027017,0.7520867,0.0036935287,0.05543278,0.04883513,0.6219407,0.05150407,0.25559446,0.04836816,0.0079995645,0.010814808,0.9640959,0.60986656,0.0,0.023240808,0.025746947,0.0,0.10350476,1.0,0.9640959,0.0029944568,0.0,0.023240808,0.72326374,0.11166533,0.30006343,0.021194,0.007589013,0.0066415337,0.8671609,0.39172208,0.27705258,0.045086168,0.044219803,0.044676237,0.030564705,0.6803419,0.8671609,0.0020483185,0.03782551,0.045086168,0.576667,0.18432596,0.15860017,0.039366942,0.0070117717,0.006425447,1.1360611,1.0917667,1.0874814,0.12594932,0.17058504,0.21629153
pork,pork_portion03_day5_rep2,pork_portion03,5,2,Spoiled,2,0.052858576,0.35390845,0.4685875,0.054516282,0.06154114,0.061374236,0.5439944,0.89621454,0.4685875,0.007082513,0.100866966,0.061374236,0.3513029,0.94932497,0.91285723,0.06174368,0.027787805,0.011477674,0.68574417,0.46515045,0.14754872,0.050031863,0.051556733,0.061348144,0.096311934,0.7879983,0.68574417,0.0029128373,0.07565302,0.050031863,0.54821783,0.06955343,0.19804184,0.048926968,0.00561356,0.006372393,0.918645,0.7435851,0.003645749,0.034578532,0.03215613,0.012648369,0.13291651,0.99562824,0.918645,0.0013665301,0.014252279,0.034578532,0.7908911,0.025564374,0.31296387,0.029446738,0.0032218231,0.009576,0.90500075,0.39941448,0.2685236,0.0496295,0.05001064,0.052143145,0.03196342,0.7036237,0.90500075,0.0022669611,0.045059364,0.0496295,0.59535897,0.19429862,0.1730845,0.043522913,0.007087849,0.007364811,1.1505367,1.1859357,1.0848465,0.272089,0.13567063,0.29371807
pork,pork_portion04_day5_rep2,pork_portion04,5,2,Spoiled,2,0.101979405,0.3973842,0.47191805,0.06365345,0.06125866,0.060283422,0.5317719,0.7957542,0.47191805,0.0038220081,0.115410835,0.060283422,0.39152792,0.93447876,0.93488866,0.062154245,0.006969099,0.0044010095,0.7615747,0.6181418,0.19473532,0.047452092,0.05287082,0.065041445,0.12223474,0.7463331,0.7615747,0.0029691872,0.07150457,0.047452092,0.6696007,0.024196813,0.2270058,0.04798826,0.006329471,0.0068040453,0.9435243,0.6228544,8.6057385e-05,0.039769623,0.047660116,0.0019727696,0.10789217,0.99990994,0.9435243,0.004732668,0.0019896687,0.039769623,0.7241947,0.09664992,0.29872233,0.03948304,0.011788393,0.012060915,0.8527535,0.40511724,0.2770583,0.04175972,0.03852366,0.039886452,0.035316907,0.6746204,0.8527535,0.0016046945,0.031892538,0.04175972,0.5772592,0.17256175,0.15825185,0.036057886,0.0041626445,0.0039842892,1.1861854,1.1033276,1.1037112,0.11564262,0.18779303,0.21698987
pork,pork_portion05_day5_rep2,pork_portion05,5,2,Spoiled,2,0.030505238,0.28540352,0.3507093,0.043741755,0.060286365,0.069296844,0.5314493,0.9233237,0.35072708,0.00815266,0.100716665,0.06933673,0.2777091,0.9468326,0.9426374,0.063178346,0.0084085865,0.013164895,0.6858686,0.46015918,0.08615893,0.04155658,0.04113272,0.06261318,0.101785325,0.8760866,0.6858686,0.004105461,0.08549431,0.04155658,0.5445127,0.07079904,0.2166597,0.039421547,0.0056369505,0.0123814475,0.94200784,0.5759064,0.0,0.032485526,0.037237287,0.0,0.099926226,1.0,0.94200784,0.004937102,0.0,0.032485526,0.6969016,0.11942023,0.2923953,0.029572593,0.013260642,0.009014219,0.8673223,0.37773204,0.26142532,0.04644538,0.060139485,0.056260876,0.030181793,0.6984463,0.8673223,0.0040476443,0.053715855,0.04644538,0.57052565,0.18981117,0.1643556,0.04516199,0.016275538,0.012116506,1.1686157,1.1327614,1.1245201,0.17698105,0.13257556,0.19318368
pork,pork_portion06_day5_rep2,pork_portion06,5,2,Spoiled,2,0.03416741,0.31473762,0.3762962,0.041576136,0.042838223,0.046684828,0.527962,0.917252,0.3762962,0.0054545472,0.093376346,0.046684828,0.3073232,0.9397485,0.9441289,0.04439105,0.0057779257,0.007686938,0.72177625,0.5429413,0.25482026,0.06481821,0.072219886,0.085481316,0.10045421,0.6522404,0.72177625,0.003202884,0.084893905,0.06481821,0.6104831,0.04851,0.17719997,0.066602975,0.0070506567,0.011110099,0.928856,0.69245696,0.00017396231,0.042243127,0.0455724,0.0022119724,0.12218472,0.99978817,0.928856,0.004835379,0.0025322253,0.042243127,0.76169163,0.05547978,0.3066227,0.038513906,0.013119939,0.01203504,0.8806496,0.42064607,0.30440405,0.051716294,0.057448387,0.06068987,0.031736173,0.65522087,0.8806496,0.0015845606,0.049359363,0.051716294,0.5965955,0.17705014,0.15345141,0.049522735,0.006961775,0.009031176,1.2142454,1.1810148,1.1360273,0.19915532,0.13145123,0.25592485
pork,pork_portion07_day5_rep2,pork_portion07,5,2,Spoiled,2,0.005654442,0.28733447,0.49528933,0.022513513,0.05612648,0.06418948,0.56939054,0.9907293,0.49528933,0.006153868,0.03456714,0.06418948,0.29573482,0.7889088,0.8624235,0.056527954,0.3956677,0.0076133376,0.5056255,0.2915533,0.074164905,0.049426056,0.04825539,0.057402965,0.08192043,0.860183,0.5056255,0.0041647227,0.10083834,0.049426056,0.37564445,0.081502594,0.15785125,0.049111407,0.004993811,0.010067744,0.93324006,0.63377506,4.642526e-05,0.038209923,0.042722836,0.0010286103,0.11110249,0.99995077,0.93324006,0.003610267,0.0010439747,0.038209923,0.72741765,0.086878285,0.29886046,0.03672478,0.0076756626,0.01134174,0.87023634,0.39955893,0.26959103,0.04942769,0.048405964,0.04989796,0.034484364,0.69051135,0.87023634,0.0016244438,0.04190439,0.04942769,0.5813938,0.18153544,0.16469994,0.043756828,0.003989123,0.0057926765,1.0016142,0.9983987,0.96815366,0.37902096,0.22888045,0.21973164
pork,pork_portion08_day5_rep2,pork_portion08,5,2,Spoiled,2,0.074438035,0.27352056,0.24447484,0.05481773,0.065924585,0.069602884,0.4731576,0.7571466,0.2735456,0.007875608,0.14696884,0.06597394,0.26033786,0.9300635,0.47155237,0.07042178,0.0058233,0.49629495,0.55017143,0.35025698,0.18516707,0.07209173,0.07427772,0.07178268,0.07267956,0.6711945,0.55017143,0.009223424,0.09635789,0.07209173,0.4309616,0.073194526,0.1286968,0.07358664,0.007706562,0.01687191,0.919088,0.6173055,0.0,0.043305293,0.047901515,0.0,0.109844446,1.0,0.919088,0.0040172823,0.0,0.043305293,0.71329397,0.089230806,0.29445258,0.041505367,0.007930749,0.012886769,0.84433687,0.3148586,0.22620292,0.034232277,0.052614834,0.04188575,0.021841446,0.7314928,0.84433687,0.0064685633,0.040551607,0.034232277,0.53274035,0.20754081,0.16608635,0.03497708,0.016020818,0.006839837,0.9385557,0.97135633,0.8303924,0.32778606,0.1726436,0.25114688
pork,pork_portion09_day5_rep2,pork_portion09,5,2,Spoiled,2,0.057943523,0.18188556,0.11057357,0.034843937,0.044156566,0.052669115,0.38293296,0.7142182,0.18188556,0.06153116,0.15140247,0.044156566,0.16316378,0.9430303,0.030739982,0.048238933,0.013144566,0.011517339,0.5999943,0.37637407,0.11771242,0.06997287,0.06169893,0.06524676,0.08589655,0.80162126,0.5999943,0.009285758,0.107824035,0.06997287,0.463288,0.078637585,0.17324172,0.062377,0.006282315,0.03038528,0.9154663,0.67527586,0.0,0.032725595,0.038838435,0.0,0.120886326,1.0,0.9154663,0.0035871402,0.0,0.032725595,0.7472661,0.058430497,0.30231357,0.03298767,0.0077556227,0.01017653,0.86364096,0.41730592,0.32006437,0.042419914,0.04281744,0.043673567,0.02743581,0.6290279,0.86364096,0.002427803,0.03495463,0.042419914,0.5887816,0.17296593,0.14057814,0.03853213,0.0040933597,0.0068542818,0.9260432,1.0942781,0.8866871,0.31258827,0.16035394,0.25375983
pork,pork_portion10_day5_rep2,pork_portion10,5,2,Spoiled,2,0.025783382,0.26209044,0.24272592,0.028148873,0.030046666,0.03341613,0.48447993,0.909522,0.26209044,0.007930305,0.0934771,0.030046666,0.24727471,0.9263828,0.86694336,0.032330986,0.0034533308,0.3297666,0.5711102,0.33910987,0.099640295,0.059134737,0.06038561,0.06412132,0.082235955,0.8317896,0.5711102,0.00625953,0.09860928,0.059134737,0.42985654,0.085492864,0.16934876,0.05916243,0.0066621923,0.013351949,0.8797829,0.6068122,2.7308975e-05,0.040622674,0.040769495,0.0007164243,0.112839215,0.99996585,0.8797829,0.0028230422,0.000783979,0.040622674,0.6949817,0.07771627,0.28726193,0.036837034,0.005001629,0.011856508,0.8885459,0.40222648,0.31345257,0.02968462,0.028967392,0.02947619,0.02347995,0.6460018,0.8885459,0.0010180504,0.02212975,0.02968462,0.5911668,0.18847851,0.14621426,0.025960835,0.0033795799,0.0036471612,1.1077319,1.1210294,1.0872971,0.2902677,0.19277513,0.2072203
pork,pork_portion01_day5_rep3,pork_portion01,5,3,Spoiled,2,0.069568306,0.34260696,0.4271047,0.057314746,0.05158214,0.0518946,0.53749156,0.84852254,0.4271047,0.003510307,0.114318244,0.0518946,0.3383574,0.94511235,0.93076265,0.053049244,0.005449209,0.0039319177,0.7112238,0.50188524,0.12726268,0.03557863,0.036478736,0.051206693,0.1048321,0.82222104,0.7112238,0.0023245353,0.06512414,0.03557863,0.57920045,0.06064169,0.21745136,0.034560304,0.0046396446,0.0045700856,0.94385684,0.59446436,7.686706e-05,0.031123355,0.0392189,0.0016161415,0.10290838,0.9999205,0.94385684,0.004245971,0.0016290545,0.031123355,0.7079825,0.11099077,0.29499358,0.03167094,0.010379564,0.009598626,0.8836495,0.47959992,0.37225908,0.04966796,0.05398238,0.05413573,0.032985296,0.578972,0.8836495,0.002223842,0.04216816,0.04966796,0.6294852,0.15320261,0.13207464,0.04750807,0.007622622,0.006275314,1.1615106,1.1120179,1.1617999,0.15853277,0.13559228,0.18570472
pork,pork_portion02_day5_rep3,pork_portion02,5,3,Spoiled,2,0.05784799,0.37166384,0.50414276,0.060211625,0.061262343,0.061259605,0.5477098,0.8943823,0.50414276,0.0039205253,0.10265831,0.061259605,0.37081462,0.95221347,0.90279377,0.06123269,0.008916355,0.0053448323,0.7553458,0.54990745,0.022860209,0.05321406,0.056658402,0.04048253,0.11786203,0.97129977,0.7553458,0.004135827,0.04902243,0.05321406,0.62210304,0.053377472,0.2573015,0.051897347,0.008076003,0.012871103,0.9651716,0.6100083,0.0,0.023637854,0.025741624,0.0,0.10344792,1.0,0.9651716,0.003076724,0.0,0.023637854,0.72364223,0.112111226,0.30023998,0.02127649,0.0076857554,0.006671848,0.8687042,0.3917006,0.27314293,0.04638225,0.044736635,0.04667383,0.03145442,0.685456,0.8687042,0.0026010245,0.040233366,0.04638225,0.5772146,0.18478622,0.16099294,0.040072754,0.007125935,0.0076927184,1.1347741,1.0923965,1.0871127,0.12491427,0.16899282,0.21473809
pork,pork_portion03_day5_rep3,pork_portion03,5,3,Spoiled,2,0.06808019,0.3618976,0.47410777,0.060932137,0.06450702,0.061431024,0.54412067,0.8669727,0.47410777,0.007052007,0.11107238,0.061431024,0.35951275,0.9490318,0.914612,0.06454216,0.021438971,0.010918401,0.6978768,0.47458482,0.15316358,0.05167534,0.05388026,0.06544469,0.09655973,0.7841828,0.6978768,0.0033138967,0.08023505,0.05167534,0.5581286,0.07008321,0.19977556,0.050606396,0.0075273695,0.0061025275,0.931813,0.7544611,0.006009109,0.026196936,0.02601808,0.019233651,0.13291915,0.9932477,0.931813,0.0012120531,0.021115478,0.026196936,0.801241,0.025878247,0.31602165,0.023303164,0.002598196,0.0076486105,0.9046673,0.39829725,0.26477206,0.048966058,0.04920041,0.051299386,0.032533348,0.70760554,0.9046673,0.0019310453,0.044202723,0.048966058,0.59462875,0.19455644,0.17473002,0.042855628,0.0068347664,0.0072023673,1.150213,1.1855997,1.0825608,0.27307665,0.13211028,0.30183485
pork,pork_portion04_day5_rep3,pork_portion04,5,3,Spoiled,2,0.10848562,0.40035555,0.47207254,0.06566461,0.0634395,0.062846504,0.53111273,0.7829605,0.47207254,0.0036587017,0.117947064,0.062846504,0.39438957,0.9340041,0.9366265,0.06450044,0.006760547,0.004322749,0.76456094,0.61786234,0.20159538,0.04916854,0.054846406,0.06341515,0.1211373,0.73825306,0.76456094,0.0034766323,0.06754736,0.04916854,0.67028433,0.02589268,0.22506353,0.04958809,0.007050629,0.005283615,0.9434227,0.62007344,0.0002886232,0.0399391,0.047614895,0.004926069,0.107370615,0.99970204,0.9434227,0.0047181267,0.0049409275,0.0399391,0.7225639,0.098016135,0.29834026,0.039506815,0.011459907,0.012052279,0.8571242,0.40398213,0.278626,0.042029984,0.03934167,0.04044575,0.034187704,0.6744785,0.8571242,0.0019574105,0.032617003,0.042029984,0.5784582,0.17492543,0.15806736,0.036342684,0.005139032,0.004874214,1.1862152,1.1018093,1.1028309,0.11534482,0.18743344,0.21530905
pork,pork_portion05_day5_rep3,pork_portion05,5,3,Spoiled,2,0.03614995,0.28355753,0.34538433,0.047429502,0.062095318,0.07297598,0.5303954,0.9067434,0.34545952,0.009451315,0.111876406,0.07310953,0.2758073,0.94698054,0.94493055,0.0654263,0.008464204,0.015027606,0.6837904,0.4625202,0.08781976,0.046358917,0.045595396,0.06572569,0.10254438,0.8740718,0.6837904,0.003933406,0.08928196,0.046358917,0.54528487,0.068718985,0.21615694,0.0438992,0.0048751356,0.012429342,0.9409028,0.5727056,0.0,0.03342694,0.03782614,0.0,0.099436164,1.0,0.9409028,0.004927295,0.0,0.03342694,0.6947182,0.120545514,0.29181883,0.030337004,0.013109768,0.009321361,0.8694434,0.3924289,0.26969004,0.043637984,0.05823314,0.05486954,0.032278806,0.6896587,0.8694434,0.0035702433,0.052003704,0.043637984,0.57830554,0.18426988,0.16338827,0.043598283,0.015432704,0.011058335,1.1726348,1.1335943,1.1331553,0.17533119,0.1312513,0.18468109
pork,pork_portion06_day5_rep3,pork_portion06,5,3,Spoiled,2,0.034681946,0.30007064,0.34842125,0.042726077,0.052743994,0.0611391,0.5231867,0.9110379,0.34842125,0.0065663964,0.10247617,0.0611391,0.29124203,0.9389058,0.9521651,0.05512494,0.0062755425,0.010671815,0.7200811,0.5417277,0.24988447,0.067500904,0.07441805,0.08747933,0.10143081,0.658504,0.7200811,0.0031103487,0.084993,0.067500904,0.60902274,0.0480679,0.1788559,0.06869189,0.006846275,0.011427936,0.926915,0.69204164,1.348545e-06,0.04483165,0.046106957,7.2708965e-05,0.122306004,0.9999973,0.926915,0.0046189274,0.00014541815,0.04483165,0.76081705,0.054872952,0.30635047,0.03969866,0.012678782,0.01252979,0.8765719,0.4177705,0.29056394,0.04249278,0.044018723,0.04539853,0.034451228,0.6683151,0.8765719,0.001627158,0.036855336,0.04249278,0.5931482,0.17607684,0.15917176,0.03911617,0.003989239,0.0057309084,1.2217134,1.1912562,1.1410055,0.19834992,0.1304828,0.25389922
pork,pork_portion07_day5_rep3,pork_portion07,5,3,Spoiled,2,0.008607962,0.30906725,0.5218595,0.025065808,0.047468748,0.048729878,0.56745106,0.985553,0.5218595,0.005200968,0.039322555,0.048729878,0.31798753,0.8788008,0.85971767,0.04674383,0.30723497,0.0041953214,0.5189344,0.3008013,0.08440152,0.046188015,0.046060447,0.05859105,0.080847204,0.84308064,0.5189344,0.0042537944,0.101463005,0.046188015,0.38656375,0.082690515,0.15799455,0.04634641,0.0049014566,0.011302634,0.9311776,0.6321264,0.00053662155,0.039004434,0.04339902,0.005970689,0.11103015,0.999425,0.9311776,0.003732108,0.0062095844,0.039004434,0.72582394,0.086815484,0.29827034,0.037267692,0.008214649,0.011532156,0.87451327,0.39864603,0.2691534,0.048801206,0.04828117,0.05021147,0.033726186,0.6926048,0.87451327,0.0020293752,0.042361353,0.048801206,0.58268064,0.18352708,0.16575271,0.04335804,0.004330115,0.005770988,1.0634423,1.052993,1.0173768,0.36714002,0.2206582,0.21772473
pork,pork_portion08_day5_rep3,pork_portion08,5,3,Spoiled,2,0.0880934,0.2882023,0.25601572,0.060820647,0.067161076,0.07541832,0.47044656,0.7246561,0.28828183,0.011770111,0.15437824,0.067332976,0.27598187,0.92870826,0.4058546,0.07196176,0.0043964074,0.48578066,0.5595997,0.3552196,0.18131402,0.07312756,0.07555551,0.07351173,0.073917665,0.6840469,0.5595997,0.01027848,0.09647114,0.07312756,0.43725374,0.07452937,0.13378623,0.07444116,0.008403743,0.017102007,0.9199982,0.6166276,0.0,0.042827476,0.04955957,0.0,0.10954493,1.0,0.9199982,0.00445766,0.0,0.042827476,0.7131646,0.08994321,0.29455933,0.04231789,0.008938058,0.013076316,0.8464103,0.3147442,0.22286737,0.03485679,0.052837335,0.041600082,0.022573315,0.7361588,0.8464103,0.006459956,0.039740257,0.03485679,0.5335192,0.20823973,0.16825745,0.035575096,0.015450292,0.006632132,0.910852,0.95238763,0.8011572,0.3197067,0.16832636,0.24943678
pork,pork_portion09_day5_rep3,pork_portion09,5,3,Spoiled,2,0.047759324,0.20510122,0.1463724,0.040450767,0.043902475,0.05624564,0.42601314,0.7851207,0.20510122,0.04541435,0.16068067,0.043902475,0.18700184,0.935377,0.08192135,0.048888523,0.007353432,0.234611,0.59323585,0.3690806,0.12457439,0.06748775,0.059528857,0.069686584,0.08351251,0.789251,0.59323585,0.008681906,0.11387298,0.06748775,0.45652738,0.07984497,0.16768008,0.06045144,0.006488401,0.029169107,0.89754814,0.65246636,1.7525059e-05,0.053696256,0.061161276,0.00045372447,0.118998475,0.9999731,0.89754814,0.005057808,0.00061636296,0.053696256,0.7278715,0.062298153,0.29637682,0.05315208,0.010418834,0.016524754,0.857771,0.4097744,0.30787787,0.049290985,0.046647187,0.04734688,0.028663926,0.6411175,0.857771,0.0023443152,0.03723697,0.049290985,0.5823686,0.17379132,0.14402594,0.042984717,0.006063805,0.005847638,0.9010736,1.0491891,0.8603399,0.30082944,0.15881263,0.23835394
pork,pork_portion10_day5_rep3,pork_portion10,5,3,Spoiled,2,0.038088277,0.26460597,0.24223292,0.034036785,0.032410998,0.03464646,0.48124522,0.86674863,0.26460597,0.006793888,0.11086095,0.032410998,0.25033647,0.9270777,0.7701964,0.03519052,0.0029769102,0.41541484,0.5775756,0.3436714,0.099081874,0.06280579,0.064431444,0.06737109,0.08284481,0.8358194,0.5775756,0.006642286,0.10159854,0.06280579,0.43498337,0.085900635,0.1716603,0.06289642,0.00774107,0.012959759,0.885117,0.60819227,0.0,0.039366715,0.039677083,0.0,0.11237599,1.0,0.885117,0.0028997678,0.0,0.039366715,0.69741064,0.07930798,0.2882445,0.035781965,0.0052437447,0.011447253,0.8875593,0.40053847,0.31232506,0.031086074,0.029470343,0.029691987,0.023380818,0.6468899,0.8875593,0.0016449507,0.02271857,0.031086074,0.58993673,0.18887605,0.14626336,0.026472012,0.004803216,0.0041723778,1.0487702,1.0727844,1.0244815,0.28723407,0.18777509,0.20907998
pork,pork_portion11_day5_rep1,pork_portion11,5,1,Spoiled,2,0.050055556,0.3431769,0.4409089,0.058065392,0.056995668,0.05971738,0.5398087,0.8977843,0.4409089,0.0029561147,0.10673104,0.05971738,0.33934507,0.9467209,0.92287725,0.057672687,0.0060629016,0.005321952,0.6305673,0.39123732,0.067710556,0.06521749,0.061554648,0.06786288,0.09344093,0.89826435,0.6305673,0.0048027,0.097032756,0.06521749,0.48269692,0.08300183,0.20035812,0.061142582,0.0049268035,0.0144898,0.8841076,0.63356453,0.0004301164,0.04644457,0.04873278,0.005611521,0.11729207,0.99951816,0.8841076,0.003840528,0.0059472686,0.04644457,0.7124886,0.06606503,0.29168513,0.043251235,0.007999516,0.013561797,0.8837425,0.5108293,0.24998924,0.053105477,0.05722778,0.07082901,0.066501796,0.7186496,0.8837425,0.0036275985,0.066889875,0.053105477,0.643179,0.13266224,0.19997388,0.050816108,0.008161507,0.012378147,1.1351627,1.1459469,1.1303079,0.24785417,0.16799048,0.13285317
pork,pork_portion12_day5_rep1,pork_portion12,5,1,Spoiled,2,0.11852808,0.3450363,0.31680983,0.083408706,0.0953873,0.10491468,0.4760768,0.6963677,0.34524798,0.012213089,0.16988823,0.09575633,0.3334004,0.92280483,0.63034993,0.09918941,0.006429041,0.4757304,0.750253,0.45820576,0.0017565497,0.07211446,0.06466261,0.011477938,0.09931417,0.99797946,0.750253,0.005258363,0.012614245,0.07211446,0.5639301,0.09882739,0.2465079,0.06235616,0.008031485,0.019522943,0.91225755,0.609174,0.000574854,0.050997015,0.063912176,0.006301235,0.10906796,0.99938565,0.91225755,0.00665535,0.0066259135,0.050997015,0.7064593,0.090481706,0.29228827,0.052523527,0.016038422,0.015931264,0.8995312,0.5140206,0.3468049,0.052953515,0.056960333,0.06119535,0.04831167,0.61514217,0.8995312,0.0027812326,0.05048686,0.052953515,0.6526656,0.14127478,0.15716073,0.050466217,0.007637387,0.009852557,0.93777263,0.9727386,0.96779513,0.14993353,0.13288599,0.15405566
pork,pork_portion13_day5_rep1,pork_portion13,5,1,Spoiled,2,0.061695915,0.3557046,0.42207322,0.06474623,0.06328411,0.071049154,0.5272381,0.8652591,0.42207322,0.012637055,0.13323174,0.071049154,0.3489929,0.936614,0.940303,0.06414157,0.011225704,0.019947954,0.6999028,0.454871,0.07318375,0.068767525,0.06881842,0.0650145,0.09923303,0.9004714,0.6999028,0.0045278072,0.08464093,0.068767525,0.54533917,0.07969862,0.22193769,0.06585906,0.0060081403,0.013579142,0.8977904,0.57377034,0.0,0.03736151,0.03288722,0.0,0.10438571,1.0,0.8977904,0.0021395828,0.0,0.03736151,0.68104947,0.10212437,0.28525698,0.031146266,0.0028149942,0.010093249,0.8934911,0.45335874,0.3252209,0.04492083,0.051857248,0.056270808,0.03560365,0.6358553,0.8934911,0.0025402196,0.047897432,0.04492083,0.61831486,0.16729775,0.15268195,0.043496236,0.0100419065,0.0114726545,1.1352993,1.1116292,1.1334587,0.151425,0.13339947,0.16049716
pork,pork_portion14_day5_rep1,pork_portion14,5,1,Spoiled,2,0.06720722,0.268961,0.32020327,0.086395934,0.06222249,0.05447638,0.5298643,0.8108383,0.3202478,0.010780601,0.216168,0.05452404,0.26309547,0.9539479,0.95330125,0.06752911,0.0062874286,0.015952853,0.5743437,0.33237475,0.13369147,0.0414403,0.04180599,0.04236128,0.07303411,0.76907504,0.5743437,0.004309281,0.060995374,0.0414403,0.427674,0.0913855,0.15478548,0.041399635,0.0049039605,0.008013378,0.93403476,0.6324445,0.0,0.019453738,0.026035966,0.0,0.11090296,1.0,0.93403476,0.0031831416,0.0,0.019453738,0.72705156,0.08783849,0.29883566,0.020839581,0.007317819,0.006362111,0.8453566,0.51965994,0.41932413,0.04229123,0.041010994,0.041177586,0.03753629,0.50305927,0.8453566,0.0021325594,0.027079785,0.04229123,0.6397653,0.121081874,0.10989427,0.038407236,0.0051154243,0.004800402,1.1868982,1.1805618,1.2437369,0.33224985,0.2188146,0.21076731
pork,pork_portion15_day5_rep1,pork_portion15,5,1,Spoiled,2,0.012368617,0.22187437,0.34228867,0.028500874,0.07279809,0.08637421,0.5601399,0.9717132,0.34228867,0.010568298,0.059828974,0.08637421,0.21733142,0.9332268,0.9117646,0.07732341,0.20043789,0.013853975,0.45898354,0.25809294,0.27566522,0.06542285,0.06810949,0.06753622,0.94187826,0.44601727,0.45898354,0.19706367,0.07422634,0.06542285,0.34382808,0.09082466,0.029866394,0.069606155,0.0059957593,0.0059015537,0.9131518,0.6884754,0.0,0.031912163,0.03727227,0.0,0.123684846,1.0,0.9131518,0.0032160284,0.0,0.031912163,0.75475746,0.050734993,0.30389342,0.03180626,0.0070170895,0.009922164,0.9171962,0.5632351,0.39845744,0.042276777,0.043597534,0.04728325,0.050716188,0.5648983,0.9171962,0.0020619973,0.035893343,0.042276777,0.68720603,0.12621714,0.14667927,0.03912519,0.0063463026,0.008364152,1.2261269,1.1988019,1.2072293,0.49554107,0.364426,0.1870215
pork,pork_portion16_day5_rep1,pork_portion16,5,1,Spoiled,2,0.0052229078,0.19841903,0.32687628,0.019321373,0.07573286,0.093350716,0.5669677,0.9886929,0.32687628,0.011758404,0.037513614,0.093350716,0.19336195,0.88209194,0.907392,0.08129417,0.29815626,0.01382996,0.5344032,0.31582963,0.16534624,0.06654148,0.0680128,0.07270467,0.06573054,0.70033735,0.5344032,0.003309613,0.098429486,0.06654148,0.40342054,0.08429899,0.12698573,0.067769036,0.0061179716,0.00811277,0.848965,0.6252378,3.0065361e-05,0.034842037,0.038468324,0.00066714926,0.12062195,0.99995685,0.848965,0.0032671713,0.00085509685,0.034842037,0.6971161,0.05519672,0.2855864,0.03379536,0.0068513663,0.0105759455,0.90059984,0.5722051,0.42970538,0.04928206,0.047385104,0.04599223,0.04823519,0.5222655,0.90059984,0.0028461465,0.029073147,0.04928206,0.6877755,0.11693526,0.12983602,0.044337247,0.004207905,0.0058986447,1.1356198,1.1507243,1.1977073,0.3350495,0.2862359,0.16780068
pork,pork_portion17_day5_rep1,pork_portion17,5,1,Spoiled,2,0.0014214332,0.24343547,0.43558267,0.00768111,0.04705014,0.057212133,0.57240224,0.9971503,0.43558267,0.007021169,0.014763401,0.057212133,0.249757,0.6504684,0.8707762,0.04862556,0.4688694,0.010265288,0.40167084,0.17974693,0.18599424,0.056705717,0.05737515,0.0547299,0.6134159,0.5703541,0.40167084,0.47595495,0.081892125,0.056705717,0.27034009,0.10214056,0.04661337,0.05893903,0.0059860786,0.010086194,0.87952304,0.6215577,0.0,0.02475069,0.02278366,0.0,0.115841955,1.0,0.87952304,0.0020496582,0.0,0.02475069,0.70391035,0.07018162,0.28940096,0.02113506,0.0031608746,0.006956151,0.89963317,0.46039855,0.3443346,0.04080945,0.062188346,0.057193767,0.033332933,0.61687785,0.89963317,0.0050629466,0.049788013,0.04080945,0.6251616,0.1669822,0.14591406,0.04590442,0.018619644,0.00923381,0.9901169,0.93860817,0.9487426,0.49794614,0.37411678,0.19015838
pork,pork_portion18_day5_rep1,pork_portion18,5,1,Spoiled,2,0.00055606366,0.21470305,0.30061474,0.003613169,0.034808453,0.03696604,0.5460095,0.998331,0.30061474,0.009502362,0.010617385,0.03696604,0.20649953,0.9655319,0.93152463,0.036556497,0.01043516,0.010290626,0.4833828,0.22693399,0.09311187,0.040026855,0.040734872,0.0420296,0.054950386,0.8109154,0.4833828,0.004560228,0.0749276,0.040026855,0.32924092,0.10720222,0.13211462,0.04045681,0.0048975847,0.007491629,0.8867052,0.68429637,0.0,0.026860354,0.027975287,0.0,0.12661298,1.0,0.8867052,0.002560372,0.0,0.026860354,0.74495506,0.041519437,0.29986957,0.024685124,0.0053809495,0.007994542,0.9118649,0.52336204,0.3398859,0.04950827,0.05084828,0.054969586,0.051319707,0.6274542,0.9118649,0.0022067383,0.04208833,0.04950827,0.661704,0.1411094,0.16536437,0.0458523,0.0052651814,0.007789154,1.1793437,1.2420634,1.2140367,0.45307195,0.3358377,0.1869239
pork,pork_portion19_day5_rep1,pork_portion19,5,1,Spoiled,2,0.026197271,0.27677563,0.32890487,0.033257037,0.036849078,0.038104698,0.52682805,0.9279226,0.32890487,0.0031872161,0.08672855,0.038104698,0.26804593,0.94383305,0.9499219,0.038986247,0.004843728,0.00318555,0.6834103,0.4503035,0.06414408,0.05564039,0.061672665,0.06814802,0.10190582,0.91099423,0.6834103,0.0043534916,0.08926362,0.05564039,0.5372419,0.07467956,0.2206387,0.056858636,0.009805974,0.009008703,0.8894989,0.65264493,0.0,0.027059034,0.024881037,0.0,0.12037383,1.0,0.8894989,0.0018912116,0.0,0.027059034,0.72593933,0.0586799,0.29536986,0.023138424,0.003368348,0.0075146384,0.88325673,0.47776523,0.34609014,0.04158242,0.04220487,0.043577235,0.03927586,0.60765576,0.88325673,0.0014401405,0.033092007,0.04158242,0.62757784,0.15260719,0.1452753,0.03841692,0.003749771,0.004548274,1.1660824,1.192309,1.1843808,0.20358652,0.14111324,0.20254801
pork,pork_portion20_day5_rep1,pork_portion20,5,1,Spoiled,2,0.026654089,0.24780329,0.25884935,0.041371573,0.055843793,0.056679603,0.50561786,0.9179365,0.25884935,0.00467419,0.114796594,0.056679603,0.23407587,0.93755555,0.97643965,0.05971246,0.0074574025,0.0042501665,0.63756156,0.4540278,0.19056539,0.039879054,0.041693117,0.051666487,0.09617761,0.7026626,0.63756156,0.0021260409,0.06694807,0.039879054,0.52665967,0.055530142,0.16953324,0.040348385,0.0051482576,0.009203841,0.9177978,0.5672894,0.0,0.016567444,0.029526733,0.0,0.10108362,1.0,0.9177978,0.004279703,0.0,0.016567444,0.6839652,0.1135564,0.28750104,0.02148227,0.0099992715,0.00609538,0.8917191,0.5080486,0.37012336,0.051722597,0.0568739,0.05685441,0.042754386,0.5854845,0.8917191,0.0024951426,0.044392936,0.051722597,0.6473695,0.1423013,0.14214177,0.050289843,0.006893769,0.005737811,1.2307202,1.164479,1.2244565,0.20500849,0.15116346,0.15262644
pork,pork_portion11_day5_rep2,pork_portion11,5,2,Spoiled,2,0.06310874,0.34611136,0.43830925,0.06488764,0.06151174,0.06216192,0.5391336,0.8697864,0.43830925,0.0036042247,0.11811006,0.06216192,0.34220344,0.9459816,0.926234,0.062423907,0.006677981,0.004064512,0.64125013,0.3974304,0.05964064,0.06790665,0.06433941,0.066163875,0.09446709,0.9121679,0.64125013,0.0045496053,0.092678174,0.06790665,0.4900927,0.08427789,0.20568407,0.06355896,0.0059933737,0.015009968,0.88404894,0.6303092,0.0026762804,0.047879096,0.05105128,0.020848036,0.116520494,0.9970603,0.88404894,0.0039798752,0.02231483,0.047879096,0.71045756,0.06771447,0.2907918,0.045173377,0.008150031,0.014359448,0.88529575,0.5124855,0.2607248,0.05679883,0.05905516,0.07049129,0.065063916,0.7072598,0.88529575,0.003514867,0.0650581,0.05679883,0.64478564,0.13278478,0.19581579,0.05319228,0.007537417,0.011709583,1.1329592,1.1448804,1.1341763,0.23680867,0.16241986,0.13254204
pork,pork_portion12_day5_rep2,pork_portion12,5,2,Spoiled,2,0.11310314,0.32162178,0.29441112,0.08398567,0.1018625,0.110873275,0.4742732,0.69609094,0.32174182,0.0153419515,0.1770863,0.102064006,0.3097687,0.9274706,0.64320385,0.10673727,0.0072661606,0.47143754,0.7567445,0.46664724,0.0017076907,0.068457454,0.06539419,0.011146743,0.10023307,0.9980364,0.7567445,0.0054721883,0.012199168,0.068457454,0.5712272,0.09721386,0.248679,0.06154969,0.007314359,0.019026153,0.91228026,0.6081661,0.00085613644,0.051646885,0.064990744,0.009252507,0.10879612,0.99911255,0.91228026,0.006682819,0.009414389,0.051646885,0.7058415,0.091010176,0.29215422,0.053469315,0.015936114,0.016117599,0.90050125,0.51613414,0.34427163,0.052578103,0.056369025,0.061511062,0.049349908,0.6184636,0.90050125,0.0026976238,0.05129935,0.052578103,0.65409535,0.14046203,0.15910105,0.049982745,0.0081095565,0.009050626,0.9556865,0.98983616,0.98605216,0.14159657,0.12946716,0.15108372
pork,pork_portion13_day5_rep2,pork_portion13,5,2,Spoiled,2,0.0783401,0.35966745,0.41905332,0.069619335,0.063713275,0.072943926,0.5255534,0.8256327,0.41905332,0.010944395,0.14344756,0.072943926,0.35312587,0.93597215,0.9449289,0.06519767,0.008552547,0.01900394,0.70605534,0.46023965,0.06461963,0.0752821,0.075166136,0.066215925,0.10061887,0.9146137,0.70605534,0.0045908075,0.083722994,0.0752821,0.55048436,0.07944143,0.22616394,0.07171905,0.00656505,0.013590095,0.87682265,0.55853206,0.0,0.05294606,0.04153114,0.0,0.10407106,1.0,0.87682265,0.0022233995,0.0,0.05294606,0.6652503,0.10100959,0.28001377,0.041394927,0.0040201973,0.013683141,0.88885325,0.45041522,0.31860727,0.049025618,0.055350922,0.058772426,0.036424268,0.64159244,0.88885325,0.0021723295,0.050517,0.049025618,0.6149548,0.1666602,0.15445957,0.046681073,0.01131177,0.011717116,1.1354375,1.1120684,1.133683,0.1285932,0.13001952,0.1503446
pork,pork_portion14_day5_rep2,pork_portion14,5,2,Spoiled,2,0.06406433,0.2633615,0.31431797,0.07625109,0.0635447,0.05782666,0.53079534,0.81963027,0.31432074,0.00926147,0.18863411,0.05783008,0.25665015,0.9537543,0.9533276,0.06853586,0.0062365844,0.012636834,0.5780275,0.33556646,0.13684423,0.0451377,0.045269858,0.047902334,0.07288606,0.7662017,0.5780275,0.0040957266,0.06814253,0.0451377,0.43092233,0.09143681,0.15467243,0.04485787,0.004918589,0.0072246958,0.93618387,0.63075066,0.0,0.01934806,0.027384352,0.0,0.11040263,1.0,0.93618387,0.0034841462,0.0,0.01934806,0.7266738,0.08951829,0.29895818,0.021410514,0.008205383,0.006484359,0.8421888,0.51599044,0.41548017,0.04497324,0.044877976,0.044595562,0.037425496,0.5059968,0.8421888,0.002232141,0.02997667,0.04497324,0.6365525,0.12141835,0.11026249,0.04160401,0.005971105,0.004731586,1.1881971,1.1815352,1.2441334,0.32907596,0.21249685,0.21153139
pork,pork_portion15_day5_rep2,pork_portion15,5,2,Spoiled,2,0.020501519,0.22078519,0.34039322,0.037122086,0.075572245,0.08672842,0.5616402,0.95215476,0.34039322,0.010210837,0.079208,0.08672842,0.21642852,0.9200986,0.91249174,0.08041335,0.22855212,0.012276707,0.4631915,0.25650945,0.27887788,0.07137713,0.07390906,0.072512545,0.9679647,0.45635098,0.4631915,0.107692756,0.08276686,0.07137713,0.34455422,0.09374269,0.028458338,0.07532866,0.0065458496,0.0053002047,0.9109849,0.6852624,0.0,0.03328733,0.036518432,0.0,0.123402245,1.0,0.9109849,0.0027867956,0.0,0.03328733,0.7521069,0.051456723,0.3031086,0.031883206,0.0054971823,0.0100342715,0.91708654,0.5651512,0.39745,0.04354193,0.045288753,0.050042696,0.0517703,0.56603116,0.91708654,0.00248397,0.03872773,0.04354193,0.68820053,0.12522611,0.1476937,0.040690295,0.005907247,0.009874379,1.2168794,1.1886286,1.1997113,0.49327484,0.36510417,0.1835204
pork,pork_portion16_day5_rep2,pork_portion16,5,2,Spoiled,2,0.009312701,0.20099384,0.3229832,0.025103074,0.0789632,0.0947982,0.5652568,0.9784803,0.3229832,0.012008873,0.052220177,0.0947982,0.19531652,0.8937313,0.9112221,0.08453101,0.2788233,0.013936601,0.53829706,0.31758124,0.16701089,0.07073459,0.07168662,0.07552786,0.06528545,0.700449,0.53829706,0.0027351414,0.10106924,0.07073459,0.40597954,0.08508958,0.12731914,0.07148755,0.0060027307,0.0077995593,0.84873307,0.62380195,3.2679738e-05,0.035511613,0.039483324,0.00076709926,0.120431915,0.99995685,0.84873307,0.0034428064,0.0009407325,0.035511613,0.69613534,0.05579541,0.28529775,0.034656435,0.0070283585,0.010846923,0.89943576,0.5729443,0.4327948,0.04983299,0.047756523,0.04532154,0.048044544,0.51811135,0.89943576,0.003465886,0.028406154,0.04983299,0.6879267,0.11635143,0.12819147,0.04467745,0.004269856,0.006495821,1.1457679,1.159628,1.2083547,0.33167118,0.28367633,0.16857283
pork,pork_portion17_day5_rep2,pork_portion17,5,2,Spoiled,2,0.0025921296,0.25108793,0.4440196,0.0101683065,0.049234807,0.05438618,0.5715848,0.99488646,0.4440196,0.0073083625,0.01934143,0.05438618,0.2576906,0.69417834,0.87020177,0.05027715,0.45150346,0.0068636537,0.41603988,0.18763305,0.1786397,0.059070352,0.060283024,0.058838703,0.2054185,0.5859702,0.41603988,0.39292464,0.08490227,0.059070352,0.28069988,0.103399314,0.05741355,0.061504647,0.005036978,0.008127059,0.8769455,0.62232125,0.0,0.026634736,0.022835264,0.0,0.11645348,1.0,0.8769455,0.0019123463,0.0,0.026634736,0.7035815,0.06863539,0.2891962,0.02175147,0.003378607,0.007157598,0.895792,0.46612957,0.3440081,0.0443141,0.06823607,0.0626874,0.035290953,0.61584866,0.895792,0.0058035855,0.056023244,0.0443141,0.6268411,0.16267286,0.14676106,0.05000636,0.021027284,0.01051835,1.0050741,0.9631667,0.97063726,0.48348793,0.36236733,0.18713605
pork,pork_portion18_day5_rep2,pork_portion18,5,2,Spoiled,2,0.005143345,0.2154872,0.30166742,0.014300464,0.040556632,0.041927435,0.5468982,0.9856195,0.30166742,0.0078019933,0.03792351,0.041927435,0.20731254,0.96601015,0.9317548,0.042896595,0.009492324,0.0073427656,0.4804186,0.22183755,0.09479102,0.04811491,0.04687564,0.04682614,0.052641872,0.8077766,0.4804186,0.004662659,0.08219666,0.04811491,0.3250684,0.10868232,0.12948647,0.047525764,0.004873156,0.008965322,0.8860699,0.6838851,0.0,0.028084923,0.028307332,0.0,0.12660442,1.0,0.8860699,0.0024397376,0.0,0.028084923,0.7444413,0.041415144,0.2997277,0.02528778,0.005060827,0.008141726,0.90718824,0.5194575,0.32684085,0.05180932,0.054538514,0.05887202,0.05334873,0.6403476,0.90718824,0.0021445227,0.047133047,0.05180932,0.65768516,0.1406188,0.17003939,0.04876746,0.006159298,0.0076808548,1.1800474,1.2421117,1.2100896,0.4575812,0.33659825,0.1848974
pork,pork_portion19_day5_rep2,pork_portion19,5,2,Spoiled,2,0.039798982,0.2745814,0.32861072,0.041881878,0.04387411,0.044881016,0.52936167,0.89088184,0.32861072,0.0036538597,0.10649421,0.044881016,0.26664653,0.94654304,0.9499822,0.046685856,0.0052270563,0.0041761575,0.6899863,0.45825043,0.070696704,0.058163878,0.06619842,0.071215294,0.102263734,0.9030417,0.6899863,0.0042824266,0.09207034,0.058163878,0.54435676,0.07353532,0.22137216,0.060381345,0.011109698,0.008032961,0.89635557,0.65824676,0.0,0.020772576,0.020819971,0.0,0.120519646,1.0,0.89635557,0.0017609413,0.0,0.020772576,0.7313802,0.058825508,0.2971452,0.018764067,0.0033501454,0.0059805857,0.8847524,0.4773386,0.34442115,0.04245006,0.04239095,0.04373747,0.03960748,0.61028516,0.8847524,0.0016674137,0.032938477,0.04245006,0.6278074,0.15334983,0.1463265,0.03891369,0.002910087,0.0047554965,1.170529,1.1959164,1.185519,0.20232575,0.13771787,0.20593314
pork,pork_portion20_day5_rep2,pork_portion20,5,2,Spoiled,2,0.034933344,0.24938315,0.25822967,0.04822769,0.06092917,0.061900064,0.5045614,0.8922291,0.25835118,0.0044413167,0.13325879,0.061831627,0.23591323,0.93794537,0.978281,0.065454096,0.0072475136,0.0042037545,0.6402297,0.45552325,0.1963802,0.045429394,0.045595907,0.054034635,0.09523309,0.6954893,0.6402297,0.0020521053,0.06738097,0.045429394,0.52844834,0.056116648,0.16778015,0.044713255,0.0044752946,0.00880675,0.9158094,0.56188035,0.0,0.019405654,0.033676844,0.0,0.10034245,1.0,0.9158094,0.004610671,0.0,0.019405654,0.6803385,0.11552245,0.28655964,0.024938863,0.010551797,0.00713083,0.8823989,0.49525264,0.3641006,0.05518061,0.059741423,0.05798732,0.04061853,0.58808607,0.8823989,0.0030228817,0.04369314,0.05518061,0.6370371,0.14459215,0.14007904,0.053150944,0.0066937823,0.0052655633,1.2329276,1.1629151,1.2218397,0.20176283,0.1427823,0.15548836
pork,pork_portion11_day5_rep3,pork_portion11,5,3,Spoiled,2,0.057300303,0.3505824,0.44567266,0.06571123,0.062344946,0.063486055,0.53899527,0.88533294,0.44567266,0.0028224883,0.11769878,0.063486055,0.34658432,0.9452895,0.92423725,0.0629432,0.00624091,0.004182078,0.63229066,0.39338744,0.068391494,0.068718694,0.06479684,0.068285294,0.09377311,0.89789265,0.63229066,0.0045142383,0.096823126,0.068718694,0.48446795,0.082626894,0.20092268,0.064398624,0.005745255,0.01460105,0.8811754,0.62681603,0.0033919849,0.04976199,0.052293316,0.025852442,0.116224155,0.9963246,0.8811754,0.003863424,0.027325755,0.04976199,0.70742244,0.06830356,0.28969887,0.046592157,0.007510565,0.014908545,0.8851308,0.51018536,0.25427905,0.05467771,0.058357887,0.07060952,0.065450504,0.71435404,0.8851308,0.003500612,0.0655949,0.05467771,0.6433691,0.13362338,0.19821922,0.052059855,0.008047951,0.012351099,1.134188,1.1410291,1.1287096,0.24040605,0.16690572,0.12937556
pork,pork_portion12_day5_rep3,pork_portion12,5,3,Spoiled,2,0.10710434,0.3218633,0.2924408,0.08352167,0.10135921,0.10939802,0.4735695,0.715856,0.32207906,0.013406422,0.17863387,0.101740636,0.3093939,0.9256668,0.60420895,0.10628544,0.007776118,0.48271796,0.7476755,0.45685625,0.003534669,0.07668355,0.06948007,0.020355375,0.09912665,0.9958478,0.7476755,0.0055417214,0.02259924,0.07668355,0.562152,0.098439015,0.2455237,0.06693152,0.008255129,0.020609746,0.9109052,0.60829663,0.0010746088,0.052230522,0.06458802,0.010765451,0.10904222,0.9988611,0.9109052,0.0066753174,0.0111921355,0.052230522,0.7055038,0.090311036,0.291898,0.05335146,0.01608512,0.0160831,0.90058273,0.5097689,0.34004942,0.051031332,0.05508235,0.060695004,0.048461538,0.62305874,0.90058273,0.0026620324,0.049824003,0.051031332,0.6505303,0.14340924,0.15975887,0.048737828,0.007395323,0.009060477,0.93640137,0.9758383,0.96220416,0.15088531,0.13110547,0.15265079
pork,pork_portion13_day5_rep3,pork_portion13,5,3,Spoiled,2,0.06861974,0.35918579,0.42116323,0.06704523,0.063318975,0.073729336,0.5256252,0.8485823,0.42116323,0.012029147,0.1384161,0.073729336,0.3523144,0.9355086,0.94308245,0.0644747,0.009899092,0.020367745,0.70973533,0.46382767,0.06377573,0.07173106,0.07190532,0.064923055,0.1010989,0.9157514,0.70973533,0.0045711435,0.082233965,0.07173106,0.5539153,0.07917587,0.22752951,0.06849893,0.006431235,0.013082106,0.87774163,0.5575569,0.0,0.052226372,0.04237962,0.0,0.10377695,1.0,0.87774163,0.0023396492,0.0,0.052226372,0.6650097,0.10194422,0.2799849,0.041735176,0.0033953337,0.013675385,0.8864366,0.44867992,0.31878898,0.047593236,0.05307538,0.05645369,0.03616978,0.64024913,0.8864366,0.0024859915,0.04871143,0.047593236,0.6132101,0.16660719,0.15351288,0.04484265,0.0110278465,0.011665199,1.1340039,1.1100929,1.1325617,0.124947675,0.12899056,0.15119414
pork,pork_portion14_day5_rep3,pork_portion14,5,3,Spoiled,2,0.043371778,0.24317712,0.2938708,0.057309557,0.05920984,0.058013797,0.5316093,0.87237835,0.2938708,0.0075428966,0.1535222,0.058013797,0.23430817,0.95406944,0.9533672,0.06412481,0.0074490136,0.009440616,0.57258815,0.33225298,0.13666911,0.0433481,0.044231012,0.046370827,0.072674684,0.76404846,0.57258815,0.0045199106,0.06614993,0.0433481,0.42672068,0.090806775,0.15292698,0.04353187,0.005679703,0.006539952,0.93630767,0.63541216,0.0,0.017946752,0.022961225,0.0,0.11113918,1.0,0.93630767,0.0029242197,0.0,0.017946752,0.7294321,0.08719096,0.2995906,0.01849418,0.0066830413,0.0057444656,0.83176136,0.50803465,0.4088353,0.054504316,0.05247099,0.050720636,0.037141122,0.50837356,0.83176136,0.0028507016,0.030925531,0.054504316,0.62815374,0.12085088,0.10957002,0.049682576,0.0042046458,0.0038043028,1.1928746,1.1933357,1.2495444,0.33638892,0.20822525,0.21794061
pork,pork_portion15_day5_rep3,pork_portion15,5,3,Spoiled,2,0.015817301,0.21996832,0.33888763,0.03216218,0.07582293,0.08946158,0.56076384,0.9634336,0.33888763,0.011023803,0.067496866,0.08946158,0.21525902,0.92292124,0.9128262,0.08075246,0.22209287,0.014417599,0.45013657,0.24067318,0.26132292,0.070811614,0.072497666,0.07238268,0.95710236,0.475983,0.45013657,0.15249686,0.082460284,0.070811614,0.32902178,0.09541933,0.03086666,0.07446075,0.0060707256,0.0059018703,0.9132886,0.6848809,0.0,0.03273829,0.036966532,0.0,0.12300182,1.0,0.9132886,0.0029558023,0.0,0.03273829,0.75252944,0.05262901,0.30338195,0.03194357,0.0060739913,0.009983253,0.91984874,0.56287956,0.3978357,0.04279295,0.04386574,0.048243288,0.05049772,0.5668537,0.91984874,0.0022406655,0.037001655,0.04279295,0.6878597,0.12745707,0.14744005,0.039441235,0.0063583255,0.008945167,1.2147238,1.1905841,1.2008041,0.5054249,0.3786561,0.18465993
pork,pork_portion16_day5_rep3,pork_portion16,5,3,Spoiled,2,0.0075438954,0.1992433,0.32768765,0.021002263,0.07806474,0.0936061,0.5674985,0.98260957,0.32768765,0.012823647,0.04404987,0.0936061,0.19435148,0.84919596,0.9074561,0.083355,0.33563644,0.013458359,0.5367079,0.31712386,0.16487631,0.06917287,0.0695825,0.07436766,0.06605008,0.7031987,0.5367079,0.0029381309,0.100314595,0.06917287,0.40505552,0.08458846,0.12794878,0.06958952,0.0058457945,0.007925992,0.8459521,0.62389034,0.0,0.036137637,0.040294584,0.0,0.12086305,1.0,0.8459521,0.0036490185,0.0,0.036137637,0.69539666,0.05456014,0.2849314,0.03523562,0.0075236754,0.011053038,0.897592,0.573857,0.43455082,0.049247257,0.04710927,0.044441048,0.048200764,0.51510084,0.897592,0.003015625,0.027689148,0.049247257,0.68794715,0.11526164,0.12717882,0.044084538,0.004225925,0.006230247,1.1120487,1.1269559,1.1794612,0.33142602,0.28455073,0.16919231
pork,pork_portion17_day5_rep3,pork_portion17,5,3,Spoiled,2,0.0031475034,0.24828778,0.43656385,0.012387319,0.049470466,0.057190232,0.57108766,0.9937456,0.43656385,0.0071321013,0.023510331,0.057190232,0.25418803,0.7230381,0.8728734,0.050947946,0.43762967,0.008822178,0.4085001,0.18354857,0.17678116,0.056377128,0.05841247,0.055551324,0.2430429,0.58267015,0.4085001,0.41982174,0.07989345,0.056377128,0.27498883,0.10231886,0.055404063,0.059407428,0.005322955,0.0077602547,0.87980074,0.6216363,0.0,0.024564417,0.02185509,0.0,0.115872614,1.0,0.87980074,0.0020184547,0.0,0.024564417,0.7040439,0.070278674,0.2894617,0.020592986,0.002682333,0.00681509,0.89416564,0.46239743,0.33886558,0.042615894,0.06521637,0.06026777,0.035384033,0.6207751,0.89416564,0.005547617,0.054138668,0.042615894,0.6241008,0.1636434,0.14819019,0.047885876,0.020303695,0.01016005,1.0266359,0.9842939,0.9873822,0.48979366,0.36640024,0.18725789
pork,pork_portion18_day5_rep3,pork_portion18,5,3,Spoiled,2,0.002931443,0.21341531,0.30367434,0.011408,0.036577273,0.03631983,0.5484127,0.99190915,0.30367434,0.0086811455,0.030244822,0.03631983,0.20565869,0.9676653,0.92916626,0.038221974,0.010134761,0.0083382465,0.4830812,0.22857502,0.0907659,0.044610724,0.044527177,0.045305166,0.05627895,0.8165537,0.4830812,0.005698583,0.080800585,0.044610724,0.32992896,0.10614953,0.13338588,0.044621754,0.004878514,0.009293518,0.88184273,0.68438345,0.0,0.029207079,0.028039189,0.0,0.1273613,1.0,0.88184273,0.0022782036,0.0,0.029207079,0.7436573,0.039397247,0.29920912,0.025467807,0.0046829525,0.008263507,0.9067349,0.51590514,0.32454243,0.050556634,0.052973215,0.05553016,0.052672844,0.6424914,0.9067349,0.002093675,0.044530842,0.050556634,0.6555116,0.14204304,0.17031612,0.0473938,0.0058823824,0.006550777,1.1793723,1.2441745,1.2082522,0.4506932,0.3296305,0.18686686
pork,pork_portion19_day5_rep3,pork_portion19,5,3,Spoiled,2,0.028785322,0.2625835,0.31805533,0.03631197,0.045779657,0.04554419,0.5302556,0.91989654,0.31805533,0.004765906,0.094075434,0.04554419,0.25387102,0.9482901,0.9488234,0.048383117,0.0070259213,0.0042139026,0.6797019,0.46376896,0.080727205,0.065863326,0.072871104,0.08058466,0.10465884,0.88799053,0.6797019,0.005497667,0.105824344,0.065863326,0.5445601,0.06635316,0.21750136,0.066849194,0.014738152,0.011397584,0.88437337,0.65082955,0.0,0.028361667,0.025596863,0.0,0.12072243,1.0,0.88437337,0.0016596168,0.0,0.028361667,0.72329855,0.057392444,0.29432735,0.02395146,0.003120617,0.0077811265,0.88367677,0.48217288,0.34736267,0.040678974,0.04137269,0.04260556,0.040265206,0.60636556,0.88367677,0.0022685747,0.032583833,0.040678974,0.6300442,0.15067877,0.14577067,0.037540093,0.005073377,0.005100189,1.1820089,1.2010103,1.1927211,0.19475618,0.13987009,0.19866504
pork,pork_portion20_day5_rep3,pork_portion20,5,3,Spoiled,2,0.030958438,0.24492656,0.25610867,0.043388296,0.05407834,0.05447952,0.5061263,0.9012107,0.2561909,0.004521433,0.123362005,0.054465972,0.23153606,0.9389461,0.97692496,0.058082093,0.006714428,0.003917326,0.63834435,0.45311162,0.18857075,0.04410058,0.045138553,0.055205658,0.09596821,0.7069731,0.63834435,0.0021630314,0.0703927,0.04410058,0.52603877,0.056280352,0.17028937,0.04412769,0.004441936,0.008667869,0.91566116,0.5611404,0.0,0.018383548,0.03364716,0.0,0.10016061,1.0,0.91566116,0.00480579,0.0,0.018383548,0.67987216,0.11585418,0.2863929,0.024482075,0.0110407965,0.00693917,0.8855351,0.50115705,0.36748868,0.05115326,0.055797376,0.053443532,0.041683495,0.5853326,0.8855351,0.0032747644,0.03975333,0.05115326,0.6414746,0.14311196,0.14044847,0.04940783,0.0069203638,0.004891744,1.2314591,1.1641822,1.2251916,0.201727,0.14749794,0.15335298
pork,pork_portion21_day5_rep1,pork_portion21,5,1,Spoiled,2,0.049695086,0.28650978,0.31253907,0.055965092,0.055065017,0.06287609,0.5121451,0.85683423,0.3151755,0.016115911,0.14495216,0.061293665,0.27669737,0.93804353,0.96546286,0.058140785,0.007599627,0.03582157,0.69425315,0.46903166,0.058320966,0.068835214,0.06819111,0.07069089,0.105556674,0.9207731,0.69425315,0.0037557667,0.09058688,0.068835214,0.55227727,0.06951105,0.226782,0.06477594,0.010106987,0.014368506,0.92408293,0.6508222,0.0064581777,0.04026832,0.046133537,0.03365603,0.114978,0.99314386,0.92408293,0.0035538557,0.03523589,0.04026832,0.73489004,0.07444143,0.29882583,0.03955503,0.008142565,0.012519943,0.88691354,0.38025975,0.29321536,0.035324767,0.03583136,0.036264595,0.02250562,0.6685286,0.88691354,0.002362982,0.02938383,0.035324767,0.57988447,0.19717766,0.15225795,0.03094688,0.0057932064,0.00512914,1.1730057,1.1832811,1.141099,0.19637223,0.15038204,0.24611594
pork,pork_portion22_day5_rep1,pork_portion22,5,1,Spoiled,2,0.014357628,0.27121952,0.43951634,0.030864706,0.050291367,0.055772986,0.5641007,0.97090065,0.43951634,0.007898725,0.05975652,0.055772986,0.27503866,0.9001094,0.8838921,0.051183533,0.26882142,0.014064504,0.66227543,0.39556244,0.09424245,0.05840065,0.058356445,0.0695918,0.08643651,0.8636622,0.66227543,0.0033382443,0.093601085,0.05840065,0.49685916,0.09507414,0.19859505,0.056235626,0.0067218407,0.007879123,0.9267975,0.6589953,2.5943526e-05,0.037591632,0.037208013,0.00054206623,0.11650587,0.9999619,0.9267975,0.0026852943,0.0007380492,0.037591632,0.74055946,0.07137251,0.3015922,0.033484925,0.005061205,0.010729549,0.90384215,0.53381413,0.40779802,0.039060082,0.039296534,0.038563754,0.040055037,0.5478359,0.90384215,0.0020534042,0.02578563,0.039060082,0.6667323,0.13618787,0.13146026,0.03574729,0.004812215,0.0044094743,1.0802399,1.1147141,1.1415576,0.26563135,0.18722795,0.19645955
pork,pork_portion23_day5_rep1,pork_portion23,5,1,Spoiled,2,0.013123276,0.2923126,0.49079207,0.031352136,0.057823416,0.061348658,0.56770974,0.977404,0.49079207,0.0059612626,0.05083503,0.061348658,0.29982427,0.8463422,0.8672603,0.057992116,0.34220716,0.0045370217,0.6109978,0.39495265,0.20457822,0.06663489,0.07064742,0.07797065,0.075985715,0.6733371,0.6109978,0.003994634,0.10185999,0.06663489,0.48043296,0.07670326,0.14248194,0.06855395,0.008148368,0.010835201,0.9039246,0.51067495,0.0,0.026369547,0.023857096,0.0,0.09219057,1.0,0.9039246,0.0024209823,0.0,0.026369547,0.64762056,0.1363576,0.27835357,0.021825066,0.0046856175,0.0070235985,0.914922,0.4895607,0.37776732,0.056275483,0.056229576,0.057254124,0.032663886,0.5874493,0.914922,0.0021589322,0.04170314,0.056275483,0.64606273,0.16062066,0.13821858,0.050596815,0.008486223,0.0068135755,1.0725051,0.9858253,1.0590547,0.22354291,0.18572433,0.14222847
pork,pork_portion24_day5_rep1,pork_portion24,5,1,Spoiled,2,0.012074787,0.22918545,0.32106364,0.02669632,0.05991933,0.06622583,0.54840934,0.9703618,0.32106364,0.0066591166,0.061735876,0.06622583,0.2218942,0.96569926,0.9281927,0.063630864,0.0103101395,0.00726998,0.6619802,0.4274095,0.16760424,0.07629231,0.07693558,0.08174676,0.085426815,0.7554785,0.6619802,0.005156885,0.1016021,0.07629231,0.5168031,0.08014107,0.17669329,0.07452169,0.006467965,0.011828306,0.91984534,0.641222,0.0,0.027243953,0.035708398,0.0,0.11411554,1.0,0.91984534,0.0036275687,0.0,0.027243953,0.7279077,0.07737904,0.29806602,0.029141722,0.0086531285,0.008906341,0.8866768,0.4584455,0.3598427,0.05142271,0.05531884,0.055378787,0.02905957,0.5941421,0.8866768,0.0027015132,0.043856412,0.05142271,0.6193958,0.16388273,0.13417703,0.04735248,0.01208129,0.008335206,1.1983055,1.2009255,1.1964022,0.2435244,0.13908833,0.21474946
pork,pork_portion25_day5_rep1,pork_portion25,5,1,Spoiled,2,0.068030104,0.33534497,0.35727274,0.055293232,0.045746658,0.051263552,0.50946677,0.8199594,0.35839158,0.010652396,0.1320101,0.05035899,0.32604674,0.928756,0.96694154,0.047668595,0.0054681962,0.012822883,0.58827287,0.35824984,0.1236952,0.047136378,0.04661062,0.052641932,0.08209576,0.79324317,0.58827287,0.0029620584,0.07357944,0.047136378,0.44813243,0.08327532,0.16755334,0.0462791,0.0042680134,0.0070099714,0.904062,0.64646894,0.0012460022,0.04408891,0.046608914,0.012393432,0.1170447,0.9986456,0.904062,0.003493953,0.013002625,0.04408891,0.72631747,0.06806205,0.2962915,0.04104023,0.007826633,0.01280411,0.8885478,0.51759696,0.38635552,0.04564064,0.04988875,0.049911253,0.04146915,0.5645349,0.8885478,0.0027175988,0.040749677,0.04564064,0.6521419,0.13704143,0.13546407,0.042999495,0.011311819,0.008819031,1.1699419,1.1622316,1.1935261,0.30690697,0.21340196,0.19006743
pork,pork_portion26_day5_rep1,pork_portion26,5,1,Spoiled,2,0.058870062,0.29406536,0.30265933,0.043303106,0.038659055,0.039781407,0.5034372,0.8189523,0.30529726,0.009317429,0.12085373,0.038294278,0.28361452,0.9322158,0.976584,0.041189328,0.00505788,0.0083546555,0.6662333,0.43421143,0.034296297,0.07168679,0.06942189,0.052502055,0.10273855,0.9494834,0.6662333,0.0071294038,0.076464705,0.07168679,0.52106446,0.07524898,0.22203113,0.06717406,0.0074694124,0.022780249,0.8995395,0.6434645,0.0,0.039795656,0.038551055,0.0,0.11712366,1.0,0.8995395,0.0028143506,0.0,0.039795656,0.7230769,0.06762164,0.29544464,0.03502523,0.005753682,0.011253436,0.8901589,0.4466914,0.31686926,0.042134132,0.044446144,0.044252273,0.035797868,0.6434233,0.8901589,0.0029299948,0.035919596,0.042134132,0.61345553,0.16876763,0.15468596,0.03814553,0.009616128,0.0064520244,1.1662438,1.1851587,1.1692581,0.2150738,0.14770654,0.20508622
pork,pork_portion27_day5_rep1,pork_portion27,5,1,Spoiled,2,0.016788099,0.27802333,0.3955928,0.030634504,0.05429467,0.07785328,0.5483704,0.9605886,0.3955928,0.012957111,0.07019149,0.07785328,0.2755574,0.95361525,0.9125917,0.05693038,0.09892078,0.02585536,0.62666994,0.41833848,0.15317182,0.06982078,0.06910496,0.07920366,0.09135023,0.76474595,0.62666994,0.0036417607,0.10643794,0.06982078,0.49923828,0.06885056,0.17450747,0.068161234,0.006250682,0.008809675,0.9351442,0.5972286,0.0,0.032594834,0.0363153,0.0,0.10436421,1.0,0.9351442,0.0034181827,0.0,0.032594834,0.7067155,0.10598902,0.29404506,0.030972779,0.007370141,0.009694523,0.93566734,0.53595376,0.36682948,0.038999055,0.04064216,0.04201405,0.047311734,0.6072546,0.93566734,0.0029947225,0.029956492,0.038999055,0.6774905,0.14550397,0.15950114,0.036332287,0.0046559023,0.00583529,1.1737163,1.1344459,1.1754742,0.24231242,0.19461443,0.14323966
pork,pork_portion28_day5_rep1,pork_portion28,5,1,Spoiled,2,0.0061458107,0.26362056,0.3587039,0.016644834,0.036840063,0.040478535,0.54329824,0.9848119,0.3587039,0.0047344556,0.039032698,0.040478535,0.2583551,0.95824736,0.92516464,0.03825801,0.007238151,0.0065061143,0.5472303,0.32633117,0.100644186,0.06920958,0.071060844,0.06866441,0.081600904,0.82385856,0.5472303,0.008371789,0.105547234,0.06920958,0.41307366,0.081871256,0.16164863,0.0697709,0.00840563,0.01676424,0.9369442,0.6122237,0.0,0.03235166,0.03559326,0.0,0.10685278,1.0,0.9369442,0.0032301536,0.0,0.03235166,0.7159518,0.09921226,0.29636386,0.03061633,0.006378077,0.009600172,0.81549305,0.43344232,0.34891826,0.04295104,0.044433553,0.048180517,0.028054165,0.572028,0.81549305,0.0033501124,0.03873647,0.04295104,0.57967436,0.14821948,0.11826138,0.04061164,0.004578641,0.008264529,1.1725739,1.1587608,1.187638,0.33193988,0.18450023,0.22955117
pork,pork_portion29_day5_rep1,pork_portion29,5,1,Spoiled,2,0.015115411,0.24790001,0.31507558,0.023626363,0.03485303,0.039607108,0.5353525,0.95548546,0.31507558,0.004792433,0.06649633,0.039607108,0.23961212,0.953549,0.9423377,0.037190318,0.0058713527,0.0073328097,0.69125235,0.45120496,0.012577113,0.048335865,0.048112445,0.02960805,0.10560748,0.98278904,0.69125235,0.0040112925,0.03816926,0.048335865,0.54007137,0.076939344,0.23431033,0.045699082,0.006244797,0.011900089,0.8131528,0.55616355,0.0,0.057375457,0.035349857,0.0,0.11210948,1.0,0.8131528,0.0024222496,0.0,0.057375457,0.6436463,0.07500592,0.2701171,0.039298315,0.008734579,0.013597796,0.909038,0.47537294,0.35767004,0.042071134,0.05181409,0.05701611,0.033514246,0.60636276,0.909038,0.004113683,0.049581047,0.042071134,0.6362754,0.16418117,0.1440706,0.04255181,0.010266022,0.012602962,1.1662003,1.1776936,1.1906611,0.109606706,0.15814413,0.15457775
pork,pork_portion30_day5_rep1,pork_portion30,5,1,Spoiled,2,0.042712174,0.27504143,0.2931392,0.046054207,0.054390036,0.052934192,0.5101695,0.8735644,0.2931392,0.0037625153,0.12436548,0.052934192,0.26374316,0.9364614,0.9713247,0.05767206,0.0068880282,0.00251793,0.7053868,0.51188964,0.10547191,0.04153768,0.03988021,0.05576934,0.11097965,0.8517556,0.7053868,0.0026086713,0.073473476,0.04153768,0.5836057,0.052376553,0.2247905,0.038451977,0.0050446917,0.008561964,0.89622843,0.62655175,0.0013272163,0.030554341,0.034280896,0.016758762,0.11439704,0.9986263,0.89622843,0.003007973,0.016983122,0.030554341,0.7119487,0.07477104,0.29226264,0.029541444,0.0070375046,0.0089734895,0.8720023,0.52167654,0.40227988,0.05024633,0.054156814,0.05298235,0.04008065,0.53856564,0.8720023,0.0030192372,0.03961675,0.05024633,0.6491615,0.12936853,0.124854565,0.04818712,0.008756703,0.0069479016,1.2005129,1.1851261,1.2314454,0.14671716,0.14217074,0.1869454
pork,pork_portion21_day5_rep2,pork_portion21,5,2,Spoiled,2,0.05678304,0.2857349,0.30843216,0.060220525,0.058792517,0.06794698,0.5103424,0.83759665,0.31245998,0.017971978,0.1524589,0.065607324,0.2759644,0.93828654,0.94952476,0.06254551,0.0076304176,0.13368921,0.711741,0.48633453,0.062080905,0.06846182,0.06825914,0.07467454,0.10685159,0.9172503,0.711741,0.0039000025,0.0944476,0.06846182,0.56876194,0.068174645,0.23122416,0.06437176,0.011009415,0.015326776,0.9242452,0.6546935,9.011962e-05,0.038016874,0.039003555,0.0015461582,0.115971476,0.99988943,0.9242452,0.0029258907,0.0016889141,0.038016874,0.7372642,0.07244163,0.3005809,0.034499012,0.006109118,0.010935241,0.88774854,0.37846282,0.28716615,0.0376485,0.038590197,0.038669195,0.023430374,0.6758718,0.88774854,0.001864133,0.031891745,0.0376485,0.5792534,0.19812943,0.15532614,0.033294085,0.005000729,0.0056973626,1.1656675,1.1762708,1.1271949,0.18226787,0.15086028,0.24872434
pork,pork_portion22_day5_rep2,pork_portion22,5,2,Spoiled,2,0.02097726,0.26947984,0.43775582,0.03635137,0.05329108,0.059279867,0.5652451,0.95671594,0.43775582,0.008175755,0.07186142,0.059279867,0.27356917,0.86634576,0.88422453,0.0544183,0.31421176,0.015947111,0.66446793,0.39241645,0.08759869,0.063331015,0.0628257,0.071832895,0.08591481,0.8749996,0.66446793,0.0035602245,0.095990375,0.063331015,0.4956064,0.097600594,0.20057021,0.060797524,0.005942921,0.008524911,0.929518,0.6613723,0.0,0.035923988,0.03660674,0.0,0.11657536,1.0,0.929518,0.0027384073,0.0,0.035923988,0.7428594,0.07126055,0.30230233,0.0325264,0.005771339,0.010357314,0.90576124,0.53209174,0.40400267,0.03895999,0.039808106,0.038686678,0.04009278,0.55300146,0.90576124,0.0021949266,0.0263415,0.03895999,0.66632336,0.13750924,0.1333326,0.0359555,0.0050289575,0.0045933602,1.0524509,1.091342,1.1177197,0.2686583,0.18777081,0.19697063
pork,pork_portion23_day5_rep2,pork_portion23,5,2,Spoiled,2,0.023603428,0.3014596,0.49905786,0.04024772,0.06340506,0.06954381,0.56769925,0.9591633,0.49905786,0.0054240855,0.065684736,0.06954381,0.3086564,0.86937505,0.8677518,0.06390168,0.31525838,0.006565482,0.61184037,0.3920684,0.20437245,0.06822888,0.07056166,0.07757443,0.07460901,0.6741435,0.61184037,0.0031969422,0.099144906,0.06822888,0.4788673,0.078575015,0.14201196,0.069101796,0.007235631,0.010261949,0.9061858,0.5096758,0.0,0.026348308,0.025241826,0.0,0.09171901,1.0,0.9061858,0.0025583564,0.0,0.026348308,0.6478913,0.137712,0.27859437,0.02261362,0.004525756,0.007197779,0.9083669,0.49009648,0.37002754,0.061362363,0.059976533,0.06298978,0.035028797,0.59353083,0.9083669,0.0029515708,0.047705695,0.061362363,0.6437369,0.15746798,0.14112112,0.054408174,0.009746142,0.008444795,1.0867542,0.998758,1.0710195,0.22521335,0.1827755,0.13894767
pork,pork_portion24_day5_rep2,pork_portion24,5,2,Spoiled,2,0.01602551,0.23041068,0.3244221,0.03067863,0.06248092,0.067464806,0.5497843,0.9603966,0.3244221,0.007207643,0.07126121,0.067464806,0.22356011,0.96664107,0.9269055,0.06637368,0.010808239,0.00632923,0.6674114,0.42934343,0.16780527,0.076694384,0.07839591,0.08598656,0.08509249,0.7580931,0.6674114,0.0058989525,0.106876664,0.076694384,0.51987076,0.08150126,0.17775309,0.07538263,0.007593151,0.01179491,0.92010844,0.6473268,0.0,0.027150933,0.03201664,0.0,0.11520034,1.0,0.92010844,0.0035070917,0.0,0.027150933,0.7316985,0.07442666,0.29897118,0.02655329,0.008829104,0.008218499,0.8847243,0.45638686,0.3474955,0.05229887,0.056551017,0.05678098,0.032049138,0.6073794,0.8847243,0.0030744437,0.04521034,0.05229887,0.61723435,0.16353323,0.13985622,0.0485286,0.011754459,0.008563133,1.1968716,1.2035583,1.1913892,0.24416158,0.1328348,0.21531278
pork,pork_portion25_day5_rep2,pork_portion25,5,2,Spoiled,2,0.07311365,0.33302876,0.3536162,0.05731032,0.04909292,0.05587237,0.5085456,0.80380684,0.35585234,0.012444796,0.14059564,0.054349795,0.323895,0.9297969,0.9677239,0.05121733,0.0063171694,0.02288969,0.5937209,0.3615241,0.117434494,0.04816379,0.047748376,0.054654542,0.08344381,0.806134,0.5937209,0.0029752871,0.077403724,0.04816379,0.45224792,0.08371747,0.17173767,0.047195833,0.004913244,0.0067301975,0.904956,0.64311284,0.0006688919,0.04429319,0.046454895,0.0075933454,0.11632165,0.99927,0.904956,0.0033735626,0.007993764,0.04429319,0.7244768,0.07009094,0.2960423,0.041142568,0.0069132624,0.012915204,0.8844508,0.51503575,0.37900296,0.046229664,0.050432734,0.049134742,0.04287104,0.57095766,0.8844508,0.003379489,0.038778834,0.046229664,0.64907885,0.13632128,0.13778976,0.043590795,0.011359011,0.007120776,1.1687254,1.1622032,1.1933728,0.2995762,0.2065479,0.18739043
pork,pork_portion26_day5_rep2,pork_portion26,5,2,Spoiled,2,0.06100477,0.29522368,0.30410516,0.04514063,0.04065573,0.041889127,0.5035709,0.81361175,0.30701682,0.010349291,0.12360169,0.040209588,0.2849225,0.9324754,0.97313964,0.043219764,0.005270457,0.057870556,0.6196626,0.39147523,0.06649255,0.100778975,0.089432485,0.0719588,0.09196343,0.8847221,0.6196626,0.017726846,0.12969145,0.100778975,0.478383,0.07840581,0.1947968,0.09086107,0.0069543472,0.046127517,0.87800276,0.6304834,0.0,0.054099087,0.052095637,0.0,0.11758682,1.0,0.87800276,0.003523092,0.0,0.054099087,0.70869833,0.06503055,0.29043785,0.04780695,0.006725365,0.015363644,0.8831183,0.4432814,0.31113985,0.046985645,0.044684988,0.04375522,0.03627643,0.6470744,0.8831183,0.002566839,0.035077296,0.046985645,0.60885954,0.16753702,0.15536639,0.040229056,0.009007865,0.0071782502,1.171614,1.1824248,1.1656839,0.24974237,0.16285962,0.19677311
pork,pork_portion27_day5_rep2,pork_portion27,5,2,Spoiled,2,0.025555579,0.27459526,0.38591903,0.039173376,0.05623508,0.08036925,0.54780114,0.9385518,0.38591903,0.013018595,0.09012403,0.08036925,0.2718202,0.9560944,0.9166551,0.05950987,0.08490644,0.026295323,0.63280404,0.42364693,0.14963426,0.06967549,0.07036513,0.078676276,0.09237234,0.77236605,0.63280404,0.0039533805,0.104573555,0.06967549,0.5045155,0.06862596,0.17831351,0.068808295,0.0066992277,0.009790767,0.93516105,0.5967553,0.0,0.03337371,0.037154,0.0,0.10426987,1.0,0.93516105,0.00345984,0.0,0.03337371,0.7064383,0.10620737,0.29395977,0.031659447,0.0076572224,0.009861482,0.93592054,0.53468424,0.36084342,0.040378686,0.042551033,0.043619964,0.048254352,0.6138655,0.93592054,0.0030736856,0.031482395,0.040378686,0.6767591,0.1459057,0.16218139,0.037843175,0.004868044,0.006673218,1.1776654,1.139715,1.178818,0.23571004,0.18947364,0.14079188
pork,pork_portion28_day5_rep2,pork_portion28,5,2,Spoiled,2,0.010634025,0.26315084,0.36238176,0.023102209,0.040616848,0.04421872,0.5452486,0.9741077,0.36238176,0.005264744,0.05322696,0.04421872,0.2583934,0.9602162,0.9229558,0.042266637,0.007824685,0.007262352,0.5413504,0.3222695,0.11463575,0.06932983,0.07161168,0.06964958,0.07835894,0.795601,0.5413504,0.008282483,0.11086392,0.06932983,0.4087207,0.081950165,0.15361242,0.07022291,0.009169256,0.019129451,0.9364172,0.61032987,0.00024335975,0.032470826,0.036759965,0.0045187175,0.106518805,0.99975246,0.9364172,0.003349771,0.004532134,0.032470826,0.71468383,0.09993811,0.29598016,0.031211166,0.0071872273,0.009677433,0.813768,0.4308068,0.34476072,0.043875266,0.045096945,0.04910709,0.028422823,0.57626456,0.813768,0.0033175906,0.0405802,0.043875266,0.5775476,0.14865902,0.119493514,0.041313037,0.004394547,0.009146586,1.1772165,1.1581787,1.185764,0.33794317,0.18470706,0.22875227
pork,pork_portion29_day5_rep2,pork_portion29,5,2,Spoiled,2,0.018722892,0.24912375,0.32345274,0.025063701,0.03323294,0.033014383,0.5388583,0.94633675,0.32345274,0.004565946,0.06772655,0.033014383,0.24196197,0.9560386,0.9384841,0.035226632,0.0062592286,0.0031206734,0.6858111,0.4463257,0.010421998,0.052727245,0.05180519,0.028615674,0.10546278,0.98585665,0.6858111,0.0041855164,0.036188878,0.052727245,0.53515947,0.07704189,0.23312816,0.04960698,0.0051992363,0.013418139,0.7724435,0.529962,0.0,0.08521847,0.05626458,0.0,0.112516955,1.0,0.7724435,0.0023575637,0.0,0.08521847,0.6144251,0.070832066,0.26016685,0.06185684,0.009761587,0.021019524,0.90786064,0.4690146,0.34819454,0.04463767,0.056197833,0.06674219,0.033921354,0.6169388,0.90786064,0.004398613,0.06113299,0.04463767,0.6323827,0.16635048,0.14722908,0.04581329,0.010704861,0.015083865,1.1645286,1.1757693,1.1841115,0.08398034,0.15750249,0.14900061
pork,pork_portion30_day5_rep2,pork_portion30,5,2,Spoiled,2,0.040686045,0.27003342,0.28094438,0.046224754,0.054408677,0.054062493,0.50528157,0.87638754,0.28098485,0.004734893,0.12866619,0.054022405,0.25788176,0.9350924,0.9758558,0.05801912,0.0067870673,0.0035035638,0.70354474,0.50997615,0.10090824,0.04319438,0.04206351,0.058126308,0.111160465,0.85833156,0.70354474,0.0026775335,0.07675565,0.04319438,0.5816864,0.05248954,0.22527872,0.040462248,0.0050629275,0.008486339,0.89362866,0.62256455,0.00096946873,0.030978082,0.03451561,0.013239005,0.11406107,0.9989991,0.89362866,0.0029479282,0.013425592,0.030978082,0.70875627,0.0756695,0.29144725,0.02987019,0.0067648944,0.009104917,0.86059016,0.5238691,0.40669417,0.051551674,0.05045168,0.050091486,0.040749934,0.52676964,0.86059016,0.0027283046,0.040137198,0.051551674,0.64669853,0.124081664,0.12074723,0.04636611,0.008539077,0.0097331675,1.2029976,1.187565,1.2410188,0.1451287,0.14240381,0.18797179
pork,pork_portion21_day5_rep3,pork_portion21,5,3,Spoiled,2,0.053503253,0.2877657,0.30987087,0.058442604,0.058014553,0.06675415,0.51,0.84795487,0.3129225,0.016376195,0.1477985,0.065223135,0.2777243,0.9371017,0.96886295,0.061442137,0.007810225,0.01785183,0.71253324,0.4874996,0.06965905,0.06702275,0.06676392,0.07832552,0.106317826,0.9071952,0.71253324,0.0035950171,0.09902061,0.06702275,0.56988406,0.06800536,0.22952095,0.062999986,0.010479711,0.014648296,0.9235166,0.65546703,0.00010104321,0.037789293,0.04074041,0.0017624578,0.11618977,0.9998907,0.9235166,0.0031783567,0.0018069943,0.037789293,0.7375019,0.071771204,0.30056986,0.03552043,0.0067159957,0.011174079,0.88889414,0.38030788,0.29020056,0.036034465,0.037311673,0.03680249,0.022975646,0.6727377,0.88889414,0.0023115715,0.029912153,0.036034465,0.5806261,0.19782287,0.15432215,0.032142777,0.004865159,0.0052494593,1.1778423,1.1860894,1.1409467,0.18209305,0.15040891,0.24877189
pork,pork_portion22_day5_rep3,pork_portion22,5,3,Spoiled,2,0.02225804,0.27092734,0.43767694,0.037664875,0.05216637,0.057356644,0.5648612,0.9536664,0.43767694,0.0081189815,0.07508369,0.057356644,0.27484766,0.8655937,0.88512605,0.053211875,0.31425035,0.015501846,0.6648521,0.39280948,0.0883685,0.06153933,0.061260328,0.07143289,0.08585685,0.873495,0.6648521,0.0035037908,0.09549871,0.06153933,0.49594152,0.097628914,0.20042479,0.059254378,0.005531773,0.008481141,0.9296989,0.66127586,0.0,0.036359843,0.03649694,0.0,0.11655107,1.0,0.9296989,0.002866482,0.0,0.036359843,0.74281734,0.0714558,0.30233502,0.032535277,0.0061802883,0.010343169,0.9024534,0.5353799,0.404439,0.039844006,0.04159619,0.039782282,0.04160879,0.55098546,0.9024534,0.0026353195,0.026854599,0.039844006,0.66700494,0.13468327,0.13324662,0.03743657,0.004714074,0.0049514654,1.0523632,1.0905485,1.1195267,0.26836243,0.18747967,0.19579612
pork,pork_portion23_day5_rep3,pork_portion23,5,3,Spoiled,2,0.02639261,0.30691102,0.50442755,0.042263135,0.061748795,0.06832841,0.56720775,0.9544983,0.50442755,0.004984565,0.06905914,0.06832841,0.31400117,0.90336096,0.867807,0.062300064,0.2688976,0.006878572,0.60859746,0.39027187,0.2060385,0.06823439,0.07127181,0.07605846,0.07409866,0.669551,0.60859746,0.0039202436,0.09593274,0.06823439,0.47668478,0.07823849,0.14021268,0.06958877,0.006575825,0.0098909605,0.90622145,0.5106183,0.0,0.025850702,0.02468315,0.0,0.09188108,1.0,0.90622145,0.0023862133,0.0,0.025850702,0.6483865,0.13731772,0.2787706,0.022249391,0.0039599803,0.007038035,0.90753776,0.4914409,0.37190145,0.059626926,0.057295498,0.05949633,0.035001487,0.59067935,0.90753776,0.0031677983,0.045522045,0.059626926,0.6442247,0.15651041,0.14026912,0.05192435,0.0112460675,0.008378241,1.112064,1.0225457,1.093684,0.2284078,0.18492194,0.13988689
pork,pork_portion24_day5_rep3,pork_portion24,5,3,Spoiled,2,0.017233957,0.23058303,0.32433605,0.0325355,0.06335468,0.068488814,0.54972583,0.9573804,0.32433605,0.007217595,0.075144455,0.068488814,0.223698,0.96668404,0.92711794,0.06730078,0.010867091,0.007136238,0.6457564,0.41656438,0.17271894,0.083068475,0.08365549,0.08886735,0.08370265,0.7431922,0.6457564,0.0057650926,0.11052611,0.083068475,0.50467336,0.07903431,0.16893496,0.08125783,0.008721769,0.013563535,0.91892374,0.64136016,0.0,0.028715814,0.035582643,0.0,0.11424933,1.0,0.91892374,0.0035656625,0.0,0.028715814,0.7276689,0.076938115,0.2979813,0.02952966,0.008462942,0.009057824,0.8896266,0.45923188,0.3556989,0.051312365,0.055973954,0.055655994,0.030513184,0.6001558,0.8896266,0.0028532885,0.043900438,0.051312365,0.6207579,0.16443011,0.13721713,0.04778017,0.011604323,0.008712872,1.2007126,1.200603,1.1938221,0.2576516,0.14756042,0.2119668
pork,pork_portion25_day5_rep3,pork_portion25,5,3,Spoiled,2,0.07009722,0.33530402,0.35886976,0.05073185,0.042820983,0.04808505,0.5108434,0.8142315,0.35956866,0.009288985,0.1199984,0.047333226,0.32615504,0.92930394,0.9660721,0.04474373,0.0046690996,0.010571579,0.6036255,0.36616293,0.11884102,0.048344936,0.047539894,0.05380275,0.08305153,0.80693537,0.6036255,0.002930465,0.07602981,0.048344936,0.4585989,0.085630365,0.17391211,0.047015186,0.0043325936,0.006403091,0.90888584,0.6449029,3.0593797e-05,0.04232274,0.043134462,0.0009792165,0.116160154,0.99996245,0.90888584,0.0028234073,0.0011070687,0.04232274,0.72668093,0.07086552,0.29696494,0.038672015,0.0046482147,0.0123507045,0.88115424,0.49953088,0.3696227,0.05091837,0.05599101,0.05536642,0.04030754,0.58042574,0.88115424,0.0027527788,0.04316326,0.05091837,0.63918114,0.14225222,0.13805614,0.048881866,0.009863583,0.0087696435,1.1648364,1.1597594,1.1845025,0.29534382,0.19261782,0.19494687
pork,pork_portion26_day5_rep3,pork_portion26,5,3,Spoiled,2,0.06117739,0.29411414,0.30201808,0.04504326,0.040926237,0.041847337,0.50299853,0.81212926,0.3046381,0.009211065,0.12421015,0.04052301,0.28369096,0.9323657,0.9754115,0.04360767,0.0048239217,0.04129509,0.6225356,0.39418122,0.06418773,0.10152329,0.089624725,0.072335616,0.092195645,0.8871454,0.6225356,0.01896844,0.13326938,0.10152329,0.48106027,0.07821056,0.19602467,0.09107486,0.006969027,0.048038267,0.9037688,0.6456859,0.0,0.04055277,0.04200179,0.0,0.11701947,1.0,0.9037688,0.0031372427,0.0,0.04055277,0.7257065,0.068280384,0.2963735,0.037398897,0.005965239,0.011857807,0.8924648,0.44322065,0.3208531,0.04272045,0.045921784,0.04469544,0.033780802,0.6399162,0.8924648,0.0028628146,0.035886746,0.04272045,0.6126797,0.17153434,0.15240887,0.039195385,0.009396516,0.0062614554,1.1730214,1.1845311,1.1680887,0.26461345,0.16713871,0.21014817
pork,pork_portion27_day5_rep3,pork_portion27,5,3,Spoiled,2,0.024949335,0.2766444,0.38625818,0.038248453,0.05561668,0.08062617,0.5466933,0.9387383,0.38625818,0.013558014,0.09108236,0.08062617,0.27371857,0.95369047,0.91749805,0.05871203,0.09213426,0.027376408,0.63789976,0.42690033,0.15608506,0.06860055,0.06909588,0.07729583,0.091676734,0.7636484,0.63789976,0.0031356052,0.10099624,0.06860055,0.50830036,0.0693593,0.17742538,0.0676288,0.006273073,0.008661558,0.93666214,0.5984112,0.0,0.03321178,0.03662057,0.0,0.10438462,1.0,0.93666214,0.0033922128,0.0,0.03321178,0.7078285,0.10599709,0.29444307,0.031303827,0.007354957,0.009820329,0.93893075,0.53704697,0.3670602,0.040230166,0.04344041,0.044226874,0.04750457,0.60848683,0.93893075,0.003067548,0.03195617,0.040230166,0.67924774,0.14624377,0.16024792,0.03823711,0.005512901,0.0059959665,1.1767658,1.1380831,1.1789198,0.23419426,0.1882267,0.142986
pork,pork_portion28_day5_rep3,pork_portion28,5,3,Spoiled,2,0.011318489,0.2628423,0.36286932,0.022359809,0.0387612,0.04128973,0.5455718,0.9718592,0.36286932,0.004858951,0.052856673,0.04128973,0.2582123,0.9606499,0.9225682,0.04020175,0.007466881,0.006485809,0.5497909,0.3266839,0.102013856,0.0707455,0.07211463,0.07011892,0.08087587,0.8220661,0.5497909,0.008627252,0.10846284,0.0707455,0.4143228,0.08290625,0.1615079,0.07084319,0.008332005,0.01852626,0.9363683,0.61103845,0.00010985955,0.032551497,0.03638432,0.0022359963,0.106659435,0.99989015,0.9363683,0.0032544413,0.0022359963,0.032551497,0.7150839,0.099587776,0.2960578,0.031152986,0.0067971903,0.009767645,0.81952024,0.43473053,0.3486674,0.04516546,0.046848487,0.049610525,0.028255798,0.5746408,0.81952024,0.0025282218,0.038908817,0.04516546,0.5817612,0.14915876,0.11966913,0.04279394,0.0042955163,0.0070671043,1.1721848,1.1587385,1.186528,0.32990783,0.18486615,0.22659476
pork,pork_portion29_day5_rep3,pork_portion29,5,3,Spoiled,2,0.020246701,0.24686071,0.3169014,0.02530868,0.035521336,0.040741213,0.5372598,0.9406416,0.3169014,0.0048500467,0.07061371,0.040741213,0.23916084,0.9552801,0.9408619,0.03815904,0.0055013504,0.007284783,0.689291,0.45039296,0.0113530625,0.04917313,0.048909444,0.029545775,0.1058694,0.9845877,0.689291,0.0039013396,0.037901863,0.04917313,0.53891087,0.07642376,0.23408857,0.046564173,0.005454031,0.012301492,0.81133765,0.55292207,0.0,0.0603733,0.035995483,0.0,0.11184361,1.0,0.81133765,0.002585275,0.0,0.0603733,0.6410673,0.075860105,0.26941645,0.04064629,0.009543099,0.0141594615,0.911178,0.46949732,0.35274148,0.04444816,0.055194348,0.062793195,0.03277281,0.6130779,0.911178,0.0039409767,0.05598971,0.04444816,0.6339476,0.1675824,0.14579089,0.04504069,0.010386205,0.013753491,1.1669477,1.1771778,1.1867865,0.10809403,0.15855081,0.15410045
pork,pork_portion30_day5_rep3,pork_portion30,5,3,Spoiled,2,0.048163753,0.27688286,0.28800997,0.049069367,0.055817604,0.054407667,0.5053665,0.8547775,0.2880167,0.0048684594,0.13486686,0.05439858,0.2652705,0.93474966,0.97558653,0.05932482,0.006999433,0.0032073355,0.70568943,0.5119713,0.10593413,0.043236826,0.041708704,0.058571786,0.110909626,0.85121965,0.70568943,0.0025735903,0.0775882,0.043236826,0.5836961,0.05244641,0.22442544,0.04026823,0.004561103,0.010545158,0.8926542,0.6193614,0.0012092291,0.03194728,0.034971848,0.015899077,0.11358954,0.9987491,0.8926542,0.0029024696,0.01612769,0.03194728,0.70649934,0.07689225,0.29074833,0.030485496,0.0065387646,0.009333047,0.8656034,0.5251167,0.40927586,0.051221535,0.05006251,0.04862877,0.040112283,0.5265264,0.8656034,0.0026853755,0.037058435,0.051221535,0.6491578,0.12554434,0.12076781,0.045857232,0.008754295,0.008238997,1.2017058,1.1830492,1.2381024,0.14169317,0.14273557,0.18587214
pork,pork_portion31_day5_rep1,pork_portion31,5,1,Spoiled,2,0.01635372,0.23710977,0.33006963,0.030258827,0.053280562,0.054660924,0.5480965,0.95855695,0.33006963,0.0072666975,0.07068844,0.054660924,0.23081847,0.96440995,0.92753613,0.056308348,0.020567676,0.005538345,0.62032044,0.38786724,0.057357065,0.069318175,0.07046881,0.066818364,0.09568263,0.915476,0.62032044,0.0042735585,0.09169124,0.069318175,0.47671336,0.08012684,0.20172665,0.06811582,0.0071377633,0.010258199,0.9333776,0.6026777,0.0,0.028259289,0.033845972,0.0,0.10554658,1.0,0.9333776,0.0037806472,0.0,0.028259289,0.7093083,0.10246342,0.294591,0.027724914,0.009228926,0.0085413335,0.9032321,0.47193605,0.3614686,0.04675164,0.05604683,0.056702394,0.03207318,0.60001785,0.9032321,0.0020985466,0.043319624,0.04675164,0.63238424,0.16379973,0.14011812,0.047100406,0.008934947,0.0077295452,1.1701369,1.1715477,1.192585,0.2514421,0.18716353,0.18314293
pork,pork_portion32_day5_rep1,pork_portion32,5,1,Spoiled,2,0.029640928,0.26600784,0.29110828,0.039062507,0.045085743,0.05120669,0.5132519,0.91000223,0.29166937,0.009670426,0.10833036,0.05043497,0.25469804,0.9385503,0.9672724,0.048229713,0.0061819805,0.010186587,0.69935304,0.4792063,0.17331886,0.064242154,0.06551159,0.073333845,0.09476932,0.758251,0.69935304,0.0037212842,0.08961038,0.064242154,0.56153315,0.069011495,0.19286461,0.06284072,0.0064029987,0.007568566,0.94237703,0.6158269,0.0,0.03188626,0.042240772,0.0,0.10683166,1.0,0.94237703,0.004605919,0.0,0.03188626,0.71980596,0.099654436,0.29764938,0.033932686,0.010989513,0.01021704,0.8811051,0.50938416,0.40342307,0.049965963,0.05179777,0.051863924,0.034786828,0.54184127,0.8811051,0.0025389562,0.03708961,0.049965963,0.6454895,0.13922943,0.12266794,0.046766933,0.0066006538,0.0074542305,1.2041398,1.1698148,1.2267797,0.19227354,0.13002616,0.1941845
pork,pork_portion33_day5_rep1,pork_portion33,5,1,Spoiled,2,0.01415236,0.2120016,0.31371045,0.026274608,0.049581334,0.051526822,0.55536956,0.96217346,0.31371045,0.007207549,0.06648402,0.051526822,0.20573242,0.9727439,0.9228256,0.05311414,0.027656974,0.004900814,0.6475625,0.39956307,0.12483644,0.07401003,0.07371266,0.08447751,0.08549647,0.817239,0.6475625,0.003157822,0.1113212,0.07401003,0.49432933,0.087447666,0.18520989,0.071553245,0.006203342,0.0096912095,0.94116825,0.6087043,0.00071895454,0.03959191,0.046951722,0.008602035,0.105700016,0.9992366,0.94116825,0.0057292064,0.008937066,0.03959191,0.7153776,0.10272238,0.29648322,0.03770413,0.015482512,0.011377113,0.8654133,0.46714485,0.3631929,0.055622004,0.05958309,0.060769383,0.03256792,0.5809771,0.8654133,0.0030783692,0.047729794,0.055622004,0.6160373,0.15180527,0.12990347,0.05294751,0.007516564,0.009515244,1.1879035,1.1870049,1.2128545,0.24794641,0.14836958,0.20006609
pork,pork_portion34_day5_rep1,pork_portion34,5,1,Spoiled,2,0.025889127,0.30255336,0.4758651,0.03901988,0.06549746,0.06889836,0.5627814,0.9521337,0.4758651,0.0063063866,0.06863801,0.06889836,0.30642495,0.93259734,0.88103676,0.066002786,0.20297107,0.005232114,0.55351007,0.34896418,0.16187067,0.06754675,0.06872294,0.07414517,0.07762156,0.7172013,0.55351007,0.004865648,0.10649309,0.06754675,0.430789,0.07440911,0.14073955,0.06840237,0.006422292,0.011283834,0.9150039,0.65021515,0.0007967163,0.043844257,0.04766439,0.008977503,0.11628704,0.9991751,0.9150039,0.0034557963,0.009070727,0.043844257,0.73173463,0.07079363,0.29855296,0.041686557,0.0071643335,0.012970423,0.8910734,0.50312334,0.36187813,0.04743927,0.050617244,0.05354342,0.042477272,0.5937479,0.8910734,0.0039261677,0.04148177,0.04743927,0.64428824,0.143992,0.14487556,0.045009986,0.0059592384,0.010486606,1.1401725,1.1237799,1.1304792,0.33983293,0.22459033,0.19136776
pork,pork_portion35_day5_rep1,pork_portion35,5,1,Spoiled,2,0.02031011,0.20508634,0.299112,0.036130715,0.060286984,0.0764403,0.55376047,0.9392248,0.299112,0.011130042,0.101287454,0.0764403,0.19761907,0.9593227,0.92810154,0.06626513,0.11635995,0.020002987,0.53277,0.30961537,0.15954843,0.07311885,0.07271605,0.0768596,0.06439299,0.71183443,0.53277,0.0077546085,0.114714466,0.07311885,0.3985236,0.08675331,0.12761125,0.07340482,0.006455361,0.015563806,0.8672114,0.6262521,4.1718818e-06,0.045224175,0.04713741,0.0001650744,0.11823272,0.9999931,0.8672114,0.0037757126,0.0002661692,0.045224175,0.7030309,0.062506594,0.28822985,0.041963927,0.0077910526,0.013339025,0.90564466,0.5140682,0.32025898,0.050079003,0.054422773,0.061962057,0.053107053,0.6471622,0.90564466,0.0029332733,0.053588707,0.050079003,0.6541187,0.14244783,0.1717187,0.048012313,0.007663162,0.0099411,1.2010515,1.2120875,1.2032421,0.3451245,0.26528513,0.14952542
pork,pork_portion36_day5_rep1,pork_portion36,5,1,Spoiled,2,0.0114774415,0.2067366,0.28835544,0.026114296,0.05997373,0.065843984,0.5479811,0.969502,0.28835544,0.008481826,0.065219566,0.065843984,0.19715106,0.96729755,0.9347748,0.064452745,0.011188549,0.009179341,0.5305,0.31213766,0.19096388,0.070407264,0.07439222,0.07812846,0.057212953,0.65139544,0.5305,0.0041671996,0.107559875,0.070407264,0.399949,0.08584602,0.11160374,0.07349544,0.007751412,0.01037575,0.8267455,0.5741748,0.0009398697,0.049907055,0.055331968,0.007318768,0.11354315,0.9989188,0.8267455,0.0058559133,0.008166078,0.049907055,0.6589483,0.07180171,0.27466235,0.047951285,0.0138462065,0.01476864,0.90942365,0.59644055,0.41934595,0.0384534,0.03945669,0.036560938,0.058324985,0.5378106,0.90942365,0.0033084697,0.0228919,0.0384534,0.70421994,0.10783217,0.14348085,0.03570652,0.0055171205,0.0044709225,1.2229859,1.2045406,1.2735562,0.30637556,0.30672517,0.14337468
pork,pork_portion37_day5_rep1,pork_portion37,5,1,Spoiled,2,0.02013756,0.20849381,0.3417784,0.03666115,0.08541322,0.10363119,0.5697864,0.95363224,0.3417784,0.013073313,0.07672726,0.10363119,0.20518379,0.8169031,0.90523976,0.09182572,0.36650833,0.015191933,0.37801936,0.19304033,0.20215361,0.052266598,0.05085871,0.048850458,0.8798623,0.49656677,0.37801936,0.31051463,0.0681221,0.052266598,0.26845497,0.08618336,0.0341273,0.05470917,0.0048691565,0.0043490175,0.8583972,0.63007826,1.3480815e-06,0.039676405,0.042448863,7.269647e-05,0.12025725,0.9999973,0.8583972,0.0035986213,0.000145393,0.039676405,0.70283526,0.056816824,0.28763723,0.0376307,0.007451458,0.011816787,0.86258537,0.45889127,0.2554822,0.051382214,0.0530955,0.05608864,0.053883087,0.7039632,0.86258537,0.0033395959,0.05143775,0.051382214,0.6078235,0.15000753,0.18253364,0.04688514,0.009945094,0.012007768,1.1387676,1.0985541,1.0626253,0.50380147,0.37585762,0.16958335
pork,pork_portion38_day5_rep1,pork_portion38,5,1,Spoiled,2,0.018030893,0.2625084,0.34988138,0.030524481,0.048519637,0.052127566,0.5421672,0.95513994,0.34988138,0.0055696084,0.0725104,0.052127566,0.25643575,0.95725995,0.9299654,0.05089215,0.008496772,0.0072398065,0.5856628,0.36147395,0.11624876,0.07422565,0.07462999,0.08288895,0.083785586,0.80814403,0.5856628,0.010218502,0.12653212,0.07422565,0.44902986,0.080535874,0.16833684,0.07314771,0.0076803393,0.025598718,0.9205965,0.58737427,0.0,0.028753981,0.03186405,0.0,0.104386985,1.0,0.9205965,0.0034898436,0.0,0.028753981,0.69636136,0.104823984,0.2905483,0.026870275,0.008287881,0.008365202,0.9092233,0.529967,0.41768888,0.038688105,0.047619183,0.050941043,0.035999622,0.5398929,0.9092233,0.0019248659,0.040737126,0.038688105,0.66697043,0.14076014,0.12636413,0.039777856,0.009811499,0.009061552,1.1772068,1.1528381,1.2169576,0.2769448,0.22997122,0.17062144
pork,pork_portion39_day5_rep1,pork_portion39,5,1,Spoiled,2,0.06301482,0.27968088,0.26784658,0.056503575,0.066986136,0.07862221,0.48739535,0.80769897,0.28340718,0.015810175,0.15092933,0.07014153,0.26692906,0.930704,0.7591924,0.071672976,0.005479239,0.41343594,0.7182631,0.48321292,0.012395515,0.05705535,0.056972135,0.04342202,0.10907216,0.9853362,0.7182631,0.0035047769,0.04824977,0.05705535,0.5686832,0.07196099,0.24290587,0.05329802,0.0057746847,0.011793427,0.9261066,0.629923,0.0,0.031047622,0.034112923,0.0,0.11130612,1.0,0.9261066,0.0031904029,0.0,0.031047622,0.72299767,0.085778646,0.29731297,0.029409511,0.0069833877,0.009173319,0.84818417,0.48501888,0.3894816,0.054821957,0.05178666,0.04958312,0.032731038,0.54071474,0.84818417,0.002546625,0.031197002,0.054821957,0.62026304,0.13776508,0.116790205,0.049133368,0.0035043089,0.004200109,1.0464449,1.0654718,1.0799433,0.16420722,0.15131363,0.21411555
pork,pork_portion40_day5_rep1,pork_portion40,5,1,Spoiled,2,0.032445334,0.31430784,0.40181127,0.04248121,0.05254773,0.061279017,0.5372977,0.9273432,0.40181127,0.004976456,0.09134089,0.061279017,0.309053,0.9476255,0.9287694,0.054084137,0.0072374945,0.011103674,0.60230345,0.40343064,0.035210386,0.06278886,0.064661406,0.045624055,0.10590836,0.94553554,0.60230345,0.0061168238,0.06714953,0.06278886,0.48053598,0.06303355,0.20780334,0.06263799,0.00836749,0.014373519,0.9504991,0.61890686,0.0,0.013991846,0.015007495,0.0,0.10651266,1.0,0.9504991,0.0015643052,0.0,0.013991846,0.7240567,0.1014336,0.29932496,0.013137387,0.002892135,0.004236041,0.8923065,0.46203205,0.345148,0.043366626,0.061030783,0.056943644,0.033799928,0.6131657,0.8923065,0.004241232,0.047690596,0.043366626,0.62311006,0.16353397,0.14417513,0.04764986,0.01528037,0.008145036,1.1539937,1.1333443,1.1528311,0.2629698,0.18567781,0.19523871
pork,pork_portion31_day5_rep2,pork_portion31,5,2,Spoiled,2,0.01128404,0.24332993,0.34376812,0.02400208,0.051131736,0.054132983,0.5490449,0.97237426,0.34376812,0.00695437,0.055570096,0.054132983,0.23792009,0.9652592,0.9227142,0.053669304,0.010132755,0.006541037,0.6122701,0.38269392,0.06311993,0.06488394,0.06771934,0.06976528,0.09485549,0.90436506,0.6122701,0.004415539,0.098357275,0.06488394,0.4710386,0.07947085,0.19751514,0.064883135,0.008245816,0.011027041,0.9351073,0.59898365,0.0,0.027005346,0.033510484,0.0,0.10464322,1.0,0.9351073,0.003815674,0.0,0.027005346,0.7077593,0.105040446,0.29432693,0.027204517,0.008989145,0.008314458,0.9020901,0.46648493,0.35748523,0.04691676,0.057894897,0.058728073,0.0314584,0.603999,0.9020901,0.002565231,0.046265613,0.04691676,0.6291019,0.16585703,0.14072411,0.04798427,0.009887429,0.008776513,1.1682804,1.1643006,1.1847259,0.25702727,0.18886977,0.18297398
pork,pork_portion32_day5_rep2,pork_portion32,5,2,Spoiled,2,0.026938718,0.2628003,0.2994079,0.03511767,0.04295668,0.04908457,0.51989716,0.9203246,0.29950893,0.009061458,0.09759751,0.048929922,0.25233534,0.94219726,0.9601642,0.046005916,0.006413507,0.010637637,0.70721346,0.4912326,0.17810737,0.05756712,0.059627406,0.06701217,0.09662989,0.7526467,0.70721346,0.003638046,0.08037439,0.05756712,0.5717413,0.06614418,0.19519849,0.056661252,0.006674028,0.006397991,0.94290537,0.62468284,0.0,0.03352858,0.04184551,0.0,0.10835261,1.0,0.94290537,0.0043877885,0.0,0.03352858,0.725128,0.0954892,0.29896948,0.034280468,0.010257375,0.010460556,0.879748,0.5073703,0.40242004,0.049134497,0.050836768,0.05149559,0.034538615,0.5423207,0.879748,0.0021934803,0.036462735,0.049134497,0.6439653,0.13965255,0.12242279,0.045943033,0.0064122165,0.0068312697,1.2060935,1.1737231,1.2244438,0.18750209,0.126159,0.19926496
pork,pork_portion33_day5_rep2,pork_portion33,5,2,Spoiled,2,0.009107195,0.2078602,0.30851534,0.020461963,0.04833537,0.05032879,0.5548781,0.9757136,0.30851534,0.00737918,0.051450673,0.05032879,0.20100717,0.97341484,0.92325836,0.051582027,0.009848037,0.004602906,0.6383785,0.396365,0.13226032,0.07558813,0.07309219,0.08275737,0.084921725,0.80227464,0.6383785,0.0030005693,0.11069002,0.07558813,0.48914626,0.085290246,0.18007948,0.071907155,0.00681866,0.011816472,0.9339416,0.6073391,0.0022834104,0.04053949,0.0455454,0.016110262,0.10621868,0.9975373,0.9339416,0.0055798115,0.017032681,0.04053949,0.71229017,0.100372046,0.29500628,0.03695236,0.015837329,0.0110878,0.8647263,0.4721556,0.36346692,0.051736955,0.05682223,0.059593227,0.034072995,0.5800691,0.8647263,0.002368571,0.048074193,0.051736955,0.61849,0.14908393,0.13092576,0.049921118,0.008506392,0.009927816,1.1933584,1.1909301,1.2172117,0.25145343,0.1523664,0.19517617
pork,pork_portion34_day5_rep2,pork_portion34,5,2,Spoiled,2,0.02195509,0.3018965,0.46804103,0.035718776,0.06473146,0.06745099,0.56069195,0.9590976,0.46804103,0.0064078034,0.06308767,0.06745099,0.30518174,0.9473504,0.8848581,0.065148436,0.16093723,0.0040354407,0.54566365,0.3441699,0.16560882,0.066446416,0.0680313,0.072505794,0.07618183,0.7056871,0.54566365,0.0044912403,0.10524384,0.066446416,0.425141,0.07367173,0.13616665,0.067810334,0.006847122,0.011787278,0.9143034,0.64984506,0.00097601133,0.044820305,0.049477328,0.009003554,0.11630062,0.9989729,0.9143034,0.0037386406,0.009153415,0.044820305,0.7312836,0.07073028,0.298357,0.04300716,0.00787479,0.013317251,0.88727,0.50130564,0.3577657,0.04704302,0.05048311,0.053285986,0.04329852,0.59670204,0.88727,0.0038446677,0.04114544,0.04704302,0.64184576,0.14322427,0.14579235,0.044898298,0.0060545495,0.009594031,1.1568247,1.1375452,1.1428821,0.3464645,0.22779632,0.19112949
pork,pork_portion35_day5_rep2,pork_portion35,5,2,Spoiled,2,0.018309569,0.20193443,0.2988367,0.03555516,0.060267348,0.07437536,0.55552983,0.94511265,0.2988367,0.011417684,0.09929682,0.07437536,0.19459829,0.9598468,0.9264005,0.06607011,0.1206711,0.018737534,0.5274048,0.3091301,0.16112815,0.07082601,0.071139194,0.07575906,0.06445365,0.7046726,0.5274048,0.009386887,0.11413838,0.07082601,0.3963336,0.084739305,0.12549737,0.07158799,0.0069788396,0.017689804,0.8637032,0.6274788,0.0,0.044595912,0.047188625,0.0,0.118950315,1.0,0.8637032,0.0036280714,0.0,0.044595912,0.70278615,0.06034975,0.28792676,0.041911375,0.0073590158,0.013264476,0.9022539,0.5123682,0.31588182,0.049023073,0.05468487,0.06293372,0.053806152,0.65072626,0.9022539,0.0026098702,0.05548083,0.049023073,0.6519421,0.14170599,0.17285337,0.04768608,0.008434225,0.010368431,1.2033104,1.2144953,1.2026434,0.34769428,0.2661268,0.14981937
pork,pork_portion36_day5_rep2,pork_portion36,5,2,Spoiled,2,0.008266564,0.20229429,0.29077235,0.020877533,0.05850723,0.0640034,0.5513321,0.9780857,0.29077235,0.009234786,0.05178302,0.0640034,0.19313641,0.9689865,0.9307027,0.06271003,0.037763678,0.008938514,0.5229708,0.30823392,0.18373507,0.07014702,0.075694166,0.079924606,0.05904263,0.66087234,0.5229708,0.003587866,0.11294964,0.07014702,0.39479363,0.08437682,0.112895675,0.07444356,0.008529126,0.010637778,0.82127523,0.56904364,2.2222224e-05,0.049657088,0.05370598,0.0005006793,0.11336512,0.9999673,0.82127523,0.0059164213,0.00068220263,0.049657088,0.6541255,0.071965106,0.27326602,0.046773456,0.014036018,0.014643842,0.9124272,0.6002713,0.42379656,0.03452627,0.034091566,0.033606183,0.058412585,0.5342894,0.9124272,0.0028659538,0.020766225,0.03452627,0.70755804,0.1073739,0.14285885,0.031123744,0.005278264,0.0034940974,1.2214779,1.2039026,1.275815,0.30516508,0.31503686,0.1453095
pork,pork_portion37_day5_rep2,pork_portion37,5,2,Spoiled,2,0.01121714,0.20664912,0.34414354,0.025501717,0.08580685,0.10451062,0.57000154,0.9747707,0.34414354,0.014598049,0.05278454,0.10451062,0.2033664,0.7919164,0.90253925,0.091607526,0.3871741,0.015032371,0.36785296,0.18857884,0.19925138,0.05165239,0.0479872,0.04584442,0.9648354,0.49372277,0.36785296,0.15131114,0.065270394,0.05165239,0.26138756,0.084096834,0.03178657,0.052891996,0.0051897275,0.0050726063,0.85610515,0.6289173,1.3480815e-06,0.038575977,0.041612476,7.269647e-05,0.120321035,0.9999973,0.85610515,0.0035791998,0.00014539299,0.038575977,0.701491,0.056374658,0.28711578,0.036784608,0.0074965246,0.011570448,0.8629188,0.45946965,0.25664374,0.051806033,0.053580265,0.05928913,0.05355135,0.7028016,0.8629188,0.0048589855,0.055636484,0.051806033,0.6083184,0.14985275,0.18216673,0.047333535,0.010018721,0.01490752,1.1236482,1.0806922,1.046503,0.5095611,0.38379556,0.16862264
pork,pork_portion38_day5_rep2,pork_portion38,5,2,Spoiled,2,0.01760723,0.25887555,0.34843412,0.029864658,0.050083984,0.053738166,0.5434751,0.9564354,0.34843412,0.0058313888,0.07030267,0.053738166,0.2529152,0.95874363,0.92896825,0.052621752,0.008852558,0.0069311676,0.58123255,0.3616249,0.11255636,0.071675025,0.073379464,0.08376459,0.08518106,0.81361634,0.58123255,0.011090665,0.12918061,0.071675025,0.44745085,0.07839489,0.1688435,0.07182168,0.0075593563,0.02550659,0.9181499,0.5849366,0.0,0.028086187,0.030200478,0.0,0.10413009,1.0,0.9181499,0.003033113,0.0,0.028086187,0.6942023,0.10501313,0.28981397,0.02600905,0.0066677243,0.00820109,0.9091903,0.5343079,0.4148688,0.038096122,0.04648782,0.0509661,0.038457386,0.5429963,0.9091903,0.0017466674,0.04103136,0.038096122,0.66923267,0.13840982,0.12902334,0.039020978,0.009501131,0.009390666,1.1792573,1.1541699,1.2190896,0.2760954,0.23318365,0.16610974
pork,pork_portion39_day5_rep2,pork_portion39,5,2,Spoiled,2,0.055795778,0.27744585,0.26925597,0.0536745,0.065592386,0.075096466,0.49039203,0.82894135,0.28169954,0.013983565,0.14411639,0.06846355,0.26452056,0.9308955,0.84344995,0.07005689,0.006224796,0.34532663,0.69365853,0.46950838,0.015586563,0.06735163,0.06397125,0.05057361,0.10951176,0.9813709,0.69365853,0.0033277352,0.056980018,0.06735163,0.55211884,0.06830846,0.23631848,0.061042354,0.005937276,0.013222679,0.9240382,0.6285754,0.0,0.03156488,0.034582563,0.0,0.11138444,1.0,0.9240382,0.003357073,0.0,0.03156488,0.72159314,0.08555892,0.29681322,0.0296831,0.007643628,0.009273068,0.84024036,0.47935417,0.38373664,0.057843957,0.056204807,0.051834557,0.03280787,0.5434392,0.84024036,0.0029740545,0.03317343,0.057843957,0.61413205,0.13726078,0.11670102,0.05279646,0.0040613213,0.004636606,1.0933334,1.1055863,1.1314806,0.18077259,0.1513552,0.21601243
pork,pork_portion40_day5_rep2,pork_portion40,5,2,Spoiled,2,0.022934755,0.30938333,0.39900848,0.037219767,0.051841732,0.060613077,0.53761137,0.9492014,0.39900848,0.005502743,0.07950177,0.060613077,0.3039723,0.9483769,0.92748284,0.05332935,0.008068342,0.01116625,0.59642816,0.3998809,0.029423837,0.061157323,0.06403159,0.04185677,0.106492355,0.95397145,0.59642816,0.006438415,0.06258116,0.061157323,0.47628415,0.062189914,0.2076439,0.061779123,0.008498725,0.015117391,0.94869334,0.6170454,0.0,0.014564971,0.015496451,0.0,0.10631327,1.0,0.94869334,0.0015004899,0.0,0.014564971,0.7224193,0.101598635,0.29876807,0.013589543,0.002877735,0.004422584,0.88948345,0.455588,0.34633774,0.04481288,0.06151073,0.056374997,0.03186509,0.6107287,0.88948345,0.004230014,0.045673676,0.04481288,0.6187336,0.16567339,0.14146017,0.048593327,0.0145323,0.006603755,1.1546371,1.1346425,1.153053,0.26540384,0.18809827,0.19900273
pork,pork_portion31_day5_rep3,pork_portion31,5,3,Spoiled,2,0.008005606,0.23890327,0.33903116,0.020466458,0.05191788,0.055990092,0.5491787,0.9806718,0.33903116,0.0074036145,0.046543863,0.055990092,0.23310263,0.9650974,0.9228777,0.054549538,0.027557595,0.007527657,0.6050588,0.37683076,0.056216333,0.06477527,0.06773985,0.0685365,0.09518199,0.9146589,0.6050588,0.0046810242,0.09688744,0.06477527,0.46485394,0.079252385,0.19735703,0.0649496,0.008375278,0.011076557,0.92960906,0.5864318,0.0,0.030086704,0.0344984,0.0,0.10308157,1.0,0.92960906,0.003546034,0.0,0.030086704,0.69870955,0.10905971,0.2917422,0.029064694,0.007671823,0.00898289,0.9031454,0.46737918,0.3553048,0.045995373,0.053929973,0.05671431,0.032092523,0.60675967,0.9031454,0.0020450056,0.04429792,0.045995373,0.6298225,0.16569708,0.1422666,0.045726847,0.008110531,0.008812238,1.168251,1.1610007,1.1856564,0.25393993,0.1942222,0.17405796
pork,pork_portion32_day5_rep3,pork_portion32,5,3,Spoiled,2,0.019869244,0.256868,0.28182465,0.03296902,0.044788662,0.052857023,0.5131287,0.940181,0.28244358,0.010407987,0.09197233,0.05209373,0.24481767,0.9390555,0.9673833,0.047953486,0.006709919,0.01116465,0.6933658,0.478293,0.16812164,0.065161176,0.06676483,0.07097236,0.09624741,0.76338077,0.6933658,0.0039852383,0.08770606,0.065161176,0.5588929,0.066673815,0.19386546,0.06406462,0.006277501,0.00903426,0.9420734,0.61795837,0.0,0.03325495,0.04191689,0.0,0.10725023,1.0,0.9420734,0.0043453365,0.0,0.03325495,0.7209492,0.0984982,0.29786873,0.034289084,0.0101540545,0.010431022,0.87891865,0.5070103,0.40106043,0.051250517,0.052586697,0.052110136,0.034753125,0.54347086,0.87891865,0.0019908657,0.03658553,0.051250517,0.643333,0.13943863,0.12288915,0.04770559,0.006446127,0.0065492415,1.2074862,1.175367,1.2293787,0.19517097,0.1321457,0.19575045
pork,pork_portion33_day5_rep3,pork_portion33,5,3,Spoiled,2,0.008104563,0.20502752,0.30451724,0.019370789,0.048624057,0.050872583,0.55479,0.97831976,0.30451724,0.007383469,0.048905622,0.050872583,0.19780749,0.9735613,0.9238911,0.05187454,0.00985017,0.0047755274,0.63746375,0.3947424,0.1227327,0.0748342,0.072363876,0.08328132,0.08596051,0.81679565,0.63746375,0.0039830147,0.11331672,0.0748342,0.4877018,0.08552526,0.1830652,0.0712327,0.006728348,0.013494978,0.9353637,0.60367113,0.0016312061,0.04110283,0.044996444,0.013252295,0.10545637,0.99827,0.9353637,0.0054850136,0.013751844,0.04110283,0.71057236,0.10284046,0.29482573,0.036899798,0.015372187,0.011082672,0.86563885,0.4713738,0.36135513,0.05140101,0.055610515,0.058415312,0.03436657,0.5828005,0.86563885,0.0028193926,0.04710605,0.05140101,0.6183411,0.14966382,0.13206281,0.048981544,0.008750453,0.010200945,1.1922541,1.1902965,1.2176402,0.24992302,0.1542129,0.19284917
pork,pork_portion34_day5_rep3,pork_portion34,5,3,Spoiled,2,0.015534624,0.2963568,0.4684481,0.03031739,0.06360297,0.0677468,0.5620466,0.9713303,0.4684481,0.0067990203,0.05349793,0.0677468,0.30003345,0.93525183,0.881499,0.064029016,0.19785841,0.0050709434,0.543759,0.34282485,0.15458278,0.06733892,0.06908325,0.07487123,0.07857059,0.72617936,0.543759,0.0053123645,0.110885255,0.06733892,0.42338973,0.07311768,0.1407813,0.068813995,0.006966376,0.01162116,0.91268575,0.64854854,0.0007899761,0.045529004,0.049914278,0.0071647153,0.116265476,0.9991469,0.91268575,0.003762541,0.0073717707,0.045529004,0.73006153,0.07064131,0.29795077,0.043436844,0.0081106825,0.013532788,0.8864189,0.498842,0.35182133,0.045750648,0.04977303,0.050194863,0.044041563,0.60290784,0.8864189,0.0038728688,0.03804701,0.045750648,0.6400393,0.14375836,0.14809814,0.043874986,0.006708645,0.008205287,1.1433086,1.1282748,1.1313455,0.3446099,0.22799273,0.18948856
pork,pork_portion35_day5_rep3,pork_portion35,5,3,Spoiled,2,0.014448681,0.20139673,0.2915532,0.033298444,0.06023695,0.07500858,0.5519006,0.955537,0.2915532,0.012778692,0.09513166,0.07500858,0.19304125,0.9626104,0.93037975,0.06596622,0.09723591,0.020247972,0.52280724,0.30474895,0.15306929,0.070615344,0.07107783,0.07492264,0.06556581,0.7179867,0.52280724,0.008898177,0.1140441,0.070615344,0.39175737,0.08476762,0.1275884,0.07161585,0.0060694586,0.016608298,0.86398894,0.62266195,5.562509e-06,0.044740878,0.045992535,0.00018080109,0.1179631,0.9999903,0.86398894,0.0035112493,0.00030432077,0.044740878,0.69986284,0.062923774,0.28723538,0.041263573,0.006920029,0.013133093,0.9007557,0.5119775,0.31339276,0.049772684,0.053247992,0.061793268,0.054267667,0.6527973,0.9007557,0.0030144916,0.053940676,0.049772684,0.6511025,0.14117625,0.1736289,0.047037013,0.008366077,0.010525844,1.2060555,1.2165273,1.2071644,0.3476971,0.2693725,0.14631286
pork,pork_portion36_day5_rep3,pork_portion36,5,3,Spoiled,2,0.006108901,0.19757585,0.2824407,0.017294653,0.056911416,0.06294647,0.5503088,0.98373646,0.2824407,0.009058969,0.043256868,0.06294647,0.18763559,0.9678635,0.93284804,0.061138473,0.04541409,0.008629279,0.5206396,0.3037892,0.18149842,0.070210874,0.07457677,0.080889665,0.057886098,0.66401756,0.5206396,0.0037925704,0.11590984,0.070210874,0.391135,0.08568627,0.11237004,0.07385297,0.007849145,0.011505983,0.8167138,0.5657667,1.04575165e-05,0.05061062,0.05154175,0.0004173556,0.113323346,0.9999869,0.8167138,0.0055497955,0.0005161341,0.05061062,0.65069985,0.07170368,0.27208295,0.045947764,0.012835558,0.014495924,0.91519976,0.6019733,0.424754,0.033273354,0.032699082,0.03229213,0.058480408,0.5345476,0.91519976,0.002913628,0.019994855,0.033273354,0.70945805,0.10765233,0.14327581,0.029875273,0.0050208154,0.0038499304,1.2218155,1.2058779,1.2789395,0.30508626,0.3205733,0.14606886
pork,pork_portion37_day5_rep3,pork_portion37,5,3,Spoiled,2,0.010064712,0.20580652,0.3436478,0.024407193,0.08533721,0.103203945,0.57017183,0.9774256,0.3436478,0.015024994,0.05054986,0.103203945,0.2026223,0.77607363,0.9023046,0.090962976,0.39847043,0.015378615,0.36326274,0.1867069,0.19669844,0.052095562,0.049446806,0.046907157,0.71264267,0.49419543,0.36326274,0.44060183,0.068023145,0.052095562,0.2581945,0.08290662,0.03171243,0.054099765,0.005134546,0.0065703946,0.85539013,0.6280125,4.0442446e-06,0.03816148,0.041291963,0.00016253065,0.12028559,0.99999464,0.85539013,0.0036676624,0.00020558147,0.03816148,0.700758,0.056514855,0.2868829,0.036399193,0.0077919057,0.011436422,0.8628279,0.4590342,0.25523672,0.05201036,0.051931582,0.056028567,0.053818356,0.704312,0.8628279,0.0038763145,0.051775303,0.05201036,0.6079573,0.14999728,0.18274029,0.046385005,0.010238489,0.012489155,1.114226,1.0698822,1.0363594,0.5115378,0.3868392,0.16791847
pork,pork_portion38_day5_rep3,pork_portion38,5,3,Spoiled,2,0.011717008,0.25780722,0.3460144,0.023694709,0.049130913,0.052977975,0.5424466,0.9714123,0.3460144,0.005327618,0.055332772,0.052977975,0.25136745,0.95777845,0.9294115,0.051407646,0.008721345,0.006044949,0.5832877,0.3610123,0.10236573,0.0723863,0.07207733,0.08397462,0.08628705,0.831324,0.5832877,0.01045359,0.12958904,0.0723863,0.4476014,0.07935751,0.1728757,0.0710992,0.0074962936,0.025788795,0.9193665,0.58453107,0.0,0.028894234,0.031130409,0.0,0.10392941,1.0,0.9193665,0.003202815,0.0,0.028894234,0.6943197,0.10571942,0.28995466,0.026743347,0.006934639,0.008386861,0.91234887,0.5316516,0.4219197,0.037213992,0.046855517,0.049449276,0.03526912,0.53673434,0.91234887,0.0021433113,0.03957606,0.037213992,0.6691085,0.14142202,0.12521699,0.03878841,0.010192206,0.0087685995,1.175788,1.1537402,1.2197024,0.2743581,0.23492287,0.17043702
pork,pork_portion39_day5_rep3,pork_portion39,5,3,Spoiled,2,0.048182134,0.27852696,0.2703905,0.051236965,0.06621827,0.075545155,0.49086526,0.85610706,0.28363952,0.014923581,0.13763946,0.068644725,0.26505584,0.92931765,0.84606534,0.07031271,0.0071379784,0.3413758,0.6919728,0.4667966,0.01731659,0.06808825,0.06353461,0.053613808,0.1089491,0.979053,0.6919728,0.0033989495,0.06127447,0.06808825,0.5499086,0.06904854,0.23519778,0.060984544,0.006685304,0.013030665,0.9237522,0.6287184,0.0,0.031986214,0.03441117,0.0,0.11144517,1.0,0.9237522,0.0032466545,0.0,0.031986214,0.72157115,0.08537019,0.29683107,0.029812967,0.007213133,0.009356717,0.8376629,0.47531167,0.3786354,0.060113423,0.056735944,0.05301583,0.03293594,0.54825175,0.8376629,0.002282428,0.034054607,0.060113423,0.6108714,0.13793355,0.11786202,0.053919442,0.0035590492,0.0043940833,1.0928693,1.1055821,1.1296712,0.18312044,0.1490949,0.21690382
pork,pork_portion40_day5_rep3,pork_portion40,5,3,Spoiled,2,0.021701265,0.30683407,0.3931133,0.03604552,0.05180845,0.05808856,0.5367891,0.95153016,0.3931133,0.0049684825,0.077902324,0.05808856,0.3009537,0.9476563,0.9293726,0.053188253,0.008178825,0.009318589,0.527538,0.34185573,0.025095448,0.15145656,0.11640898,0.0372612,0.10455428,0.94914937,0.527567,0.06601014,0.0828588,0.1513561,0.4129266,0.061983075,0.18749797,0.13130793,0.014413111,0.07132845,0.9469334,0.6163696,0.0,0.013852335,0.014421346,0.0,0.10631068,1.0,0.9469334,0.0013431077,0.0,0.013852335,0.72151196,0.101109415,0.29838085,0.012828372,0.0023845064,0.0041576917,0.8865671,0.4517844,0.3362634,0.044255506,0.06092683,0.058255926,0.033133592,0.62079763,0.8865671,0.0038682926,0.04914831,0.044255506,0.61543256,0.16591972,0.14519913,0.048194446,0.014225053,0.009030383,1.1607467,1.1365129,1.1510592,0.33022842,0.2315182,0.19727609
pork,pork_portion01_day6_rep1,pork_portion01,6,1,Spoiled,2,0.06773911,0.32905143,0.40061778,0.04883303,0.044130392,0.044415537,0.5340913,0.83981144,0.40061778,0.0031344418,0.10615583,0.044415537,0.32401383,0.94384366,0.9382512,0.045983445,0.005292936,0.0031161387,0.64912814,0.45385155,0.121442385,0.048522484,0.047803186,0.055160318,0.1027945,0.8161028,0.64912814,0.0027874077,0.074870236,0.048522484,0.52897906,0.05857971,0.19926304,0.046908576,0.0041115265,0.0063173845,0.9222298,0.5769021,0.00022256814,0.033140067,0.038405363,0.0041249734,0.10224835,0.9997693,0.9222298,0.0038061775,0.0041645765,0.033140067,0.69091034,0.11078858,0.28937212,0.032244034,0.008655802,0.009849606,0.8802823,0.5114875,0.39473867,0.044767104,0.05037461,0.05027011,0.037775923,0.5513295,0.8802823,0.0024638593,0.038617644,0.044767104,0.6461586,0.13730265,0.1276881,0.044027574,0.008356647,0.0062612295,1.1712414,1.117872,1.1879807,0.19252832,0.15827607,0.16984534
pork,pork_portion02_day6_rep1,pork_portion02,6,1,Spoiled,2,0.08592392,0.3812477,0.4826706,0.060538195,0.054252684,0.055861443,0.5408303,0.831579,0.4826706,0.0035945177,0.10959544,0.055861443,0.3780235,0.9437836,0.9206123,0.054938674,0.006043352,0.004469637,0.7015351,0.4954768,0.05441472,0.05414704,0.0537326,0.058736872,0.11157158,0.92613596,0.7015351,0.0031349845,0.07663037,0.05414704,0.57135457,0.058558606,0.23391007,0.051264066,0.006240531,0.008703491,0.9202272,0.5386465,0.0,0.031071004,0.038009107,0.0,0.095479675,1.0,0.9202272,0.0045758253,0.0,0.031071004,0.66869265,0.12902015,0.2844193,0.030645713,0.010305788,0.009240421,0.9075908,0.4927134,0.372429,0.049121693,0.05401066,0.053072788,0.035493206,0.58983964,0.9075908,0.0022107502,0.0411655,0.049121693,0.64497316,0.15604225,0.14025253,0.04702331,0.0066424315,0.0060963714,1.1369082,1.0738107,1.1405085,0.13034843,0.15393016,0.14858286
pork,pork_portion03_day6_rep1,pork_portion03,6,1,Spoiled,2,0.02758983,0.29235217,0.42717475,0.03627168,0.052969232,0.056981266,0.5547241,0.9414591,0.42717475,0.0048180264,0.07232599,0.056981266,0.29218397,0.9667318,0.9028135,0.054650348,0.027233656,0.004855517,0.58005035,0.36003298,0.16232912,0.0588089,0.06024612,0.06059101,0.07661008,0.7251792,0.58005035,0.0058415476,0.08010456,0.0588089,0.44673318,0.07998093,0.14863175,0.05930183,0.0059409677,0.011031744,0.89029396,0.710756,0.004540545,0.02617618,0.025928654,0.015513633,0.13089111,0.9947109,0.89029396,0.0019444461,0.017228302,0.02617618,0.76269823,0.029675726,0.30394623,0.023514729,0.002679656,0.0071729403,0.89906895,0.48402154,0.346513,0.046073254,0.04843235,0.047802646,0.039651968,0.6141241,0.89906895,0.002171426,0.03664709,0.046073254,0.63663137,0.15562023,0.14988889,0.042524267,0.00859701,0.0069585834,1.1743095,1.2075181,1.1590692,0.35565028,0.20441186,0.23556004
pork,pork_portion04_day6_rep1,pork_portion04,6,1,Spoiled,2,0.0068671107,0.29149362,0.5219366,0.016659254,0.041128434,0.045104682,0.5728467,0.98782283,0.5219366,0.005378164,0.028357096,0.045104682,0.30311763,0.6507707,0.8508971,0.04088265,0.47024584,0.005564314,0.5216724,0.381376,0.3339206,0.05200382,0.054920822,0.054601606,0.040274773,0.36172336,0.5216724,0.00631117,0.04446607,0.05200382,0.44757497,0.053858038,0.050690245,0.054834127,0.005045818,0.0055190525,0.8698236,0.6035497,0.00028200343,0.048459347,0.04933524,0.004974493,0.11352297,0.9997061,0.8698236,0.0038231083,0.0050643706,0.048459347,0.6899272,0.075151,0.28526452,0.04424201,0.0077798665,0.014034155,0.8745584,0.4865103,0.2836937,0.045855593,0.0361767,0.034264404,0.05527476,0.6744426,0.8745584,0.0023435971,0.028497107,0.045855593,0.6272723,0.14212485,0.17717238,0.036008634,0.005758573,0.009059667,1.0087138,0.8949301,0.9042687,0.33795428,0.23681192,0.141757
pork,pork_portion05_day6_rep1,pork_portion05,6,1,Spoiled,2,0.009294587,0.23481245,0.40653425,0.025214737,0.05238822,0.05997684,0.57067716,0.97992647,0.40653425,0.00783168,0.04976065,0.05997684,0.23833674,0.7642112,0.8824024,0.054653127,0.4118477,0.011181393,0.49737942,0.30896974,0.15755995,0.04334714,0.043620422,0.046921354,0.07217271,0.68685186,0.49737942,0.0039521614,0.06860706,0.04334714,0.38546708,0.070846215,0.12186433,0.04448937,0.0039392803,0.007232498,0.88055557,0.54130656,0.0,0.027869107,0.043915547,0.0,0.100326054,1.0,0.88055557,0.0057052225,0.0,0.027869107,0.6568362,0.11140322,0.27842796,0.033886813,0.012433104,0.009812856,0.8694338,0.44336098,0.30490604,0.043120652,0.06174863,0.05808871,0.039149117,0.6490359,0.8694338,0.004762148,0.0550606,0.043120652,0.6041284,0.16189535,0.15608722,0.046266913,0.018827686,0.01136447,1.0396252,0.9828963,1.011989,0.3159086,0.23931973,0.1424599
pork,pork_portion06_day6_rep1,pork_portion06,6,1,Spoiled,2,0.0045751585,0.2655438,0.41669312,0.01493299,0.040164646,0.04183693,0.5595908,0.9903677,0.41669312,0.00510913,0.029795408,0.04183693,0.26647538,0.9770579,0.89316225,0.040876318,0.008598938,0.003103819,0.5384386,0.38915625,0.30599844,0.07800463,0.08288267,0.07165886,0.056165643,0.43473873,0.5384386,0.0153316455,0.05866316,0.07800463,0.45621327,0.054424785,0.0723214,0.08055736,0.0075941803,0.014590623,0.8952411,0.6716683,0.0012028929,0.033945527,0.048451617,0.009365938,0.12296152,0.9986955,0.8952411,0.0058407676,0.009921831,0.033945527,0.73939407,0.05157777,0.29895738,0.038583685,0.01456028,0.011439181,0.8801592,0.48326278,0.34084624,0.04061068,0.039442323,0.040488806,0.04233792,0.61209506,0.8801592,0.0019107586,0.029914968,0.04061068,0.6291584,0.1483985,0.14863549,0.036519956,0.00315836,0.005173467,1.2494127,1.197182,1.1715525,0.36271662,0.21110402,0.21005435
pork,pork_portion07_day6_rep1,pork_portion07,6,1,Spoiled,2,0.027511997,0.29787424,0.46418804,0.04187796,0.043324746,0.044802636,0.5616133,0.94617444,0.46418804,0.0034084395,0.075232506,0.044802636,0.30213454,0.9758806,0.8844859,0.04413454,0.032559093,0.003014113,0.51510787,0.31874582,0.07013718,0.04556448,0.043447472,0.050957106,0.091005296,0.8692924,0.51510787,0.003254004,0.087337226,0.04556448,0.39636397,0.07051323,0.16678573,0.04474393,0.0040391157,0.005451999,0.9046642,0.6196974,0.0013067349,0.04272463,0.04330326,0.01069065,0.11207344,0.9984899,0.9046642,0.0034042045,0.012125643,0.04272463,0.7103293,0.08186717,0.2925708,0.03857476,0.0075143864,0.012284392,0.8815232,0.42959645,0.30155155,0.041807525,0.04190158,0.041810323,0.034784388,0.657311,0.8815232,0.0026267702,0.033584457,0.041807525,0.60123134,0.17302394,0.15699244,0.03693669,0.008084817,0.0059632915,1.1591647,1.1472778,1.1239593,0.33841544,0.22929236,0.19645207
pork,pork_portion08_day6_rep1,pork_portion08,6,1,Spoiled,2,0.036096197,0.27056476,0.3331203,0.052241176,0.08377163,0.09929814,0.5328183,0.9160133,0.3331203,0.006356801,0.108635195,0.09929814,0.26151356,0.94954437,0.94504917,0.08820374,0.0092691695,0.013229529,0.54557633,0.39618447,0.17056921,0.05936408,0.05702814,0.057250954,0.09798239,0.69168437,0.54557633,0.0044078208,0.07719135,0.05936408,0.45913374,0.044810712,0.14780562,0.057728685,0.004282292,0.012359199,0.88915426,0.60534966,0.003824474,0.041721597,0.04399154,0.033785682,0.111200996,0.9958124,0.88915426,0.0034624462,0.036511805,0.041721597,0.6970437,0.08262969,0.2874713,0.03882798,0.007817265,0.013771808,0.84920436,0.36906102,0.27462733,0.037694342,0.06491135,0.057683043,0.025613235,0.6762774,0.84920436,0.004938005,0.05748453,0.037694342,0.55990905,0.18736178,0.15183443,0.043494686,0.019865917,0.012565811,1.2219632,1.1720223,1.1398034,0.27845633,0.17462158,0.21948141
pork,pork_portion09_day6_rep1,pork_portion09,6,1,Spoiled,2,0.0046306537,0.16815965,0.23041804,0.015547581,0.044836387,0.05756992,0.5433909,0.9841062,0.23041804,0.011489226,0.047138367,0.05756992,0.15362291,0.9687983,0.9477158,0.050147645,0.009039438,0.014178482,0.56611204,0.3811512,0.13543016,0.04422456,0.044428583,0.052556008,0.09300542,0.76349956,0.56611204,0.0033077267,0.07974638,0.04422456,0.4556093,0.06103754,0.16332805,0.043853335,0.0054229037,0.010274032,0.8773045,0.6515614,0.0,0.032938056,0.03442249,0.0,0.12177034,1.0,0.8773045,0.0026088199,0.0,0.032938056,0.72168726,0.054022286,0.29344252,0.03073632,0.004636253,0.009748792,0.8706893,0.46125147,0.35589948,0.03504196,0.03584637,0.036573455,0.032090407,0.59032446,0.8706893,0.0018680101,0.027341338,0.03504196,0.6146531,0.15633771,0.13320102,0.032344963,0.004178189,0.004756199,1.2371296,1.2599943,1.2393851,0.29627094,0.18784222,0.21817905
pork,pork_portion10_day6_rep1,pork_portion10,6,1,Spoiled,2,0.00044756348,0.20922405,0.30266297,0.0034521518,0.03072744,0.035102878,0.5499139,0.9987314,0.30266297,0.0060857395,0.009421519,0.035102878,0.20159625,0.96933687,0.9274055,0.0328286,0.007415595,0.0071131163,0.5122934,0.32603386,0.120115474,0.05135046,0.050048407,0.055043038,0.08545484,0.77133226,0.5122934,0.003553943,0.08729455,0.05135046,0.40089634,0.066655084,0.14718008,0.051024683,0.0042701964,0.008290975,0.84438026,0.5854089,0.0,0.03822297,0.03836216,0.0,0.11349091,1.0,0.84438026,0.002963146,0.0,0.03822297,0.67117274,0.07351895,0.27896723,0.03487848,0.005065587,0.011164544,0.8956405,0.4499857,0.34563035,0.030282386,0.029690064,0.029217998,0.030117135,0.61281693,0.8956405,0.0018495133,0.020482045,0.030282386,0.61792994,0.17058145,0.141443,0.026894022,0.0036479398,0.0035898215,1.2096721,1.2014425,1.1954417,0.30077282,0.24070144,0.17654699
pork,pork_portion01_day6_rep2,pork_portion01,6,2,Spoiled,2,0.07868441,0.32855985,0.40226388,0.04834045,0.043272205,0.04371639,0.53591335,0.8131299,0.40226388,0.0024420526,0.10298897,0.04371639,0.32445785,0.94610053,0.9374286,0.045298524,0.004269835,0.0027568522,0.6524099,0.4515833,0.11815825,0.048672646,0.04761979,0.054160703,0.10205179,0.82193565,0.6524099,0.002760789,0.07303734,0.048672646,0.5284575,0.061189037,0.20048594,0.04660447,0.004491401,0.0060709626,0.91997194,0.5737833,0.000879349,0.031817168,0.035178274,0.011808723,0.1018687,0.9991001,0.91997194,0.0032375539,0.011920969,0.031817168,0.6883381,0.11134819,0.2885394,0.030049074,0.007246112,0.009053341,0.87356675,0.50035167,0.38404533,0.046481997,0.050624084,0.05150028,0.037335105,0.5603456,0.87356675,0.0022421,0.039865524,0.046481997,0.6373942,0.13960877,0.1290102,0.04493351,0.00745711,0.0064882343,1.1695163,1.1181581,1.1840179,0.1892912,0.15207115,0.16983378
pork,pork_portion02_day6_rep2,pork_portion02,6,2,Spoiled,2,0.07603089,0.37748522,0.47484887,0.055959616,0.05270226,0.054844033,0.53877383,0.84873813,0.47484887,0.0030046727,0.102940746,0.054844033,0.37343684,0.9419459,0.92248213,0.05306086,0.006050683,0.003696765,0.6797737,0.48210013,0.0641962,0.06429588,0.060131572,0.06516704,0.11114177,0.90877444,0.6797737,0.0034636243,0.09084321,0.06429588,0.5560797,0.056108385,0.22541249,0.058419507,0.009070522,0.015957152,0.9207919,0.5399461,0.0,0.029825384,0.036478367,0.0,0.095646545,1.0,0.9207919,0.0045058616,0.0,0.029825384,0.66959643,0.12863337,0.28464493,0.029295176,0.01020502,0.008901324,0.91025215,0.49605954,0.36896858,0.048898175,0.054153968,0.053862493,0.037153404,0.5949713,0.91025215,0.0028095043,0.04392756,0.048898175,0.64759374,0.15522687,0.14346994,0.04691803,0.0073942235,0.006801609,1.1419163,1.0751855,1.1405915,0.14715436,0.1578413,0.1453331
pork,pork_portion03_day6_rep2,pork_portion03,6,2,Spoiled,2,0.03550518,0.29104078,0.4245476,0.039094,0.05267786,0.05695877,0.55565023,0.9229145,0.4245476,0.004712775,0.07989831,0.05695877,0.29117936,0.9673844,0.9034701,0.05470639,0.02709477,0.005085728,0.57446957,0.35805076,0.17381465,0.056307554,0.056394678,0.05862191,0.074425586,0.70108575,0.57446957,0.005217442,0.07991637,0.056307554,0.444207,0.079078965,0.1413813,0.05593094,0.006283057,0.01363681,0.8894036,0.70599705,0.0032429402,0.028466742,0.02913864,0.0129954815,0.1301771,0.9962118,0.8894036,0.0019844566,0.014400984,0.028466742,0.7593568,0.031760156,0.30324325,0.026138924,0.0036756285,0.007953683,0.8990424,0.4777899,0.33954132,0.046441022,0.04585808,0.04530985,0.039345957,0.621918,0.8990424,0.0018760544,0.033230428,0.046441022,0.63307697,0.15834792,0.15199916,0.041504815,0.006561615,0.0058807135,1.1803743,1.2061738,1.1559163,0.35743216,0.20510526,0.23419186
pork,pork_portion04_day6_rep2,pork_portion04,6,2,Spoiled,2,0.011046444,0.2761118,0.4938502,0.021787688,0.04641968,0.055776592,0.5735077,0.97924113,0.4938502,0.0059977197,0.039061766,0.055776592,0.2864322,0.6948533,0.85735923,0.04748768,0.45317662,0.009089059,0.5224825,0.37976742,0.32999033,0.05358631,0.056341365,0.057793725,0.041016206,0.37094852,0.5224825,0.006823575,0.048141524,0.05358631,0.4464939,0.05468275,0.052484423,0.056416728,0.005111407,0.005850883,0.86871094,0.60415006,0.0003190743,0.04659829,0.04833373,0.0056303907,0.11374391,0.99965703,0.86871094,0.0037950173,0.00581583,0.04659829,0.68991065,0.0743937,0.285237,0.043148935,0.0076800566,0.013580189,0.8753714,0.48931205,0.28337836,0.04182709,0.0352598,0.03410014,0.055610538,0.67516476,0.8753714,0.0019820314,0.027739216,0.04182709,0.6291418,0.14097048,0.1781755,0.03446917,0.0036635285,0.007491516,1.0407985,0.9354618,0.94102424,0.33736333,0.23791613,0.13995531
pork,pork_portion05_day6_rep2,pork_portion05,6,2,Spoiled,2,0.008368866,0.23463286,0.41486257,0.023723004,0.050909605,0.05880747,0.57253754,0.98224086,0.41486257,0.0073450226,0.045992736,0.05880747,0.23936446,0.69800323,0.8775667,0.053062666,0.44946137,0.010643884,0.49583524,0.30366102,0.14901847,0.042480454,0.04384891,0.04758752,0.07235605,0.70316845,0.49583524,0.003828272,0.0702674,0.042480454,0.38138798,0.07278607,0.12463612,0.044222128,0.0041632275,0.007503437,0.88177615,0.54020995,8.09127e-05,0.02748835,0.041589845,0.0021161304,0.09998488,0.99990964,0.88177615,0.0052826656,0.0022194746,0.02748835,0.65658677,0.11243092,0.2784941,0.032355405,0.011521482,0.009458294,0.8708658,0.44852388,0.31275988,0.04533443,0.057977207,0.054597538,0.03888186,0.6403255,0.8708658,0.004731589,0.051120345,0.04533443,0.6074838,0.16030738,0.15343666,0.044471633,0.018627474,0.010865501,0.9889245,0.9358725,0.97416276,0.31777093,0.24414907,0.14262754
pork,pork_portion06_day6_rep2,pork_portion06,6,2,Spoiled,2,0.004901956,0.26457977,0.41246995,0.015110031,0.03986537,0.040416237,0.55893284,0.98961806,0.41246995,0.005291796,0.03045624,0.040416237,0.26483133,0.97621214,0.89491886,0.040295634,0.00871042,0.0025506024,0.5423104,0.39254552,0.30347395,0.07544983,0.08227393,0.070545256,0.05891318,0.44371325,0.5423104,0.015409888,0.057950404,0.07544983,0.45952567,0.05395851,0.07569783,0.07924347,0.008369547,0.014093404,0.89736736,0.6702498,0.00058823556,0.032436322,0.048342537,0.005903668,0.12235669,0.9993435,0.89736736,0.0059457384,0.006297054,0.032436322,0.73908675,0.05321035,0.29912543,0.03810926,0.014888981,0.011299952,0.8835202,0.48444474,0.33894947,0.039611537,0.038559668,0.038596395,0.042830843,0.61559254,0.8835202,0.0012685541,0.027722342,0.039611537,0.630859,0.14912012,0.15061712,0.03560833,0.0034641793,0.0039182794,1.2488317,1.196587,1.1713423,0.35787547,0.20981836,0.20728397
pork,pork_portion07_day6_rep2,pork_portion07,6,2,Spoiled,2,0.02104881,0.29469496,0.45373267,0.036988873,0.045085534,0.05164735,0.5594229,0.9585107,0.45373267,0.003596826,0.06687713,0.05164735,0.2976015,0.97346765,0.88892204,0.046359804,0.031941444,0.0067137284,0.5236905,0.32480073,0.06546771,0.04024032,0.04127807,0.048420426,0.092236735,0.8792901,0.5236905,0.0026388818,0.08372227,0.04024032,0.40376487,0.070922345,0.17140025,0.041226886,0.004634807,0.005093109,0.8929015,0.60976195,0.0047856877,0.046264097,0.04574335,0.02585952,0.11148234,0.9943068,0.8929015,0.0035067433,0.030491635,0.046264097,0.7007878,0.082001396,0.28872052,0.041021317,0.008777841,0.013998512,0.8819457,0.4228965,0.30372033,0.038729414,0.039624784,0.03966772,0.0324385,0.65482455,0.8819457,0.0021908428,0.032784518,0.038729414,0.5981641,0.17641512,0.15449713,0.034790743,0.006425335,0.0069792997,1.1578844,1.1478297,1.1247269,0.31954563,0.22182311,0.19354972
pork,pork_portion08_day6_rep2,pork_portion08,6,2,Spoiled,2,0.03931272,0.2689918,0.3316963,0.054496422,0.084472425,0.09746585,0.53371596,0.90718615,0.3316963,0.0057960837,0.11306404,0.09746585,0.26012135,0.9505788,0.9450542,0.0889786,0.0095294565,0.01148148,0.5284576,0.38155985,0.17273621,0.063099734,0.0579409,0.055110883,0.09558047,0.6771395,0.5284576,0.004051719,0.07432557,0.063099734,0.44386548,0.04516982,0.13977668,0.059820045,0.0045410264,0.013212126,0.89309275,0.6035739,0.0021091243,0.038932253,0.042054135,0.0232505,0.11048753,0.9976794,0.89309275,0.0035001715,0.025131172,0.038932253,0.6971936,0.08520401,0.2883477,0.03687277,0.007420719,0.012145734,0.85139245,0.36648777,0.2752295,0.03809332,0.06620289,0.05776258,0.024567135,0.67644894,0.85139245,0.0051935003,0.057436537,0.03809332,0.5597353,0.18931521,0.15155286,0.043760847,0.020781517,0.012075319,1.2255608,1.1709692,1.1397084,0.2963971,0.185317,0.22010624
pork,pork_portion09_day6_rep2,pork_portion09,6,2,Spoiled,2,0.0053235646,0.16476363,0.22928306,0.01582348,0.043739285,0.0580016,0.54522294,0.98087317,0.22928306,0.012158398,0.050953478,0.0580016,0.15031321,0.97057956,0.94653994,0.049298037,0.008980464,0.015317602,0.55819833,0.37767437,0.14512758,0.04439,0.04299558,0.050555937,0.09177221,0.7421058,0.55819833,0.002798446,0.07729199,0.04439,0.45087677,0.05973085,0.15681799,0.04282322,0.006271376,0.010713112,0.8775254,0.6527234,0.0,0.03183024,0.033836517,0.0,0.12199031,1.0,0.8775254,0.002683866,0.0,0.03183024,0.7225223,0.053497892,0.2936036,0.029989254,0.005072185,0.009444467,0.87172866,0.4619392,0.3579044,0.035634287,0.03606254,0.037176225,0.031850096,0.5885187,0.87172866,0.0017734498,0.027820554,0.035634287,0.6154638,0.15646191,0.13260521,0.032756045,0.0035613913,0.0052333693,1.242435,1.2628491,1.2416289,0.30420464,0.19243713,0.21905158
pork,pork_portion10_day6_rep2,pork_portion10,6,2,Spoiled,2,0.0001597575,0.2080646,0.30224627,0.0017102574,0.027550463,0.031206578,0.55029976,0.9995319,0.30224627,0.0055216867,0.004912122,0.031206578,0.20048746,0.9697716,0.9270931,0.029380819,0.006670258,0.005939486,0.5080896,0.3230485,0.11670631,0.051120926,0.049610596,0.053346146,0.0857218,0.7752089,0.5080896,0.004401177,0.087271355,0.051120926,0.39745316,0.0661796,0.14713994,0.050528627,0.006342733,0.010331142,0.83163273,0.57398117,6.9637885e-05,0.049007706,0.044129904,0.0016265677,0.112958275,0.999914,0.83163273,0.0027085263,0.0019792921,0.049007706,0.66023815,0.07392312,0.27542377,0.041899648,0.0042762,0.013626997,0.89312744,0.45058426,0.34498632,0.029852603,0.02885085,0.028833535,0.030637493,0.6124654,0.89312744,0.0017823208,0.02011677,0.029852603,0.6171364,0.1693339,0.14130794,0.026313126,0.0034892706,0.003357029,1.2097937,1.1994116,1.1965597,0.29252803,0.24276647,0.17014122
pork,pork_portion01_day6_rep3,pork_portion01,6,3,Spoiled,2,0.07964569,0.329009,0.39872524,0.048216127,0.041929867,0.041906323,0.53452903,0.8090308,0.39872524,0.0022015255,0.105023704,0.041906323,0.32453153,0.94490576,0.9397557,0.04402198,0.003982312,0.0019471247,0.64919263,0.45291767,0.11354441,0.04704529,0.04684694,0.05525072,0.10369751,0.8283969,0.64919263,0.0026288982,0.07568568,0.04704529,0.5284759,0.058893755,0.20182656,0.04563314,0.004523315,0.004712071,0.9202105,0.57503545,0.00050111976,0.029589131,0.03352385,0.007791195,0.102074884,0.99948376,0.9202105,0.0032359583,0.007873951,0.029589131,0.68912107,0.11085533,0.28880572,0.028338458,0.0073801153,0.008534885,0.8742982,0.5018957,0.3830085,0.04372558,0.048281956,0.048675764,0.03800259,0.56164116,0.8742982,0.0021279876,0.038444057,0.04372558,0.6384763,0.13908568,0.13011745,0.042540688,0.007443574,0.0062154657,1.1709611,1.1190628,1.1846609,0.18992698,0.15386045,0.16894914
pork,pork_portion02_day6_rep3,pork_portion02,6,3,Spoiled,2,0.08024509,0.37992182,0.4777755,0.05808142,0.05357905,0.054773826,0.5391108,0.8411929,0.4777755,0.003012012,0.106693044,0.054773826,0.37608236,0.942306,0.9223998,0.0539822,0.0059877927,0.0043918625,0.6944812,0.49156263,0.046953257,0.05619039,0.056686856,0.055368632,0.11242041,0.9358286,0.6944812,0.0038746381,0.07292482,0.05619039,0.5666296,0.057349417,0.23397885,0.053613216,0.008431247,0.0101861125,0.9202573,0.5398807,0.0,0.028804293,0.034671843,0.0,0.095711954,1.0,0.9202573,0.004471563,0.0,0.028804293,0.6693459,0.12843741,0.28457868,0.027609766,0.010699676,0.00839471,0.9102438,0.49674502,0.37288594,0.04758422,0.053129997,0.052770104,0.036338247,0.5905621,0.9102438,0.0023292766,0.04317375,0.04758422,0.64811337,0.15507564,0.14156775,0.045887917,0.0071594496,0.006390914,1.1372685,1.0748029,1.1416792,0.1347757,0.15725721,0.14701204
pork,pork_portion03_day6_rep3,pork_portion03,6,3,Spoiled,2,0.029476888,0.29196927,0.42195278,0.036160827,0.051346663,0.0538056,0.55349034,0.935999,0.42195278,0.005018693,0.074208766,0.0538056,0.29157835,0.96539766,0.90547395,0.05289579,0.027176648,0.0041120164,0.578396,0.3660722,0.17593399,0.055167146,0.055785406,0.059514973,0.07678368,0.7005521,0.578396,0.0032327073,0.07692673,0.055167146,0.4505452,0.0765543,0.14333653,0.05539213,0.0048840004,0.008175545,0.88600487,0.7064823,0.0017668919,0.027476445,0.025976012,0.009069589,0.13086087,0.9978713,0.88600487,0.002002374,0.010450189,0.027476445,0.75876707,0.029964399,0.30299345,0.02379366,0.003274913,0.007649055,0.89926106,0.48890275,0.3463881,0.050810885,0.051379256,0.053385627,0.041061256,0.6146801,0.89926106,0.002199599,0.042762335,0.050810885,0.6391977,0.15334271,0.15119208,0.046060443,0.008786328,0.0092374785,1.1815948,1.2067657,1.1615566,0.35023087,0.20383312,0.22926554
pork,pork_portion04_day6_rep3,pork_portion04,6,3,Spoiled,2,0.009884449,0.27560714,0.49141032,0.01963858,0.0464088,0.054289922,0.57307416,0.98123723,0.49141032,0.005868929,0.035671037,0.054289922,0.28558427,0.69595355,0.858404,0.047386754,0.45262694,0.007529426,0.49527195,0.35868335,0.29498044,0.065903835,0.063920364,0.06729979,0.051198043,0.40951526,0.49527195,0.007885517,0.06027332,0.065903835,0.4219585,0.051312104,0.060196675,0.06603784,0.0065781604,0.006595928,0.86791134,0.6033341,8.473342e-05,0.044693414,0.04673529,0.0016346618,0.11370323,0.99990857,0.86791134,0.0037860887,0.0016889243,0.044693414,0.6892195,0.074428126,0.28499874,0.04154092,0.007643906,0.013164004,0.87461716,0.4884759,0.28291336,0.041372087,0.0343848,0.03258932,0.055752132,0.6753749,0.87461716,0.0018908525,0.026197897,0.041372087,0.62841207,0.14104451,0.17810553,0.033716027,0.0039441707,0.007533872,1.035034,0.93702126,0.942476,0.3499982,0.25412098,0.13986222
pork,pork_portion05_day6_rep3,pork_portion05,6,3,Spoiled,2,0.009432497,0.23618034,0.40914613,0.024554279,0.049473852,0.05664247,0.5706502,0.979709,0.40914613,0.0071271076,0.048290446,0.05664247,0.24003331,0.776163,0.8816351,0.05158922,0.40475816,0.0101671545,0.49562407,0.30416685,0.14843209,0.041823428,0.044439983,0.04707417,0.07289392,0.703974,0.49562407,0.0045422013,0.06932222,0.041823428,0.38151208,0.07231964,0.12501627,0.044186924,0.005077848,0.007916734,0.88087744,0.54213876,0.0,0.025308209,0.041805148,0.0,0.10045563,1.0,0.88087744,0.005540098,0.0,0.025308209,0.6573764,0.11107152,0.27860966,0.031739324,0.012479382,0.009127913,0.86936677,0.44938514,0.310956,0.042992443,0.05588937,0.0537599,0.03958381,0.6417132,0.86936677,0.00434304,0.05069426,0.042992443,0.60726863,0.15925387,0.15420806,0.042996723,0.017448474,0.011125484,1.0430167,0.99003106,1.0220512,0.3181097,0.24367137,0.14250644
pork,pork_portion06_day6_rep3,pork_portion06,6,3,Spoiled,2,0.0066374526,0.2619597,0.41241592,0.017844452,0.03864488,0.04102192,0.56010294,0.98584884,0.41241592,0.004725537,0.036286928,0.04102192,0.26311818,0.97788763,0.8933675,0.039518256,0.008062772,0.004521343,0.54353577,0.3931575,0.30234995,0.07545932,0.08111325,0.0691485,0.05949444,0.44679993,0.54353577,0.014800254,0.056470167,0.07545932,0.46025205,0.05412815,0.076736614,0.078408234,0.0078279665,0.013915661,0.8762361,0.66625863,0.007392158,0.040445335,0.043239396,0.02984564,0.12440602,0.9907903,0.8762361,0.005433148,0.037022445,0.040445335,0.7307481,0.046172,0.29444727,0.036471132,0.01413922,0.013618589,0.8819376,0.48515588,0.34029433,0.037075303,0.03577017,0.035611507,0.04284586,0.6132052,0.8819376,0.0014022347,0.025468083,0.037075303,0.63076985,0.1481857,0.1497116,0.03313915,0.003261842,0.0040643183,1.248631,1.2022799,1.1732848,0.34731737,0.2079627,0.20334913
pork,pork_portion07_day6_rep3,pork_portion07,6,3,Spoiled,2,0.021152716,0.2985886,0.4633542,0.0369752,0.040789418,0.04272592,0.56030273,0.95853704,0.4633542,0.0033942533,0.06647122,0.04272592,0.3025371,0.9756009,0.8854597,0.041334316,0.006588076,0.0030074406,0.52264816,0.324832,0.05670587,0.040428273,0.040863954,0.04672585,0.09397404,0.8957018,0.52264816,0.0028605578,0.08128168,0.040428273,0.403281,0.07021933,0.17427544,0.04110736,0.0043196687,0.0055158283,0.89475816,0.61076707,0.00227017,0.04477766,0.04387802,0.015078929,0.11156831,0.99728644,0.89475816,0.0035081378,0.01787188,0.04477766,0.7019527,0.08218338,0.28968155,0.039489247,0.008294445,0.012879246,0.8823588,0.4247934,0.29798043,0.03597872,0.03674575,0.03649964,0.034112792,0.66126823,0.8823588,0.0025105008,0.030225052,0.03597872,0.59903014,0.17547,0.1579036,0.032267023,0.006078581,0.0068534235,1.1557025,1.1457222,1.1213632,0.32041612,0.22285302,0.1914703
pork,pork_portion08_day6_rep3,pork_portion08,6,3,Spoiled,2,0.03835041,0.27068838,0.33154452,0.054332595,0.08342742,0.09913298,0.5322619,0.9100476,0.33154452,0.0058748387,0.11284996,0.09913298,0.2616327,0.94935995,0.9461949,0.08805788,0.008493212,0.01297383,0.5281275,0.38292488,0.1677114,0.062034342,0.055532765,0.05356579,0.09728207,0.68620396,0.5281275,0.0046020215,0.07183618,0.062034342,0.44467002,0.043913625,0.14260189,0.05774986,0.0048220083,0.012773347,0.8905304,0.6053806,0.001927071,0.03782123,0.040221255,0.02200239,0.111218534,0.9978625,0.8905304,0.00327374,0.024086185,0.03782123,0.6974619,0.08317584,0.28823552,0.035383,0.007052348,0.011800801,0.848489,0.36847755,0.27195957,0.036287885,0.06307293,0.056913733,0.026360052,0.67901725,0.848489,0.0049920455,0.057333454,0.036287885,0.5592764,0.18726996,0.15290886,0.04164711,0.020340156,0.012671169,1.2243763,1.1718074,1.1395944,0.29437122,0.18382572,0.21964544
pork,pork_portion09_day6_rep3,pork_portion09,6,3,Spoiled,2,0.004892184,0.16550508,0.22747542,0.015791792,0.042786263,0.05816046,0.54342824,0.9826386,0.22747542,0.011735293,0.050647657,0.05816046,0.15084577,0.9693921,0.94805443,0.048314583,0.008492628,0.0154993525,0.5607032,0.3795166,0.13399492,0.04438935,0.04273806,0.05127331,0.093884654,0.76310265,0.5607032,0.0031828608,0.079374485,0.04438935,0.45271888,0.059441373,0.16265374,0.042347264,0.0070520993,0.010631984,0.87817216,0.6525354,0.0,0.03203989,0.033310067,0.0,0.12182005,1.0,0.87817216,0.0025501226,0.0,0.03203989,0.722563,0.053914443,0.29368556,0.029760458,0.004494947,0.00943723,0.87310416,0.4599741,0.35868955,0.032887463,0.03380906,0.034174014,0.030629363,0.58808655,0.87310416,0.0024390323,0.0251107,0.032887463,0.61499566,0.1580227,0.13197027,0.030309452,0.0046554375,0.0041430043,1.2393514,1.2622039,1.2408662,0.30002624,0.19233695,0.22036584
pork,pork_portion10_day6_rep3,pork_portion10,6,3,Spoiled,2,6.0079743e-05,0.20797276,0.30283228,0.00079261867,0.02695624,0.031320762,0.55050373,0.99982524,0.30283228,0.0057115206,0.0022534013,0.031320762,0.20061055,0.9700183,0.9264499,0.028871208,0.006667391,0.0067486144,0.510148,0.32480282,0.11306058,0.0505144,0.048139673,0.05152372,0.08686567,0.78282106,0.510148,0.0045837187,0.08512448,0.0505144,0.39942333,0.06604497,0.14961588,0.0494227,0.00593177,0.010461116,0.82812023,0.574374,0.0,0.047282655,0.043322947,0.0,0.11347984,1.0,0.82812023,0.0030442334,0.0,0.047282655,0.6593793,0.072183564,0.27497056,0.040819533,0.005339903,0.013219659,0.8922281,0.4507564,0.34436023,0.026627444,0.026185181,0.0254858,0.030787112,0.61264586,0.8922281,0.0018498016,0.017817186,0.026627444,0.61694187,0.16891432,0.14146827,0.023638474,0.0039023363,0.0030624096,1.2083731,1.2004172,1.1963676,0.2886669,0.24075466,0.17023699
pork,pork_portion11_day6_rep1,pork_portion11,6,1,Spoiled,2,0.033188332,0.31409407,0.45740974,0.05153598,0.049898934,0.051045537,0.5544448,0.9349714,0.45740974,0.0033093703,0.091526575,0.051045537,0.31516853,0.9661013,0.8976874,0.05100746,0.006654034,0.005850137,0.51432884,0.34671652,0.1411474,0.045960803,0.045829058,0.050983533,0.089598246,0.73007596,0.51432884,0.0029238588,0.0769087,0.045960803,0.41557613,0.056711774,0.14307386,0.046687644,0.0035304946,0.0066203866,0.8791291,0.62647694,0.0006035286,0.04350298,0.04493062,0.009670686,0.116621755,0.9993488,0.8791291,0.0035037054,0.010022477,0.04350298,0.7066532,0.06750969,0.28992885,0.04011439,0.007035904,0.012680204,0.85688734,0.49293914,0.35847607,0.053938124,0.053245794,0.052661177,0.043040983,0.581774,0.85688734,0.0021682293,0.03851995,0.053938124,0.6266471,0.13542503,0.13720623,0.049177982,0.006437044,0.006816242,1.1859648,1.1532985,1.168492,0.32620367,0.22534676,0.18530425
pork,pork_portion12_day6_rep1,pork_portion12,6,1,Spoiled,2,0.05069865,0.28798965,0.35564005,0.061856527,0.08781698,0.102605924,0.5347695,0.88404036,0.35564005,0.0054287277,0.12511003,0.102605924,0.2803867,0.94950324,0.9418835,0.09189281,0.008740575,0.012529911,0.4951631,0.30848143,0.10595328,0.06764001,0.06277982,0.058224294,0.08431126,0.79125553,0.4951631,0.005344096,0.09838148,0.06764001,0.3830295,0.06822611,0.14587212,0.06432681,0.008385993,0.016827509,0.88519233,0.61005634,0.0014420811,0.05504854,0.060885377,0.011239545,0.11262557,0.99846035,0.88519233,0.005179418,0.011667288,0.05504854,0.6984858,0.07848879,0.28829968,0.052840445,0.011520465,0.016277654,0.8840213,0.5456593,0.4340654,0.043324567,0.048709635,0.047462907,0.03940528,0.5084138,0.8840213,0.0035052637,0.03230507,0.043324567,0.6677228,0.1241686,0.11701926,0.04274802,0.008031731,0.005077867,1.1919812,1.1664668,1.2294745,0.346271,0.29156876,0.1799166
pork,pork_portion13_day6_rep1,pork_portion13,6,1,Spoiled,2,0.026384205,0.35290217,0.53972715,0.043128304,0.05360265,0.056352757,0.5589407,0.9558861,0.53972715,0.0036914505,0.068683855,0.056352757,0.35713774,0.96985596,0.87300694,0.053179737,0.032828085,0.004475552,0.4708164,0.31158167,0.20401207,0.059070934,0.054424867,0.049847484,0.064640984,0.5708693,0.4708164,0.004413112,0.06022862,0.059070934,0.37888712,0.05991423,0.091732614,0.057879537,0.0031895903,0.008261039,0.8266949,0.5887228,8.900397e-05,0.034535795,0.031102626,0.001550351,0.1166258,0.99987876,0.8266949,0.0021025788,0.001971882,0.034535795,0.66784835,0.06413332,0.2769419,0.029485844,0.0038185285,0.009617211,0.90086436,0.44377914,0.31070194,0.046264954,0.05235794,0.05787286,0.035584874,0.65524524,0.90086436,0.0024397818,0.047751766,0.046264954,0.61593753,0.17406575,0.1596453,0.04458561,0.007974725,0.011480632,1.1995234,1.1279043,1.0996109,0.34324753,0.27172706,0.16893302
pork,pork_portion14_day6_rep1,pork_portion14,6,1,Spoiled,2,0.049331486,0.23840703,0.32770094,0.072725564,0.0654073,0.05963076,0.5516366,0.8730269,0.32770094,0.0060821497,0.16242217,0.05963076,0.23396651,0.9691133,0.93097997,0.07072929,0.007959968,0.009598739,0.45028865,0.27129048,0.1826441,0.03578418,0.036869217,0.034380153,0.05326957,0.5957257,0.45028865,0.005009079,0.046385784,0.03578418,0.34518695,0.07221635,0.087332964,0.038008463,0.0040501803,0.005524765,0.82546514,0.6229498,0.0,0.0259308,0.025991607,0.0,0.12369216,1.0,0.82546514,0.002993066,0.0,0.0259308,0.68911994,0.046028182,0.28195608,0.023055486,0.0071512116,0.0073900316,0.887698,0.5578788,0.22247785,0.039180428,0.04420256,0.04772138,0.0820768,0.74898845,0.887698,0.004314332,0.04551834,0.039180428,0.6705994,0.10951569,0.22333263,0.037309814,0.012217731,0.006561645,1.2363391,1.2167509,1.1959603,0.3960478,0.35465533,0.088376366
pork,pork_portion15_day6_rep1,pork_portion15,6,1,Spoiled,2,0.015502866,0.2106318,0.32749888,0.030334959,0.06570933,0.0725939,0.5616803,0.9622499,0.32749888,0.009390014,0.068387255,0.0725939,0.20566636,0.942962,0.91399604,0.07013486,0.18314205,0.008422403,0.49345908,0.34541595,0.30661175,0.06443563,0.06668608,0.062073648,0.033070736,0.38315782,0.49345908,0.033106532,0.057940077,0.06443563,0.4132222,0.05926361,0.04833484,0.06843445,0.0057261754,0.007957832,0.8225691,0.6802331,0.00028785982,0.050184093,0.04706105,0.0030623956,0.13596575,0.99963874,0.8225691,0.0019467388,0.003527722,0.050184093,0.7249836,0.01585853,0.2908026,0.043829955,0.0032413676,0.01417982,0.9152674,0.5633528,0.3204507,0.042498242,0.041062083,0.044318795,0.06586891,0.6492889,0.9152674,0.0025430587,0.03531502,0.042498242,0.6844544,0.1215704,0.18529016,0.037924293,0.0037045134,0.008908637,1.2543411,1.2319015,1.1978874,0.3973283,0.3101706,0.15475947
pork,pork_portion16_day6_rep1,pork_portion16,6,1,Spoiled,2,0.0053386115,0.19472742,0.34310842,0.016466757,0.071258165,0.082605064,0.5737155,0.9882685,0.34310842,0.01284994,0.03422947,0.082605064,0.19263586,0.6759775,0.8957776,0.075766325,0.45588383,0.0097840885,0.4346748,0.26727316,0.18902896,0.071508385,0.074406184,0.07158579,0.05095651,0.5770848,0.4346748,0.0067989863,0.08917199,0.071508385,0.33635226,0.068019,0.079322025,0.07611921,0.007206662,0.0057926956,0.777941,0.65635014,0.015230419,0.038448732,0.040249847,0.035639722,0.13788456,0.9812141,0.777941,0.0022656894,0.04149213,0.038448732,0.6977976,0.01886199,0.27925766,0.03656604,0.10028003,0.00924662,0.90254164,0.59135246,0.3910391,0.047823004,0.049839694,0.046223074,0.063257724,0.5659315,0.90254164,0.005101773,0.034626145,0.047823004,0.6982732,0.105828784,0.15520222,0.044723332,0.007514118,0.010759477,1.0280406,1.0329986,1.0626338,0.41597283,0.3717178,0.15150315
pork,pork_portion17_day6_rep1,pork_portion17,6,1,Spoiled,2,0.010711912,0.23436876,0.34854424,0.024049101,0.050240677,0.05699768,0.55479836,0.9741239,0.34854424,0.006498117,0.05538945,0.05699768,0.23035315,0.972099,0.9148237,0.053201564,0.009554435,0.009191366,0.4025378,0.23499005,0.18018384,0.045724165,0.04521036,0.04772332,0.038774166,0.5579428,0.4025378,0.0036898619,0.069005385,0.045724165,0.30351195,0.07129604,0.067113735,0.048252877,0.0038214165,0.005355637,0.8446934,0.63092333,0.0,0.015962014,0.017492577,0.0,0.12238106,1.0,0.8446934,0.0018185825,0.0,0.015962014,0.6995181,0.05029871,0.2858748,0.015277294,0.003548678,0.004850869,0.8855372,0.43994197,0.32217297,0.040245958,0.06534912,0.058129154,0.033199113,0.6358557,0.8855372,0.0062798257,0.053041995,0.040245958,0.60922176,0.17030114,0.1499111,0.04633082,0.020927263,0.010107283,1.2391168,1.2105405,1.171116,0.45289972,0.33183715,0.20258366
pork,pork_portion18_day6_rep1,pork_portion18,6,1,Spoiled,2,0.003604505,0.20344193,0.30478546,0.01207528,0.034508258,0.036750793,0.5545454,0.99014497,0.30478546,0.005818857,0.03189761,0.036750793,0.19654995,0.9739357,0.9229641,0.036911234,0.0073377034,0.0040939767,0.40614605,0.21851736,0.114411354,0.03610226,0.036471672,0.035508003,0.05725389,0.72149855,0.40614605,0.0055610384,0.064552456,0.03610226,0.29246402,0.07847956,0.10163253,0.037815508,0.006321743,0.0055948966,0.84283537,0.6715089,0.0,0.025515132,0.024721554,0.0,0.13086666,1.0,0.84283537,0.002169657,0.0,0.025515132,0.72488296,0.028987948,0.291995,0.022506652,0.0040208,0.0073003955,0.8899675,0.51375854,0.31856647,0.039813243,0.03965106,0.04301373,0.05504007,0.641459,0.8899675,0.0018384318,0.034294296,0.039813243,0.64848804,0.13612388,0.16945374,0.036148634,0.0056782337,0.0060925162,1.2188629,1.2530699,1.2140653,0.475051,0.36698186,0.17980726
pork,pork_portion19_day6_rep1,pork_portion19,6,1,Spoiled,2,0.002685378,0.26185164,0.39743787,0.009199357,0.029644264,0.030795218,0.5556077,0.9937983,0.39743787,0.0038250547,0.02033295,0.030795218,0.26159012,0.97222376,0.90267825,0.030050257,0.006507575,0.0024321824,0.5013947,0.34939727,0.18414322,0.072770394,0.08266275,0.07962143,0.08465674,0.6451849,0.5013947,0.008700871,0.10600877,0.072770394,0.41359276,0.051734835,0.12017106,0.08050054,0.011266391,0.009243591,0.7958146,0.6512007,1.2132733e-05,0.028880185,0.02528405,0.00029953918,0.13406226,0.9999798,0.7958146,0.0017181344,0.00046512453,0.028880185,0.6991172,0.018771801,0.28275654,0.024199013,0.0029622284,0.007934136,0.88472193,0.5068274,0.30917478,0.034480795,0.034787655,0.03533084,0.054704595,0.6495703,0.88472193,0.0012217881,0.028018301,0.034480795,0.6426251,0.1371019,0.1714949,0.031762127,0.0032401106,0.0040032906,1.2176708,1.218525,1.173561,0.33021933,0.24975485,0.17196663
pork,pork_portion20_day6_rep1,pork_portion20,6,1,Spoiled,2,0.0034820912,0.20347054,0.34250715,0.01370085,0.046729773,0.047476165,0.5672606,0.9919012,0.34250715,0.009007821,0.029446559,0.047476165,0.20138456,0.87139016,0.90071994,0.048809186,0.31500995,0.005776229,0.49502122,0.36737987,0.25961775,0.035578806,0.036820356,0.03987377,0.07406117,0.4764479,0.49502122,0.004456918,0.046416074,0.035578806,0.42681906,0.043413144,0.08324865,0.037279032,0.0040713996,0.0061778994,0.82422894,0.57421905,0.0,0.01714573,0.021740323,0.0,0.11392835,1.0,0.82422894,0.0025331588,0.0,0.01714573,0.65822464,0.070540965,0.2743042,0.01835457,0.005580404,0.005630648,0.8850559,0.52387494,0.3484141,0.05044812,0.05934074,0.054301985,0.0522078,0.60666317,0.8850559,0.0044760373,0.04133788,0.05044812,0.65314996,0.13054523,0.15600741,0.051047586,0.010359787,0.0049208286,1.1851691,1.1146564,1.1434772,0.3013083,0.25320253,0.13274185
pork,pork_portion11_day6_rep2,pork_portion11,6,2,Spoiled,2,0.03447048,0.31764174,0.4594599,0.052458785,0.04829121,0.04806622,0.55398864,0.93239605,0.4594599,0.003017926,0.0930715,0.04806622,0.31840774,0.9649184,0.89848673,0.049392685,0.0063736374,0.0038390905,0.51558554,0.34737915,0.14404064,0.046768546,0.046024103,0.051061634,0.0889196,0.72504437,0.51558554,0.0035760738,0.07687778,0.046768546,0.41652483,0.056982156,0.142166,0.04697574,0.0039604967,0.007349496,0.8801513,0.62982035,0.0008344626,0.04290191,0.04488665,0.008897117,0.11711757,0.99909157,0.8801513,0.0038183678,0.009482386,0.04290191,0.7090375,0.066247925,0.29051182,0.039727848,0.0081306975,0.0124313105,0.85997194,0.49858484,0.36515778,0.0533004,0.05217078,0.050773002,0.04285132,0.5754035,0.85997194,0.0021506958,0.035642903,0.0533004,0.6310774,0.13416032,0.13571897,0.04839342,0.005391015,0.005946004,1.185747,1.1531842,1.1703572,0.3281097,0.2281027,0.18614696
pork,pork_portion12_day6_rep2,pork_portion12,6,2,Spoiled,2,0.050062332,0.29247072,0.35976824,0.05956698,0.08670572,0.10275674,0.53390735,0.8857876,0.35976824,0.0060610743,0.12073754,0.10275674,0.2848532,0.94828326,0.94197816,0.09054089,0.008769783,0.013393918,0.4994862,0.31306723,0.110129066,0.072086476,0.06761107,0.06526076,0.0842553,0.7857758,0.4994862,0.0068712747,0.10296611,0.072086476,0.38758752,0.06780595,0.14562741,0.06928947,0.0074279937,0.018760843,0.8857781,0.6114662,0.0013210962,0.054192863,0.059853204,0.011192001,0.11282292,0.99858415,0.8857781,0.0049789166,0.011539058,0.054192863,0.699503,0.078027114,0.28862092,0.05200575,0.011081595,0.016031876,0.88610584,0.5499322,0.43730947,0.043105256,0.04752471,0.049090263,0.039793514,0.50596917,0.88610584,0.002631385,0.03458523,0.043105256,0.6708444,0.1229888,0.11692357,0.042263463,0.0068854936,0.0062545803,1.1916245,1.164541,1.2291522,0.34328252,0.29000604,0.17978556
pork,pork_portion13_day6_rep2,pork_portion13,6,2,Spoiled,2,0.025626346,0.35763,0.5448408,0.043197006,0.053645097,0.057354443,0.5582881,0.9578183,0.5448408,0.0035375895,0.0678309,0.057354443,0.3617717,0.9692299,0.8728314,0.053335525,0.027271852,0.0049132863,0.46514472,0.30552453,0.20938948,0.05841024,0.05474537,0.04818762,0.060114607,0.5532495,0.46514472,0.006172805,0.0563862,0.05841024,0.37315735,0.061147913,0.085612886,0.058103625,0.0033571958,0.009269844,0.8208832,0.58745337,0.0,0.03851707,0.032377608,0.0,0.11731974,1.0,0.8208832,0.0018818971,0.0,0.03851707,0.66537637,0.062296562,0.27586758,0.031455908,0.0039266185,0.010430523,0.90313137,0.44968054,0.31462795,0.043955386,0.052566417,0.056748793,0.036099296,0.65171796,0.90313137,0.002114243,0.046877835,0.043955386,0.61988014,0.1723443,0.15942003,0.043726064,0.009327852,0.010255028,1.201855,1.1274172,1.1002738,0.34869775,0.28050715,0.16655463
pork,pork_portion14_day6_rep2,pork_portion14,6,2,Spoiled,2,0.062021054,0.25524446,0.34152704,0.084993176,0.06558729,0.056076106,0.5494538,0.84116924,0.34152704,0.005708982,0.19631322,0.056076106,0.25222296,0.96699595,0.93275636,0.07097546,0.0071654236,0.0129321925,0.4542907,0.27816734,0.18649264,0.034695566,0.035927277,0.03306702,0.054837886,0.59048694,0.4542907,0.005061621,0.044084407,0.034695566,0.3511834,0.07031374,0.088055536,0.03687164,0.004002817,0.005646627,0.8261408,0.6252207,0.0,0.026840834,0.02737603,0.0,0.12405563,1.0,0.8261408,0.0029525715,0.0,0.026840834,0.69074494,0.045178216,0.28243524,0.024298953,0.0070538484,0.007719599,0.8909677,0.55564606,0.21893227,0.038869936,0.045199208,0.049568627,0.08156031,0.75388056,0.8909677,0.0043490906,0.047695715,0.038869936,0.67034006,0.11182412,0.22481108,0.037451334,0.013199343,0.0067781415,1.2358607,1.2103583,1.1863083,0.39206797,0.34969437,0.0904355
pork,pork_portion15_day6_rep2,pork_portion15,6,2,Spoiled,2,0.017825596,0.21379012,0.32828608,0.033150826,0.06608051,0.07218913,0.560575,0.9569484,0.32828608,0.009483896,0.074412405,0.07218913,0.20875496,0.94716793,0.9153706,0.07049063,0.16919254,0.008776015,0.47717482,0.32721537,0.29025134,0.07179383,0.07256288,0.06797316,0.030214183,0.39807707,0.47717482,0.0113018295,0.06511982,0.07179383,0.39482546,0.0609096,0.04831326,0.07538487,0.0050855484,0.008351427,0.824756,0.6852454,0.0011417058,0.04914952,0.045210138,0.0070885625,0.13649188,0.99858314,0.824756,0.001653467,0.008426625,0.04914952,0.72879976,0.014281583,0.2918246,0.04235466,0.003195349,0.013674789,0.9157686,0.56556606,0.32452565,0.04130166,0.040032804,0.042494226,0.065820366,0.6449797,0.9157686,0.0017510745,0.032844145,0.04130166,0.6859596,0.1208394,0.18402928,0.036935013,0.0038920366,0.007157251,1.2537402,1.236743,1.2022492,0.41594565,0.32675603,0.15751089
pork,pork_portion16_day6_rep2,pork_portion16,6,2,Spoiled,2,0.006001937,0.1987245,0.346137,0.018279327,0.070465654,0.08345821,0.57243544,0.9870532,0.346137,0.011467431,0.03677055,0.08345821,0.1966911,0.72088295,0.8962577,0.075162254,0.43637732,0.010300647,0.44332877,0.2773338,0.19815958,0.07084367,0.07428697,0.070698224,0.05139755,0.56408316,0.44332877,0.0070573213,0.08623422,0.07084367,0.34638914,0.066813335,0.07901889,0.07566435,0.007347482,0.005869781,0.7778734,0.6603266,0.027128184,0.03972441,0.039747704,0.04716402,0.13837641,0.9660997,0.7778734,0.0020903356,0.05668168,0.03972441,0.7005234,0.010927479,0.2781029,0.036685616,0.06476697,0.009128653,0.9133253,0.5930035,0.38924214,0.035634946,0.03823639,0.03438487,0.06247334,0.5726722,0.9133253,0.00411892,0.022621328,0.035634946,0.702599,0.10921871,0.15853556,0.034024883,0.005152183,0.0059192088,1.0574006,1.0677073,1.0836558,0.4100838,0.36743242,0.15479608
pork,pork_portion17_day6_rep2,pork_portion17,6,2,Spoiled,2,0.0113780815,0.24094021,0.35407266,0.023910224,0.047291186,0.053109724,0.55336064,0.9726121,0.35407266,0.00582304,0.05482455,0.053109724,0.23712578,0.9702185,0.91543746,0.049939234,0.0088563245,0.008100107,0.40359795,0.24035248,0.18653437,0.0441738,0.04530434,0.048303597,0.039317653,0.5432415,0.40359795,0.0042670034,0.0722848,0.0441738,0.30771095,0.069150366,0.06522205,0.047809206,0.0047161677,0.00647422,0.8448939,0.6315612,0.0,0.014893145,0.016458321,0.0,0.12246825,1.0,0.8448939,0.0017551867,0.0,0.014893145,0.6999821,0.05004501,0.2859902,0.014303403,0.0034252699,0.0045459154,0.889671,0.4395352,0.3158177,0.039601367,0.0651803,0.05468564,0.03437835,0.64461595,0.889671,0.0072016283,0.04890686,0.039601367,0.6104132,0.1717227,0.15407719,0.04584844,0.021355169,0.008144146,1.2408756,1.2071284,1.1647353,0.4505333,0.33173028,0.20057192
pork,pork_portion18_day6_rep2,pork_portion18,6,2,Spoiled,2,0.0022333488,0.20544434,0.30562648,0.00878983,0.032643553,0.033211544,0.5535295,0.9938356,0.30562648,0.005973599,0.023499956,0.033211544,0.19843432,0.97284967,0.9233173,0.034637578,0.0076056137,0.0036079108,0.4077793,0.2214416,0.11049326,0.034681857,0.0356118,0.035105083,0.059793357,0.7322835,0.4077793,0.0048762565,0.06461204,0.034681857,0.2948998,0.07728184,0.10485104,0.03687512,0.0055670836,0.004776651,0.8430546,0.6714092,0.0,0.02554169,0.024094928,0.0,0.13078026,1.0,0.8430546,0.002046739,0.0,0.02554169,0.7248562,0.029132245,0.2920438,0.02215089,0.003673935,0.0072014136,0.89236933,0.51535577,0.32054287,0.040369734,0.03970434,0.04448036,0.054893136,0.6402488,0.89236933,0.0023038352,0.036024507,0.040369734,0.6501863,0.1364581,0.16931348,0.03623158,0.006250787,0.0071407952,1.2170597,1.2514907,1.2133229,0.4714043,0.365904,0.1793242
pork,pork_portion19_day6_rep2,pork_portion19,6,2,Spoiled,2,0.004045589,0.26308915,0.39732757,0.011877779,0.029864686,0.030883012,0.55518895,0.99071324,0.39732757,0.0037701635,0.026061876,0.030883012,0.2627844,0.97160107,0.90320784,0.030279707,0.006437581,0.0026272144,0.49647352,0.3447298,0.18489854,0.07344628,0.08311496,0.079364754,0.08329689,0.64019144,0.49647352,0.008763821,0.10374794,0.07344628,0.40887448,0.052137755,0.11751663,0.08109217,0.011213547,0.007980065,0.7937469,0.6493386,0.0,0.03068209,0.026831105,0.0,0.13402684,1.0,0.7937469,0.0016641205,0.0,0.03068209,0.6973389,0.018790673,0.28216243,0.025687277,0.0025766026,0.00846583,0.8861187,0.50659364,0.32008046,0.03347426,0.03316089,0.035090003,0.05297597,0.63777584,0.8861187,0.0019686427,0.027308386,0.03347426,0.6432587,0.1381634,0.1663351,0.030552378,0.0027926513,0.003755085,1.2182224,1.2175313,1.1757382,0.33381426,0.2544005,0.17490135
pork,pork_portion20_day6_rep2,pork_portion20,6,2,Spoiled,2,0.004275215,0.20413212,0.3385793,0.015403195,0.0455159,0.04721699,0.56589526,0.98982745,0.3385793,0.008433468,0.034563933,0.04721699,0.20149007,0.9016036,0.90356904,0.047864113,0.27298704,0.005994407,0.4993309,0.3725672,0.26628953,0.035692193,0.037701916,0.03927684,0.07359402,0.46743062,0.4993309,0.0053968546,0.04321966,0.035692193,0.43198293,0.042902354,0.08201296,0.037805784,0.005238999,0.0054743066,0.821829,0.5745283,0.0,0.020399554,0.027600963,0.0,0.11417853,1.0,0.821829,0.0033305902,0.0,0.020399554,0.6576892,0.069258824,0.2741064,0.022755967,0.007468724,0.0068813046,0.88736194,0.52099496,0.35429445,0.048958145,0.057117697,0.051519144,0.050378483,0.60083085,0.88736194,0.0055380627,0.03877929,0.048958145,0.65248686,0.13321137,0.15265875,0.049160343,0.009846107,0.006523923,1.2105573,1.13892,1.1652,0.29755315,0.24853276,0.13735549
pork,pork_portion11_day6_rep3,pork_portion11,6,3,Spoiled,2,0.037348807,0.3175858,0.46239734,0.04863126,0.041805465,0.041877825,0.5549274,0.9250661,0.46239734,0.0028265172,0.08691855,0.041877825,0.3188841,0.9661169,0.8968927,0.043041162,0.005110277,0.0035354185,0.5156143,0.34910655,0.14297569,0.0392444,0.039295256,0.043536402,0.089762114,0.72521687,0.5156143,0.0034244335,0.065586194,0.0392444,0.4176816,0.05592667,0.1432039,0.039997645,0.0034746244,0.007372806,0.88188916,0.62775475,0.0014678574,0.043664496,0.045636512,0.016381245,0.116438925,0.99843806,0.88188916,0.0036939643,0.01676327,0.043664496,0.7083244,0.068095446,0.29036006,0.040491767,0.007705115,0.012723848,0.854599,0.4955524,0.36281756,0.05489551,0.053173024,0.050025146,0.042964146,0.57535815,0.854599,0.0024488522,0.035861205,0.05489551,0.6274568,0.13346763,0.13511863,0.049393523,0.006914478,0.006726052,1.1858559,1.1515156,1.1699665,0.32600036,0.22379364,0.18685018
pork,pork_portion12_day6_rep3,pork_portion12,6,3,Spoiled,2,0.050818775,0.2912461,0.35560858,0.057398215,0.0845701,0.102381945,0.53256583,0.88125545,0.35560858,0.0066944542,0.11902605,0.102381945,0.28350094,0.9476593,0.9438048,0.08858362,0.007985451,0.01465125,0.4915323,0.30945942,0.10641637,0.0664225,0.060703035,0.054611966,0.08542236,0.7863854,0.4915323,0.0056285155,0.09198302,0.0664225,0.38250092,0.06589678,0.14526312,0.062210977,0.008961003,0.018385287,0.8874433,0.611881,0.00091225136,0.054527063,0.061172176,0.009535635,0.11266291,0.99902225,0.8874433,0.005170899,0.0100072455,0.054527063,0.7002813,0.07854302,0.28891402,0.052891355,0.011272475,0.016401274,0.8843893,0.54808116,0.43405405,0.043180786,0.048944358,0.04745115,0.04019254,0.5086638,0.8843893,0.0030244486,0.03238713,0.043180786,0.66914284,0.12309148,0.1177509,0.04296073,0.007674441,0.0050692423,1.1937231,1.1653115,1.2292261,0.34896976,0.29358432,0.17958559
pork,pork_portion13_day6_rep3,pork_portion13,6,3,Spoiled,2,0.019235078,0.35847402,0.54677606,0.0368953,0.04959342,0.053346563,0.55766773,0.96816206,0.54677606,0.0038095312,0.05879019,0.053346563,0.3626157,0.96811634,0.8720663,0.049046926,0.03741472,0.0051698536,0.46721825,0.31100488,0.20594688,0.055777524,0.0494092,0.042586565,0.064690694,0.5611835,0.46721825,0.0048379623,0.050072953,0.055777524,0.37756076,0.058600515,0.08965149,0.053372722,0.0037630347,0.009216451,0.8249754,0.5915438,0.0,0.032560054,0.03006783,0.0,0.11756277,1.0,0.8249754,0.0019056457,0.0,0.032560054,0.66909194,0.061979737,0.27713776,0.028299915,0.00323787,0.009204133,0.90165097,0.44431266,0.31338292,0.045900635,0.049512472,0.05249683,0.03507935,0.65235025,0.90165097,0.002253206,0.04172866,0.045900635,0.61653006,0.17418313,0.15851544,0.042668458,0.008584841,0.009015053,1.1998398,1.1264774,1.0972499,0.34663084,0.27424058,0.17153311
pork,pork_portion14_day6_rep3,pork_portion14,6,3,Spoiled,2,0.044322103,0.2379968,0.32677218,0.070118435,0.06174487,0.052561328,0.5502456,0.8842818,0.32677218,0.0069264257,0.16264568,0.052561328,0.23330717,0.9684643,0.9311021,0.06637244,0.007941629,0.011581983,0.45587155,0.2773133,0.18996839,0.03037057,0.031511508,0.02710457,0.052694697,0.5832155,0.45587155,0.004611093,0.0340241,0.03037057,0.35148436,0.07172206,0.08614505,0.03226903,0.0039949724,0.0051498446,0.82637835,0.62657624,0.0,0.02563593,0.025749309,0.0,0.124391966,1.0,0.82637835,0.002892167,0.0,0.02563593,0.6915866,0.04465128,0.28267828,0.022893084,0.0068047075,0.0072789975,0.89265627,0.5565788,0.22268532,0.038890507,0.04639917,0.047836866,0.08119082,0.7501799,0.89265627,0.0043572993,0.044832308,0.038890507,0.67150396,0.11220324,0.22384992,0.03836093,0.012887678,0.005851132,1.2377661,1.218156,1.1939033,0.39373553,0.35073337,0.09180063
pork,pork_portion15_day6_rep3,pork_portion15,6,3,Spoiled,2,0.01584528,0.21521233,0.32612213,0.029929413,0.06330125,0.069524504,0.55875766,0.9611113,0.32612213,0.008481213,0.06812241,0.069524504,0.2097888,0.95972407,0.91742307,0.0675757,0.12459851,0.007103146,0.4925885,0.34234115,0.30781978,0.0664677,0.06794631,0.0625165,0.02827296,0.37953624,0.4925885,0.012142596,0.056694265,0.0664677,0.41089195,0.06078965,0.046331614,0.07013022,0.0049427585,0.0082616145,0.81766486,0.6768648,0.0001932972,0.050231848,0.046189886,0.0028179695,0.13613003,0.9997582,0.81766486,0.0018502856,0.0032200108,0.050231848,0.72149235,0.0153787695,0.2896205,0.043334533,0.0030552696,0.014052741,0.9140286,0.56542695,0.32333517,0.041737214,0.040788263,0.043741606,0.06626537,0.645609,0.9140286,0.003158698,0.034349736,0.041737214,0.68530196,0.12020598,0.18414928,0.037537344,0.0036876868,0.008742272,1.2678037,1.244092,1.2118555,0.3971451,0.31276965,0.15304464
pork,pork_portion16_day6_rep3,pork_portion16,6,3,Spoiled,2,0.004717005,0.19925548,0.34716904,0.016906759,0.068001926,0.07892958,0.5720328,0.9899661,0.34716904,0.011394937,0.034248266,0.07892958,0.19740029,0.71622425,0.8958178,0.07224995,0.43828997,0.009615932,0.44253057,0.2780164,0.20134038,0.06728629,0.07053777,0.06709888,0.05043646,0.5546342,0.44253057,0.008160036,0.080778904,0.06728629,0.34677085,0.06622774,0.07713491,0.071847625,0.0072638737,0.006531497,0.7785938,0.6579468,0.013939892,0.03505134,0.037248313,0.035718184,0.13821949,0.98285955,0.7785938,0.0025511915,0.04146253,0.03505134,0.6991191,0.008039948,0.27974474,0.033689085,0.005091779,0.008240827,0.8992395,0.59059656,0.39349824,0.052800052,0.052828256,0.047874674,0.06288633,0.5616151,0.8992395,0.0055931443,0.035542782,0.052800052,0.6967904,0.105127156,0.15316223,0.048211638,0.007250908,0.01253023,1.0559587,1.0643274,1.0836823,0.41059205,0.36028737,0.15954462
pork,pork_portion17_day6_rep3,pork_portion17,6,3,Spoiled,2,0.009103417,0.24166296,0.35042295,0.021531546,0.04581076,0.05475152,0.55134857,0.97787815,0.35042295,0.005904769,0.049863692,0.05475152,0.23718423,0.96822935,0.9179282,0.048635222,0.008338413,0.009956981,0.40619308,0.24183245,0.19328399,0.040855415,0.041773207,0.044109903,0.036566276,0.52822953,0.40619308,0.0039943126,0.062315475,0.040855415,0.3099336,0.069937445,0.06211211,0.044139903,0.0035782065,0.0054496885,0.8454552,0.6339985,0.0,0.012556727,0.014234263,0.0,0.12285665,1.0,0.8454552,0.0019259154,0.0,0.012556727,0.70165443,0.049055375,0.28638324,0.012224884,0.0037483205,0.0038643482,0.8893777,0.4428587,0.32420683,0.039525744,0.065672584,0.055687454,0.033500876,0.6348939,0.8893777,0.00705635,0.050932746,0.039525744,0.612241,0.17035307,0.1503999,0.045628462,0.02243999,0.009088224,1.2428362,1.2080821,1.1689199,0.4518615,0.3305568,0.20297624
pork,pork_portion18_day6_rep3,pork_portion18,6,3,Spoiled,2,0.0026157703,0.20638305,0.30952767,0.008938316,0.030492343,0.031380165,0.55441606,0.9927183,0.30952767,0.0053153574,0.024158843,0.031380165,0.19996552,0.9737987,0.9220746,0.03246754,0.006866128,0.002874118,0.40645632,0.22393386,0.1173892,0.029364057,0.030286515,0.02868151,0.058814544,0.71275383,0.40645632,0.0047479607,0.05155606,0.029364057,0.29604033,0.07572411,0.10153064,0.031212779,0.0050093406,0.00487177,0.8447827,0.6734513,0.0,0.025395822,0.022998272,0.0,0.13085708,1.0,0.8447827,0.002054681,0.0,0.025395822,0.7266603,0.028859835,0.29256135,0.021378402,0.0037276654,0.006913581,0.89185905,0.51772296,0.31627926,0.040001824,0.03931838,0.043479495,0.056247935,0.6447596,0.89185905,0.002151874,0.03568309,0.040001824,0.6512469,0.13480406,0.17186552,0.035853583,0.006471365,0.0072063236,1.2202708,1.2516404,1.2125925,0.47341585,0.36689118,0.17742278
pork,pork_portion19_day6_rep3,pork_portion19,6,3,Spoiled,2,0.0019938124,0.26396844,0.39990258,0.007843583,0.025621863,0.026707353,0.5552686,0.99537164,0.39990258,0.0032526164,0.017317047,0.026707353,0.2638147,0.9717715,0.90237886,0.025896294,0.0056042382,0.0019720553,0.5047259,0.3526568,0.18880205,0.07130738,0.078684896,0.07645799,0.08420478,0.6368532,0.5047259,0.0076997154,0.097013526,0.07130738,0.41707423,0.051594168,0.11925639,0.07722394,0.00946979,0.009375905,0.7931329,0.6485106,0.0,0.03135522,0.026171511,0.0,0.1338713,1.0,0.7931329,0.0015879443,0.0,0.03135522,0.6965663,0.019007707,0.28193438,0.025377816,0.0029915825,0.0084241675,0.88650787,0.50844455,0.32232812,0.03482791,0.03446544,0.03589862,0.053019665,0.63545096,0.88650787,0.0020656034,0.027661718,0.03482791,0.6444661,0.13749586,0.16571485,0.031726625,0.0031578634,0.0037472472,1.2179884,1.2165459,1.1762589,0.32502586,0.24747637,0.17395647
pork,pork_portion20_day6_rep3,pork_portion20,6,3,Spoiled,2,0.0017268925,0.20563363,0.34072748,0.01014355,0.041157972,0.042635117,0.56520706,0.996088,0.34072748,0.007912146,0.020883435,0.042635117,0.20312347,0.9235721,0.90317833,0.043027226,0.2370399,0.005091591,0.50227594,0.3724641,0.26407295,0.031380314,0.03353128,0.034789477,0.07385214,0.47440663,0.50227594,0.004915804,0.03873286,0.031380314,0.43255904,0.04417506,0.08375705,0.033414528,0.004462762,0.005163106,0.82353526,0.5741126,0.0,0.019065557,0.022270761,0.0,0.11398574,1.0,0.82353526,0.0026133263,0.0,0.019065557,0.6580695,0.070162736,0.27422327,0.01928453,0.005790221,0.005828998,0.886193,0.5232317,0.3572926,0.050369706,0.059240624,0.052938927,0.050254464,0.59702426,0.886193,0.0053054704,0.039610412,0.050369706,0.65337896,0.13177063,0.15143724,0.05096946,0.009865798,0.006693116,1.2236956,1.1536325,1.1810141,0.29632363,0.24701221,0.13745524
pork,pork_portion21_day6_rep1,pork_portion21,6,1,Spoiled,2,0.037644994,0.09016635,0.27620476,0.022789959,0.025548778,0.027531123,0.62806493,0.86847615,0.27620476,0.003923561,0.07165944,0.027531123,0.09512048,0.040314365,0.8788195,0.028571585,0.003783505,0.00410196,0.6572823,0.47793806,0.1039334,0.064217396,0.06408043,0.08308569,0.11079532,0.8487184,0.6572823,0.0035036725,0.11100968,0.064217396,0.5469529,0.049161002,0.20972513,0.061375994,0.01022689,0.0124349,0.90455776,0.65126354,0.001990824,0.038323153,0.03957424,0.017221455,0.117794655,0.9978602,0.90455776,0.0027786992,0.018132249,0.038323153,0.72932184,0.06582477,0.2969809,0.035240687,0.005407007,0.011161246,0.88725084,0.5798897,0.46755648,0.033695098,0.033520523,0.034625,0.04292811,0.4715872,0.88725084,0.0022496418,0.023937687,0.033695098,0.6894815,0.11025042,0.10980084,0.030474309,0.006295912,0.0052530617,0.8074144,0.8610449,0.9744464,0.20285383,0.18447542,0.19646184
pork,pork_portion22_day6_rep1,pork_portion22,6,1,Spoiled,2,0.02069324,0.28353435,0.4114372,0.03131845,0.03761082,0.038112685,0.5526216,0.9529409,0.4114372,0.005362306,0.068344355,0.038112685,0.28279722,0.9664953,0.9063922,0.03847568,0.0085596545,0.008505411,0.5319371,0.30953035,0.090895884,0.044575837,0.04047019,0.046802513,0.08075549,0.83193046,0.5319371,0.0028473565,0.07584741,0.044575837,0.3969769,0.083802305,0.16009736,0.04176055,0.0050071264,0.0095386375,0.9171936,0.6674592,0.0,0.034400634,0.047713257,0.0,0.11920999,1.0,0.9171936,0.0053954143,0.0,0.034400634,0.7430127,0.06308298,0.30144802,0.038271543,0.013138138,0.011504641,0.89636534,0.56435376,0.43612957,0.079111695,0.05274984,0.046271697,0.04401294,0.5111853,0.89636534,0.003864365,0.035853565,0.079111695,0.6820071,0.119475655,0.12346699,0.057487313,0.013044687,0.014098117,1.1615248,1.1806395,1.2205665,0.37436625,0.28958,0.19641554
pork,pork_portion23_day6_rep1,pork_portion23,6,1,Spoiled,2,0.02341327,0.14071997,0.16280001,0.03578684,0.1038731,0.08891295,0.54491526,0.8902993,0.16547696,0.058564354,0.13150188,0.09101753,0.12862448,0.66104233,0.9785822,0.10233751,0.43697596,0.039220273,0.516634,0.34772956,0.23099424,0.07826939,0.084507935,0.08369943,0.06576391,0.5646867,0.516634,0.0070826146,0.10493113,0.07826939,0.41869196,0.06239007,0.09720253,0.08374038,0.009723162,0.011134075,0.8615469,0.52027535,0.00033931303,0.02900385,0.026767569,0.0066258986,0.0986683,0.9996009,0.8615469,0.0024472794,0.0076504024,0.02900385,0.63825786,0.11404247,0.27255997,0.025016632,0.003763758,0.007985409,0.8331479,0.40792292,0.17029375,0.057819035,0.075807,0.14561787,0.05604312,0.80401886,0.8331479,0.012806341,0.1628969,0.057819035,0.56988573,0.16144522,0.1977233,0.062082283,0.0131242145,0.037466295,1.1042435,1.0283008,1.026669,0.28570506,0.20682335,0.111903064
pork,pork_portion24_day6_rep1,pork_portion24,6,1,Spoiled,2,0.003998032,0.23729044,0.4187912,0.015237517,0.040980402,0.045759734,0.5714029,0.991995,0.4187912,0.0055418266,0.028703265,0.045759734,0.24244758,0.7674631,0.87686276,0.04233872,0.41397017,0.0044262996,0.44402936,0.28536204,0.2661857,0.04848551,0.048951272,0.0494074,0.015126638,0.40335232,0.44402936,0.009634462,0.04737368,0.04848551,0.355339,0.067988314,0.04109169,0.051010735,0.0044240826,0.0056600147,0.8588308,0.6588674,0.0,0.022530658,0.03046942,0.0,0.12576821,1.0,0.8588308,0.0036292037,0.0,0.022530658,0.72124064,0.042232797,0.29211602,0.024809457,0.008819211,0.007596091,0.9089167,0.47012186,0.3337118,0.046647977,0.058575604,0.060614217,0.037553817,0.63334143,0.9089167,0.0028943243,0.05264807,0.046647977,0.63287205,0.16550279,0.15536451,0.047762066,0.010881645,0.009597835,1.0956837,1.0474399,1.0175202,0.4444779,0.31558192,0.20421918
pork,pork_portion25_day6_rep1,pork_portion25,6,1,Spoiled,2,0.011081939,0.28233126,0.39563885,0.02389302,0.038046952,0.04455087,0.54723775,0.9746169,0.39563885,0.0038522792,0.050685514,0.04455087,0.2794928,0.9607183,0.9141943,0.03981816,0.006133054,0.0070215464,0.5104211,0.32987836,0.15030205,0.03565942,0.03362518,0.03581392,0.081007876,0.70631117,0.5104211,0.003530165,0.05589566,0.03565942,0.40356353,0.06461547,0.13390785,0.03456999,0.0047554635,0.008555562,0.8729116,0.6477314,0.0051981644,0.043161817,0.041594394,0.028908644,0.12143684,0.99364054,0.8729116,0.0030266724,0.03537783,0.043161817,0.718031,0.054072436,0.29128858,0.037759356,0.0077310926,0.013679918,0.9425331,0.574064,0.38355845,0.03741962,0.04146271,0.047962148,0.054862987,0.5921366,0.9425331,0.0016358079,0.04006266,0.03741962,0.7012229,0.13012406,0.16189703,0.03563921,0.008202979,0.011053006,1.1946718,1.1842018,1.1973697,0.35180908,0.30606514,0.15102495
pork,pork_portion26_day6_rep1,pork_portion26,6,1,Spoiled,2,0.00067269406,0.25531757,0.42086995,0.0037579988,0.027786458,0.02912791,0.56397784,0.99843544,0.42086995,0.004355551,0.008173769,0.02912791,0.25887254,0.97985536,0.88503635,0.028166294,0.065958194,0.0033651371,0.4115758,0.26674893,0.18244965,0.10706965,0.07564392,0.061628923,0.060454566,0.569576,0.41157854,0.045927595,0.09824365,0.107059225,0.32701397,0.057623897,0.07683829,0.09172702,0.033625893,0.022636699,0.8005229,0.62899613,0.006760253,0.12256357,0.09875146,0.03061591,0.12869075,0.9883675,0.80054724,0.004983043,0.049820635,0.122415915,0.6843213,0.04178293,0.27703318,0.103446126,0.09426846,0.039557885,0.88420683,0.4676679,0.30724967,0.035164133,0.0387857,0.035358712,0.04466001,0.65104824,0.88420683,0.004709289,0.033633742,0.035164133,0.6219133,0.15588672,0.16323361,0.029870814,0.015455816,0.007591872,1.2281442,1.1960996,1.1540027,0.40987492,0.3226226,0.17281428
pork,pork_portion27_day6_rep1,pork_portion27,6,1,Spoiled,2,0.004003492,0.29435304,0.4600513,0.012012688,0.04120801,0.055936527,0.55867857,0.992221,0.4600513,0.004062204,0.022256896,0.055936527,0.2973087,0.97530144,0.8848147,0.042439662,0.0069255363,0.011135639,0.49607274,0.33425325,0.24961643,0.05819631,0.05874241,0.062237673,0.05478247,0.50185007,0.49607274,0.0063736136,0.0837262,0.05819631,0.40440062,0.061946943,0.07816549,0.060219094,0.0071956217,0.011712484,0.9109028,0.6100073,0.0,0.035594944,0.038312588,0.0,0.10957313,1.0,0.9109028,0.003811694,0.0,0.035594944,0.70648056,0.08938419,0.29230297,0.03293199,0.009250878,0.010389948,0.87181854,0.3872605,0.19394936,0.062470343,0.06656235,0.1485579,0.043209538,0.7847169,0.87181854,0.016087387,0.16006897,0.062470343,0.5755526,0.18637948,0.19090474,0.05783745,0.008621824,0.042238925,1.2232612,1.1416397,1.0868894,0.37129498,0.23976362,0.19191618
pork,pork_portion28_day6_rep1,pork_portion28,6,1,Spoiled,2,0.0029522993,0.24497274,0.33359307,0.010002679,0.026286017,0.02782784,0.5428993,0.99196345,0.33359307,0.0040105325,0.025854835,0.02782784,0.23837212,0.9598075,0.92974764,0.027627164,0.00559305,0.004256157,0.5248918,0.32489693,0.1172752,0.055401944,0.06191309,0.061363887,0.082737446,0.78352624,0.5248918,0.006222416,0.09532101,0.055401944,0.404565,0.07303275,0.15064375,0.05968123,0.009260264,0.009875446,0.90066355,0.6013247,0.0,0.0340889,0.03521168,0.0,0.10928154,1.0,0.90066355,0.002858937,0.0,0.0340889,0.69814926,0.089474946,0.289611,0.031278357,0.005222841,0.0099221645,0.83122295,0.4639473,0.3388833,0.03350577,0.035764065,0.042925406,0.040052343,0.591342,0.83122295,0.004414629,0.039441373,0.03350577,0.60143036,0.13878767,0.13461532,0.032025453,0.005696614,0.011746913,1.1920538,1.1741587,1.1992165,0.32522908,0.20817441,0.1892352
pork,pork_portion29_day6_rep1,pork_portion29,6,1,Spoiled,2,0.006865749,0.25477135,0.3474783,0.014022288,0.031689964,0.040370934,0.54326385,0.98141205,0.3474783,0.0037766048,0.03680472,0.040370934,0.2491744,0.95940053,0.92706525,0.033715945,0.005021993,0.008050896,0.5980674,0.38849103,0.06743332,0.055684265,0.0528448,0.059142407,0.09884154,0.8927088,0.5980674,0.0034163326,0.08609106,0.055684265,0.4697434,0.06980773,0.19522235,0.052744355,0.0059319823,0.008088062,0.7737791,0.53387034,0.0,0.07387153,0.052431006,0.0,0.1130468,1.0,0.7737791,0.0022395258,0.0,0.07387153,0.617407,0.069368705,0.2609723,0.05571609,0.0070991325,0.018765727,0.8988001,0.48426718,0.3472258,0.048506156,0.047608614,0.054401036,0.039351735,0.61361897,0.8988001,0.0036371648,0.042539574,0.048506156,0.63666266,0.15549614,0.14956586,0.042950433,0.0087964665,0.009566635,1.1728684,1.1710814,1.1836025,0.16164094,0.19310376,0.14212708
pork,pork_portion30_day6_rep1,pork_portion30,6,1,Spoiled,2,0.007591026,0.21236631,0.26227757,0.017034126,0.041993894,0.04467456,0.5311397,0.97646254,0.26227757,0.005628846,0.049997702,0.04467456,0.20006362,0.9545831,0.95368797,0.045282234,0.007580158,0.0056450986,0.60487354,0.43044224,0.1805181,0.039976142,0.040237874,0.042072482,0.096142724,0.70255816,0.60487354,0.0032114794,0.05215927,0.039976142,0.50091076,0.05313738,0.16277581,0.039335877,0.0042251763,0.0073871748,0.8753447,0.62782514,2.4265466e-05,0.03615357,0.0411781,0.00065795856,0.11749242,0.99996895,0.8753447,0.0038076092,0.00080577837,0.03615357,0.7064407,0.06523828,0.289694,0.035466615,0.008357887,0.011118464,0.8734599,0.5632244,0.4392736,0.048984364,0.053301156,0.048558842,0.045995932,0.49658984,0.8734599,0.00445516,0.030931963,0.048984364,0.6743864,0.11140854,0.11728559,0.047592394,0.0075306413,0.00556185,1.2363881,1.2199343,1.2788645,0.24186197,0.1885701,0.18133901
pork,pork_portion21_day6_rep2,pork_portion21,6,2,Spoiled,2,0.04445984,0.09056649,0.27635863,0.029192293,0.03151854,0.032973416,0.63151836,0.8471724,0.27635863,0.0057685277,0.09066057,0.032973416,0.096963994,0.040693957,0.8799657,0.03472927,0.0046698307,0.0050069094,0.6668696,0.4678167,0.075089306,0.07184808,0.0702325,0.07507974,0.10861459,0.8946897,0.6668696,0.0035735427,0.097292565,0.07184808,0.5427987,0.058181077,0.21803859,0.067529045,0.008411459,0.010509258,0.90079266,0.65067124,0.0007929448,0.03832755,0.039051488,0.006689138,0.11826008,0.9990979,0.90079266,0.0029135498,0.007158963,0.03832755,0.72790504,0.0645352,0.29656708,0.03477983,0.006239474,0.010949378,0.8896797,0.58554924,0.47312057,0.034575976,0.03428738,0.03614005,0.043174446,0.4666128,0.8896797,0.002549706,0.029523684,0.034575976,0.6937622,0.108817115,0.10895735,0.03046283,0.008854398,0.007411459,0.79826176,0.85965633,0.97737545,0.20117518,0.19300959,0.19576524
pork,pork_portion22_day6_rep2,pork_portion22,6,2,Spoiled,2,0.020820254,0.28443134,0.41333294,0.03395777,0.043390885,0.042737406,0.55286926,0.9542397,0.41333294,0.0057511516,0.07119153,0.042737406,0.2837022,0.9666619,0.9061441,0.044243496,0.009436561,0.0070741796,0.53985053,0.31991783,0.102305345,0.052643705,0.050048206,0.057858642,0.08071377,0.8158915,0.53985053,0.0036626628,0.0925959,0.052643705,0.40638635,0.082016766,0.15865913,0.05103134,0.0049573253,0.011190287,0.9162241,0.67577165,0.0,0.032345798,0.040599536,0.0,0.120884724,1.0,0.9162241,0.0043048677,0.0,0.032345798,0.7478289,0.05846691,0.30249798,0.033447716,0.010447252,0.010241619,0.81515825,0.5090851,0.40287542,0.19499806,0.10406457,0.07477258,0.048737805,0.48229223,0.8151828,0.06683143,0.11815625,0.19493234,0.62114704,0.11429384,0.1135196,0.1302727,0.05348024,0.06871075,1.1646382,1.1851668,1.2118803,0.3712509,0.22181422,0.23426005
pork,pork_portion23_day6_rep2,pork_portion23,6,2,Spoiled,2,0.025718028,0.1284247,0.17188801,0.03715142,0.10486178,0.08993763,0.5611333,0.8838469,0.17320019,0.06118913,0.13109191,0.09093961,0.11856348,0.5484955,0.96100974,0.10310663,0.46693328,0.08511749,0.5192944,0.34555504,0.21412845,0.07523443,0.08238865,0.08506826,0.06949275,0.60098076,0.5192944,0.005336731,0.11503208,0.07523443,0.41787764,0.0637028,0.106348805,0.08130568,0.009544458,0.010852644,0.85744804,0.5177032,0.0014914911,0.03382755,0.03276591,0.016211968,0.09847427,0.99825627,0.85744804,0.0030064269,0.018735519,0.03382755,0.63539803,0.11375008,0.27130222,0.03008987,0.0043119765,0.010017065,0.8264976,0.39947727,0.15451008,0.060807146,0.07682381,0.13987873,0.057259407,0.82158464,0.8264976,0.012111974,0.15664035,0.060807146,0.5627473,0.16240795,0.20196953,0.06337336,0.013315748,0.034719244,1.0271603,0.96530724,0.9604712,0.27754185,0.19968286,0.11159184
pork,pork_portion24_day6_rep2,pork_portion24,6,2,Spoiled,2,0.005941064,0.23153242,0.41171876,0.017981756,0.044589084,0.050958395,0.5725173,0.9878757,0.41171876,0.0060169026,0.03465886,0.050958395,0.23630843,0.7008807,0.8776664,0.04640381,0.4501003,0.006032526,0.43583518,0.27415934,0.2629871,0.053124417,0.05232077,0.05108617,0.007818477,0.39979166,0.43583518,0.006034167,0.044477507,0.053124417,0.34486392,0.0705041,0.037385527,0.055178303,0.0035380474,0.0035599433,0.85873216,0.6619858,3.2770768e-05,0.02708856,0.034038875,0.0007236455,0.12641633,0.9999522,0.85873216,0.0042500836,0.00096686505,0.02708856,0.7231302,0.040689852,0.29259193,0.028000701,0.010454615,0.008589591,0.91665167,0.47972935,0.34577355,0.049783643,0.06368859,0.06479763,0.03731862,0.62363565,0.91665167,0.0031038998,0.055276956,0.049783643,0.6410256,0.16436422,0.15312013,0.051534414,0.01207852,0.00982517,1.0560449,1.0075513,0.98823744,0.45727953,0.33153576,0.20368825
pork,pork_portion25_day6_rep2,pork_portion25,6,2,Spoiled,2,0.015392325,0.2879722,0.3986946,0.028630812,0.04320877,0.05137308,0.5461164,0.96407247,0.3986946,0.003973731,0.06354296,0.05137308,0.2849676,0.95908415,0.9157221,0.045062874,0.006788296,0.0096768895,0.507928,0.32390597,0.1474834,0.04415737,0.04346705,0.043778393,0.07959373,0.7124729,0.507928,0.0037919527,0.06453363,0.04415737,0.39855042,0.066846125,0.13318938,0.044587277,0.0037526817,0.007864246,0.8761181,0.6514279,3.236508e-05,0.039255872,0.039906483,0.0012293602,0.12188235,0.9999622,0.8761181,0.0028047196,0.0013364233,0.039255872,0.7212027,0.053539224,0.293246,0.035882145,0.0053425436,0.011384442,0.94086605,0.5713773,0.38548338,0.037215613,0.04223528,0.047592267,0.05378703,0.58946294,0.94086605,0.0026303902,0.03882604,0.037215613,0.6991896,0.13094744,0.15991962,0.036139265,0.008169597,0.010445473,1.1922027,1.1822814,1.1952521,0.36041597,0.30855697,0.15573224
pork,pork_portion26_day6_rep2,pork_portion26,6,2,Spoiled,2,0.0019061663,0.25709516,0.420952,0.0076593,0.033918235,0.035264846,0.56357396,0.9957977,0.420952,0.00498846,0.015899714,0.035264846,0.26043248,0.97859544,0.8861572,0.034495886,0.06890449,0.0034145303,0.45140254,0.28877926,0.19115078,0.053725168,0.05202135,0.04929185,0.05943731,0.57975763,0.45140254,0.009563793,0.07366114,0.053725168,0.35685304,0.063252285,0.08790645,0.05445033,0.005082333,0.013897611,0.8380498,0.6551614,6.1187595e-05,0.042338457,0.041484438,0.0012903465,0.12820515,0.99992484,0.8380498,0.0022510567,0.0014823982,0.042338457,0.7129427,0.035190787,0.28875083,0.038101796,0.0041421545,0.012245414,0.8850749,0.46735805,0.30570996,0.0384933,0.042610098,0.040554084,0.044634398,0.65350854,0.8850749,0.004532949,0.03632183,0.0384933,0.621976,0.15634003,0.16418165,0.034097135,0.014762769,0.0073251342,1.2183409,1.2048537,1.1524177,0.40978748,0.29115877,0.19613658
pork,pork_portion27_day6_rep2,pork_portion27,6,2,Spoiled,2,0.0048432425,0.29466033,0.4561925,0.014544368,0.04626883,0.058730938,0.55791134,0.9906453,0.4561925,0.004804209,0.026621854,0.058730938,0.29701945,0.9735592,0.8871821,0.047272615,0.020076927,0.01078305,0.4992299,0.33674657,0.24063073,0.060953077,0.060189568,0.063810624,0.059351236,0.5242131,0.4992299,0.0081683835,0.08143476,0.060953077,0.4065536,0.06119948,0.08464764,0.06224843,0.0049445033,0.011381263,0.90701455,0.60623425,0.0,0.03685542,0.03693859,0.0,0.10938607,1.0,0.90701455,0.003428712,0.0,0.03685542,0.7030549,0.089678556,0.29114488,0.03263619,0.008243063,0.0103465365,0.8586489,0.38056138,0.1555214,0.06513411,0.06629871,0.15679789,0.048863366,0.82784283,0.8586489,0.017440025,0.16987532,0.06513411,0.56656057,0.18379201,0.2018258,0.058577277,0.010688129,0.044271022,1.2200245,1.1407762,1.0798601,0.36244336,0.23315634,0.18832403
pork,pork_portion28_day6_rep2,pork_portion28,6,2,Spoiled,2,0.004896396,0.2490324,0.3310681,0.013364948,0.03194889,0.033046443,0.54016113,0.98692495,0.3310681,0.004197039,0.03458627,0.033046443,0.24173315,0.9569118,0.93324155,0.033226196,0.0063928897,0.0033714254,0.52293783,0.32366997,0.112338424,0.05926273,0.06495813,0.06657926,0.08382262,0.79407716,0.52293783,0.005039452,0.10335835,0.05926273,0.40305224,0.072742924,0.15209873,0.0631349,0.008797028,0.008713363,0.88930106,0.5943707,0.001313483,0.041910857,0.037754964,0.014938591,0.109315425,0.9985988,0.88930106,0.0030307695,0.015825277,0.041910857,0.6904604,0.08817347,0.28667557,0.034951624,0.007382729,0.011165024,0.82140774,0.46047148,0.32993585,0.045071788,0.0442446,0.05324871,0.041950148,0.5984419,0.82140774,0.0047850823,0.046588834,0.045071788,0.59567064,0.13618423,0.13649356,0.041376565,0.0048165317,0.012024808,1.1907823,1.1722244,1.1973608,0.31773016,0.20339657,0.18396947
pork,pork_portion29_day6_rep2,pork_portion29,6,2,Spoiled,2,0.00816125,0.25676134,0.3452375,0.016632097,0.035510592,0.042422626,0.5418049,0.9781199,0.3452375,0.0042230105,0.0429767,0.042422626,0.2506813,0.9576767,0.92951554,0.037567507,0.006068824,0.0074387975,0.6024007,0.392506,0.074022874,0.058504943,0.05711963,0.06317363,0.09846462,0.88362944,0.6024007,0.003324536,0.09104892,0.058504943,0.47376207,0.06976813,0.19461477,0.056489658,0.0060769636,0.007008122,0.7728746,0.5334673,0.0,0.076516286,0.054288257,0.0,0.11302381,1.0,0.7728746,0.002124425,0.0,0.076516286,0.6167902,0.069279715,0.2607712,0.05775338,0.007094447,0.01938827,0.8998652,0.48736954,0.3548428,0.046953827,0.04862593,0.053725928,0.038540673,0.6055894,0.8998652,0.0034703,0.041821267,0.046953827,0.6389351,0.15471794,0.14657678,0.042978685,0.009057213,0.0088091735,1.1739786,1.1706852,1.1867926,0.15758792,0.19184954,0.14432758
pork,pork_portion30_day6_rep2,pork_portion30,6,2,Spoiled,2,0.010696989,0.2074996,0.25771406,0.02119605,0.0493863,0.05446375,0.53242975,0.96649784,0.25771406,0.005399688,0.062100254,0.05446375,0.19479513,0.9562141,0.9538677,0.05379303,0.00800069,0.0065150717,0.59280145,0.42110282,0.17538926,0.058981802,0.052986044,0.05092169,0.09603769,0.7070888,0.59280145,0.003215157,0.062165774,0.058981802,0.49057075,0.05261685,0.16050225,0.054174427,0.0043067033,0.009521963,0.8751396,0.6251885,0.0008897339,0.03824936,0.04249268,0.011717944,0.11688528,0.99905765,0.8751396,0.0036740028,0.01211723,0.03824936,0.7047316,0.06651488,0.28916794,0.03705659,0.008123189,0.011377768,0.87279797,0.5648677,0.43609428,0.048736673,0.052744173,0.050414134,0.04729007,0.49995133,0.87279797,0.003645496,0.033838153,0.048736673,0.67497474,0.11011264,0.11928922,0.047297567,0.0072062686,0.0060256273,1.2383052,1.2220579,1.2817883,0.25022566,0.19750723,0.17789046
pork,pork_portion21_day6_rep3,pork_portion21,6,3,Spoiled,2,0.040382672,0.09185008,0.27518076,0.02670674,0.031567976,0.032854635,0.62825876,0.860711,0.27518076,0.0059006927,0.082706995,0.032854635,0.097029544,0.03854614,0.880824,0.034454193,0.0045536086,0.004637872,0.6565334,0.4748132,0.09712092,0.069361046,0.0677427,0.08337182,0.11063954,0.85981363,0.6565334,0.0035575887,0.11079492,0.069361046,0.5444399,0.05034209,0.21097519,0.06544795,0.009074095,0.012156478,0.8994469,0.64949834,0.00094096124,0.037884045,0.039727896,0.0078624645,0.11823245,0.9989444,0.8994469,0.0029599215,0.00840499,0.037884045,0.72676694,0.064508975,0.29616964,0.035134934,0.006225032,0.011007597,0.8901525,0.5797439,0.46724838,0.033531748,0.035815246,0.036253367,0.04261511,0.47387096,0.8901525,0.0026151217,0.023844704,0.033531748,0.69031066,0.11140254,0.11060493,0.031868123,0.0063833375,0.0041978895,0.8056132,0.8596883,0.97495025,0.20174722,0.1872988,0.19483924
pork,pork_portion22_day6_rep3,pork_portion22,6,3,Spoiled,2,0.024322608,0.28348252,0.41256616,0.03814069,0.0435273,0.04240927,0.55358654,0.9460176,0.41256616,0.005447803,0.08072357,0.04240927,0.282942,0.96708035,0.9059107,0.044609647,0.020204758,0.007540148,0.5342556,0.31284493,0.093222536,0.0525264,0.04826305,0.05535451,0.08110314,0.8305465,0.5342556,0.0028486976,0.08878237,0.0525264,0.39978346,0.08313203,0.16002898,0.049751565,0.005649822,0.010077199,0.8838687,0.6546572,0.002825755,0.07371497,0.06011327,0.017314997,0.1213072,0.99589324,0.8838687,0.0037844677,0.024813298,0.07371497,0.72522444,0.055260066,0.29415557,0.05895244,0.009800976,0.020885808,0.9126036,0.5659711,0.43901026,0.03738151,0.040027447,0.038840223,0.0421661,0.5178068,0.9126036,0.0034271544,0.02576873,0.03738151,0.6885819,0.12539272,0.12550117,0.035632767,0.0053761434,0.0055563985,1.1624784,1.1837543,1.2173828,0.3530986,0.29390928,0.18629432
pork,pork_portion23_day6_rep3,pork_portion23,6,3,Spoiled,2,0.030529626,0.14385521,0.16885906,0.045494277,0.10534737,0.090563096,0.54636896,0.8632493,0.17133157,0.05956728,0.17204374,0.09267398,0.13262449,0.65503484,0.9775819,0.104612775,0.43967512,0.032566853,0.52094275,0.35029683,0.22966215,0.075856484,0.08501407,0.08371637,0.06684363,0.57112426,0.52094275,0.0076765777,0.106781974,0.075856484,0.42183867,0.0628319,0.09968484,0.08297627,0.011061132,0.010241956,0.86272746,0.52255124,0.0,0.024207152,0.026326755,0.0,0.098893285,1.0,0.86272746,0.0026796446,0.0,0.024207152,0.64001215,0.11341816,0.27313095,0.023082308,0.0044413903,0.0071516945,0.8433908,0.41733348,0.21066108,0.060061503,0.077042915,0.14082164,0.050840937,0.7578136,0.8433908,0.0115745375,0.1564891,0.060061503,0.5792376,0.16193613,0.18520837,0.06350017,0.012244787,0.0364588,1.0977489,1.0232507,1.0346329,0.2832705,0.20472015,0.1173794
pork,pork_portion24_day6_rep3,pork_portion24,6,3,Spoiled,2,0.0045511215,0.21657875,0.3875176,0.01720677,0.043084823,0.05177655,0.57292724,0.99056983,0.3875176,0.0059581357,0.033570703,0.05177655,0.21972519,0.7083799,0.8828339,0.045532435,0.44765496,0.0074799,0.44400153,0.2842878,0.2731966,0.051558122,0.053333707,0.05202395,0.086453274,0.38850763,0.44400153,0.26467422,0.047375795,0.051558122,0.35489213,0.069282025,0.036507554,0.055002086,0.0054699876,0.00483613,0.84616864,0.6495169,4.8986512e-05,0.0378086,0.041200437,0.0010797051,0.12587169,0.9999313,0.84616864,0.0035249523,0.0014890936,0.0378086,0.7116529,0.041585047,0.2888803,0.03633099,0.007996558,0.011459037,0.90937674,0.48234326,0.3527022,0.05179067,0.062251337,0.06339463,0.036872815,0.61295575,0.90937674,0.002766735,0.052450914,0.05179067,0.63977927,0.16070206,0.14855266,0.051958345,0.010246886,0.0092461,1.0691046,1.0195043,1.0077527,0.43787825,0.31948772,0.19760194
pork,pork_portion25_day6_rep3,pork_portion25,6,3,Spoiled,2,0.014805909,0.2883459,0.40088233,0.027782733,0.04088952,0.048885394,0.5466143,0.9658491,0.40088233,0.0037789512,0.060820207,0.048885394,0.28550944,0.95952797,0.9145966,0.04263334,0.006366348,0.009191958,0.5080595,0.32573202,0.14992614,0.041267138,0.040325005,0.04089294,0.079821765,0.7072965,0.5080595,0.0028915703,0.058802377,0.041267138,0.39971498,0.06595586,0.13259101,0.041177973,0.0031861896,0.006140181,0.87530077,0.64778805,0.0032095679,0.043196924,0.04452208,0.020161614,0.121139474,0.9961844,0.87530077,0.00327198,0.023862565,0.043196924,0.71873444,0.055127963,0.29210272,0.039694723,0.0075827804,0.012926584,0.94105744,0.5746108,0.3850834,0.03776301,0.042837165,0.046874266,0.0548901,0.5899501,0.94105744,0.002065047,0.03815711,0.03776301,0.7010664,0.12936811,0.16100493,0.03650542,0.008939954,0.009685889,1.1929153,1.1803058,1.1957229,0.3568398,0.309259,0.15169176
pork,pork_portion26_day6_rep3,pork_portion26,6,3,Spoiled,2,0.0015519405,0.23121539,0.3936749,0.007451255,0.05089491,0.0578044,0.5681575,0.9966389,0.3936749,0.0081053795,0.01525989,0.0578044,0.23328516,0.85136867,0.8870394,0.05346431,0.3384951,0.00598027,0.4515925,0.2906898,0.18997201,0.052777912,0.05049155,0.048928797,0.06125206,0.58300805,0.4515925,0.00998993,0.070547365,0.052777912,0.35815573,0.06221988,0.08928241,0.05309088,0.0061930357,0.012576622,0.8407903,0.6555779,0.0,0.041157972,0.040752932,0.0,0.12792414,1.0,0.8407903,0.0024494918,0.0,0.041157972,0.7139789,0.036157254,0.28923887,0.037335347,0.0043752426,0.011961308,0.88693225,0.46377382,0.30534446,0.037722297,0.042392336,0.039653562,0.04359774,0.65465134,0.88693225,0.0043866155,0.034933403,0.037722297,0.6207255,0.15885277,0.16396168,0.034034282,0.013900321,0.0070606275,1.1290548,1.1193756,1.0735594,0.40898895,0.2895821,0.19860704
pork,pork_portion27_day6_rep3,pork_portion27,6,3,Spoiled,2,0.0068108444,0.29342684,0.46186426,0.018050844,0.045531206,0.059166547,0.5599084,0.98687047,0.46186426,0.0044716033,0.03356774,0.059166547,0.2966711,0.97492516,0.8834576,0.046788096,0.041470945,0.011130701,0.49783683,0.3341852,0.24675587,0.063746825,0.06316527,0.06688623,0.055291783,0.5109156,0.49783683,0.00830451,0.08882302,0.063746825,0.4045595,0.062499948,0.080098934,0.065051615,0.0069195805,0.012924568,0.9080808,0.6058171,0.0,0.036325045,0.03809305,0.0,0.109166086,1.0,0.9080808,0.0034967107,0.0,0.036325045,0.7031343,0.090301715,0.291305,0.03324833,0.007934538,0.010491843,0.8742808,0.38674775,0.23012374,0.067802794,0.07270067,0.13533491,0.036756046,0.7434299,0.8742808,0.013754189,0.14435735,0.067802794,0.5769299,0.18828432,0.17744254,0.06279161,0.009017694,0.03782834,1.2204691,1.1394805,1.0935291,0.3667804,0.23454009,0.19619581
pork,pork_portion28_day6_rep3,pork_portion28,6,3,Spoiled,2,0.0050062533,0.24745709,0.33266556,0.01320575,0.031318046,0.032495596,0.5416336,0.9866515,0.33266556,0.0042128437,0.03405852,0.032495596,0.24047317,0.95831776,0.93172383,0.03275322,0.0063049486,0.0034618238,0.5170821,0.32249177,0.11632832,0.06982369,0.07349123,0.07245366,0.08374326,0.7855398,0.5170821,0.006420084,0.10473316,0.06982369,0.40007335,0.07083586,0.1489404,0.07185653,0.010499805,0.009863755,0.89036375,0.59394014,0.0009952262,0.042081896,0.03854598,0.0127442805,0.10913324,0.99894804,0.89036375,0.0029270018,0.013327661,0.042081896,0.69050103,0.08885185,0.2868954,0.03552945,0.0069770818,0.0112989275,0.7993006,0.44269505,0.30820283,0.070542194,0.060082566,0.066385984,0.04353303,0.6166851,0.7993006,0.0049847774,0.057329472,0.070542194,0.5771091,0.13524479,0.13888954,0.060252067,0.006128603,0.0119699985,1.1940881,1.1723053,1.1913686,0.32203168,0.18865626,0.19213477
pork,pork_portion29_day6_rep3,pork_portion29,6,3,Spoiled,2,0.0078013213,0.25739235,0.34763056,0.017305711,0.035315372,0.0444116,0.54214895,0.97941893,0.34763056,0.0048281066,0.04393109,0.0444116,0.2514618,0.9581119,0.928305,0.037405755,0.0060974183,0.009109403,0.5997706,0.39087942,0.07670868,0.05805905,0.057171587,0.063771784,0.09806308,0.8788709,0.5997706,0.0032345576,0.09258464,0.05805905,0.4719981,0.069504604,0.19297259,0.05659732,0.0060066893,0.006481849,0.77022946,0.53405535,0.0,0.07649065,0.05509281,0.0,0.113527045,1.0,0.77022946,0.0023788759,0.0,0.07649065,0.6163622,0.06783324,0.26044965,0.058279827,0.0073159374,0.019540628,0.91502726,0.49755773,0.3695144,0.042692665,0.060172576,0.06402809,0.037136246,0.5962664,0.91502726,0.003138681,0.055952676,0.042692665,0.65045625,0.15629943,0.14478885,0.04693944,0.014852232,0.012571342,1.1742967,1.1712297,1.1899568,0.1593642,0.20421147,0.14955297
pork,pork_portion30_day6_rep3,pork_portion30,6,3,Spoiled,2,0.011706691,0.20648558,0.26099402,0.022133121,0.04918452,0.055653423,0.5348576,0.9637364,0.26099402,0.0044799973,0.06415389,0.055653423,0.19420634,0.95793253,0.9513205,0.053772207,0.007304187,0.006803267,0.59016126,0.42120504,0.17954281,0.059064783,0.052773215,0.05105245,0.096207544,0.69879746,0.59016126,0.0026993323,0.061739977,0.059064783,0.49002808,0.051564973,0.15826775,0.05428195,0.0039048118,0.009125379,0.8762462,0.63174903,5.188705e-05,0.034545273,0.040811047,0.000952702,0.118082784,0.99992776,0.8762462,0.0040818956,0.001179959,0.034545273,0.7091396,0.06357864,0.29038116,0.034662202,0.009273101,0.010747518,0.8720775,0.5647729,0.43768343,0.04886324,0.052541673,0.048860528,0.046997547,0.4976671,0.8720775,0.003728942,0.031106057,0.04886324,0.674733,0.10994151,0.11830354,0.04730625,0.006775789,0.005318978,1.2401392,1.2255064,1.2821512,0.25614083,0.19778994,0.18150492
pork,pork_portion31_day6_rep1,pork_portion31,6,1,Spoiled,2,0.0037413258,0.24864066,0.3744737,0.011696309,0.043898426,0.04672676,0.55517554,0.9911906,0.3744737,0.006781518,0.026336312,0.04672676,0.24644534,0.9637372,0.9077204,0.04572725,0.0888425,0.0050432514,0.53028935,0.34867427,0.111810915,0.06362845,0.065885656,0.07407004,0.092378624,0.80020005,0.53028935,0.003388886,0.11422258,0.06362845,0.42166215,0.06217904,0.15897796,0.06544951,0.006890313,0.00794545,0.88244164,0.59732854,1.7750834e-05,0.03018755,0.0322875,0.0005423935,0.11078021,0.999981,0.88244164,0.0035055787,0.00055696117,0.03018755,0.6902433,0.083767846,0.28633788,0.027843282,0.008437284,0.008808608,0.88129526,0.44227588,0.28534076,0.043768913,0.050343383,0.0526824,0.041997585,0.676275,0.88129526,0.0022381698,0.044476423,0.043768913,0.6070661,0.16630372,0.16816783,0.04280881,0.007880083,0.008039398,1.1849571,1.1650832,1.1458122,0.29803097,0.21284036,0.1664175
pork,pork_portion32_day6_rep1,pork_portion32,6,1,Spoiled,2,0.025995316,0.25036913,0.3170056,0.061490316,0.06548766,0.065890394,0.5361599,0.9361135,0.3170056,0.0065473816,0.11626969,0.065890394,0.24204023,0.9547044,0.94288784,0.06832878,0.0076475386,0.009365587,0.6216616,0.4428622,0.2322073,0.054516003,0.05418755,0.05858576,0.08834122,0.63028276,0.6216616,0.0022385435,0.06664148,0.054516003,0.5150162,0.05646288,0.1438383,0.053782564,0.0030589188,0.005604258,0.8925915,0.6108904,0.0,0.03763469,0.04467518,0.0,0.1120215,1.0,0.8925915,0.004149537,0.0,0.03763469,0.7013604,0.08119673,0.28972784,0.037967853,0.008823892,0.011803074,0.8887486,0.51116717,0.3359111,0.039352186,0.04162128,0.04437276,0.05063461,0.6214535,0.8887486,0.0033678215,0.036269773,0.039352186,0.64709836,0.13776448,0.1598018,0.03699775,0.006498472,0.008229574,1.2328155,1.1834731,1.2019513,0.23794891,0.1559182,0.15174009
pork,pork_portion33_day6_rep1,pork_portion33,6,1,Spoiled,2,0.002755079,0.23734702,0.39301687,0.010405946,0.039694663,0.041319776,0.56501573,0.9938808,0.39301687,0.006234379,0.021981424,0.041319776,0.23880637,0.9606237,0.89098716,0.041007347,0.15322058,0.0042652674,0.48993552,0.2917912,0.1792695,0.06080239,0.057711497,0.059738647,0.058426686,0.6403775,0.48993552,0.0038810933,0.085355535,0.06080239,0.37235802,0.07833887,0.10372697,0.059856877,0.0070655174,0.010522807,0.88297284,0.61094683,0.003198443,0.046675872,0.049632046,0.02197245,0.113244474,0.9963993,0.88297284,0.006022806,0.024247322,0.046675872,0.6986033,0.0770954,0.28788266,0.041755,0.016440822,0.012816719,0.8633169,0.4714867,0.29868516,0.050915606,0.054455742,0.058058657,0.048941452,0.65486705,0.8633169,0.0020256105,0.049551427,0.050915606,0.6157175,0.14576016,0.16406997,0.04865296,0.00593346,0.007976151,1.1899753,1.1643755,1.1551939,0.37463427,0.25963578,0.16405636
pork,pork_portion34_day6_rep1,pork_portion34,6,1,Spoiled,2,0.013026315,0.30074447,0.4844697,0.025203733,0.05405506,0.05668045,0.56345636,0.9757687,0.4844697,0.0061911186,0.044905633,0.05668045,0.30579242,0.9341568,0.8749803,0.054112542,0.20601526,0.00545692,0.49568588,0.3259065,0.16058452,0.062486004,0.062663645,0.068116434,0.08000627,0.6864616,0.49568588,0.0039365124,0.104692735,0.062486004,0.39581317,0.060896166,0.12429365,0.064344265,0.0046720062,0.00891714,0.89392376,0.6476533,1.5019936e-05,0.041006166,0.044337045,0.0004906504,0.1186505,0.99998367,0.89392376,0.0034485282,0.0005171777,0.041006166,0.723997,0.06310345,0.29519925,0.038966596,0.0068749627,0.012270704,0.8904591,0.5320084,0.37204546,0.04815476,0.048186503,0.047892667,0.049296755,0.581945,0.8904591,0.002612338,0.034962002,0.04815476,0.660032,0.12998539,0.14688188,0.04431811,0.0046257805,0.0064139105,1.1550837,1.126843,1.1411855,0.37002462,0.2740349,0.17482208
pork,pork_portion35_day6_rep1,pork_portion35,6,1,Spoiled,2,0.012390182,0.19818556,0.32830736,0.027048104,0.05188312,0.06671603,0.56707877,0.96741575,0.32830736,0.007641923,0.06599076,0.06671603,0.19480155,0.9001743,0.9066281,0.057056047,0.2767402,0.015021869,0.40944582,0.23397598,0.16292821,0.05856953,0.057107072,0.059068684,0.04580586,0.61292034,0.40944582,0.0057758535,0.094005056,0.05856953,0.30476096,0.07386316,0.07867709,0.061199907,0.0039625303,0.0068815113,0.82551926,0.6277933,2.3529414e-05,0.044570774,0.043626003,0.0006154662,0.12459256,0.99996865,0.82551926,0.0027578447,0.0007704804,0.044570774,0.69205225,0.043723613,0.2827146,0.04021933,0.0051856367,0.012840479,0.8567994,0.48941094,0.32793167,0.042404763,0.03836656,0.040532194,0.048719015,0.6165561,0.8567994,0.002629855,0.032307077,0.042404763,0.6238621,0.1354853,0.15203789,0.036593724,0.0052483696,0.006830868,1.1748974,1.1704845,1.1568269,0.43878722,0.33317357,0.17362751
pork,pork_portion36_day6_rep1,pork_portion36,6,1,Spoiled,2,0.005669342,0.19251625,0.33998317,0.016431876,0.054647814,0.05743272,0.57289606,0.98681,0.33998317,0.01032123,0.036763526,0.05743272,0.19090106,0.68674713,0.89607567,0.057772517,0.45308387,0.005123339,0.42636868,0.24930415,0.22956383,0.058497567,0.06286097,0.064116165,0.0142396195,0.47005525,0.42636868,0.0053810794,0.08271616,0.058497567,0.3237722,0.07762021,0.047414105,0.06461343,0.006570738,0.007017874,0.82517886,0.6225206,0.015865631,0.04343317,0.06022955,0.042082347,0.12293812,0.98148704,0.82517886,0.0066922545,0.048376527,0.04343317,0.6887638,0.046498634,0.27963373,0.04929681,0.017450817,0.012745519,0.9025246,0.58770454,0.4312544,0.036065098,0.03574764,0.03281024,0.053496554,0.52080804,0.9025246,0.003930783,0.01993145,0.036065098,0.6975414,0.11000576,0.13371459,0.03225493,0.007512701,0.0037617118,1.0530511,1.0187179,1.0819008,0.43372038,0.38496757,0.15938193
pork,pork_portion37_day6_rep1,pork_portion37,6,1,Spoiled,2,0.0124637885,0.21461229,0.3661757,0.0267701,0.08027712,0.1034602,0.5715564,0.9726361,0.3661757,0.011259592,0.05475473,0.1034602,0.21370852,0.7773964,0.89431244,0.08662452,0.40133643,0.01743691,0.3592578,0.20487404,0.20229663,0.048242733,0.045516886,0.04690892,0.16164692,0.44588614,0.3592578,0.36168942,0.059686795,0.048242733,0.26833668,0.07107403,0.033294495,0.050600145,0.004422852,0.004438779,0.84730595,0.63388723,0.0,0.03667658,0.039127007,0.0,0.12262788,1.0,0.84730595,0.0032236963,0.0,0.03667658,0.7021159,0.050054975,0.2866089,0.034787904,0.006664376,0.010990872,0.84691894,0.43818545,0.2346496,0.04907719,0.04963706,0.047183357,0.053452056,0.7228456,0.84691894,0.003504964,0.043047983,0.04907719,0.5907352,0.1531458,0.18518075,0.044111364,0.009806588,0.008908642,1.1150011,1.0662415,1.0172049,0.5027667,0.36571303,0.18254054
pork,pork_portion38_day6_rep1,pork_portion38,6,1,Spoiled,2,0.008901383,0.25514972,0.4022833,0.02021653,0.042677123,0.050545532,0.5606021,0.9805509,0.4022833,0.0051287347,0.042370137,0.050545532,0.25581616,0.97533906,0.8958513,0.044710547,0.055742066,0.008106301,0.43060014,0.2570296,0.14860955,0.05664157,0.056110226,0.06053973,0.06174757,0.6655388,0.43060014,0.006781551,0.10114576,0.05664157,0.32716113,0.06954557,0.09830514,0.059186358,0.004692567,0.008999711,0.86128396,0.58699983,0.0,0.030165141,0.03169521,0.0,0.11155632,1.0,0.86128396,0.002739114,0.0,0.030165141,0.67734987,0.07997984,0.28166324,0.028310718,0.004913431,0.009076057,0.9094919,0.5073559,0.33778718,0.040684115,0.042564232,0.04420212,0.04758126,0.6280736,0.9094919,0.002433571,0.039167814,0.040684115,0.65232,0.14789708,0.16198611,0.037767015,0.006892774,0.008019015,1.2089796,1.1647257,1.1749185,0.39542538,0.34047398,0.13986371
pork,pork_portion39_day6_rep1,pork_portion39,6,1,Spoiled,2,0.016997892,0.23675954,0.30281043,0.03235088,0.06524884,0.0823386,0.53575236,0.9547462,0.30281043,0.00921223,0.08043865,0.0823386,0.22696868,0.9558381,0.9436731,0.07029788,0.009446496,0.016558822,0.5583379,0.3675554,0.10619655,0.06257851,0.064199254,0.07133705,0.09432706,0.81778747,0.5583379,0.0027396998,0.09460535,0.06257851,0.4435443,0.06432416,0.17065161,0.062609516,0.0050341925,0.006468231,0.89524454,0.63847584,0.0,0.03538054,0.039698973,0.0,0.11675537,1.0,0.89524454,0.0034175979,0.0,0.03538054,0.71883553,0.06837791,0.29411578,0.03439771,0.006938147,0.010797503,0.8307132,0.45895797,0.3264298,0.049288996,0.04378342,0.042073786,0.041686185,0.606755,0.8307132,0.0023312212,0.030523913,0.049288996,0.5979609,0.14026473,0.13989194,0.04252959,0.0035332846,0.004395861,1.1996934,1.2047586,1.2036856,0.3017368,0.17480735,0.20871845
pork,pork_portion40_day6_rep1,pork_portion40,6,1,Spoiled,2,0.004259935,0.2847433,0.47564948,0.01335881,0.05012809,0.05618235,0.56603897,0.9921727,0.47564948,0.005995485,0.023743996,0.05618235,0.29112774,0.8990068,0.87109625,0.05045364,0.27756965,0.006456468,0.4438537,0.2856112,0.14507465,0.047694404,0.049241215,0.048450373,0.07647486,0.67939997,0.4438537,0.004635703,0.081149675,0.047694404,0.3507326,0.05895345,0.11129198,0.050730374,0.006392141,0.005407572,0.8960175,0.6213393,0.0,0.017086282,0.017134136,0.0,0.1135674,1.0,0.8960175,0.000993223,0.0,0.017086282,0.70882463,0.07720015,0.29180428,0.015488144,0.002380592,0.0049804836,0.8749534,0.43105224,0.31096998,0.041045584,0.06733218,0.05731746,0.033730283,0.64460766,0.8749534,0.0060830386,0.05078792,0.041045584,0.6002583,0.17005308,0.15146276,0.049647093,0.01873849,0.0079074595,1.1342596,1.0887681,1.0699568,0.4014319,0.2760795,0.20025998
pork,pork_portion31_day6_rep2,pork_portion31,6,2,Spoiled,2,0.0064107673,0.25106576,0.38292482,0.016568499,0.044506487,0.044557605,0.55699,0.9854236,0.38292482,0.0067365794,0.036170054,0.044557605,0.2499443,0.9630978,0.9043693,0.045937333,0.10078441,0.0031778738,0.52832204,0.34850627,0.10844978,0.060941495,0.062618114,0.07149789,0.09343149,0.8052643,0.52832204,0.0031527623,0.11163356,0.060941495,0.4208516,0.061231364,0.16004544,0.062384747,0.006361906,0.006563707,0.87878877,0.59505475,0.0,0.03176517,0.03199395,0.0,0.11088948,1.0,0.87878877,0.0035253142,0.0,0.03176517,0.68772525,0.083310425,0.2854996,0.028069437,0.008593958,0.009030619,0.8798968,0.44422346,0.29266882,0.04334478,0.049300566,0.051904045,0.04105679,0.66735804,0.8798968,0.0024707762,0.043984972,0.04334478,0.6076621,0.1651605,0.1645273,0.042201262,0.007356906,0.008672315,1.1817743,1.1613258,1.1454397,0.29571572,0.21382122,0.16656484
pork,pork_portion32_day6_rep2,pork_portion32,6,2,Spoiled,2,0.024483735,0.25454092,0.33504415,0.04775741,0.048999704,0.053360138,0.5413683,0.9377393,0.33504415,0.0062288507,0.11320261,0.053360138,0.24825296,0.9579585,0.9346316,0.0525886,0.0073792133,0.008501509,0.61363363,0.43133864,0.2249566,0.06290465,0.06303168,0.065617345,0.0865988,0.6395408,0.61363363,0.0018485384,0.08010721,0.06290465,0.5051359,0.058882594,0.14275809,0.06281613,0.0038980937,0.0052863765,0.886399,0.59831697,1.3654487e-06,0.037215233,0.042923857,7.316278e-05,0.11042944,0.99999726,0.886399,0.0039925836,0.00014632533,0.037215233,0.6919611,0.08499126,0.28706828,0.036707222,0.008510485,0.011433417,0.885676,0.5100291,0.34047803,0.041047648,0.04125666,0.042549737,0.04966805,0.6147748,0.885676,0.0032675136,0.035190266,0.041047648,0.6455524,0.13736032,0.15656781,0.037190955,0.006924925,0.009141014,1.2253122,1.1740047,1.1985873,0.23750947,0.16145048,0.14807653
pork,pork_portion33_day6_rep2,pork_portion33,6,2,Spoiled,2,0.0044946955,0.23213616,0.3939771,0.013145754,0.04056352,0.042425,0.5678076,0.98997796,0.3939771,0.006286515,0.027950302,0.042425,0.23451501,0.89813316,0.88768005,0.04192853,0.28335795,0.004317475,0.4952779,0.2956525,0.17736492,0.057968974,0.05809299,0.060230974,0.060154784,0.6490477,0.4952779,0.0042580334,0.08562438,0.057968974,0.37675643,0.07849051,0.107076235,0.05942709,0.0052833552,0.008599233,0.88595825,0.6064918,0.0012753295,0.0452808,0.049444865,0.010287062,0.112016365,0.99860173,0.88595825,0.005705917,0.0108870445,0.0452808,0.69678,0.080571376,0.28805277,0.04175323,0.014614636,0.012717282,0.8583917,0.46188667,0.29822022,0.051432088,0.052981507,0.060441315,0.046963844,0.65368676,0.8583917,0.0026638992,0.05262233,0.051432088,0.608785,0.14862885,0.16099118,0.048102707,0.005300167,0.0091700535,1.1407844,1.1142931,1.1090137,0.36765736,0.24832126,0.16887747
pork,pork_portion34_day6_rep2,pork_portion34,6,2,Spoiled,2,0.006397118,0.2820934,0.470206,0.016987387,0.057696033,0.06168912,0.5664396,0.9880929,0.470206,0.007476252,0.030163672,0.06168912,0.28786924,0.8695318,0.8726018,0.058010295,0.31398663,0.005461091,0.48061523,0.31055838,0.14731492,0.06503652,0.062325913,0.06785089,0.0794603,0.70549726,0.48061523,0.0037607474,0.106581956,0.06503652,0.38002595,0.06201636,0.12394217,0.06534178,0.004130864,0.0062008346,0.8954502,0.65101737,0.0006417611,0.041934736,0.04520197,0.008017879,0.11907834,0.9993011,0.8954502,0.003464539,0.008486207,0.041934736,0.72651625,0.062086206,0.2958452,0.03968068,0.007381366,0.0124136,0.8888654,0.53185046,0.37872612,0.04162677,0.04070971,0.041621216,0.047921266,0.5731411,0.8888654,0.0019007387,0.030172026,0.04162677,0.6597395,0.12980933,0.14303558,0.037333854,0.0060522356,0.0061125048,1.1050183,1.0849091,1.1035142,0.3867896,0.2884443,0.17998983
pork,pork_portion35_day6_rep2,pork_portion35,6,2,Spoiled,2,0.012870094,0.18774737,0.30912971,0.026618209,0.05712948,0.07183744,0.5673154,0.9637679,0.30912971,0.008698209,0.06901657,0.07183744,0.18247741,0.90978086,0.91203415,0.06300615,0.26169968,0.014382843,0.4228682,0.24601352,0.17813207,0.058825318,0.058407385,0.059183206,0.044081688,0.5887866,0.4228682,0.0048514386,0.08992952,0.058825318,0.318189,0.07398045,0.076397516,0.062037833,0.003842689,0.005819541,0.8324554,0.630411,9.150327e-06,0.044683415,0.044270266,0.0002771468,0.12415214,0.9999857,0.8324554,0.0027003319,0.00041105106,0.044683415,0.6956161,0.045358893,0.28402808,0.04069472,0.004721471,0.012972021,0.83073324,0.47155142,0.3096649,0.06401784,0.04785313,0.047187604,0.04998215,0.62726784,0.83073324,0.0027299835,0.033964634,0.06401784,0.60421187,0.13320056,0.15174657,0.049947307,0.008169133,0.007061643,1.1896507,1.1852968,1.1657505,0.43171853,0.30165142,0.18321924
pork,pork_portion36_day6_rep2,pork_portion36,6,2,Spoiled,2,0.0030831818,0.20106173,0.35363618,0.010943854,0.055242088,0.057668764,0.5720407,0.9929751,0.35363618,0.010853448,0.02407902,0.057668764,0.2004213,0.68553996,0.8931158,0.057690002,0.4524293,0.005772798,0.42710328,0.25157836,0.23538893,0.060085546,0.064705804,0.067861594,0.013290608,0.45835283,0.42710328,0.041353386,0.09075103,0.060085546,0.3257328,0.077203654,0.044840656,0.0665018,0.0074189,0.0085452935,0.816204,0.61446404,0.018241724,0.04932018,0.06473419,0.040381096,0.12264544,0.9782647,0.816204,0.007823959,0.047122683,0.04932018,0.6811375,0.04672788,0.2769196,0.05313331,0.020285465,0.0139778145,0.9031926,0.5892312,0.43129593,0.035296243,0.036644366,0.03264469,0.053875364,0.5211376,0.9031926,0.0040677697,0.019783083,0.035296243,0.6986763,0.109569155,0.13422787,0.03254884,0.0076897903,0.003620817,1.0513548,1.0093893,1.0751332,0.4255607,0.3848694,0.15689985
pork,pork_portion37_day6_rep2,pork_portion37,6,2,Spoiled,2,0.010311844,0.22025004,0.37752262,0.025537645,0.07880682,0.09970622,0.5716195,0.9779957,0.37752262,0.011606288,0.049678795,0.09970622,0.22038917,0.7581964,0.8908597,0.08442627,0.41387168,0.01580355,0.3702178,0.2117575,0.21800996,0.045198854,0.046527002,0.047210522,0.5901616,0.43336564,0.3702178,0.48315135,0.059268568,0.045198854,0.27802345,0.07343719,0.02846572,0.049768817,0.004730971,0.0058457195,0.8416851,0.6362615,0.0,0.036145695,0.036258336,0.0,0.12399392,1.0,0.8416851,0.0033596186,0.0,0.036145695,0.7020556,0.046330933,0.28626347,0.032594804,0.0074457666,0.010402522,0.806104,0.40780115,0.215128,0.08562726,0.06331978,0.05194767,0.052214544,0.73345494,0.806104,0.0032787994,0.047684498,0.08562726,0.55864865,0.15126498,0.17967357,0.0661372,0.011770718,0.016690683,1.1026968,1.0508528,0.9942691,0.4969886,0.3281333,0.20721512
pork,pork_portion38_day6_rep2,pork_portion38,6,2,Spoiled,2,0.009927661,0.2632279,0.41665754,0.022040227,0.043637384,0.04715274,0.56128615,0.97886634,0.41665754,0.005205635,0.044854846,0.04715274,0.26462808,0.97442126,0.8923667,0.04500117,0.06680706,0.0052311146,0.41631612,0.24649094,0.14655995,0.060178827,0.055845354,0.059906617,0.05954923,0.6594166,0.41631612,0.0068681724,0.101673104,0.060178827,0.31482753,0.0688014,0.09329478,0.060681008,0.0057434407,0.008755387,0.8576861,0.5794288,0.0,0.029458212,0.029737202,0.0,0.110606566,1.0,0.8576861,0.0025744664,0.0,0.029458212,0.6717016,0.082260184,0.28004616,0.026966305,0.00423685,0.008681622,0.89436173,0.49271703,0.3313343,0.050285693,0.047380943,0.043565176,0.04569397,0.6290884,0.89436173,0.0025705742,0.0355063,0.050285693,0.63893664,0.1488447,0.15868457,0.043935176,0.005748616,0.008024862,1.2087941,1.1561128,1.1661788,0.4030091,0.34019035,0.14225218
pork,pork_portion39_day6_rep2,pork_portion39,6,2,Spoiled,2,0.012874146,0.21868315,0.27710772,0.026325181,0.0671937,0.08011245,0.5351211,0.9638175,0.27710772,0.008737713,0.06879269,0.08011245,0.20690633,0.9562665,0.948677,0.07252762,0.027283767,0.013429786,0.5544266,0.36216563,0.10966193,0.05991555,0.06164587,0.06407716,0.092561655,0.80861694,0.5544266,0.002801104,0.084633715,0.05991555,0.43903443,0.06553531,0.16780467,0.060069334,0.004959453,0.0055983355,0.88486624,0.6305808,6.8752146e-05,0.03756094,0.040024463,0.0020177145,0.11666772,0.9999204,0.88486624,0.0031352108,0.0022432052,0.03756094,0.7108952,0.06790338,0.29143026,0.035346728,0.0062480313,0.011201628,0.82860553,0.458016,0.32863393,0.04716397,0.043059923,0.041589297,0.04088139,0.6030422,0.82860553,0.0023479708,0.030469542,0.04716397,0.59679896,0.14002734,0.13806975,0.041305277,0.0039241333,0.0043758266,1.207082,1.2145646,1.2146386,0.29865894,0.1769827,0.2043019
pork,pork_portion40_day6_rep2,pork_portion40,6,2,Spoiled,2,0.002293086,0.28200522,0.47050032,0.009034787,0.0511022,0.059352066,0.56574553,0.9957917,0.47050032,0.0060892096,0.016093312,0.059352066,0.2879098,0.9145736,0.8723132,0.051697135,0.25329876,0.0077304067,0.44531968,0.28578395,0.1507745,0.04903729,0.04944885,0.048672095,0.07435314,0.66750467,0.44531968,0.0034110346,0.07964504,0.04903729,0.3514904,0.059817087,0.10852696,0.05152274,0.0050732726,0.0060253036,0.8847968,0.6123168,0.0,0.025292963,0.022650337,0.0,0.11328048,1.0,0.8847968,0.0013126183,0.0,0.025292963,0.6998777,0.077062234,0.2888849,0.021411628,0.0028626777,0.007039337,0.86988086,0.42009938,0.30094907,0.041346263,0.066908136,0.06278214,0.033154074,0.65429527,0.86988086,0.0048825545,0.057854984,0.041346263,0.5926562,0.17295346,0.15316363,0.049489126,0.018320344,0.011053851,1.1480508,1.1006958,1.0770549,0.39268318,0.2700985,0.19776712
pork,pork_portion31_day6_rep3,pork_portion31,6,3,Spoiled,2,0.0081844805,0.25175354,0.37296748,0.020013187,0.044721846,0.04622985,0.55395013,0.98078704,0.37296748,0.00628738,0.04495463,0.04622985,0.24897099,0.9659956,0.9103381,0.046501216,0.06317726,0.0045337453,0.53110075,0.34990853,0.10939585,0.06157891,0.06385304,0.07059126,0.0931636,0.8042684,0.53110075,0.0039477,0.1090888,0.06157891,0.4227707,0.061770696,0.16046204,0.06336451,0.0071172635,0.0066326126,0.8809377,0.5960262,0.0,0.03158542,0.0335119,0.0,0.11078713,1.0,0.8809377,0.0036759241,0.0,0.03158542,0.6889411,0.08374326,0.28593633,0.028989894,0.008717871,0.009196169,0.86885923,0.44347364,0.29056042,0.06237926,0.054982048,0.055085897,0.042148575,0.66584516,0.86885923,0.0029267764,0.046281464,0.06237926,0.6029427,0.16115506,0.16301659,0.051677383,0.011580304,0.010411168,1.1874945,1.1669706,1.1539297,0.29508182,0.20578077,0.16881226
pork,pork_portion32_day6_rep3,pork_portion32,6,3,Spoiled,2,0.03346832,0.25725678,0.3368375,0.055574108,0.053877786,0.05564879,0.54200655,0.9140609,0.3368375,0.0052166707,0.12805532,0.05564879,0.2512718,0.9584596,0.9355864,0.05748907,0.00688323,0.0077363164,0.6158965,0.4332013,0.22213316,0.061444413,0.06125177,0.0644359,0.087398395,0.6450741,0.6158965,0.0019745005,0.07841729,0.061444413,0.50686777,0.05865453,0.14513312,0.061098557,0.0035383506,0.005634556,0.8887682,0.60122013,0.0,0.036977783,0.04389663,0.0,0.110738024,1.0,0.8887682,0.004045969,0.0,0.036977783,0.6944215,0.08452974,0.28788087,0.037282255,0.008624597,0.011599754,0.8866449,0.513335,0.34282947,0.042072274,0.042889558,0.043481827,0.05011426,0.6125893,0.8866449,0.003542875,0.035291545,0.042072274,0.6477536,0.1361982,0.15639803,0.03863647,0.0064679096,0.0089383675,1.2246611,1.1745883,1.2001859,0.23711361,0.16121022,0.14877924
pork,pork_portion33_day6_rep3,pork_portion33,6,3,Spoiled,2,0.0047765416,0.23682474,0.39085764,0.01341447,0.04008261,0.04112789,0.5649802,0.9891207,0.39085764,0.0063479063,0.029270303,0.04112789,0.2380818,0.9389743,0.892131,0.04140221,0.2064061,0.0046239453,0.49973366,0.2972642,0.17788538,0.058717042,0.05856342,0.060475867,0.05994954,0.6511397,0.49973366,0.0034666453,0.0840183,0.058717042,0.37933865,0.07955585,0.10822497,0.059617467,0.006288367,0.0075499364,0.87734723,0.60866505,0.002191629,0.05064325,0.050132923,0.014192762,0.113494515,0.9975902,0.87734723,0.005701162,0.01532573,0.05064325,0.695474,0.07584386,0.2869522,0.043772373,0.015078134,0.013532463,0.8578885,0.4638021,0.29419872,0.050201263,0.054170292,0.060249444,0.048282243,0.65804935,0.8578885,0.0022953209,0.05269683,0.050201263,0.609604,0.1472588,0.16343921,0.04828004,0.00596825,0.008957799,1.1717774,1.1491054,1.138347,0.3631787,0.2462812,0.16652091
pork,pork_portion34_day6_rep3,pork_portion34,6,3,Spoiled,2,0.011763308,0.2884401,0.46848944,0.02423484,0.05756336,0.06279305,0.56434184,0.97794235,0.46848944,0.0068152994,0.0430356,0.06279305,0.29306623,0.9140813,0.8771895,0.058109637,0.24591051,0.006310544,0.5068106,0.33319154,0.16794246,0.065451175,0.06591454,0.06899858,0.079116546,0.6790728,0.5068106,0.0040299003,0.100263126,0.065451175,0.4043858,0.062248264,0.12478442,0.067127,0.0054929284,0.0074694525,0.8953871,0.6471456,0.0006581464,0.040576685,0.04403027,0.008713482,0.11833365,0.9993144,0.8953871,0.0032204827,0.008848648,0.040576685,0.72407484,0.06398691,0.29527175,0.038654853,0.0065400186,0.01203153,0.88792837,0.5308221,0.3802043,0.042726073,0.041710276,0.042052943,0.04729825,0.57103896,0.88792837,0.002247474,0.030361935,0.042726073,0.65888536,0.13005614,0.14175835,0.038347043,0.0056977817,0.006620103,1.1419829,1.1167171,1.135508,0.36231208,0.2639243,0.17939113
pork,pork_portion35_day6_rep3,pork_portion35,6,3,Spoiled,2,0.012216283,0.19233608,0.31373167,0.025613718,0.056881525,0.07249621,0.5660267,0.9660056,0.31373167,0.008293249,0.06553604,0.07249621,0.1872414,0.9388675,0.9118761,0.06269346,0.20702499,0.014620559,0.42445815,0.24735221,0.17508368,0.0618804,0.061133128,0.061935425,0.046607956,0.59874314,0.42445815,0.004393755,0.0954493,0.0618804,0.31949854,0.07382812,0.07887659,0.06501604,0.0035151548,0.005981288,0.8343255,0.6297855,0.0,0.045513973,0.045876727,0.0,0.12367384,1.0,0.8343255,0.0030206463,0.0,0.045513973,0.6957284,0.04650268,0.2842123,0.04183966,0.005548146,0.013326342,0.83698726,0.47485745,0.30977124,0.057749335,0.045742225,0.044561625,0.05029355,0.62964326,0.83698726,0.0022053178,0.03335126,0.057749335,0.6082627,0.13404506,0.15373223,0.04639679,0.006627921,0.0072723124,1.2081693,1.203676,1.1831231,0.4294862,0.30432582,0.17983039
pork,pork_portion36_day6_rep3,pork_portion36,6,3,Spoiled,2,0.004560595,0.20310435,0.34848288,0.013390993,0.05529653,0.05889378,0.5698406,0.98930854,0.34848288,0.010159648,0.030235128,0.05889378,0.20158178,0.7736801,0.89719033,0.058112513,0.404061,0.0059406618,0.42917547,0.25645676,0.23274688,0.057934005,0.0634686,0.064834304,0.017833548,0.46622002,0.42917547,0.005244476,0.08739562,0.057934005,0.32956806,0.075076416,0.048527606,0.0646148,0.0079502715,0.0076775057,0.8177611,0.61672163,0.020644842,0.04942829,0.06472077,0.044221994,0.12270602,0.975446,0.8177611,0.0076474617,0.05148219,0.04942829,0.68306977,0.046247806,0.2770743,0.05319118,0.02008608,0.013785772,0.9017123,0.589502,0.4304546,0.036905024,0.033974774,0.032195468,0.054372795,0.52119887,0.9017123,0.0037942315,0.01939138,0.036905024,0.69826674,0.108723864,0.1344722,0.031312738,0.008000117,0.0032590101,1.1066418,1.0702955,1.1272097,0.4219338,0.38007545,0.1564275
pork,pork_portion37_day6_rep3,pork_portion37,6,3,Spoiled,2,0.014737228,0.22072367,0.3702833,0.029956209,0.078864165,0.09834013,0.57015526,0.96787316,0.3702833,0.010876699,0.060145807,0.09834013,0.21989614,0.8099349,0.8953504,0.0845666,0.37503058,0.015064558,0.3725575,0.21741356,0.22040232,0.045657333,0.046462253,0.04692383,0.57256544,0.42522496,0.3725575,0.4866319,0.057860453,0.045657333,0.28259316,0.07133017,0.029487582,0.04993346,0.004601197,0.0046124174,0.8419605,0.6366788,3.6156307e-05,0.03504883,0.035809144,0.00078762893,0.12397838,0.9999514,0.8419605,0.0031000585,0.00097568094,0.03504883,0.7023688,0.046279475,0.28629714,0.03216793,0.0067086876,0.010201301,0.83449095,0.4303266,0.23117709,0.058548182,0.051828645,0.050997715,0.05293575,0.72309935,0.83449095,0.0035822003,0.046918336,0.058548182,0.581832,0.1519799,0.182561,0.04903029,0.009904599,0.011694428,1.1398185,1.0894473,1.0353605,0.49273753,0.3456584,0.19095258
pork,pork_portion38_day6_rep3,pork_portion38,6,3,Spoiled,2,0.010457485,0.2654026,0.41576108,0.02240486,0.044204157,0.048403542,0.56022507,0.9779044,0.41576108,0.0051867072,0.045171488,0.048403542,0.26642334,0.9766541,0.8938868,0.045479532,0.027413769,0.0055080005,0.4198661,0.24913163,0.1484008,0.058264002,0.05498364,0.05767118,0.059306137,0.65677154,0.4198661,0.0046914844,0.09585593,0.058264002,0.3179161,0.06907859,0.093854584,0.0593436,0.004053106,0.007910809,0.85639536,0.57919174,0.0,0.030336786,0.03116021,0.0,0.110707805,1.0,0.85639536,0.0027458048,0.0,0.030336786,0.6711341,0.08182192,0.27982634,0.028047185,0.0049020452,0.008973361,0.9046046,0.5034842,0.3392473,0.04201772,0.042872928,0.043751545,0.04637205,0.6244874,0.9046046,0.0020122486,0.037493184,0.04201772,0.6485995,0.14791036,0.15934801,0.038477436,0.0062057166,0.006420497,1.2109486,1.1582683,1.1715043,0.3993881,0.34620133,0.13924985
pork,pork_portion39_day6_rep3,pork_portion39,6,3,Spoiled,2,0.018943164,0.22370629,0.2808133,0.033556703,0.067550346,0.08117282,0.5342002,0.9465949,0.2808133,0.007543652,0.086281225,0.08117282,0.2124279,0.9562141,0.9495233,0.07314781,0.009577048,0.0135141015,0.5585787,0.36428025,0.10696226,0.059453495,0.060953785,0.06830594,0.09292502,0.8156838,0.5585787,0.0026461165,0.09158185,0.059453495,0.44176197,0.06616205,0.16984046,0.059476104,0.004546054,0.006031097,0.88436824,0.63013446,0.0,0.037149798,0.040948354,0.0,0.11653067,1.0,0.88436824,0.0033813482,0.0,0.037149798,0.7104757,0.06790878,0.29131442,0.03568985,0.0072416808,0.011262178,0.83406234,0.46155816,0.32846275,0.045604397,0.042261455,0.03991573,0.042027246,0.6056974,0.83406234,0.0024356414,0.029849831,0.045604397,0.6006912,0.14043304,0.14016902,0.040291905,0.0033472218,0.0048935134,1.2052767,1.212591,1.212972,0.29490006,0.17791873,0.20039295
pork,pork_portion40_day6_rep3,pork_portion40,6,3,Spoiled,2,0.0029361204,0.28727493,0.47399765,0.010549382,0.04997721,0.05916849,0.5646084,0.9945,0.47399765,0.005686781,0.019185156,0.05916849,0.29285854,0.9471356,0.87337786,0.050454073,0.18584065,0.008132799,0.44584203,0.2861637,0.14933386,0.047772743,0.0488832,0.04939658,0.07492329,0.67129254,0.44584203,0.003603057,0.082282245,0.047772743,0.3518753,0.059782296,0.10949504,0.050649114,0.0052505173,0.0061424756,0.8946905,0.6204085,0.0,0.017514251,0.017080046,0.0,0.11352508,1.0,0.8946905,0.0011270453,0.0,0.017514251,0.7078174,0.07719422,0.29151237,0.01561823,0.0026832905,0.0050947797,0.8756639,0.431618,0.307214,0.042072356,0.06802457,0.06171989,0.0346738,0.6493809,0.8756639,0.0052789617,0.055677183,0.042072356,0.60073906,0.1699614,0.15371399,0.05046393,0.01857573,0.009645839,1.1723464,1.1258581,1.1030442,0.40016025,0.27573162,0.1976358
