dataset,model,portion_id,storage_day,label,n_technical_images,prob_Fresh,prob_Sub-fresh,prob_Spoiled,predicted_label,predicted_class,scope,fold
beef,EfficientNet-Lite0,beef_fixed_test_portion01,0,0,3,0.9224761733333334,0.07189928233333333,0.0056245582,0,Fresh,fixed_test,
beef,EfficientNet-Lite0,beef_fixed_test_portion01,1,0,3,0.7808381533333333,0.04535299733333333,0.173808865,0,Fresh,fixed_test,
beef,EfficientNet-Lite0,beef_fixed_test_portion01,2,0,3,0.7026035933333333,0.08568925999999999,0.21170710666666667,0,Fresh,fixed_test,
beef,EfficientNet-Lite0,beef_fixed_test_portion01,3,1,3,0.0014225008333333333,0.9984976766666667,7.978331e-05,1,Sub-fresh,fixed_test,
beef,EfficientNet-Lite0,beef_fixed_test_portion01,4,2,3,0.05033380423333333,0.03445905033333333,0.9152071666666667,2,Spoiled,fixed_test,
beef,EfficientNet-Lite0,beef_fixed_test_portion01,5,2,3,0.012428227233333334,0.00040794434000000003,0.98716379,2,Spoiled,fixed_test,
beef,EfficientNet-Lite0,beef_fixed_test_portion01,6,2,3,0.25050846833333335,0.051061115,0.6984303966666667,2,Spoiled,fixed_test,
beef,EfficientNet-Lite0,beef_fixed_test_portion02,0,0,3,0.9527431000000001,0.04517538699999999,0.0020815110100000003,0,Fresh,fixed_test,
beef,EfficientNet-Lite0,beef_fixed_test_portion02,1,0,3,0.88741103,0.036752852333333336,0.07583610266666667,0,Fresh,fixed_test,
beef,EfficientNet-Lite0,beef_fixed_test_portion02,2,0,3,0.7777512333333333,0.13658033333333333,0.08566843800000001,0,Fresh,fixed_test,
beef,EfficientNet-Lite0,beef_fixed_test_portion02,3,1,3,0.48311619666666666,0.514261705,0.0026220634666666667,1,Sub-fresh,fixed_test,
beef,EfficientNet-Lite0,beef_fixed_test_portion02,4,2,3,0.27913679333333336,0.07712667833333332,0.6437365233333333,2,Spoiled,fixed_test,
beef,EfficientNet-Lite0,beef_fixed_test_portion02,5,2,3,0.029552719,0.0013381885433333335,0.9691090833333332,2,Spoiled,fixed_test,
beef,EfficientNet-Lite0,beef_fixed_test_portion02,6,2,3,0.0049302264,0.0018018102666666664,0.9932679733333334,2,Spoiled,fixed_test,
beef,EfficientNet-Lite0,beef_fixed_test_portion03,0,0,3,0.7529912733333334,0.24590771333333336,0.0011009843433333333,0,Fresh,fixed_test,
beef,EfficientNet-Lite0,beef_fixed_test_portion03,1,0,3,0.9792961666666667,0.01847682516666667,0.0022270003333333334,0,Fresh,fixed_test,
beef,EfficientNet-Lite0,beef_fixed_test_portion03,2,0,3,0.6505905200000001,0.12066879999999998,0.22874065,0,Fresh,fixed_test,
beef,EfficientNet-Lite0,beef_fixed_test_portion03,3,1,3,0.23785610766666665,0.7608933666666666,0.0012505326866666666,1,Sub-fresh,fixed_test,
beef,EfficientNet-Lite0,beef_fixed_test_portion03,4,2,3,0.5935887766666667,0.11933864666666667,0.28707256,0,Fresh,fixed_test,
beef,EfficientNet-Lite0,beef_fixed_test_portion03,5,2,3,0.3275118133333333,0.20129181100000001,0.4711963533333334,2,Spoiled,fixed_test,
beef,EfficientNet-Lite0,beef_fixed_test_portion03,6,2,3,0.0122071691,0.010490171466666668,0.97730269,2,Spoiled,fixed_test,
beef,EfficientNet-Lite0,beef_fixed_test_portion04,0,0,3,0.98505597,0.014500565666666668,0.00044347124000000004,0,Fresh,fixed_test,
beef,EfficientNet-Lite0,beef_fixed_test_portion04,1,0,3,0.9190046633333333,0.04641332066666667,0.034581964,0,Fresh,fixed_test,
beef,EfficientNet-Lite0,beef_fixed_test_portion04,2,0,3,0.7424558666666666,0.07072173933333332,0.18682242433333332,0,Fresh,fixed_test,
beef,EfficientNet-Lite0,beef_fixed_test_portion04,3,1,3,0.123194304962,0.8760960999999999,0.0007096350100000001,1,Sub-fresh,fixed_test,
beef,EfficientNet-Lite0,beef_fixed_test_portion04,4,2,3,0.16657245333333334,0.04897266833333333,0.7844548833333334,2,Spoiled,fixed_test,
beef,EfficientNet-Lite0,beef_fixed_test_portion04,5,2,3,0.0045180831000000005,0.0047614174,0.9907205233333333,2,Spoiled,fixed_test,
beef,EfficientNet-Lite0,beef_fixed_test_portion04,6,2,3,0.018903064333333334,0.016207127166666665,0.9648897499999999,2,Spoiled,fixed_test,
beef,EfficientNet-Lite0,beef_fixed_test_portion05,0,0,3,0.8855130066666667,0.112756607,0.0017303624233333335,0,Fresh,fixed_test,
beef,EfficientNet-Lite0,beef_fixed_test_portion05,1,0,3,0.9677764333333334,0.024888735,0.007334823966666667,0,Fresh,fixed_test,
beef,EfficientNet-Lite0,beef_fixed_test_portion05,2,0,3,0.50919108,0.07315423666666666,0.41765464,0,Fresh,fixed_test,
beef,EfficientNet-Lite0,beef_fixed_test_portion05,3,1,3,0.21511497000000002,0.7818825933333334,0.003002432366666667,1,Sub-fresh,fixed_test,
beef,EfficientNet-Lite0,beef_fixed_test_portion05,4,2,3,0.3045205633333333,0.09741440000000001,0.5980650500000001,2,Spoiled,fixed_test,
beef,EfficientNet-Lite0,beef_fixed_test_portion05,5,2,3,0.1332434,0.14661612566666668,0.7201404866666667,2,Spoiled,fixed_test,
beef,EfficientNet-Lite0,beef_fixed_test_portion05,6,2,3,0.013893119666666667,0.0083489716,0.9777579200000001,2,Spoiled,fixed_test,
beef,EfficientNet-Lite0,beef_fixed_test_portion06,0,0,3,0.9411116666666667,0.054231337,0.004657033066666667,0,Fresh,fixed_test,
beef,EfficientNet-Lite0,beef_fixed_test_portion06,1,0,3,0.6947760866666667,0.11361914566666668,0.19160476,0,Fresh,fixed_test,
beef,EfficientNet-Lite0,beef_fixed_test_portion06,2,0,3,0.8410826299999999,0.14600115933333332,0.012916202766666668,0,Fresh,fixed_test,
beef,EfficientNet-Lite0,beef_fixed_test_portion06,3,1,3,0.0033875514333333336,0.99651303,9.945148833333333e-05,1,Sub-fresh,fixed_test,
beef,EfficientNet-Lite0,beef_fixed_test_portion06,4,2,3,0.16578344999999997,0.08188087533333334,0.75233568,2,Spoiled,fixed_test,
beef,EfficientNet-Lite0,beef_fixed_test_portion06,5,2,3,0.032768865333333334,0.020965939700000002,0.9462652,2,Spoiled,fixed_test,
beef,EfficientNet-Lite0,beef_fixed_test_portion06,6,2,3,0.0035768065000000003,0.006796121433333333,0.9896270899999999,2,Spoiled,fixed_test,
beef,EfficientNet-Lite0,beef_fixed_test_portion07,0,0,3,0.9483174,0.05110484133333334,0.0005777434433333334,0,Fresh,fixed_test,
beef,EfficientNet-Lite0,beef_fixed_test_portion07,1,0,3,0.27941629265,0.7198198800000001,0.0007638508816666667,1,Sub-fresh,fixed_test,
beef,EfficientNet-Lite0,beef_fixed_test_portion07,2,0,3,0.9177090899999999,0.064775381,0.017515514333333333,0,Fresh,fixed_test,
beef,EfficientNet-Lite0,beef_fixed_test_portion07,3,1,3,0.004738463565,0.9948049500000001,0.0004565675013333333,1,Sub-fresh,fixed_test,
beef,EfficientNet-Lite0,beef_fixed_test_portion07,4,2,3,0.08783051333333332,0.119272279,0.7928972333333334,2,Spoiled,fixed_test,
beef,EfficientNet-Lite0,beef_fixed_test_portion07,5,2,3,0.004942715833333333,0.0019560492433333336,0.9931011666666666,2,Spoiled,fixed_test,
beef,EfficientNet-Lite0,beef_fixed_test_portion07,6,2,3,0.014141208,0.0101586365,0.9757001766666668,2,Spoiled,fixed_test,
beef,EfficientNet-Lite0,beef_fixed_test_portion08,0,0,3,0.9739459166666666,0.02524884266666667,0.0008052302333333333,0,Fresh,fixed_test,
beef,EfficientNet-Lite0,beef_fixed_test_portion08,1,0,3,0.616960108,0.381366175,0.0016737326566666668,0,Fresh,fixed_test,
beef,EfficientNet-Lite0,beef_fixed_test_portion08,2,0,3,0.9404133333333333,0.037811295333333335,0.021775377066666667,0,Fresh,fixed_test,
beef,EfficientNet-Lite0,beef_fixed_test_portion08,3,1,3,0.045782324699999995,0.95391641,0.0003012412686666667,1,Sub-fresh,fixed_test,
beef,EfficientNet-Lite0,beef_fixed_test_portion08,4,2,3,0.7068320766666667,0.07020703333333334,0.22296086833333337,0,Fresh,fixed_test,
beef,EfficientNet-Lite0,beef_fixed_test_portion08,5,2,3,0.29761327600000004,0.6380285666666666,0.06435816106666666,1,Sub-fresh,fixed_test,
beef,EfficientNet-Lite0,beef_fixed_test_portion08,6,2,3,0.05208397533333333,0.04390474799999999,0.90401129,2,Spoiled,fixed_test,
beef,EfficientNet-Lite0,beef_fixed_test_portion09,0,0,3,0.9670911000000001,0.03186315333333333,0.0010457174133333333,0,Fresh,fixed_test,
beef,EfficientNet-Lite0,beef_fixed_test_portion09,1,0,3,0.3110844326666667,0.6881915,0.0007240499966666667,1,Sub-fresh,fixed_test,
beef,EfficientNet-Lite0,beef_fixed_test_portion09,2,0,3,0.9727512566666666,0.024948546666666665,0.0023002491333333334,0,Fresh,fixed_test,
beef,EfficientNet-Lite0,beef_fixed_test_portion09,3,1,3,0.2990602466666667,0.6898416766666666,0.011098062166666667,1,Sub-fresh,fixed_test,
beef,EfficientNet-Lite0,beef_fixed_test_portion09,4,2,3,0.027740518000000002,0.0349321325,0.9373273333333333,2,Spoiled,fixed_test,
beef,EfficientNet-Lite0,beef_fixed_test_portion09,5,2,3,0.08020145333333334,0.14050201353333333,0.7792965966666667,2,Spoiled,fixed_test,
beef,EfficientNet-Lite0,beef_fixed_test_portion09,6,2,3,0.02118160566666667,0.017218602333333333,0.9615997966666666,2,Spoiled,fixed_test,
beef,EfficientNet-Lite0,beef_fixed_test_portion10,0,0,3,0.9523561333333334,0.04728910633333333,0.00035479412333333337,0,Fresh,fixed_test,
beef,EfficientNet-Lite0,beef_fixed_test_portion10,1,0,3,0.3821450841816667,0.614074872,0.0037800210613333335,1,Sub-fresh,fixed_test,
beef,EfficientNet-Lite0,beef_fixed_test_portion10,2,0,3,0.87446199,0.10296964999999998,0.022568353,0,Fresh,fixed_test,
beef,EfficientNet-Lite0,beef_fixed_test_portion10,3,1,3,0.01941936433333333,0.9799236833333334,0.0006569842133333333,1,Sub-fresh,fixed_test,
beef,EfficientNet-Lite0,beef_fixed_test_portion10,4,2,3,0.17176546,0.14437476666666668,0.6838597466666667,2,Spoiled,fixed_test,
beef,EfficientNet-Lite0,beef_fixed_test_portion10,5,2,3,0.041595235513333335,0.7508241833333332,0.20758057343333336,1,Sub-fresh,fixed_test,
beef,EfficientNet-Lite0,beef_fixed_test_portion10,6,2,3,0.04248376733333333,0.02648263133333333,0.9310335866666667,2,Spoiled,fixed_test,
beef,MobileNetV3-Small,beef_fixed_test_portion01,0,0,3,0.94420432,0.03625826099999999,0.019537422666666665,0,Fresh,fixed_test,
beef,MobileNetV3-Small,beef_fixed_test_portion01,1,0,3,0.9225436966666667,0.02677811266666667,0.050678216,0,Fresh,fixed_test,
beef,MobileNetV3-Small,beef_fixed_test_portion01,2,0,3,0.8595240166666667,0.04202500866666667,0.0984509876,0,Fresh,fixed_test,
beef,MobileNetV3-Small,beef_fixed_test_portion01,3,1,3,0.16665998733333334,0.8253958666666668,0.0079441584,1,Sub-fresh,fixed_test,
beef,MobileNetV3-Small,beef_fixed_test_portion01,4,2,3,0.021758662933333336,0.02958389833333333,0.9486574833333333,2,Spoiled,fixed_test,
beef,MobileNetV3-Small,beef_fixed_test_portion01,5,2,3,0.008476350700000001,0.0098083888,0.9817152466666667,2,Spoiled,fixed_test,
beef,MobileNetV3-Small,beef_fixed_test_portion01,6,2,3,0.024239811833333333,0.020656353333333335,0.9551038333333333,2,Spoiled,fixed_test,
beef,MobileNetV3-Small,beef_fixed_test_portion02,0,0,3,0.9509269266666666,0.030656191,0.018416931333333334,0,Fresh,fixed_test,
beef,MobileNetV3-Small,beef_fixed_test_portion02,1,0,3,0.61354422,0.050404644666666665,0.3360511333333333,0,Fresh,fixed_test,
beef,MobileNetV3-Small,beef_fixed_test_portion02,2,0,3,0.6351815433333333,0.050249506,0.31456896333333334,0,Fresh,fixed_test,
beef,MobileNetV3-Small,beef_fixed_test_portion02,3,1,3,0.44473433999999995,0.4160975566666667,0.13916814,0,Fresh,fixed_test,
beef,MobileNetV3-Small,beef_fixed_test_portion02,4,2,3,0.5333544473333334,0.07051333,0.3961322406666667,0,Fresh,fixed_test,
beef,MobileNetV3-Small,beef_fixed_test_portion02,5,2,3,0.005469865366666667,0.030927125333333333,0.9636030333333334,2,Spoiled,fixed_test,
beef,MobileNetV3-Small,beef_fixed_test_portion02,6,2,3,0.01783272266666667,0.010152002133333332,0.97201527,2,Spoiled,fixed_test,
beef,MobileNetV3-Small,beef_fixed_test_portion03,0,0,3,0.9507385999999999,0.03822717933333333,0.011034235533333334,0,Fresh,fixed_test,
beef,MobileNetV3-Small,beef_fixed_test_portion03,1,0,3,0.9472065833333333,0.040582681333333336,0.012210751666666667,0,Fresh,fixed_test,
beef,MobileNetV3-Small,beef_fixed_test_portion03,2,0,3,0.8905224466666667,0.053290477,0.056187078,0,Fresh,fixed_test,
beef,MobileNetV3-Small,beef_fixed_test_portion03,3,1,3,0.7987281833333334,0.16851440733333334,0.03275736766666667,0,Fresh,fixed_test,
beef,MobileNetV3-Small,beef_fixed_test_portion03,4,2,3,0.46954406266666665,0.038375709,0.49208028499999995,2,Spoiled,fixed_test,
beef,MobileNetV3-Small,beef_fixed_test_portion03,5,2,3,0.10332658533333333,0.3334874833333333,0.5631859466666667,2,Spoiled,fixed_test,
beef,MobileNetV3-Small,beef_fixed_test_portion03,6,2,3,0.0007831360281533333,0.009937938254987141,0.98927892,2,Spoiled,fixed_test,
beef,MobileNetV3-Small,beef_fixed_test_portion04,0,0,3,0.9659450433333333,0.02211864,0.011936280866666668,0,Fresh,fixed_test,
beef,MobileNetV3-Small,beef_fixed_test_portion04,1,0,3,0.9215734000000001,0.020311812,0.05811479333333333,0,Fresh,fixed_test,
beef,MobileNetV3-Small,beef_fixed_test_portion04,2,0,3,0.7452095466666666,0.04183990866666667,0.21295051666666667,0,Fresh,fixed_test,
beef,MobileNetV3-Small,beef_fixed_test_portion04,3,1,3,0.37991961333333335,0.43731368,0.18276672833333332,1,Sub-fresh,fixed_test,
beef,MobileNetV3-Small,beef_fixed_test_portion04,4,2,3,0.014461357000000001,0.021511204333333336,0.9640274666666667,2,Spoiled,fixed_test,
beef,MobileNetV3-Small,beef_fixed_test_portion04,5,2,3,0.013005102766666667,0.020232273,0.9667626833333333,2,Spoiled,fixed_test,
beef,MobileNetV3-Small,beef_fixed_test_portion04,6,2,3,0.004016876833333333,0.00428311228956348,0.9917000133333334,2,Spoiled,fixed_test,
beef,MobileNetV3-Small,beef_fixed_test_portion05,0,0,3,0.9556899533333333,0.03382253833333334,0.010487559466666666,0,Fresh,fixed_test,
beef,MobileNetV3-Small,beef_fixed_test_portion05,1,0,3,0.9434772233333333,0.028974980666666667,0.027547775999999996,0,Fresh,fixed_test,
beef,MobileNetV3-Small,beef_fixed_test_portion05,2,0,3,0.7353327633333334,0.07881197,0.18585526666666663,0,Fresh,fixed_test,
beef,MobileNetV3-Small,beef_fixed_test_portion05,3,1,3,0.30014577000000003,0.5548300866666667,0.14502414166666666,1,Sub-fresh,fixed_test,
beef,MobileNetV3-Small,beef_fixed_test_portion05,4,2,3,0.058116775600000004,0.020972776666666665,0.9209104199999999,2,Spoiled,fixed_test,
beef,MobileNetV3-Small,beef_fixed_test_portion05,5,2,3,0.14265123283333334,0.11198848333333333,0.7453602666666667,2,Spoiled,fixed_test,
beef,MobileNetV3-Small,beef_fixed_test_portion05,6,2,3,0.004787791733333334,0.012264627,0.9829476133333334,2,Spoiled,fixed_test,
beef,MobileNetV3-Small,beef_fixed_test_portion06,0,0,3,0.9081727900000001,0.04618144033333333,0.045645729,0,Fresh,fixed_test,
beef,MobileNetV3-Small,beef_fixed_test_portion06,1,0,3,0.8152420333333333,0.04540537766666667,0.13935256066666665,0,Fresh,fixed_test,
beef,MobileNetV3-Small,beef_fixed_test_portion06,2,0,3,0.9324609533333333,0.0276957315,0.03984333933333333,0,Fresh,fixed_test,
beef,MobileNetV3-Small,beef_fixed_test_portion06,3,1,3,0.06985928383333333,0.92479744,0.0053433196,1,Sub-fresh,fixed_test,
beef,MobileNetV3-Small,beef_fixed_test_portion06,4,2,3,0.37189378866666667,0.04247180766666667,0.5856344099999999,2,Spoiled,fixed_test,
beef,MobileNetV3-Small,beef_fixed_test_portion06,5,2,3,0.0208942404,0.14590138233333336,0.8332043866666666,2,Spoiled,fixed_test,
beef,MobileNetV3-Small,beef_fixed_test_portion06,6,2,3,0.02757242383333333,0.08459285566666667,0.8878347233333334,2,Spoiled,fixed_test,
beef,MobileNetV3-Small,beef_fixed_test_portion07,0,0,3,0.9723633333333334,0.022945641333333332,0.004691087533333333,0,Fresh,fixed_test,
beef,MobileNetV3-Small,beef_fixed_test_portion07,1,0,3,0.1951665366666667,0.795278,0.009555435666666667,1,Sub-fresh,fixed_test,
beef,MobileNetV3-Small,beef_fixed_test_portion07,2,0,3,0.95421788,0.028625996666666667,0.017156095266666668,0,Fresh,fixed_test,
beef,MobileNetV3-Small,beef_fixed_test_portion07,3,1,3,0.0027347919333333332,0.9964083133333332,0.0008569158633333334,1,Sub-fresh,fixed_test,
beef,MobileNetV3-Small,beef_fixed_test_portion07,4,2,3,0.44653016866666667,0.05639558933333333,0.49707425,2,Spoiled,fixed_test,
beef,MobileNetV3-Small,beef_fixed_test_portion07,5,2,3,0.018927563266666666,0.020696542,0.9603759333333333,2,Spoiled,fixed_test,
beef,MobileNetV3-Small,beef_fixed_test_portion07,6,2,3,0.0099478655,0.024687762333333335,0.96536438,2,Spoiled,fixed_test,
beef,MobileNetV3-Small,beef_fixed_test_portion08,0,0,3,0.9606471233333332,0.031682515,0.00767036,0,Fresh,fixed_test,
beef,MobileNetV3-Small,beef_fixed_test_portion08,1,0,3,0.6388719466666667,0.3051145376666667,0.056013543666666665,0,Fresh,fixed_test,
beef,MobileNetV3-Small,beef_fixed_test_portion08,2,0,3,0.9350819766666666,0.03034566866666667,0.03457236516666667,0,Fresh,fixed_test,
beef,MobileNetV3-Small,beef_fixed_test_portion08,3,1,3,0.28883822466666664,0.7061013466666667,0.005060399266666666,1,Sub-fresh,fixed_test,
beef,MobileNetV3-Small,beef_fixed_test_portion08,4,2,3,0.5898702833333334,0.03536533483333334,0.3747643866666667,0,Fresh,fixed_test,
beef,MobileNetV3-Small,beef_fixed_test_portion08,5,2,3,0.21973343,0.5044004000000001,0.2758661633333333,1,Sub-fresh,fixed_test,
beef,MobileNetV3-Small,beef_fixed_test_portion08,6,2,3,0.06980185800000001,0.046197066,0.8840010566666666,2,Spoiled,fixed_test,
beef,MobileNetV3-Small,beef_fixed_test_portion09,0,0,3,0.95469815,0.040508248,0.004793571233333333,0,Fresh,fixed_test,
beef,MobileNetV3-Small,beef_fixed_test_portion09,1,0,3,0.270186832,0.6784583533333333,0.051354792333333336,1,Sub-fresh,fixed_test,
beef,MobileNetV3-Small,beef_fixed_test_portion09,2,0,3,0.94697875,0.038401917,0.014619348633333334,0,Fresh,fixed_test,
beef,MobileNetV3-Small,beef_fixed_test_portion09,3,1,3,0.13314385866666667,0.7950839733333334,0.071772177,1,Sub-fresh,fixed_test,
beef,MobileNetV3-Small,beef_fixed_test_portion09,4,2,3,0.005385532000000001,0.013612596566666668,0.9810018333333334,2,Spoiled,fixed_test,
beef,MobileNetV3-Small,beef_fixed_test_portion09,5,2,3,0.0196519851,0.42650581666666665,0.5538422073333333,2,Spoiled,fixed_test,
beef,MobileNetV3-Small,beef_fixed_test_portion09,6,2,3,0.1116853619,0.148640378,0.7396742833333333,2,Spoiled,fixed_test,
beef,MobileNetV3-Small,beef_fixed_test_portion10,0,0,3,0.9678051333333334,0.026957011666666666,0.005237797533333334,0,Fresh,fixed_test,
beef,MobileNetV3-Small,beef_fixed_test_portion10,1,0,3,0.4803736234666666,0.5017597333333333,0.0178666489,1,Sub-fresh,fixed_test,
beef,MobileNetV3-Small,beef_fixed_test_portion10,2,0,3,0.9377392833333333,0.032981377666666666,0.029279359233333333,0,Fresh,fixed_test,
beef,MobileNetV3-Small,beef_fixed_test_portion10,3,1,3,0.4551736866666667,0.46798723000000003,0.07683907899999999,1,Sub-fresh,fixed_test,
beef,MobileNetV3-Small,beef_fixed_test_portion10,4,2,3,0.09829781956666667,0.035260597,0.86644158,2,Spoiled,fixed_test,
beef,MobileNetV3-Small,beef_fixed_test_portion10,5,2,3,0.11185666500000001,0.5169187933333333,0.371224558,1,Sub-fresh,fixed_test,
beef,MobileNetV3-Small,beef_fixed_test_portion10,6,2,3,0.006420798733333333,0.022462536666666668,0.9711166566666667,2,Spoiled,fixed_test,
beef,ShuffleNetV2-0.5x,beef_fixed_test_portion01,0,0,3,0.9560745833333333,0.032826552333333335,0.011098855533333334,0,Fresh,fixed_test,
beef,ShuffleNetV2-0.5x,beef_fixed_test_portion01,1,0,3,0.9602980966666667,0.025461322999999998,0.014240577333333332,0,Fresh,fixed_test,
beef,ShuffleNetV2-0.5x,beef_fixed_test_portion01,2,0,3,0.9430737166666666,0.03247263533333333,0.024453632833333332,0,Fresh,fixed_test,
beef,ShuffleNetV2-0.5x,beef_fixed_test_portion01,3,1,3,0.08694783766666665,0.9086882666666667,0.004363855133333334,1,Sub-fresh,fixed_test,
beef,ShuffleNetV2-0.5x,beef_fixed_test_portion01,4,2,3,0.005483875166666667,0.027522740666666667,0.9669934033333334,2,Spoiled,fixed_test,
beef,ShuffleNetV2-0.5x,beef_fixed_test_portion01,5,2,3,0.01750959523333333,0.027067824,0.9554225333333334,2,Spoiled,fixed_test,
beef,ShuffleNetV2-0.5x,beef_fixed_test_portion01,6,2,3,0.4245718133333334,0.04306223433333334,0.5323659433333333,2,Spoiled,fixed_test,
beef,ShuffleNetV2-0.5x,beef_fixed_test_portion02,0,0,3,0.9469245166666665,0.03107461166666667,0.02200086533333333,0,Fresh,fixed_test,
beef,ShuffleNetV2-0.5x,beef_fixed_test_portion02,1,0,3,0.8304955700000001,0.035281225666666666,0.1342232123333333,0,Fresh,fixed_test,
beef,ShuffleNetV2-0.5x,beef_fixed_test_portion02,2,0,3,0.9283586100000001,0.033487437,0.03815399166666667,0,Fresh,fixed_test,
beef,ShuffleNetV2-0.5x,beef_fixed_test_portion02,3,1,3,0.5400266433333334,0.45137070999999995,0.008602680666666666,0,Fresh,fixed_test,
beef,ShuffleNetV2-0.5x,beef_fixed_test_portion02,4,2,3,0.12997368176666665,0.03411573266666667,0.8359106333333334,2,Spoiled,fixed_test,
beef,ShuffleNetV2-0.5x,beef_fixed_test_portion02,5,2,3,0.009651709666666666,0.03000241366666667,0.9603458633333334,2,Spoiled,fixed_test,
beef,ShuffleNetV2-0.5x,beef_fixed_test_portion02,6,2,3,0.0023019083,0.030449909666666667,0.9672481566666667,2,Spoiled,fixed_test,
beef,ShuffleNetV2-0.5x,beef_fixed_test_portion03,0,0,3,0.956887,0.035744622,0.0073683283333333335,0,Fresh,fixed_test,
beef,ShuffleNetV2-0.5x,beef_fixed_test_portion03,1,0,3,0.9568820633333334,0.029712028333333335,0.013405931333333334,0,Fresh,fixed_test,
beef,ShuffleNetV2-0.5x,beef_fixed_test_portion03,2,0,3,0.9375104899999999,0.029996236,0.032493295666666665,0,Fresh,fixed_test,
beef,ShuffleNetV2-0.5x,beef_fixed_test_portion03,3,1,3,0.03230635976666666,0.96475738,0.0029362631333333332,1,Sub-fresh,fixed_test,
beef,ShuffleNetV2-0.5x,beef_fixed_test_portion03,4,2,3,0.5849667066666666,0.042537629333333334,0.37249567199999994,0,Fresh,fixed_test,
beef,ShuffleNetV2-0.5x,beef_fixed_test_portion03,5,2,3,0.025565434999999997,0.13741658199999998,0.8370179666666667,2,Spoiled,fixed_test,
beef,ShuffleNetV2-0.5x,beef_fixed_test_portion03,6,2,3,0.0025977658,0.035241816,0.9621604333333332,2,Spoiled,fixed_test,
beef,ShuffleNetV2-0.5x,beef_fixed_test_portion04,0,0,3,0.9512765666666666,0.040513616,0.008209885366666668,0,Fresh,fixed_test,
beef,ShuffleNetV2-0.5x,beef_fixed_test_portion04,1,0,3,0.9522148666666667,0.036286163333333336,0.011498963333333334,0,Fresh,fixed_test,
beef,ShuffleNetV2-0.5x,beef_fixed_test_portion04,2,0,3,0.7320699833333334,0.043310287,0.22461972066666666,0,Fresh,fixed_test,
beef,ShuffleNetV2-0.5x,beef_fixed_test_portion04,3,1,3,0.006717781633333334,0.9855042666666667,0.007777996333333333,1,Sub-fresh,fixed_test,
beef,ShuffleNetV2-0.5x,beef_fixed_test_portion04,4,2,3,0.007673932333333334,0.026111086333333335,0.9662149566666667,2,Spoiled,fixed_test,
beef,ShuffleNetV2-0.5x,beef_fixed_test_portion04,5,2,3,0.004917570533333333,0.06366835766666666,0.9314140399999999,2,Spoiled,fixed_test,
beef,ShuffleNetV2-0.5x,beef_fixed_test_portion04,6,2,3,0.0034115677666666667,0.031710336666666665,0.9648781166666667,2,Spoiled,fixed_test,
beef,ShuffleNetV2-0.5x,beef_fixed_test_portion05,0,0,3,0.9569445466666666,0.035686407333333336,0.007369013733333333,0,Fresh,fixed_test,
beef,ShuffleNetV2-0.5x,beef_fixed_test_portion05,1,0,3,0.95602628,0.03188838233333333,0.012085374666666667,0,Fresh,fixed_test,
beef,ShuffleNetV2-0.5x,beef_fixed_test_portion05,2,0,3,0.7512957833333335,0.05075714,0.19794711666666664,0,Fresh,fixed_test,
beef,ShuffleNetV2-0.5x,beef_fixed_test_portion05,3,1,3,0.5658282033333334,0.4120611966666667,0.022110580666666668,0,Fresh,fixed_test,
beef,ShuffleNetV2-0.5x,beef_fixed_test_portion05,4,2,3,0.1603079415,0.03470243233333333,0.8049895866666666,2,Spoiled,fixed_test,
beef,ShuffleNetV2-0.5x,beef_fixed_test_portion05,5,2,3,0.016851372,0.03205652,0.9510920833333333,2,Spoiled,fixed_test,
beef,ShuffleNetV2-0.5x,beef_fixed_test_portion05,6,2,3,0.010140341933333333,0.03209511633333333,0.9577645333333332,2,Spoiled,fixed_test,
beef,ShuffleNetV2-0.5x,beef_fixed_test_portion06,0,0,3,0.9534411533333333,0.03200941666666667,0.014549399999999999,0,Fresh,fixed_test,
beef,ShuffleNetV2-0.5x,beef_fixed_test_portion06,1,0,3,0.79112072,0.043429868,0.16544940466666666,0,Fresh,fixed_test,
beef,ShuffleNetV2-0.5x,beef_fixed_test_portion06,2,0,3,0.9558933666666666,0.037629977,0.0064766172666666675,0,Fresh,fixed_test,
beef,ShuffleNetV2-0.5x,beef_fixed_test_portion06,3,1,3,0.03110136566666667,0.96454619,0.004352434499999999,1,Sub-fresh,fixed_test,
beef,ShuffleNetV2-0.5x,beef_fixed_test_portion06,4,2,3,0.3287820356,0.03982231966666667,0.6313956006666667,2,Spoiled,fixed_test,
beef,ShuffleNetV2-0.5x,beef_fixed_test_portion06,5,2,3,0.023987357,0.07951848333333333,0.8964941,2,Spoiled,fixed_test,
beef,ShuffleNetV2-0.5x,beef_fixed_test_portion06,6,2,3,0.0012668659933333332,0.035015625,0.9637174900000001,2,Spoiled,fixed_test,
beef,ShuffleNetV2-0.5x,beef_fixed_test_portion07,0,0,3,0.9476654933333334,0.043332279,0.009002228,0,Fresh,fixed_test,
beef,ShuffleNetV2-0.5x,beef_fixed_test_portion07,1,0,3,0.32978396866666665,0.6622496533333333,0.007966333433333334,1,Sub-fresh,fixed_test,
beef,ShuffleNetV2-0.5x,beef_fixed_test_portion07,2,0,3,0.9415769099999999,0.02854232766666667,0.029880763333333334,0,Fresh,fixed_test,
beef,ShuffleNetV2-0.5x,beef_fixed_test_portion07,3,1,3,0.0030587906333333337,0.9932090533333332,0.003732187833333333,1,Sub-fresh,fixed_test,
beef,ShuffleNetV2-0.5x,beef_fixed_test_portion07,4,2,3,0.16701965133333332,0.03667180133333334,0.7963085633333332,2,Spoiled,fixed_test,
beef,ShuffleNetV2-0.5x,beef_fixed_test_portion07,5,2,3,0.010867216133333335,0.027153190999999997,0.9619795999999999,2,Spoiled,fixed_test,
beef,ShuffleNetV2-0.5x,beef_fixed_test_portion07,6,2,3,0.008746756566666666,0.027558379333333338,0.9636948533333333,2,Spoiled,fixed_test,
beef,ShuffleNetV2-0.5x,beef_fixed_test_portion08,0,0,3,0.95736421,0.035190278666666665,0.007445500833333334,0,Fresh,fixed_test,
beef,ShuffleNetV2-0.5x,beef_fixed_test_portion08,1,0,3,0.6435390533333333,0.34803261133333335,0.008428315866666666,0,Fresh,fixed_test,
beef,ShuffleNetV2-0.5x,beef_fixed_test_portion08,2,0,3,0.9616462566666666,0.027938184666666668,0.010415524333333334,0,Fresh,fixed_test,
beef,ShuffleNetV2-0.5x,beef_fixed_test_portion08,3,1,3,0.13028516933333334,0.86313429,0.006580539666666667,1,Sub-fresh,fixed_test,
beef,ShuffleNetV2-0.5x,beef_fixed_test_portion08,4,2,3,0.4788467033333334,0.046454606333333336,0.47469866466666666,0,Fresh,fixed_test,
beef,ShuffleNetV2-0.5x,beef_fixed_test_portion08,5,2,3,0.2001627566666667,0.6269076100000001,0.1729296223333333,1,Sub-fresh,fixed_test,
beef,ShuffleNetV2-0.5x,beef_fixed_test_portion08,6,2,3,0.03265841966666667,0.028764137999999998,0.9385774100000001,2,Spoiled,fixed_test,
beef,ShuffleNetV2-0.5x,beef_fixed_test_portion09,0,0,3,0.9447047466666666,0.04264465666666667,0.012650606,0,Fresh,fixed_test,
beef,ShuffleNetV2-0.5x,beef_fixed_test_portion09,1,0,3,0.68243952,0.30948789666666665,0.008072583133333333,0,Fresh,fixed_test,
beef,ShuffleNetV2-0.5x,beef_fixed_test_portion09,2,0,3,0.9522507666666667,0.038244081,0.009505167966666667,0,Fresh,fixed_test,
beef,ShuffleNetV2-0.5x,beef_fixed_test_portion09,3,1,3,0.048742916666666664,0.9343295266666667,0.016927557333333332,1,Sub-fresh,fixed_test,
beef,ShuffleNetV2-0.5x,beef_fixed_test_portion09,4,2,3,0.016508164066666667,0.03262244633333333,0.9508693966666666,2,Spoiled,fixed_test,
beef,ShuffleNetV2-0.5x,beef_fixed_test_portion09,5,2,3,0.009359648,0.11050397333333334,0.8801363566666667,2,Spoiled,fixed_test,
beef,ShuffleNetV2-0.5x,beef_fixed_test_portion09,6,2,3,0.015008340766666664,0.03884512933333333,0.9461465366666667,2,Spoiled,fixed_test,
beef,ShuffleNetV2-0.5x,beef_fixed_test_portion10,0,0,3,0.9475918600000001,0.04246119166666667,0.009946931666666667,0,Fresh,fixed_test,
beef,ShuffleNetV2-0.5x,beef_fixed_test_portion10,1,0,3,0.541651507,0.4484647033333333,0.009883804433333332,0,Fresh,fixed_test,
beef,ShuffleNetV2-0.5x,beef_fixed_test_portion10,2,0,3,0.9536070899999999,0.030910017666666664,0.015482915333333333,0,Fresh,fixed_test,
beef,ShuffleNetV2-0.5x,beef_fixed_test_portion10,3,1,3,0.4206918626666667,0.5436008099999999,0.03570735166666667,1,Sub-fresh,fixed_test,
beef,ShuffleNetV2-0.5x,beef_fixed_test_portion10,4,2,3,0.015400282346666667,0.028677898999999996,0.9559219,2,Spoiled,fixed_test,
beef,ShuffleNetV2-0.5x,beef_fixed_test_portion10,5,2,3,0.033620349333333334,0.5295709999999999,0.4368086566666667,1,Sub-fresh,fixed_test,
beef,ShuffleNetV2-0.5x,beef_fixed_test_portion10,6,2,3,0.002127039433333333,0.03141245633333333,0.9664605333333333,2,Spoiled,fixed_test,
beef,Spot-CNN,beef_fixed_test_portion01,0,0,3,0.9819869233333334,0.012144142333333335,0.005868996966666667,0,Fresh,fixed_test,
beef,Spot-CNN,beef_fixed_test_portion01,1,0,3,0.94021714,0.015280545333333334,0.04450232366666667,0,Fresh,fixed_test,
beef,Spot-CNN,beef_fixed_test_portion01,2,0,3,0.8950524466666666,0.05203537633333333,0.052912129,0,Fresh,fixed_test,
beef,Spot-CNN,beef_fixed_test_portion01,3,1,3,0.028243305333333333,0.9688430833333334,0.0029136161333333335,1,Sub-fresh,fixed_test,
beef,Spot-CNN,beef_fixed_test_portion01,4,2,3,0.0021277842333333333,0.009329033,0.9885432033333333,2,Spoiled,fixed_test,
beef,Spot-CNN,beef_fixed_test_portion01,5,2,3,0.002770209133333333,0.012865755,0.9843641,2,Spoiled,fixed_test,
beef,Spot-CNN,beef_fixed_test_portion01,6,2,3,0.07752360133333333,0.06457450433333334,0.8579019033333334,2,Spoiled,fixed_test,
beef,Spot-CNN,beef_fixed_test_portion02,0,0,3,0.9680077300000001,0.026940104333333336,0.005052169033333333,0,Fresh,fixed_test,
beef,Spot-CNN,beef_fixed_test_portion02,1,0,3,0.98980922,0.0044012017,0.005789612833333333,0,Fresh,fixed_test,
beef,Spot-CNN,beef_fixed_test_portion02,2,0,3,0.41270932,0.35409818,0.23319252333333332,0,Fresh,fixed_test,
beef,Spot-CNN,beef_fixed_test_portion02,3,1,3,0.09467218,0.9013859566666667,0.0039419318,1,Sub-fresh,fixed_test,
beef,Spot-CNN,beef_fixed_test_portion02,4,2,3,0.07239636166666667,0.026481994,0.9011216533333334,2,Spoiled,fixed_test,
beef,Spot-CNN,beef_fixed_test_portion02,5,2,3,0.0049260561,0.031205381666666667,0.9638686266666667,2,Spoiled,fixed_test,
beef,Spot-CNN,beef_fixed_test_portion02,6,2,3,0.009573505166666668,0.01969949166666667,0.9707269900000001,2,Spoiled,fixed_test,
beef,Spot-CNN,beef_fixed_test_portion03,0,0,3,0.9756326666666667,0.022762240333333333,0.0016050551333333333,0,Fresh,fixed_test,
beef,Spot-CNN,beef_fixed_test_portion03,1,0,3,0.9503968,0.03279401166666667,0.016809199,0,Fresh,fixed_test,
beef,Spot-CNN,beef_fixed_test_portion03,2,0,3,0.36897995333333333,0.06824821533333333,0.5627718233333333,2,Spoiled,fixed_test,
beef,Spot-CNN,beef_fixed_test_portion03,3,1,3,0.09345708233333333,0.9046385666666666,0.0019043586333333331,1,Sub-fresh,fixed_test,
beef,Spot-CNN,beef_fixed_test_portion03,4,2,3,0.4846085,0.03313183833333334,0.48225966666666675,0,Fresh,fixed_test,
beef,Spot-CNN,beef_fixed_test_portion03,5,2,3,0.0072428097333333335,0.03857974433333333,0.9541774,2,Spoiled,fixed_test,
beef,Spot-CNN,beef_fixed_test_portion03,6,2,3,0.0048871417,0.011700680666666666,0.9834121233333333,2,Spoiled,fixed_test,
beef,Spot-CNN,beef_fixed_test_portion04,0,0,3,0.9923220666666667,0.005914918166666667,0.0017630113333333332,0,Fresh,fixed_test,
beef,Spot-CNN,beef_fixed_test_portion04,1,0,3,0.9607613166666668,0.007941131433333333,0.03129754133333333,0,Fresh,fixed_test,
beef,Spot-CNN,beef_fixed_test_portion04,2,0,3,0.7304150433333333,0.058697146666666665,0.21088784000000002,0,Fresh,fixed_test,
beef,Spot-CNN,beef_fixed_test_portion04,3,1,3,0.00032944862666666667,0.9984699466666666,0.0012005711666666667,1,Sub-fresh,fixed_test,
beef,Spot-CNN,beef_fixed_test_portion04,4,2,3,0.0040690554666666665,0.019815571666666667,0.9761153333333333,2,Spoiled,fixed_test,
beef,Spot-CNN,beef_fixed_test_portion04,5,2,3,0.0012814899666666669,0.014746504166666667,0.98397202,2,Spoiled,fixed_test,
beef,Spot-CNN,beef_fixed_test_portion04,6,2,3,0.01845588466666667,0.011231401,0.9703127333333333,2,Spoiled,fixed_test,
beef,Spot-CNN,beef_fixed_test_portion05,0,0,3,0.9620395666666667,0.02850767833333333,0.009452724133333333,0,Fresh,fixed_test,
beef,Spot-CNN,beef_fixed_test_portion05,1,0,3,0.9937032666666666,0.0026075113,0.003689178,0,Fresh,fixed_test,
beef,Spot-CNN,beef_fixed_test_portion05,2,0,3,0.96864512,0.017918267666666664,0.0134366115,0,Fresh,fixed_test,
beef,Spot-CNN,beef_fixed_test_portion05,3,1,3,0.03249414933333333,0.9669555133333333,0.00055029945,1,Sub-fresh,fixed_test,
beef,Spot-CNN,beef_fixed_test_portion05,4,2,3,0.37191126666666663,0.019153278666666666,0.6089354566666666,2,Spoiled,fixed_test,
beef,Spot-CNN,beef_fixed_test_portion05,5,2,3,0.0050541609,0.035596086666666665,0.9593497266666667,2,Spoiled,fixed_test,
beef,Spot-CNN,beef_fixed_test_portion05,6,2,3,0.026952331,0.019868982333333333,0.9531786333333333,2,Spoiled,fixed_test,
beef,Spot-CNN,beef_fixed_test_portion06,0,0,3,0.9624314033333333,0.014099635666666666,0.023468994666666663,0,Fresh,fixed_test,
beef,Spot-CNN,beef_fixed_test_portion06,1,0,3,0.72682498,0.011742762999999998,0.26143226,0,Fresh,fixed_test,
beef,Spot-CNN,beef_fixed_test_portion06,2,0,3,0.9689000999999999,0.026827748666666665,0.004272159766666666,0,Fresh,fixed_test,
beef,Spot-CNN,beef_fixed_test_portion06,3,1,3,0.04384619966666667,0.95479862,0.0013551665333333335,1,Sub-fresh,fixed_test,
beef,Spot-CNN,beef_fixed_test_portion06,4,2,3,0.5041051933333333,0.027206419333333332,0.4686884066666666,0,Fresh,fixed_test,
beef,Spot-CNN,beef_fixed_test_portion06,5,2,3,0.005833520133333333,0.040519925000000005,0.9536465666666666,2,Spoiled,fixed_test,
beef,Spot-CNN,beef_fixed_test_portion06,6,2,3,0.0022624658333333333,0.012565854000000001,0.9851717,2,Spoiled,fixed_test,
beef,Spot-CNN,beef_fixed_test_portion07,0,0,3,0.9783564166666666,0.014941342333333335,0.0067022288666666666,0,Fresh,fixed_test,
beef,Spot-CNN,beef_fixed_test_portion07,1,0,3,0.4068867566666667,0.59025294,0.002860256466666667,1,Sub-fresh,fixed_test,
beef,Spot-CNN,beef_fixed_test_portion07,2,0,3,0.8700323866666667,0.08772458799999999,0.04224302666666666,0,Fresh,fixed_test,
beef,Spot-CNN,beef_fixed_test_portion07,3,1,3,0.0033182316000000002,0.9964526,0.00022914270000000002,1,Sub-fresh,fixed_test,
beef,Spot-CNN,beef_fixed_test_portion07,4,2,3,0.0132847885,0.007588556966666667,0.9791266366666665,2,Spoiled,fixed_test,
beef,Spot-CNN,beef_fixed_test_portion07,5,2,3,0.0027976281333333334,0.012250625666666667,0.9849517366666666,2,Spoiled,fixed_test,
beef,Spot-CNN,beef_fixed_test_portion07,6,2,3,0.0061408418000000005,0.011332241,0.9825269166666667,2,Spoiled,fixed_test,
beef,Spot-CNN,beef_fixed_test_portion08,0,0,3,0.9866315166666667,0.006926313999999999,0.006442163,0,Fresh,fixed_test,
beef,Spot-CNN,beef_fixed_test_portion08,1,0,3,0.97808058,0.021460385666666665,0.00045903350333333337,0,Fresh,fixed_test,
beef,Spot-CNN,beef_fixed_test_portion08,2,0,3,0.9628291866666666,0.027706750333333335,0.009464045666666665,0,Fresh,fixed_test,
beef,Spot-CNN,beef_fixed_test_portion08,3,1,3,0.0018713467666666664,0.9981142,1.4479463999999999e-05,1,Sub-fresh,fixed_test,
beef,Spot-CNN,beef_fixed_test_portion08,4,2,3,0.5425909033333334,0.033453251999999996,0.4239558333333333,0,Fresh,fixed_test,
beef,Spot-CNN,beef_fixed_test_portion08,5,2,3,0.042431464,0.07825768933333334,0.8793108166666667,2,Spoiled,fixed_test,
beef,Spot-CNN,beef_fixed_test_portion08,6,2,3,0.017917953666666667,0.039089850333333336,0.9429922,2,Spoiled,fixed_test,
beef,Spot-CNN,beef_fixed_test_portion09,0,0,3,0.9729520133333334,0.007720930666666667,0.019327050666666668,0,Fresh,fixed_test,
beef,Spot-CNN,beef_fixed_test_portion09,1,0,3,0.8542303333333333,0.13679247666666666,0.008977195333333333,0,Fresh,fixed_test,
beef,Spot-CNN,beef_fixed_test_portion09,2,0,3,0.9572804666666667,0.03514693333333333,0.007572591466666666,0,Fresh,fixed_test,
beef,Spot-CNN,beef_fixed_test_portion09,3,1,3,0.17983736866666666,0.8174504499999999,0.002712193066666667,1,Sub-fresh,fixed_test,
beef,Spot-CNN,beef_fixed_test_portion09,4,2,3,0.008657680466666666,0.006842263033333334,0.9845000933333333,2,Spoiled,fixed_test,
beef,Spot-CNN,beef_fixed_test_portion09,5,2,3,0.010001370666666667,0.03671709866666666,0.9532815666666666,2,Spoiled,fixed_test,
beef,Spot-CNN,beef_fixed_test_portion09,6,2,3,0.012537126333333334,0.014708477,0.9727544200000001,2,Spoiled,fixed_test,
beef,Spot-CNN,beef_fixed_test_portion10,0,0,3,0.9958303000000001,0.0038194684333333335,0.0003502243233333333,0,Fresh,fixed_test,
beef,Spot-CNN,beef_fixed_test_portion10,1,0,3,0.39563864666666665,0.6008792666666667,0.0034820910999999997,1,Sub-fresh,fixed_test,
beef,Spot-CNN,beef_fixed_test_portion10,2,0,3,0.9348392,0.05307080533333333,0.012090020866666667,0,Fresh,fixed_test,
beef,Spot-CNN,beef_fixed_test_portion10,3,1,3,0.015044002666666667,0.9842500799999999,0.0007059032866666668,1,Sub-fresh,fixed_test,
beef,Spot-CNN,beef_fixed_test_portion10,4,2,3,0.012246549433333335,0.032169464,0.95558399,2,Spoiled,fixed_test,
beef,Spot-CNN,beef_fixed_test_portion10,5,2,3,0.008501673333333333,0.41320018999999997,0.57829814,2,Spoiled,fixed_test,
beef,Spot-CNN,beef_fixed_test_portion10,6,2,3,0.0043012208333333335,0.016450856,0.9792479466666667,2,Spoiled,fixed_test,
beef,Tiny-MLP,beef_fixed_test_portion01,0,0,3,0.9336789799999999,0.03135921466666667,0.034961810333333336,0,Fresh,fixed_test,
beef,Tiny-MLP,beef_fixed_test_portion01,1,0,3,0.5556399666666666,0.035711549,0.40864843666666667,0,Fresh,fixed_test,
beef,Tiny-MLP,beef_fixed_test_portion01,2,0,3,0.6112108033333333,0.031815674,0.35697355333333336,0,Fresh,fixed_test,
beef,Tiny-MLP,beef_fixed_test_portion01,3,1,3,0.014661182,0.9711911133333334,0.014147711666666667,1,Sub-fresh,fixed_test,
beef,Tiny-MLP,beef_fixed_test_portion01,4,2,3,0.008387829866666667,0.004585400133333333,0.9870267833333334,2,Spoiled,fixed_test,
beef,Tiny-MLP,beef_fixed_test_portion01,5,2,3,0.5021792233333334,0.23954851333333335,0.25827226666666664,0,Fresh,fixed_test,
beef,Tiny-MLP,beef_fixed_test_portion01,6,2,3,0.04898310933333333,0.04567168,0.90534518,2,Spoiled,fixed_test,
beef,Tiny-MLP,beef_fixed_test_portion02,0,0,3,0.9769971666666667,0.015057998000000001,0.007944855,0,Fresh,fixed_test,
beef,Tiny-MLP,beef_fixed_test_portion02,1,0,3,0.8167967799999999,0.04086158533333333,0.14234165333333335,0,Fresh,fixed_test,
beef,Tiny-MLP,beef_fixed_test_portion02,2,0,3,0.24449142666666668,0.024587841666666665,0.73092072,2,Spoiled,fixed_test,
beef,Tiny-MLP,beef_fixed_test_portion02,3,1,3,0.026187161,0.94544739,0.028365443400000006,1,Sub-fresh,fixed_test,
beef,Tiny-MLP,beef_fixed_test_portion02,4,2,3,0.07594095333333334,0.019468903,0.9045901633333333,2,Spoiled,fixed_test,
beef,Tiny-MLP,beef_fixed_test_portion02,5,2,3,0.005007006366666666,0.008762233333333334,0.9862307500000002,2,Spoiled,fixed_test,
beef,Tiny-MLP,beef_fixed_test_portion02,6,2,3,0.008889909666666666,0.018720549,0.9723895233333333,2,Spoiled,fixed_test,
beef,Tiny-MLP,beef_fixed_test_portion03,0,0,3,0.9906546900000001,0.0062565511666666665,0.0030887393,0,Fresh,fixed_test,
beef,Tiny-MLP,beef_fixed_test_portion03,1,0,3,0.9902269033333333,0.006870142833333333,0.002902924733333333,0,Fresh,fixed_test,
beef,Tiny-MLP,beef_fixed_test_portion03,2,0,3,0.9141436233333332,0.024931519666666666,0.060924868666666666,0,Fresh,fixed_test,
beef,Tiny-MLP,beef_fixed_test_portion03,3,1,3,0.24921455,0.7427071700000001,0.008078273333333334,1,Sub-fresh,fixed_test,
beef,Tiny-MLP,beef_fixed_test_portion03,4,2,3,0.8252915833333333,0.03678209166666666,0.13792632,0,Fresh,fixed_test,
beef,Tiny-MLP,beef_fixed_test_portion03,5,2,3,0.0141425175,0.11055080533333334,0.8753066933333334,2,Spoiled,fixed_test,
beef,Tiny-MLP,beef_fixed_test_portion03,6,2,3,0.013609055166666667,0.027444732666666666,0.9589462000000001,2,Spoiled,fixed_test,
beef,Tiny-MLP,beef_fixed_test_portion04,0,0,3,0.9807227333333334,0.014398683166666667,0.0048786414000000005,0,Fresh,fixed_test,
beef,Tiny-MLP,beef_fixed_test_portion04,1,0,3,0.9084536433333333,0.023402646,0.068143701,0,Fresh,fixed_test,
beef,Tiny-MLP,beef_fixed_test_portion04,2,0,3,0.8976296666666667,0.024969795666666666,0.07740051866666667,0,Fresh,fixed_test,
beef,Tiny-MLP,beef_fixed_test_portion04,3,1,3,0.015206271,0.9772821466666667,0.007511606833333333,1,Sub-fresh,fixed_test,
beef,Tiny-MLP,beef_fixed_test_portion04,4,2,3,0.029855277,0.007405003433333334,0.96273971,2,Spoiled,fixed_test,
beef,Tiny-MLP,beef_fixed_test_portion04,5,2,3,0.0037694986000000002,0.010407985666666666,0.9858225333333334,2,Spoiled,fixed_test,
beef,Tiny-MLP,beef_fixed_test_portion04,6,2,3,0.007471915133333333,0.016006659333333333,0.9765214366666667,2,Spoiled,fixed_test,
beef,Tiny-MLP,beef_fixed_test_portion05,0,0,3,0.98489408,0.0085651775,0.0065407077666666666,0,Fresh,fixed_test,
beef,Tiny-MLP,beef_fixed_test_portion05,1,0,3,0.9872569000000001,0.009102381833333334,0.003640731833333333,0,Fresh,fixed_test,
beef,Tiny-MLP,beef_fixed_test_portion05,2,0,3,0.9403836,0.031590767666666665,0.02802564366666667,0,Fresh,fixed_test,
beef,Tiny-MLP,beef_fixed_test_portion05,3,1,3,0.6241154566666667,0.35859314999999997,0.017291393,0,Fresh,fixed_test,
beef,Tiny-MLP,beef_fixed_test_portion05,4,2,3,0.7345041,0.053702708666666675,0.21179320999999998,0,Fresh,fixed_test,
beef,Tiny-MLP,beef_fixed_test_portion05,5,2,3,0.0026070290000000003,0.010801768666666668,0.9865911666666666,2,Spoiled,fixed_test,
beef,Tiny-MLP,beef_fixed_test_portion05,6,2,3,0.009450492333333333,0.020219211,0.97033029,2,Spoiled,fixed_test,
beef,Tiny-MLP,beef_fixed_test_portion06,0,0,3,0.9016798333333332,0.025677223,0.072642912,0,Fresh,fixed_test,
beef,Tiny-MLP,beef_fixed_test_portion06,1,0,3,0.9405051433333332,0.02064264,0.038852219333333333,0,Fresh,fixed_test,
beef,Tiny-MLP,beef_fixed_test_portion06,2,0,3,0.9147554000000001,0.03190387966666667,0.05334071266666667,0,Fresh,fixed_test,
beef,Tiny-MLP,beef_fixed_test_portion06,3,1,3,0.07084437666666667,0.9191145433333334,0.010041076333333334,1,Sub-fresh,fixed_test,
beef,Tiny-MLP,beef_fixed_test_portion06,4,2,3,0.22281932666666668,0.025269571666666667,0.7519111,2,Spoiled,fixed_test,
beef,Tiny-MLP,beef_fixed_test_portion06,5,2,3,0.0027270935666666666,0.05397665433333334,0.9432962833333334,2,Spoiled,fixed_test,
beef,Tiny-MLP,beef_fixed_test_portion06,6,2,3,0.005082980366666667,0.004979763000000001,0.9899372833333334,2,Spoiled,fixed_test,
beef,Tiny-MLP,beef_fixed_test_portion07,0,0,3,0.9700364466666667,0.014456448166666669,0.015507094333333334,0,Fresh,fixed_test,
beef,Tiny-MLP,beef_fixed_test_portion07,1,0,3,0.5341326766666666,0.45361423666666667,0.01225309,0,Fresh,fixed_test,
beef,Tiny-MLP,beef_fixed_test_portion07,2,0,3,0.9343362033333333,0.027644018333333336,0.03801975333333333,0,Fresh,fixed_test,
beef,Tiny-MLP,beef_fixed_test_portion07,3,1,3,0.42083462666666666,0.5650641233333333,0.014101256999999999,1,Sub-fresh,fixed_test,
beef,Tiny-MLP,beef_fixed_test_portion07,4,2,3,0.02645416366666667,0.0071933527,0.9663525000000001,2,Spoiled,fixed_test,
beef,Tiny-MLP,beef_fixed_test_portion07,5,2,3,0.004018162766666666,0.012470658,0.9835112,2,Spoiled,fixed_test,
beef,Tiny-MLP,beef_fixed_test_portion07,6,2,3,0.01981836,0.027596096333333334,0.95258558,2,Spoiled,fixed_test,
beef,Tiny-MLP,beef_fixed_test_portion08,0,0,3,0.9853215166666667,0.012787256333333332,0.0018912092666666666,0,Fresh,fixed_test,
beef,Tiny-MLP,beef_fixed_test_portion08,1,0,3,0.49628198,0.48229512,0.02142288666666667,0,Fresh,fixed_test,
beef,Tiny-MLP,beef_fixed_test_portion08,2,0,3,0.9133832166666668,0.032267324,0.054349459999999995,0,Fresh,fixed_test,
beef,Tiny-MLP,beef_fixed_test_portion08,3,1,3,0.008259533933333334,0.99031999,0.0014204885333333334,1,Sub-fresh,fixed_test,
beef,Tiny-MLP,beef_fixed_test_portion08,4,2,3,0.22287614,0.028349523666666668,0.74877437,2,Spoiled,fixed_test,
beef,Tiny-MLP,beef_fixed_test_portion08,5,2,3,0.010666964666666667,0.10068111966666667,0.8886518433333334,2,Spoiled,fixed_test,
beef,Tiny-MLP,beef_fixed_test_portion08,6,2,3,0.023556946999999998,0.052477785,0.9239652866666667,2,Spoiled,fixed_test,
beef,Tiny-MLP,beef_fixed_test_portion09,0,0,3,0.9960485766666666,0.0029147636999999997,0.00103671279,0,Fresh,fixed_test,
beef,Tiny-MLP,beef_fixed_test_portion09,1,0,3,0.8254587666666667,0.16691952833333334,0.0076217329999999995,0,Fresh,fixed_test,
beef,Tiny-MLP,beef_fixed_test_portion09,2,0,3,0.98383461,0.009888995833333332,0.006276380066666667,0,Fresh,fixed_test,
beef,Tiny-MLP,beef_fixed_test_portion09,3,1,3,0.018177009666666664,0.9767543966666666,0.005068596833333334,1,Sub-fresh,fixed_test,
beef,Tiny-MLP,beef_fixed_test_portion09,4,2,3,0.014341104833333333,0.0039473776,0.9817115466666667,2,Spoiled,fixed_test,
beef,Tiny-MLP,beef_fixed_test_portion09,5,2,3,0.011330457,0.046512355,0.9421571866666666,2,Spoiled,fixed_test,
beef,Tiny-MLP,beef_fixed_test_portion09,6,2,3,0.012904648666666666,0.023973927000000003,0.9631214333333333,2,Spoiled,fixed_test,
beef,Tiny-MLP,beef_fixed_test_portion10,0,0,3,0.9903918866666667,0.007235423766666666,0.0023726857,0,Fresh,fixed_test,
beef,Tiny-MLP,beef_fixed_test_portion10,1,0,3,0.10601333633333333,0.8769116833333334,0.017075013,1,Sub-fresh,fixed_test,
beef,Tiny-MLP,beef_fixed_test_portion10,2,0,3,0.8863078566666666,0.030634682666666666,0.08305747666666667,0,Fresh,fixed_test,
beef,Tiny-MLP,beef_fixed_test_portion10,3,1,3,0.03284540266666667,0.9620856033333333,0.005068996433333334,1,Sub-fresh,fixed_test,
beef,Tiny-MLP,beef_fixed_test_portion10,4,2,3,0.04678364933333334,0.0112298335,0.94198652,2,Spoiled,fixed_test,
beef,Tiny-MLP,beef_fixed_test_portion10,5,2,3,0.011706133,0.4461690766666666,0.5421248,2,Spoiled,fixed_test,
beef,Tiny-MLP,beef_fixed_test_portion10,6,2,3,0.004450850733333333,0.004945650133333333,0.9906035133333333,2,Spoiled,fixed_test,
pork,EfficientNet-Lite0,pork_fixed_test_portion01,0,0,3,0.9538805533333333,0.02643588033333333,0.019683584666666667,0,Fresh,fixed_test,
pork,EfficientNet-Lite0,pork_fixed_test_portion01,1,0,3,0.95302195,0.025602817666666666,0.021375223999999998,0,Fresh,fixed_test,
pork,EfficientNet-Lite0,pork_fixed_test_portion01,2,0,3,0.9499560800000001,0.03265398433333333,0.017389906666666666,0,Fresh,fixed_test,
pork,EfficientNet-Lite0,pork_fixed_test_portion01,3,0,3,0.93925049,0.03264365466666667,0.028105886333333333,0,Fresh,fixed_test,
pork,EfficientNet-Lite0,pork_fixed_test_portion01,4,1,3,0.0017838785166666667,0.08883557400000001,0.9093805666666667,2,Spoiled,fixed_test,
pork,EfficientNet-Lite0,pork_fixed_test_portion01,5,2,3,0.00162833258,0.018004082,0.9803675799999999,2,Spoiled,fixed_test,
pork,EfficientNet-Lite0,pork_fixed_test_portion01,6,2,3,0.0010767813866666665,0.021662685666666664,0.9772605366666666,2,Spoiled,fixed_test,
pork,EfficientNet-Lite0,pork_fixed_test_portion02,0,0,3,0.9466081166666666,0.03197033666666666,0.021421524666666664,0,Fresh,fixed_test,
pork,EfficientNet-Lite0,pork_fixed_test_portion02,1,0,3,0.9603309233333333,0.029431999333333334,0.010237117666666668,0,Fresh,fixed_test,
pork,EfficientNet-Lite0,pork_fixed_test_portion02,2,0,3,0.9633015166666666,0.028526804,0.008171691733333333,0,Fresh,fixed_test,
pork,EfficientNet-Lite0,pork_fixed_test_portion02,3,0,3,0.9607094866666667,0.030132169,0.0091583162,0,Fresh,fixed_test,
pork,EfficientNet-Lite0,pork_fixed_test_portion02,4,1,3,0.019908556433333332,0.17438515799999998,0.80570627,2,Spoiled,fixed_test,
pork,EfficientNet-Lite0,pork_fixed_test_portion02,5,2,3,0.0033044597000000003,0.016349698333333332,0.9803457999999999,2,Spoiled,fixed_test,
pork,EfficientNet-Lite0,pork_fixed_test_portion02,6,2,3,0.0013753572333333334,0.01669864,0.9819259833333334,2,Spoiled,fixed_test,
pork,EfficientNet-Lite0,pork_fixed_test_portion03,0,0,3,0.94964485,0.030239967999999996,0.02011512366666667,0,Fresh,fixed_test,
pork,EfficientNet-Lite0,pork_fixed_test_portion03,1,0,3,0.9548891333333334,0.029443791,0.015667117666666668,0,Fresh,fixed_test,
pork,EfficientNet-Lite0,pork_fixed_test_portion03,2,0,3,0.9600605833333334,0.030335300333333332,0.009604136000000001,0,Fresh,fixed_test,
pork,EfficientNet-Lite0,pork_fixed_test_portion03,3,0,3,0.9589438666666666,0.029959104333333333,0.011097058,0,Fresh,fixed_test,
pork,EfficientNet-Lite0,pork_fixed_test_portion03,4,1,3,0.0008340369666666667,0.022593129333333333,0.9765728533333333,2,Spoiled,fixed_test,
pork,EfficientNet-Lite0,pork_fixed_test_portion03,5,2,3,0.0010529948666666666,0.01845121233333333,0.9804958166666666,2,Spoiled,fixed_test,
pork,EfficientNet-Lite0,pork_fixed_test_portion03,6,2,3,0.0009822475333333333,0.029522880333333335,0.9694948833333333,2,Spoiled,fixed_test,
pork,EfficientNet-Lite0,pork_fixed_test_portion04,0,0,3,0.9404127433333334,0.035504038333333335,0.02408326766666667,0,Fresh,fixed_test,
pork,EfficientNet-Lite0,pork_fixed_test_portion04,1,0,3,0.9579399766666666,0.030751900999999998,0.011308068400000001,0,Fresh,fixed_test,
pork,EfficientNet-Lite0,pork_fixed_test_portion04,2,0,3,0.9513536666666665,0.030915573666666668,0.017730768666666664,0,Fresh,fixed_test,
pork,EfficientNet-Lite0,pork_fixed_test_portion04,3,0,3,0.9251888999999999,0.04298573233333333,0.03182537933333333,0,Fresh,fixed_test,
pork,EfficientNet-Lite0,pork_fixed_test_portion04,4,1,3,0.0015996533666666668,0.3960671933333333,0.6023331933333333,2,Spoiled,fixed_test,
pork,EfficientNet-Lite0,pork_fixed_test_portion04,5,2,3,0.0007346984333333334,0.02630820266666667,0.9729570866666667,2,Spoiled,fixed_test,
pork,EfficientNet-Lite0,pork_fixed_test_portion04,6,2,3,0.0005975252533333334,0.029892357666666664,0.9695101833333334,2,Spoiled,fixed_test,
pork,EfficientNet-Lite0,pork_fixed_test_portion05,0,0,3,0.9425604633333333,0.032678194333333334,0.024761362,0,Fresh,fixed_test,
pork,EfficientNet-Lite0,pork_fixed_test_portion05,1,0,3,0.9565745333333333,0.032659074,0.010766432333333333,0,Fresh,fixed_test,
pork,EfficientNet-Lite0,pork_fixed_test_portion05,2,0,3,0.9538927500000001,0.032332576,0.013774702533333334,0,Fresh,fixed_test,
pork,EfficientNet-Lite0,pork_fixed_test_portion05,3,0,3,0.96755665,0.025944992,0.006498324,0,Fresh,fixed_test,
pork,EfficientNet-Lite0,pork_fixed_test_portion05,4,1,3,0.005494623133333334,0.9232165566666667,0.07128882833333333,1,Sub-fresh,fixed_test,
pork,EfficientNet-Lite0,pork_fixed_test_portion05,5,2,3,0.0014751248,0.026720833333333333,0.9718040333333334,2,Spoiled,fixed_test,
pork,EfficientNet-Lite0,pork_fixed_test_portion05,6,2,3,0.0005565191933333333,0.027698335666666667,0.9717451966666667,2,Spoiled,fixed_test,
pork,EfficientNet-Lite0,pork_fixed_test_portion06,0,0,3,0.9544496833333334,0.028381890333333337,0.017168376,0,Fresh,fixed_test,
pork,EfficientNet-Lite0,pork_fixed_test_portion06,1,0,3,0.945032,0.03062239,0.024345588333333334,0,Fresh,fixed_test,
pork,EfficientNet-Lite0,pork_fixed_test_portion06,2,0,3,0.9571062100000001,0.027694675000000002,0.015199141333333333,0,Fresh,fixed_test,
pork,EfficientNet-Lite0,pork_fixed_test_portion06,3,0,3,0.9530277166666666,0.031500409666666666,0.015471888333333335,0,Fresh,fixed_test,
pork,EfficientNet-Lite0,pork_fixed_test_portion06,4,1,3,0.003454591033333333,0.035537815666666674,0.9610076333333333,2,Spoiled,fixed_test,
pork,EfficientNet-Lite0,pork_fixed_test_portion06,5,2,3,0.0013840810666666667,0.017625040999999998,0.9809908333333334,2,Spoiled,fixed_test,
pork,EfficientNet-Lite0,pork_fixed_test_portion06,6,2,3,0.0008237556199999999,0.022340693666666665,0.97683555,2,Spoiled,fixed_test,
pork,EfficientNet-Lite0,pork_fixed_test_portion07,0,0,3,0.9442053766666666,0.025309823999999998,0.030484779666666666,0,Fresh,fixed_test,
pork,EfficientNet-Lite0,pork_fixed_test_portion07,1,0,3,0.9667238333333333,0.02592269033333333,0.007353460433333334,0,Fresh,fixed_test,
pork,EfficientNet-Lite0,pork_fixed_test_portion07,2,0,3,0.96393462,0.027584962666666667,0.0084804285,0,Fresh,fixed_test,
pork,EfficientNet-Lite0,pork_fixed_test_portion07,3,0,3,0.9563976,0.031785845,0.011816606333333333,0,Fresh,fixed_test,
pork,EfficientNet-Lite0,pork_fixed_test_portion07,4,1,3,0.06180599,0.90638801,0.03180601833333333,1,Sub-fresh,fixed_test,
pork,EfficientNet-Lite0,pork_fixed_test_portion07,5,2,3,0.0013042377333333333,0.027302351333333336,0.97139343,2,Spoiled,fixed_test,
pork,EfficientNet-Lite0,pork_fixed_test_portion07,6,2,3,0.0014713560333333333,0.033132318333333334,0.9653963066666668,2,Spoiled,fixed_test,
pork,EfficientNet-Lite0,pork_fixed_test_portion08,0,0,3,0.9424237,0.033648222,0.023928063666666666,0,Fresh,fixed_test,
pork,EfficientNet-Lite0,pork_fixed_test_portion08,1,0,3,0.9625432666666667,0.027320205,0.010136618333333333,0,Fresh,fixed_test,
pork,EfficientNet-Lite0,pork_fixed_test_portion08,2,0,3,0.9574049766666667,0.028192679,0.014402354666666667,0,Fresh,fixed_test,
pork,EfficientNet-Lite0,pork_fixed_test_portion08,3,0,3,0.9591789199999999,0.027845897999999997,0.012975153500000001,0,Fresh,fixed_test,
pork,EfficientNet-Lite0,pork_fixed_test_portion08,4,1,3,0.041199209333333334,0.9131996333333333,0.04560114566666667,1,Sub-fresh,fixed_test,
pork,EfficientNet-Lite0,pork_fixed_test_portion08,5,2,3,0.0012290549666666667,0.027208991666666665,0.9715619333333333,2,Spoiled,fixed_test,
pork,EfficientNet-Lite0,pork_fixed_test_portion08,6,2,3,0.0013832736333333334,0.02373603733333333,0.9748806866666667,2,Spoiled,fixed_test,
pork,EfficientNet-Lite0,pork_fixed_test_portion09,0,0,3,0.9373712066666666,0.028340253333333332,0.03428854233333333,0,Fresh,fixed_test,
pork,EfficientNet-Lite0,pork_fixed_test_portion09,1,0,3,0.9265839000000001,0.041180625666666665,0.03223545433333334,0,Fresh,fixed_test,
pork,EfficientNet-Lite0,pork_fixed_test_portion09,2,0,3,0.9557160533333334,0.030623505999999998,0.013660411833333335,0,Fresh,fixed_test,
pork,EfficientNet-Lite0,pork_fixed_test_portion09,3,0,3,0.9630307533333333,0.026823361,0.010145813333333333,0,Fresh,fixed_test,
pork,EfficientNet-Lite0,pork_fixed_test_portion09,4,1,3,0.0018647580333333335,0.9936066666666666,0.004528600333333333,1,Sub-fresh,fixed_test,
pork,EfficientNet-Lite0,pork_fixed_test_portion09,5,2,3,0.041550805333333336,0.05253759,0.90591156,2,Spoiled,fixed_test,
pork,EfficientNet-Lite0,pork_fixed_test_portion09,6,2,3,0.0004784122766666667,0.024411718,0.9751098333333333,2,Spoiled,fixed_test,
pork,EfficientNet-Lite0,pork_fixed_test_portion10,0,0,3,0.9484915733333333,0.024937048666666666,0.026571373666666665,0,Fresh,fixed_test,
pork,EfficientNet-Lite0,pork_fixed_test_portion10,1,0,3,0.9644208633333333,0.026046077333333334,0.009533013333333333,0,Fresh,fixed_test,
pork,EfficientNet-Lite0,pork_fixed_test_portion10,2,0,3,0.9634012833333333,0.025247828333333333,0.011350879333333334,0,Fresh,fixed_test,
pork,EfficientNet-Lite0,pork_fixed_test_portion10,3,0,3,0.9524018066666667,0.032775114333333334,0.014823038000000002,0,Fresh,fixed_test,
pork,EfficientNet-Lite0,pork_fixed_test_portion10,4,1,3,0.019763211766666667,0.8339631166666667,0.14627365633333334,1,Sub-fresh,fixed_test,
pork,EfficientNet-Lite0,pork_fixed_test_portion10,5,2,3,0.0018728411666666667,0.016484495,0.98164264,2,Spoiled,fixed_test,
pork,EfficientNet-Lite0,pork_fixed_test_portion10,6,2,3,0.0004670643233333333,0.031067602333333333,0.9684653466666666,2,Spoiled,fixed_test,
pork,MobileNetV3-Small,pork_fixed_test_portion01,0,0,3,0.9205705666666667,0.04567946366666666,0.033749997000000004,0,Fresh,fixed_test,
pork,MobileNetV3-Small,pork_fixed_test_portion01,1,0,3,0.88679305,0.09442139199999999,0.018785521,0,Fresh,fixed_test,
pork,MobileNetV3-Small,pork_fixed_test_portion01,2,0,3,0.8923682666666667,0.055726211000000005,0.051905539,0,Fresh,fixed_test,
pork,MobileNetV3-Small,pork_fixed_test_portion01,3,0,3,0.7605679200000001,0.15577212666666668,0.08365996333333332,0,Fresh,fixed_test,
pork,MobileNetV3-Small,pork_fixed_test_portion01,4,1,3,0.004998202333333333,0.048042417000000004,0.9469593666666666,2,Spoiled,fixed_test,
pork,MobileNetV3-Small,pork_fixed_test_portion01,5,2,3,0.00725954551,0.033608717499999996,0.9591317466666668,2,Spoiled,fixed_test,
pork,MobileNetV3-Small,pork_fixed_test_portion01,6,2,3,0.002754029033333333,0.007992390933333334,0.9892535733333334,2,Spoiled,fixed_test,
pork,MobileNetV3-Small,pork_fixed_test_portion02,0,0,3,0.7819688133333332,0.15847274333333336,0.059558440666666664,0,Fresh,fixed_test,
pork,MobileNetV3-Small,pork_fixed_test_portion02,1,0,3,0.9403365133333333,0.052948480666666665,0.006715016999999999,0,Fresh,fixed_test,
pork,MobileNetV3-Small,pork_fixed_test_portion02,2,0,3,0.9363572800000001,0.050609555,0.013033152333333332,0,Fresh,fixed_test,
pork,MobileNetV3-Small,pork_fixed_test_portion02,3,0,3,0.95595033,0.030658748,0.013390955000000001,0,Fresh,fixed_test,
pork,MobileNetV3-Small,pork_fixed_test_portion02,4,1,3,0.1988852079,0.26554981666666666,0.5355649833333334,2,Spoiled,fixed_test,
pork,MobileNetV3-Small,pork_fixed_test_portion02,5,2,3,0.031876559666666665,0.06730068366666667,0.9008228166666666,2,Spoiled,fixed_test,
pork,MobileNetV3-Small,pork_fixed_test_portion02,6,2,3,0.0187019679,0.072786232,0.9085117666666666,2,Spoiled,fixed_test,
pork,MobileNetV3-Small,pork_fixed_test_portion03,0,0,3,0.7239727,0.24083888333333334,0.035188386999999995,0,Fresh,fixed_test,
pork,MobileNetV3-Small,pork_fixed_test_portion03,1,0,3,0.91806149,0.053996192,0.02794231766666667,0,Fresh,fixed_test,
pork,MobileNetV3-Small,pork_fixed_test_portion03,2,0,3,0.9390911833333333,0.04865619433333334,0.012252611666666668,0,Fresh,fixed_test,
pork,MobileNetV3-Small,pork_fixed_test_portion03,3,0,3,0.9135155133333334,0.05154298433333334,0.034941534,0,Fresh,fixed_test,
pork,MobileNetV3-Small,pork_fixed_test_portion03,4,1,3,0.0022907556333333335,0.021859357333333333,0.97584989,2,Spoiled,fixed_test,
pork,MobileNetV3-Small,pork_fixed_test_portion03,5,2,3,0.0040164764,0.022722886833333334,0.9732606333333332,2,Spoiled,fixed_test,
pork,MobileNetV3-Small,pork_fixed_test_portion03,6,2,3,0.0027741023660399996,0.0011316484433333334,0.9960941833333333,2,Spoiled,fixed_test,
pork,MobileNetV3-Small,pork_fixed_test_portion04,0,0,3,0.7968513266666667,0.14848978999999998,0.05465891766666667,0,Fresh,fixed_test,
pork,MobileNetV3-Small,pork_fixed_test_portion04,1,0,3,0.9322172333333333,0.055133077333333336,0.012649729666666666,0,Fresh,fixed_test,
pork,MobileNetV3-Small,pork_fixed_test_portion04,2,0,3,0.9516139666666666,0.03616422466666667,0.012221767,0,Fresh,fixed_test,
pork,MobileNetV3-Small,pork_fixed_test_portion04,3,0,3,0.8292338666666667,0.10588502666666666,0.064881105,0,Fresh,fixed_test,
pork,MobileNetV3-Small,pork_fixed_test_portion04,4,1,3,0.0010682507233333333,0.018810039333333334,0.9801217666666666,2,Spoiled,fixed_test,
pork,MobileNetV3-Small,pork_fixed_test_portion04,5,2,3,0.031891096,0.0049044066,0.9632044766666666,2,Spoiled,fixed_test,
pork,MobileNetV3-Small,pork_fixed_test_portion04,6,2,3,0.013929973455,0.004598640256666667,0.98147142,2,Spoiled,fixed_test,
pork,MobileNetV3-Small,pork_fixed_test_portion05,0,0,3,0.8666532333333333,0.10312575,0.030221019333333335,0,Fresh,fixed_test,
pork,MobileNetV3-Small,pork_fixed_test_portion05,1,0,3,0.9151631333333333,0.07621639333333334,0.008620490766666667,0,Fresh,fixed_test,
pork,MobileNetV3-Small,pork_fixed_test_portion05,2,0,3,0.9599055366666667,0.02609820066666667,0.013996253433333333,0,Fresh,fixed_test,
pork,MobileNetV3-Small,pork_fixed_test_portion05,3,0,3,0.94017085,0.050026498333333336,0.009802645333333334,0,Fresh,fixed_test,
pork,MobileNetV3-Small,pork_fixed_test_portion05,4,1,3,0.04639757333333333,0.6699430266666666,0.2836594266666667,1,Sub-fresh,fixed_test,
pork,MobileNetV3-Small,pork_fixed_test_portion05,5,2,3,0.005248728233333333,0.0083941052,0.9863571866666666,2,Spoiled,fixed_test,
pork,MobileNetV3-Small,pork_fixed_test_portion05,6,2,3,0.00062513516,0.013511254133333333,0.9858636000000001,2,Spoiled,fixed_test,
pork,MobileNetV3-Small,pork_fixed_test_portion06,0,0,3,0.90762971,0.061179138,0.031191159666666666,0,Fresh,fixed_test,
pork,MobileNetV3-Small,pork_fixed_test_portion06,1,0,3,0.8759071766666667,0.07592904,0.04816381833333333,0,Fresh,fixed_test,
pork,MobileNetV3-Small,pork_fixed_test_portion06,2,0,3,0.9151795666666667,0.05049912433333333,0.03432126233333333,0,Fresh,fixed_test,
pork,MobileNetV3-Small,pork_fixed_test_portion06,3,0,3,0.8616794333333333,0.06955601433333333,0.06876456833333333,0,Fresh,fixed_test,
pork,MobileNetV3-Small,pork_fixed_test_portion06,4,1,3,0.005783388066666666,0.10064322466666666,0.89357338,2,Spoiled,fixed_test,
pork,MobileNetV3-Small,pork_fixed_test_portion06,5,2,3,0.040949392333333334,0.08789230066666666,0.8711582933333334,2,Spoiled,fixed_test,
pork,MobileNetV3-Small,pork_fixed_test_portion06,6,2,3,0.0011362479578666668,0.007675709613333334,0.9911880200000001,2,Spoiled,fixed_test,
pork,MobileNetV3-Small,pork_fixed_test_portion07,0,0,3,0.80635339,0.16366158666666666,0.02998503,0,Fresh,fixed_test,
pork,MobileNetV3-Small,pork_fixed_test_portion07,1,0,3,0.9315062166666667,0.049894763,0.018598983666666666,0,Fresh,fixed_test,
pork,MobileNetV3-Small,pork_fixed_test_portion07,2,0,3,0.9145159333333334,0.04836290666666667,0.03712118366666667,0,Fresh,fixed_test,
pork,MobileNetV3-Small,pork_fixed_test_portion07,3,0,3,0.92939999,0.04168916266666667,0.028910863666666665,0,Fresh,fixed_test,
pork,MobileNetV3-Small,pork_fixed_test_portion07,4,1,3,0.4168462766666667,0.5637305433333334,0.019423183666666666,1,Sub-fresh,fixed_test,
pork,MobileNetV3-Small,pork_fixed_test_portion07,5,2,3,0.018370214386666667,0.0029119044599999998,0.9787179300000001,2,Spoiled,fixed_test,
pork,MobileNetV3-Small,pork_fixed_test_portion07,6,2,3,0.000334801167958,0.00177387555,0.9978913666666666,2,Spoiled,fixed_test,
pork,MobileNetV3-Small,pork_fixed_test_portion08,0,0,3,0.8614500733333333,0.09077234666666667,0.047777603333333335,0,Fresh,fixed_test,
pork,MobileNetV3-Small,pork_fixed_test_portion08,1,0,3,0.9386727,0.046226188333333335,0.015101073333333333,0,Fresh,fixed_test,
pork,MobileNetV3-Small,pork_fixed_test_portion08,2,0,3,0.96664847,0.023354386333333334,0.009997123,0,Fresh,fixed_test,
pork,MobileNetV3-Small,pork_fixed_test_portion08,3,0,3,0.9286448933333333,0.058124425333333334,0.013230657500000001,0,Fresh,fixed_test,
pork,MobileNetV3-Small,pork_fixed_test_portion08,4,1,3,0.07473395766666667,0.71894768,0.20631837,1,Sub-fresh,fixed_test,
pork,MobileNetV3-Small,pork_fixed_test_portion08,5,2,3,0.0011628136666666667,0.005783471633333333,0.9930537466666666,2,Spoiled,fixed_test,
pork,MobileNetV3-Small,pork_fixed_test_portion08,6,2,3,0.000156377726,0.06383566533333333,0.9360079466666668,2,Spoiled,fixed_test,
pork,MobileNetV3-Small,pork_fixed_test_portion09,0,0,3,0.8760655966666667,0.07748344733333333,0.04645093166666667,0,Fresh,fixed_test,
pork,MobileNetV3-Small,pork_fixed_test_portion09,1,0,3,0.8934630100000001,0.07896144666666667,0.027575532,0,Fresh,fixed_test,
pork,MobileNetV3-Small,pork_fixed_test_portion09,2,0,3,0.8365598666666667,0.14946115333333335,0.013978999666666667,0,Fresh,fixed_test,
pork,MobileNetV3-Small,pork_fixed_test_portion09,3,0,3,0.9310701166666666,0.056738198,0.012191660333333333,0,Fresh,fixed_test,
pork,MobileNetV3-Small,pork_fixed_test_portion09,4,1,3,0.038114940666666666,0.9003608066666667,0.061524293,1,Sub-fresh,fixed_test,
pork,MobileNetV3-Small,pork_fixed_test_portion09,5,2,3,0.05842551166666667,0.03175591666666667,0.9098185866666667,2,Spoiled,fixed_test,
pork,MobileNetV3-Small,pork_fixed_test_portion09,6,2,3,0.0015378531666666664,0.075021573,0.92344058,2,Spoiled,fixed_test,
pork,MobileNetV3-Small,pork_fixed_test_portion10,0,0,3,0.8999232999999999,0.06470318666666668,0.03537353233333333,0,Fresh,fixed_test,
pork,MobileNetV3-Small,pork_fixed_test_portion10,1,0,3,0.9488465133333334,0.03914601166666667,0.012007495833333333,0,Fresh,fixed_test,
pork,MobileNetV3-Small,pork_fixed_test_portion10,2,0,3,0.9333066666666667,0.03947324,0.027220093333333334,0,Fresh,fixed_test,
pork,MobileNetV3-Small,pork_fixed_test_portion10,3,0,3,0.8849739099999999,0.086609991,0.028416096,0,Fresh,fixed_test,
pork,MobileNetV3-Small,pork_fixed_test_portion10,4,1,3,0.045666202233333335,0.47694523333333333,0.4773885523333334,2,Spoiled,fixed_test,
pork,MobileNetV3-Small,pork_fixed_test_portion10,5,2,3,0.004523958233333333,0.008249202866666666,0.98722689,2,Spoiled,fixed_test,
pork,MobileNetV3-Small,pork_fixed_test_portion10,6,2,3,0.006687907735824841,0.0031130040937,0.9901991,2,Spoiled,fixed_test,
pork,ShuffleNetV2-0.5x,pork_fixed_test_portion01,0,0,3,0.9453462333333333,0.036080449666666674,0.018573321,0,Fresh,fixed_test,
pork,ShuffleNetV2-0.5x,pork_fixed_test_portion01,1,0,3,0.9498890333333333,0.035505023000000004,0.014605882666666667,0,Fresh,fixed_test,
pork,ShuffleNetV2-0.5x,pork_fixed_test_portion01,2,0,3,0.9536444566666668,0.03523573433333333,0.011119830666666665,0,Fresh,fixed_test,
pork,ShuffleNetV2-0.5x,pork_fixed_test_portion01,3,0,3,0.9168427533333334,0.053519607999999996,0.02963763633333333,0,Fresh,fixed_test,
pork,ShuffleNetV2-0.5x,pork_fixed_test_portion01,4,1,3,0.0030782309533333332,0.5085267646666666,0.48839498,1,Sub-fresh,fixed_test,
pork,ShuffleNetV2-0.5x,pork_fixed_test_portion01,5,2,3,0.00053165455,0.017512833833333335,0.9819554333333333,2,Spoiled,fixed_test,
pork,ShuffleNetV2-0.5x,pork_fixed_test_portion01,6,2,3,0.003261176633333333,0.016522409666666668,0.9802163666666667,2,Spoiled,fixed_test,
pork,ShuffleNetV2-0.5x,pork_fixed_test_portion02,0,0,3,0.92895725,0.03298598666666667,0.038056768666666664,0,Fresh,fixed_test,
pork,ShuffleNetV2-0.5x,pork_fixed_test_portion02,1,0,3,0.9536300533333334,0.028653988666666668,0.017715980333333336,0,Fresh,fixed_test,
pork,ShuffleNetV2-0.5x,pork_fixed_test_portion02,2,0,3,0.9559112866666667,0.03197123566666667,0.012117463666666667,0,Fresh,fixed_test,
pork,ShuffleNetV2-0.5x,pork_fixed_test_portion02,3,0,3,0.9579518533333333,0.026679942,0.015368221000000001,0,Fresh,fixed_test,
pork,ShuffleNetV2-0.5x,pork_fixed_test_portion02,4,1,3,0.007222414333333334,0.6429177326666666,0.34985987199999996,1,Sub-fresh,fixed_test,
pork,ShuffleNetV2-0.5x,pork_fixed_test_portion02,5,2,3,0.0053555903,0.015722142999999997,0.9789222566666668,2,Spoiled,fixed_test,
pork,ShuffleNetV2-0.5x,pork_fixed_test_portion02,6,2,3,0.006569420366666666,0.015536109666666667,0.9778944799999999,2,Spoiled,fixed_test,
pork,ShuffleNetV2-0.5x,pork_fixed_test_portion03,0,0,3,0.9505716766666668,0.02873749366666667,0.020690851,0,Fresh,fixed_test,
pork,ShuffleNetV2-0.5x,pork_fixed_test_portion03,1,0,3,0.9540530833333333,0.03207944866666667,0.013867468666666665,0,Fresh,fixed_test,
pork,ShuffleNetV2-0.5x,pork_fixed_test_portion03,2,0,3,0.9502548333333333,0.038692522666666666,0.011052639333333331,0,Fresh,fixed_test,
pork,ShuffleNetV2-0.5x,pork_fixed_test_portion03,3,0,3,0.9540076433333334,0.030631246666666667,0.015361157,0,Fresh,fixed_test,
pork,ShuffleNetV2-0.5x,pork_fixed_test_portion03,4,1,3,0.0004907056866666667,0.30964111899999996,0.6898681866666667,2,Spoiled,fixed_test,
pork,ShuffleNetV2-0.5x,pork_fixed_test_portion03,5,2,3,0.0008191693,0.033298876666666664,0.9658820266666667,2,Spoiled,fixed_test,
pork,ShuffleNetV2-0.5x,pork_fixed_test_portion03,6,2,3,0.004370936,0.02510329533333333,0.9705257566666666,2,Spoiled,fixed_test,
pork,ShuffleNetV2-0.5x,pork_fixed_test_portion04,0,0,3,0.9399335,0.027856786666666664,0.03220977,0,Fresh,fixed_test,
pork,ShuffleNetV2-0.5x,pork_fixed_test_portion04,1,0,3,0.9480435133333334,0.03494839033333333,0.017008069666666667,0,Fresh,fixed_test,
pork,ShuffleNetV2-0.5x,pork_fixed_test_portion04,2,0,3,0.9528842666666667,0.030799552666666664,0.016316221333333335,0,Fresh,fixed_test,
pork,ShuffleNetV2-0.5x,pork_fixed_test_portion04,3,0,3,0.9547296166666667,0.025206404333333335,0.02006398233333333,0,Fresh,fixed_test,
pork,ShuffleNetV2-0.5x,pork_fixed_test_portion04,4,1,3,0.00050600011,0.024740452666666666,0.9747535833333334,2,Spoiled,fixed_test,
pork,ShuffleNetV2-0.5x,pork_fixed_test_portion04,5,2,3,0.0011904175666666668,0.01666929933333333,0.9821402666666667,2,Spoiled,fixed_test,
pork,ShuffleNetV2-0.5x,pork_fixed_test_portion04,6,2,3,0.0012958509666666665,0.012606421999999999,0.9860976733333334,2,Spoiled,fixed_test,
pork,ShuffleNetV2-0.5x,pork_fixed_test_portion05,0,0,3,0.9439762333333332,0.03149523766666667,0.024528525666666665,0,Fresh,fixed_test,
pork,ShuffleNetV2-0.5x,pork_fixed_test_portion05,1,0,3,0.9545849633333333,0.030484255333333335,0.014930779,0,Fresh,fixed_test,
pork,ShuffleNetV2-0.5x,pork_fixed_test_portion05,2,0,3,0.9483886333333333,0.035259011666666666,0.016352383333333335,0,Fresh,fixed_test,
pork,ShuffleNetV2-0.5x,pork_fixed_test_portion05,3,0,3,0.9589650466666667,0.028125586999999997,0.012909392166666667,0,Fresh,fixed_test,
pork,ShuffleNetV2-0.5x,pork_fixed_test_portion05,4,1,3,0.004264778643333333,0.9892351,0.006500161433333333,1,Sub-fresh,fixed_test,
pork,ShuffleNetV2-0.5x,pork_fixed_test_portion05,5,2,3,0.00043849766333333334,0.012868133333333335,0.9866933000000001,2,Spoiled,fixed_test,
pork,ShuffleNetV2-0.5x,pork_fixed_test_portion05,6,2,3,0.002720420066666667,0.188590932,0.8086885666666667,2,Spoiled,fixed_test,
pork,ShuffleNetV2-0.5x,pork_fixed_test_portion06,0,0,3,0.9394519933333334,0.036540484000000005,0.024007558000000002,0,Fresh,fixed_test,
pork,ShuffleNetV2-0.5x,pork_fixed_test_portion06,1,0,3,0.9086818833333333,0.05894461933333334,0.03237353133333334,0,Fresh,fixed_test,
pork,ShuffleNetV2-0.5x,pork_fixed_test_portion06,2,0,3,0.9478415866666667,0.02806214833333333,0.024096270333333333,0,Fresh,fixed_test,
pork,ShuffleNetV2-0.5x,pork_fixed_test_portion06,3,0,3,0.9284382466666666,0.02577697333333333,0.04578475766666667,0,Fresh,fixed_test,
pork,ShuffleNetV2-0.5x,pork_fixed_test_portion06,4,1,3,0.00030892272333333333,0.023503542333333335,0.9761875333333334,2,Spoiled,fixed_test,
pork,ShuffleNetV2-0.5x,pork_fixed_test_portion06,5,2,3,0.005936755966666666,0.016758921666666666,0.9773043233333333,2,Spoiled,fixed_test,
pork,ShuffleNetV2-0.5x,pork_fixed_test_portion06,6,2,3,0.002389658533333333,0.013738703,0.9838716133333333,2,Spoiled,fixed_test,
pork,ShuffleNetV2-0.5x,pork_fixed_test_portion07,0,0,3,0.9461370699999999,0.034349616666666666,0.019513304,0,Fresh,fixed_test,
pork,ShuffleNetV2-0.5x,pork_fixed_test_portion07,1,0,3,0.9580254466666666,0.027070650333333335,0.014903877666666667,0,Fresh,fixed_test,
pork,ShuffleNetV2-0.5x,pork_fixed_test_portion07,2,0,3,0.9605451533333333,0.028275314,0.01117953,0,Fresh,fixed_test,
pork,ShuffleNetV2-0.5x,pork_fixed_test_portion07,3,0,3,0.9595942766666666,0.029007388999999998,0.011398377833333334,0,Fresh,fixed_test,
pork,ShuffleNetV2-0.5x,pork_fixed_test_portion07,4,1,3,0.5816887833333334,0.39558636,0.02272484666666667,0,Fresh,fixed_test,
pork,ShuffleNetV2-0.5x,pork_fixed_test_portion07,5,2,3,0.0020533995666666663,0.021535034666666664,0.97641155,2,Spoiled,fixed_test,
pork,ShuffleNetV2-0.5x,pork_fixed_test_portion07,6,2,3,0.0009259742900000001,0.018707009333333333,0.9803669933333333,2,Spoiled,fixed_test,
pork,ShuffleNetV2-0.5x,pork_fixed_test_portion08,0,0,3,0.9392872233333334,0.029499626333333334,0.031213155333333336,0,Fresh,fixed_test,
pork,ShuffleNetV2-0.5x,pork_fixed_test_portion08,1,0,3,0.9554064166666666,0.029268807999999997,0.015324754000000001,0,Fresh,fixed_test,
pork,ShuffleNetV2-0.5x,pork_fixed_test_portion08,2,0,3,0.9546376599999999,0.026698464666666668,0.018663912666666668,0,Fresh,fixed_test,
pork,ShuffleNetV2-0.5x,pork_fixed_test_portion08,3,0,3,0.9565812333333333,0.027101534,0.016317273,0,Fresh,fixed_test,
pork,ShuffleNetV2-0.5x,pork_fixed_test_portion08,4,1,3,0.05160256866666666,0.8981690666666666,0.05022837,1,Sub-fresh,fixed_test,
pork,ShuffleNetV2-0.5x,pork_fixed_test_portion08,5,2,3,0.0017569745,0.013648380000000002,0.9845946166666666,2,Spoiled,fixed_test,
pork,ShuffleNetV2-0.5x,pork_fixed_test_portion08,6,2,3,0.0011707447333333333,0.016647185999999998,0.9821820866666666,2,Spoiled,fixed_test,
pork,ShuffleNetV2-0.5x,pork_fixed_test_portion09,0,0,3,0.9541247999999999,0.027927792333333337,0.017947418000000003,0,Fresh,fixed_test,
pork,ShuffleNetV2-0.5x,pork_fixed_test_portion09,1,0,3,0.8983653133333332,0.08806486666666667,0.013569846333333335,0,Fresh,fixed_test,
pork,ShuffleNetV2-0.5x,pork_fixed_test_portion09,2,0,3,0.9486917699999999,0.039437145666666666,0.011871062000000002,0,Fresh,fixed_test,
pork,ShuffleNetV2-0.5x,pork_fixed_test_portion09,3,0,3,0.9568340333333333,0.03139495866666667,0.011771028000000001,0,Fresh,fixed_test,
pork,ShuffleNetV2-0.5x,pork_fixed_test_portion09,4,1,3,0.005865202183333334,0.9806549700000001,0.013479809,1,Sub-fresh,fixed_test,
pork,ShuffleNetV2-0.5x,pork_fixed_test_portion09,5,2,3,0.028524919,0.04075035,0.9307247666666667,2,Spoiled,fixed_test,
pork,ShuffleNetV2-0.5x,pork_fixed_test_portion09,6,2,3,0.00025770416333333333,0.013942054333333334,0.9858002266666667,2,Spoiled,fixed_test,
pork,ShuffleNetV2-0.5x,pork_fixed_test_portion10,0,0,3,0.9408568733333333,0.0363562,0.022786899,0,Fresh,fixed_test,
pork,ShuffleNetV2-0.5x,pork_fixed_test_portion10,1,0,3,0.9550739833333334,0.031871265,0.013054737833333335,0,Fresh,fixed_test,
pork,ShuffleNetV2-0.5x,pork_fixed_test_portion10,2,0,3,0.9418033866666667,0.037942472,0.02025407233333333,0,Fresh,fixed_test,
pork,ShuffleNetV2-0.5x,pork_fixed_test_portion10,3,0,3,0.9530283833333333,0.030798977333333335,0.016172628,0,Fresh,fixed_test,
pork,ShuffleNetV2-0.5x,pork_fixed_test_portion10,4,1,3,0.02390020963666667,0.6170071366666666,0.3590926462333333,1,Sub-fresh,fixed_test,
pork,ShuffleNetV2-0.5x,pork_fixed_test_portion10,5,2,3,0.0022859277333333334,0.32402388249999997,0.6736901533333333,2,Spoiled,fixed_test,
pork,ShuffleNetV2-0.5x,pork_fixed_test_portion10,6,2,3,0.0006412384800000001,0.014007967000000001,0.9853507733333333,2,Spoiled,fixed_test,
pork,Spot-CNN,pork_fixed_test_portion01,0,0,3,0.9653982666666666,0.020204496000000002,0.014397303,0,Fresh,fixed_test,
pork,Spot-CNN,pork_fixed_test_portion01,1,0,3,0.9417115699999999,0.050953939000000004,0.007334489,0,Fresh,fixed_test,
pork,Spot-CNN,pork_fixed_test_portion01,2,0,3,0.8133656533333333,0.17522394333333335,0.011410405666666667,0,Fresh,fixed_test,
pork,Spot-CNN,pork_fixed_test_portion01,3,0,3,0.8537315433333333,0.09189228333333332,0.05437615133333334,0,Fresh,fixed_test,
pork,Spot-CNN,pork_fixed_test_portion01,4,1,3,0.0028062254666666665,0.7225560666666667,0.2746376833333333,1,Sub-fresh,fixed_test,
pork,Spot-CNN,pork_fixed_test_portion01,5,2,3,0.0005229252533333334,0.007400557166666666,0.9920765,2,Spoiled,fixed_test,
pork,Spot-CNN,pork_fixed_test_portion01,6,2,3,0.0005941061833333334,0.005102327066666666,0.9943035333333334,2,Spoiled,fixed_test,
pork,Spot-CNN,pork_fixed_test_portion02,0,0,3,0.8886159666666668,0.07332986000000001,0.038054151333333334,0,Fresh,fixed_test,
pork,Spot-CNN,pork_fixed_test_portion02,1,0,3,0.9807910833333334,0.013576296666666668,0.005632637233333334,0,Fresh,fixed_test,
pork,Spot-CNN,pork_fixed_test_portion02,2,0,3,0.96730391,0.024949475333333332,0.007746656,0,Fresh,fixed_test,
pork,Spot-CNN,pork_fixed_test_portion02,3,0,3,0.9732411233333332,0.015426483333333333,0.011332389,0,Fresh,fixed_test,
pork,Spot-CNN,pork_fixed_test_portion02,4,1,3,0.007111236666666666,0.5262126433333334,0.4666761366666667,1,Sub-fresh,fixed_test,
pork,Spot-CNN,pork_fixed_test_portion02,5,2,3,0.0007997025099999999,0.010428721666666668,0.9887715866666666,2,Spoiled,fixed_test,
pork,Spot-CNN,pork_fixed_test_portion02,6,2,3,0.0005538835666666666,0.0032488163,0.9961972833333332,2,Spoiled,fixed_test,
pork,Spot-CNN,pork_fixed_test_portion03,0,0,3,0.9876661233333334,0.007001969233333333,0.005331905666666667,0,Fresh,fixed_test,
pork,Spot-CNN,pork_fixed_test_portion03,1,0,3,0.94592172,0.03467340633333333,0.019404834,0,Fresh,fixed_test,
pork,Spot-CNN,pork_fixed_test_portion03,2,0,3,0.9356259566666667,0.047074089000000006,0.017299974166666666,0,Fresh,fixed_test,
pork,Spot-CNN,pork_fixed_test_portion03,3,0,3,0.9149888266666667,0.04326397766666667,0.04174719866666667,0,Fresh,fixed_test,
pork,Spot-CNN,pork_fixed_test_portion03,4,1,3,0.00069597338,0.03371698733333333,0.9655870000000001,2,Spoiled,fixed_test,
pork,Spot-CNN,pork_fixed_test_portion03,5,2,3,0.00023170373,0.0069298388333333336,0.9928384666666666,2,Spoiled,fixed_test,
pork,Spot-CNN,pork_fixed_test_portion03,6,2,3,0.00043450100333333334,0.0033804704999999997,0.99618504,2,Spoiled,fixed_test,
pork,Spot-CNN,pork_fixed_test_portion04,0,0,3,0.9636301533333334,0.025183131999999997,0.011186715,0,Fresh,fixed_test,
pork,Spot-CNN,pork_fixed_test_portion04,1,0,3,0.9740916333333334,0.019763485333333334,0.006144849,0,Fresh,fixed_test,
pork,Spot-CNN,pork_fixed_test_portion04,2,0,3,0.96818221,0.025395527333333334,0.006422237966666667,0,Fresh,fixed_test,
pork,Spot-CNN,pork_fixed_test_portion04,3,0,3,0.9270106,0.039748345,0.033241054,0,Fresh,fixed_test,
pork,Spot-CNN,pork_fixed_test_portion04,4,1,3,0.0017896946,0.33680745333333334,0.6614028366666667,2,Spoiled,fixed_test,
pork,Spot-CNN,pork_fixed_test_portion04,5,2,3,0.0001434841,0.0008910556333333333,0.9989654200000001,2,Spoiled,fixed_test,
pork,Spot-CNN,pork_fixed_test_portion04,6,2,3,0.00014503356,0.0005595894999999999,0.9992954333333334,2,Spoiled,fixed_test,
pork,Spot-CNN,pork_fixed_test_portion05,0,0,3,0.9258394000000001,0.05502163966666667,0.019138959,0,Fresh,fixed_test,
pork,Spot-CNN,pork_fixed_test_portion05,1,0,3,0.9685159233333334,0.025635691999999998,0.005848351566666667,0,Fresh,fixed_test,
pork,Spot-CNN,pork_fixed_test_portion05,2,0,3,0.9655715866666666,0.027883756,0.0065445930000000005,0,Fresh,fixed_test,
pork,Spot-CNN,pork_fixed_test_portion05,3,0,3,0.9760442333333333,0.017544174666666666,0.006411597033333333,0,Fresh,fixed_test,
pork,Spot-CNN,pork_fixed_test_portion05,4,1,3,0.0034140114666666665,0.99341785,0.0031681347,1,Sub-fresh,fixed_test,
pork,Spot-CNN,pork_fixed_test_portion05,5,2,3,0.0011588064,0.0034184024666666668,0.99542276,2,Spoiled,fixed_test,
pork,Spot-CNN,pork_fixed_test_portion05,6,2,3,0.0021202485,0.011961371666666666,0.9859183866666666,2,Spoiled,fixed_test,
pork,Spot-CNN,pork_fixed_test_portion06,0,0,3,0.97235665,0.021913840666666667,0.005729459100000001,0,Fresh,fixed_test,
pork,Spot-CNN,pork_fixed_test_portion06,1,0,3,0.94571453,0.044991549,0.009293917333333334,0,Fresh,fixed_test,
pork,Spot-CNN,pork_fixed_test_portion06,2,0,3,0.9652902466666666,0.02580253466666667,0.008907255666666667,0,Fresh,fixed_test,
pork,Spot-CNN,pork_fixed_test_portion06,3,0,3,0.94505918,0.034842042999999996,0.020098803,0,Fresh,fixed_test,
pork,Spot-CNN,pork_fixed_test_portion06,4,1,3,0.0020036981333333335,0.043314803000000006,0.95468152,2,Spoiled,fixed_test,
pork,Spot-CNN,pork_fixed_test_portion06,5,2,3,0.0007735545766666668,0.002338670033333333,0.9968878,2,Spoiled,fixed_test,
pork,Spot-CNN,pork_fixed_test_portion06,6,2,3,0.0027722966333333337,0.0031418455,0.9940858466666667,2,Spoiled,fixed_test,
pork,Spot-CNN,pork_fixed_test_portion07,0,0,3,0.96736155,0.025914135666666668,0.006724323,0,Fresh,fixed_test,
pork,Spot-CNN,pork_fixed_test_portion07,1,0,3,0.9676293666666668,0.024555601333333333,0.007815056,0,Fresh,fixed_test,
pork,Spot-CNN,pork_fixed_test_portion07,2,0,3,0.9786937666666667,0.015304158166666667,0.0060021049,0,Fresh,fixed_test,
pork,Spot-CNN,pork_fixed_test_portion07,3,0,3,0.9757804666666666,0.018633483333333336,0.005586079933333332,0,Fresh,fixed_test,
pork,Spot-CNN,pork_fixed_test_portion07,4,1,3,0.03897382133333333,0.9584091,0.002617093433333333,1,Sub-fresh,fixed_test,
pork,Spot-CNN,pork_fixed_test_portion07,5,2,3,0.004866178666666666,0.012490595666666666,0.9826431966666668,2,Spoiled,fixed_test,
pork,Spot-CNN,pork_fixed_test_portion07,6,2,3,0.004716465233333334,0.013074436,0.9822090733333333,2,Spoiled,fixed_test,
pork,Spot-CNN,pork_fixed_test_portion08,0,0,3,0.9477684966666667,0.036992619666666664,0.015238869,0,Fresh,fixed_test,
pork,Spot-CNN,pork_fixed_test_portion08,1,0,3,0.9838250766666666,0.010051540999999999,0.0061234309999999995,0,Fresh,fixed_test,
pork,Spot-CNN,pork_fixed_test_portion08,2,0,3,0.9839009533333334,0.009055691333333333,0.0070433174,0,Fresh,fixed_test,
pork,Spot-CNN,pork_fixed_test_portion08,3,0,3,0.9593221766666667,0.022366278333333333,0.018311524666666665,0,Fresh,fixed_test,
pork,Spot-CNN,pork_fixed_test_portion08,4,1,3,0.05202937333333333,0.9388618866666666,0.009108751166666667,1,Sub-fresh,fixed_test,
pork,Spot-CNN,pork_fixed_test_portion08,5,2,3,0.00026642191666666665,0.002198164833333333,0.9975354,2,Spoiled,fixed_test,
pork,Spot-CNN,pork_fixed_test_portion08,6,2,3,0.0007355123999999999,0.002109453633333333,0.9971550700000001,2,Spoiled,fixed_test,
pork,Spot-CNN,pork_fixed_test_portion09,0,0,3,0.9625848633333334,0.025143765666666668,0.01227135,0,Fresh,fixed_test,
pork,Spot-CNN,pork_fixed_test_portion09,1,0,3,0.8317217166666667,0.13788057666666667,0.030397727333333333,0,Fresh,fixed_test,
pork,Spot-CNN,pork_fixed_test_portion09,2,0,3,0.9312710533333334,0.05315240433333333,0.015576521000000001,0,Fresh,fixed_test,
pork,Spot-CNN,pork_fixed_test_portion09,3,0,3,0.8859880466666666,0.09292709333333334,0.021084905666666667,0,Fresh,fixed_test,
pork,Spot-CNN,pork_fixed_test_portion09,4,1,3,0.006192106,0.99131575,0.0024921309,1,Sub-fresh,fixed_test,
pork,Spot-CNN,pork_fixed_test_portion09,5,2,3,0.018349076333333336,0.58633518,0.39531572666666664,1,Sub-fresh,fixed_test,
pork,Spot-CNN,pork_fixed_test_portion09,6,2,3,0.00041798324666666667,0.011847574,0.9877344333333333,2,Spoiled,fixed_test,
pork,Spot-CNN,pork_fixed_test_portion10,0,0,3,0.8291919600000001,0.15787674666666665,0.012931283333333333,0,Fresh,fixed_test,
pork,Spot-CNN,pork_fixed_test_portion10,1,0,3,0.9767486466666666,0.019808483666666665,0.003442875366666667,0,Fresh,fixed_test,
pork,Spot-CNN,pork_fixed_test_portion10,2,0,3,0.9848127400000001,0.011028183333333332,0.004159067133333333,0,Fresh,fixed_test,
pork,Spot-CNN,pork_fixed_test_portion10,3,0,3,0.9290406266666666,0.03807043233333333,0.032888936,0,Fresh,fixed_test,
pork,Spot-CNN,pork_fixed_test_portion10,4,1,3,0.0035350299,0.9847889333333333,0.01167602,1,Sub-fresh,fixed_test,
pork,Spot-CNN,pork_fixed_test_portion10,5,2,3,0.0013021549866666666,0.028300737000000003,0.9703971366666666,2,Spoiled,fixed_test,
pork,Spot-CNN,pork_fixed_test_portion10,6,2,3,0.0004027036633333333,0.0022690038333333332,0.9973282466666666,2,Spoiled,fixed_test,
pork,Tiny-MLP,pork_fixed_test_portion01,0,0,3,0.9998919566666666,9.698030200000001e-05,1.0997809333333333e-05,0,Fresh,fixed_test,
pork,Tiny-MLP,pork_fixed_test_portion01,1,0,3,0.9050606666666666,0.05277827066666666,0.042161066,0,Fresh,fixed_test,
pork,Tiny-MLP,pork_fixed_test_portion01,2,0,3,0.8598065,0.081886825,0.05830670033333333,0,Fresh,fixed_test,
pork,Tiny-MLP,pork_fixed_test_portion01,3,0,3,0.64959771,0.10031319666666666,0.25008908,0,Fresh,fixed_test,
pork,Tiny-MLP,pork_fixed_test_portion01,4,1,3,0.006619071833333334,0.1687933533333333,0.8245876000000001,2,Spoiled,fixed_test,
pork,Tiny-MLP,pork_fixed_test_portion01,5,2,3,0.0003417714933333334,0.0010220214,0.99863622,2,Spoiled,fixed_test,
pork,Tiny-MLP,pork_fixed_test_portion01,6,2,3,0.0025440881,0.008062200833333333,0.9893936999999999,2,Spoiled,fixed_test,
pork,Tiny-MLP,pork_fixed_test_portion02,0,0,3,0.9997336833333333,0.00026304532,3.259989366666667e-06,0,Fresh,fixed_test,
pork,Tiny-MLP,pork_fixed_test_portion02,1,0,3,0.97669276,0.015292939,0.008014355,0,Fresh,fixed_test,
pork,Tiny-MLP,pork_fixed_test_portion02,2,0,3,0.9662142333333333,0.023524343333333333,0.010261424333333333,0,Fresh,fixed_test,
pork,Tiny-MLP,pork_fixed_test_portion02,3,0,3,0.9809125666666666,0.011081750166666668,0.008005648666666665,0,Fresh,fixed_test,
pork,Tiny-MLP,pork_fixed_test_portion02,4,1,3,0.005600869333333334,0.29850209,0.6958970633333333,2,Spoiled,fixed_test,
pork,Tiny-MLP,pork_fixed_test_portion02,5,2,3,0.00013638400166666667,0.0013300119333333332,0.9985336466666667,2,Spoiled,fixed_test,
pork,Tiny-MLP,pork_fixed_test_portion02,6,2,3,0.00034488869666666664,0.0023409574333333335,0.9973141566666667,2,Spoiled,fixed_test,
pork,Tiny-MLP,pork_fixed_test_portion03,0,0,3,0.9999212833333333,7.258605166666667e-05,6.081556833333334e-06,0,Fresh,fixed_test,
pork,Tiny-MLP,pork_fixed_test_portion03,1,0,3,0.9561876466666667,0.030331128666666665,0.013481204333333335,0,Fresh,fixed_test,
pork,Tiny-MLP,pork_fixed_test_portion03,2,0,3,0.9345198466666668,0.04669264733333334,0.018787521666666668,0,Fresh,fixed_test,
pork,Tiny-MLP,pork_fixed_test_portion03,3,0,3,0.9549085900000001,0.027863380000000004,0.017227994333333333,0,Fresh,fixed_test,
pork,Tiny-MLP,pork_fixed_test_portion03,4,1,3,0.0028087351333333337,0.05449946766666667,0.9426917600000001,2,Spoiled,fixed_test,
pork,Tiny-MLP,pork_fixed_test_portion03,5,2,3,0.000105065908,0.0006800197099999999,0.9992148966666666,2,Spoiled,fixed_test,
pork,Tiny-MLP,pork_fixed_test_portion03,6,2,3,0.0019766946333333335,0.006500684333333333,0.99152262,2,Spoiled,fixed_test,
pork,Tiny-MLP,pork_fixed_test_portion04,0,0,3,0.99798306,0.002012029533333333,4.928995866666666e-06,0,Fresh,fixed_test,
pork,Tiny-MLP,pork_fixed_test_portion04,1,0,3,0.96841039,0.018698852000000002,0.012890778166666667,0,Fresh,fixed_test,
pork,Tiny-MLP,pork_fixed_test_portion04,2,0,3,0.9433030366666667,0.034341349,0.022355651666666667,0,Fresh,fixed_test,
pork,Tiny-MLP,pork_fixed_test_portion04,3,0,3,0.9583372433333333,0.021169068333333332,0.020493641666666666,0,Fresh,fixed_test,
pork,Tiny-MLP,pork_fixed_test_portion04,4,1,3,0.004228684833333334,0.06567356,0.9300977666666667,2,Spoiled,fixed_test,
pork,Tiny-MLP,pork_fixed_test_portion04,5,2,3,0.0004011376333333333,0.0007709088333333333,0.9988279333333333,2,Spoiled,fixed_test,
pork,Tiny-MLP,pork_fixed_test_portion04,6,2,3,0.0007809780333333334,0.0017523996,0.9974666433333333,2,Spoiled,fixed_test,
pork,Tiny-MLP,pork_fixed_test_portion05,0,0,3,0.9997870666666667,0.00021094984,1.9738752e-06,0,Fresh,fixed_test,
pork,Tiny-MLP,pork_fixed_test_portion05,1,0,3,0.9704597366666666,0.023625788666666665,0.0059144524,0,Fresh,fixed_test,
pork,Tiny-MLP,pork_fixed_test_portion05,2,0,3,0.9699617533333335,0.023498351666666667,0.0065398743999999995,0,Fresh,fixed_test,
pork,Tiny-MLP,pork_fixed_test_portion05,3,0,3,0.97632492,0.016219315666666668,0.007455713033333333,0,Fresh,fixed_test,
pork,Tiny-MLP,pork_fixed_test_portion05,4,1,3,0.0019164694,0.9937581866666667,0.0043253229,1,Sub-fresh,fixed_test,
pork,Tiny-MLP,pork_fixed_test_portion05,5,2,3,0.0007006000133333333,0.0017377052,0.99756167,2,Spoiled,fixed_test,
pork,Tiny-MLP,pork_fixed_test_portion05,6,2,3,0.0023160176333333333,0.018795822,0.9788881633333334,2,Spoiled,fixed_test,
pork,Tiny-MLP,pork_fixed_test_portion06,0,0,3,0.9900016266666666,0.009987536,1.0778590333333335e-05,0,Fresh,fixed_test,
pork,Tiny-MLP,pork_fixed_test_portion06,1,0,3,0.8598694166666667,0.062697814,0.07743280666666667,0,Fresh,fixed_test,
pork,Tiny-MLP,pork_fixed_test_portion06,2,0,3,0.87732832,0.053707179333333334,0.06896448033333334,0,Fresh,fixed_test,
pork,Tiny-MLP,pork_fixed_test_portion06,3,0,3,0.85391399,0.036258262,0.10982776500000001,0,Fresh,fixed_test,
pork,Tiny-MLP,pork_fixed_test_portion06,4,1,3,0.0007792288633333334,0.025258526,0.97396228,2,Spoiled,fixed_test,
pork,Tiny-MLP,pork_fixed_test_portion06,5,2,3,9.381238333333333e-05,0.0006323900433333334,0.9992738033333334,2,Spoiled,fixed_test,
pork,Tiny-MLP,pork_fixed_test_portion06,6,2,3,0.0005907876933333333,0.0037905873333333334,0.9956186166666666,2,Spoiled,fixed_test,
pork,Tiny-MLP,pork_fixed_test_portion07,0,0,3,0.9998496500000001,0.00014030732000000002,1.0056013333333334e-05,0,Fresh,fixed_test,
pork,Tiny-MLP,pork_fixed_test_portion07,1,0,3,0.9708157133333334,0.023104461333333336,0.006079833666666666,0,Fresh,fixed_test,
pork,Tiny-MLP,pork_fixed_test_portion07,2,0,3,0.9670338666666667,0.025364596666666666,0.007601558633333334,0,Fresh,fixed_test,
pork,Tiny-MLP,pork_fixed_test_portion07,3,0,3,0.9694760733333333,0.022521629666666668,0.008002283333333334,0,Fresh,fixed_test,
pork,Tiny-MLP,pork_fixed_test_portion07,4,1,3,0.07729833133333334,0.8985210833333334,0.024180576,1,Sub-fresh,fixed_test,
pork,Tiny-MLP,pork_fixed_test_portion07,5,2,3,0.023157004999999998,0.1674732866666667,0.8093697,2,Spoiled,fixed_test,
pork,Tiny-MLP,pork_fixed_test_portion07,6,2,3,0.020013413666666667,0.21873372266666666,0.7612528799999999,2,Spoiled,fixed_test,
pork,Tiny-MLP,pork_fixed_test_portion08,0,0,3,0.9997532466666667,0.00023968574666666665,7.004722e-06,0,Fresh,fixed_test,
pork,Tiny-MLP,pork_fixed_test_portion08,1,0,3,0.9790981533333333,0.012720589666666665,0.008181189666666666,0,Fresh,fixed_test,
pork,Tiny-MLP,pork_fixed_test_portion08,2,0,3,0.9740587533333334,0.014867149000000001,0.011074134999999999,0,Fresh,fixed_test,
pork,Tiny-MLP,pork_fixed_test_portion08,3,0,3,0.9502294299999999,0.027010961333333333,0.022759641,0,Fresh,fixed_test,
pork,Tiny-MLP,pork_fixed_test_portion08,4,1,3,0.008162447666666668,0.9823977999999999,0.009439784,1,Sub-fresh,fixed_test,
pork,Tiny-MLP,pork_fixed_test_portion08,5,2,3,8.6527122e-05,0.0002840533966666666,0.9996294433333333,2,Spoiled,fixed_test,
pork,Tiny-MLP,pork_fixed_test_portion08,6,2,3,0.0011781511,0.0024400367333333333,0.99638182,2,Spoiled,fixed_test,
pork,Tiny-MLP,pork_fixed_test_portion09,0,0,3,0.9994700533333334,0.0005223645466666667,7.574578466666667e-06,0,Fresh,fixed_test,
pork,Tiny-MLP,pork_fixed_test_portion09,1,0,3,0.8486166466666667,0.13471015466666666,0.016673203333333334,0,Fresh,fixed_test,
pork,Tiny-MLP,pork_fixed_test_portion09,2,0,3,0.9359543366666667,0.044266167999999995,0.019779517,0,Fresh,fixed_test,
pork,Tiny-MLP,pork_fixed_test_portion09,3,0,3,0.9007162833333333,0.061810441,0.037473237666666666,0,Fresh,fixed_test,
pork,Tiny-MLP,pork_fixed_test_portion09,4,1,3,0.0030782184000000003,0.99432632,0.0025954534333333334,1,Sub-fresh,fixed_test,
pork,Tiny-MLP,pork_fixed_test_portion09,5,2,3,0.0032606579,0.10376078799999999,0.8929785200000001,2,Spoiled,fixed_test,
pork,Tiny-MLP,pork_fixed_test_portion09,6,2,3,0.0011223616666666666,0.025896036,0.9729816366666667,2,Spoiled,fixed_test,
pork,Tiny-MLP,pork_fixed_test_portion10,0,0,3,0.9998945333333333,0.00010037948866666666,5.098491033333333e-06,0,Fresh,fixed_test,
pork,Tiny-MLP,pork_fixed_test_portion10,1,0,3,0.97082685,0.018630709333333332,0.010542443,0,Fresh,fixed_test,
pork,Tiny-MLP,pork_fixed_test_portion10,2,0,3,0.9746713066666667,0.012218298666666667,0.013110364666666666,0,Fresh,fixed_test,
pork,Tiny-MLP,pork_fixed_test_portion10,3,0,3,0.8970308666666668,0.033095955,0.06987318,0,Fresh,fixed_test,
pork,Tiny-MLP,pork_fixed_test_portion10,4,1,3,0.020045231333333333,0.6572318666666667,0.3227228933333333,1,Sub-fresh,fixed_test,
pork,Tiny-MLP,pork_fixed_test_portion10,5,2,3,0.0011849727233333334,0.002154078533333333,0.9966609533333334,2,Spoiled,fixed_test,
pork,Tiny-MLP,pork_fixed_test_portion10,6,2,3,0.004963580833333334,0.008308933,0.9867274300000001,2,Spoiled,fixed_test,
beef,EfficientNet-Lite0,beef_fold1_test_portion01,0,0,3,0.9717794999999999,0.012963042666666667,0.015257488333333333,0,Fresh,cross_validation,1.0
beef,EfficientNet-Lite0,beef_fold1_test_portion01,1,0,3,0.83803865,0.04512656933333333,0.11683480033333334,0,Fresh,cross_validation,1.0
beef,EfficientNet-Lite0,beef_fold1_test_portion01,2,0,3,0.5537195453333333,0.025822666499999997,0.42045775799999996,0,Fresh,cross_validation,1.0
beef,EfficientNet-Lite0,beef_fold1_test_portion01,3,1,3,0.012269504216666666,0.9708360966666666,0.016894419466666668,1,Sub-fresh,cross_validation,1.0
beef,EfficientNet-Lite0,beef_fold1_test_portion01,4,2,3,0.0010304374766666666,0.0016099463333333333,0.99735962,2,Spoiled,cross_validation,1.0
beef,EfficientNet-Lite0,beef_fold1_test_portion01,5,2,3,0.0073169457,0.003210044466666667,0.9894729999999999,2,Spoiled,cross_validation,1.0
beef,EfficientNet-Lite0,beef_fold1_test_portion01,6,2,3,0.20658717333333335,0.03653978533333333,0.7568730466666667,2,Spoiled,cross_validation,1.0
beef,EfficientNet-Lite0,beef_fold1_test_portion02,0,0,3,0.9852472833333333,0.0103351686,0.004417515266666667,0,Fresh,cross_validation,1.0
beef,EfficientNet-Lite0,beef_fold1_test_portion02,1,0,3,0.7824385833333333,0.022418721866666668,0.19514270333333336,0,Fresh,cross_validation,1.0
beef,EfficientNet-Lite0,beef_fold1_test_portion02,2,0,3,0.5310266566666667,0.03104591233333333,0.4379274533333333,0,Fresh,cross_validation,1.0
beef,EfficientNet-Lite0,beef_fold1_test_portion02,3,1,3,0.39702355333333333,0.28668782866666664,0.3162886013333333,0,Fresh,cross_validation,1.0
beef,EfficientNet-Lite0,beef_fold1_test_portion02,4,2,3,0.20200454499999998,0.009760558099999999,0.7882349466666666,2,Spoiled,cross_validation,1.0
beef,EfficientNet-Lite0,beef_fold1_test_portion02,5,2,3,0.0018895988666666665,0.0014615037499999999,0.9966489,2,Spoiled,cross_validation,1.0
beef,EfficientNet-Lite0,beef_fold1_test_portion02,6,2,3,0.00346570242,0.00170508015,0.9948292166666667,2,Spoiled,cross_validation,1.0
beef,EfficientNet-Lite0,beef_fold1_test_portion03,0,0,3,0.9786593433333334,0.017204622533333335,0.004136000866666666,0,Fresh,cross_validation,1.0
beef,EfficientNet-Lite0,beef_fold1_test_portion03,1,0,3,0.9554685666666667,0.03137788593333333,0.013153539143333332,0,Fresh,cross_validation,1.0
beef,EfficientNet-Lite0,beef_fold1_test_portion03,2,0,3,0.8782459333333333,0.025561463500000003,0.09619261133333334,0,Fresh,cross_validation,1.0
beef,EfficientNet-Lite0,beef_fold1_test_portion03,3,1,3,0.2066257525,0.75939362,0.033980633333333336,1,Sub-fresh,cross_validation,1.0
beef,EfficientNet-Lite0,beef_fold1_test_portion03,4,2,3,0.24688857,0.019150745433333335,0.7339606733333334,2,Spoiled,cross_validation,1.0
beef,EfficientNet-Lite0,beef_fold1_test_portion03,5,2,3,0.014591846843333334,0.33449524166666667,0.6509129433333334,2,Spoiled,cross_validation,1.0
beef,EfficientNet-Lite0,beef_fold1_test_portion03,6,2,3,0.006166754566666668,0.006600868,0.9872324266666667,2,Spoiled,cross_validation,1.0
beef,EfficientNet-Lite0,beef_fold1_test_portion04,0,0,3,0.9614400499999999,0.023122115666666665,0.0154378207,0,Fresh,cross_validation,1.0
beef,EfficientNet-Lite0,beef_fold1_test_portion04,1,0,3,0.93896392,0.018838541900000002,0.04219750433333334,0,Fresh,cross_validation,1.0
beef,EfficientNet-Lite0,beef_fold1_test_portion04,2,0,3,0.8187455666666666,0.033297041,0.14795735133333335,0,Fresh,cross_validation,1.0
beef,EfficientNet-Lite0,beef_fold1_test_portion04,3,1,3,0.037540748666666665,0.8546926300000001,0.10776659100000001,1,Sub-fresh,cross_validation,1.0
beef,EfficientNet-Lite0,beef_fold1_test_portion04,4,2,3,0.015514748566666667,0.0017350049466666663,0.9827502133333333,2,Spoiled,cross_validation,1.0
beef,EfficientNet-Lite0,beef_fold1_test_portion04,5,2,3,0.00043983941466666665,0.002596083186666667,0.9969640766666666,2,Spoiled,cross_validation,1.0
beef,EfficientNet-Lite0,beef_fold1_test_portion04,6,2,3,0.0021709874433333332,0.0017777727233333335,0.9960512233333333,2,Spoiled,cross_validation,1.0
beef,EfficientNet-Lite0,beef_fold1_test_portion05,0,0,3,0.9662770666666667,0.018532647,0.015190239733333335,0,Fresh,cross_validation,1.0
beef,EfficientNet-Lite0,beef_fold1_test_portion05,1,0,3,0.9769845966666667,0.015200363233333333,0.007815007399999999,0,Fresh,cross_validation,1.0
beef,EfficientNet-Lite0,beef_fold1_test_portion05,2,0,3,0.59704035,0.02327646133333333,0.3796831566666667,0,Fresh,cross_validation,1.0
beef,EfficientNet-Lite0,beef_fold1_test_portion05,3,1,3,0.468925434,0.4806774333333334,0.05039710833333333,1,Sub-fresh,cross_validation,1.0
beef,EfficientNet-Lite0,beef_fold1_test_portion05,4,2,3,0.14110031666666667,0.020704633666666666,0.83819502,2,Spoiled,cross_validation,1.0
beef,EfficientNet-Lite0,beef_fold1_test_portion05,5,2,3,0.037146814433333335,0.11817389433333335,0.8446792666666667,2,Spoiled,cross_validation,1.0
beef,EfficientNet-Lite0,beef_fold1_test_portion05,6,2,3,0.1294814675,0.05932375333333334,0.8111947966666667,2,Spoiled,cross_validation,1.0
beef,EfficientNet-Lite0,beef_fold1_test_portion06,0,0,3,0.9794739433333334,0.013660019333333334,0.006866082866666667,0,Fresh,cross_validation,1.0
beef,EfficientNet-Lite0,beef_fold1_test_portion06,1,0,3,0.8994035433333334,0.021942890533333332,0.07865354383333333,0,Fresh,cross_validation,1.0
beef,EfficientNet-Lite0,beef_fold1_test_portion06,2,0,3,0.9561453466666667,0.03328031766666667,0.010574287333333335,0,Fresh,cross_validation,1.0
beef,EfficientNet-Lite0,beef_fold1_test_portion06,3,1,3,0.021508179433333333,0.9723063666666668,0.006185425333333334,1,Sub-fresh,cross_validation,1.0
beef,EfficientNet-Lite0,beef_fold1_test_portion06,4,2,3,0.09840693,0.030043476,0.87154962,2,Spoiled,cross_validation,1.0
beef,EfficientNet-Lite0,beef_fold1_test_portion06,5,2,3,0.035869023666666666,0.11882083466666667,0.8453101433333333,2,Spoiled,cross_validation,1.0
beef,EfficientNet-Lite0,beef_fold1_test_portion06,6,2,3,0.00162969684,0.006650979800000001,0.99171932,2,Spoiled,cross_validation,1.0
beef,EfficientNet-Lite0,beef_fold1_test_portion07,0,0,3,0.9775284000000001,0.01885730676666667,0.0036142845,0,Fresh,cross_validation,1.0
beef,EfficientNet-Lite0,beef_fold1_test_portion07,1,0,3,0.005711497846666667,0.9728067333333333,0.021481727399999997,1,Sub-fresh,cross_validation,1.0
beef,EfficientNet-Lite0,beef_fold1_test_portion07,2,0,3,0.8266893533333333,0.09452681166666665,0.07878382099999999,0,Fresh,cross_validation,1.0
beef,EfficientNet-Lite0,beef_fold1_test_portion07,3,1,3,3.209982166666667e-05,0.9960943333333333,0.0038735691933333336,1,Sub-fresh,cross_validation,1.0
beef,EfficientNet-Lite0,beef_fold1_test_portion07,4,2,3,0.021342243333333333,0.005499347966666668,0.9731583866666668,2,Spoiled,cross_validation,1.0
beef,EfficientNet-Lite0,beef_fold1_test_portion07,5,2,3,0.008322770613333334,0.005766698766666666,0.9859105233333333,2,Spoiled,cross_validation,1.0
beef,EfficientNet-Lite0,beef_fold1_test_portion07,6,2,3,0.017794645933333336,0.012069518666666668,0.9701358566666668,2,Spoiled,cross_validation,1.0
beef,EfficientNet-Lite0,beef_fold1_test_portion08,0,0,3,0.9903622666666667,0.0061463106,0.003491392266666667,0,Fresh,cross_validation,1.0
beef,EfficientNet-Lite0,beef_fold1_test_portion08,1,0,3,0.6993945333333333,0.23830962833333333,0.062295861333333334,0,Fresh,cross_validation,1.0
beef,EfficientNet-Lite0,beef_fold1_test_portion08,2,0,3,0.9581561166666667,0.011217946333333333,0.030625932666666664,0,Fresh,cross_validation,1.0
beef,EfficientNet-Lite0,beef_fold1_test_portion08,3,1,3,0.012922332066666667,0.9850286766666666,0.0020489375499999998,1,Sub-fresh,cross_validation,1.0
beef,EfficientNet-Lite0,beef_fold1_test_portion08,4,2,3,0.7245881566666666,0.03958020733333333,0.23583165333333334,0,Fresh,cross_validation,1.0
beef,EfficientNet-Lite0,beef_fold1_test_portion08,5,2,3,0.007579189566666668,0.8893687333333333,0.10305207,1,Sub-fresh,cross_validation,1.0
beef,EfficientNet-Lite0,beef_fold1_test_portion08,6,2,3,0.06348710466666667,0.12297823666666667,0.8135347066666667,2,Spoiled,cross_validation,1.0
beef,EfficientNet-Lite0,beef_fold1_test_portion09,0,0,3,0.9719975866666667,0.022524786933333332,0.0054776176999999995,0,Fresh,cross_validation,1.0
beef,EfficientNet-Lite0,beef_fold1_test_portion09,1,0,3,0.15511448333333333,0.75838339,0.08650211766666667,1,Sub-fresh,cross_validation,1.0
beef,EfficientNet-Lite0,beef_fold1_test_portion09,2,0,3,0.9403868733333334,0.028949940533333333,0.030663175166666667,0,Fresh,cross_validation,1.0
beef,EfficientNet-Lite0,beef_fold1_test_portion09,3,1,3,0.22373718333333334,0.52922059,0.24704221133333334,1,Sub-fresh,cross_validation,1.0
beef,EfficientNet-Lite0,beef_fold1_test_portion09,4,2,3,0.025638235149999997,0.004667099966666667,0.9696946866666667,2,Spoiled,cross_validation,1.0
beef,EfficientNet-Lite0,beef_fold1_test_portion09,5,2,3,0.0021323719000000004,0.500802281,0.4970652913333333,1,Sub-fresh,cross_validation,1.0
beef,EfficientNet-Lite0,beef_fold1_test_portion09,6,2,3,0.0027105365666666667,0.0036653361333333335,0.9936241466666668,2,Spoiled,cross_validation,1.0
beef,EfficientNet-Lite0,beef_fold1_test_portion10,0,0,3,0.9844205,0.013992901333333333,0.0015865704900000002,0,Fresh,cross_validation,1.0
beef,EfficientNet-Lite0,beef_fold1_test_portion10,1,0,3,0.030284988333333332,0.8190183000000001,0.150696725,1,Sub-fresh,cross_validation,1.0
beef,EfficientNet-Lite0,beef_fold1_test_portion10,2,0,3,0.9479062766666667,0.007052371266666667,0.045041371,0,Fresh,cross_validation,1.0
beef,EfficientNet-Lite0,beef_fold1_test_portion10,3,1,3,0.041760548700000004,0.8191064533333333,0.13913299,1,Sub-fresh,cross_validation,1.0
beef,EfficientNet-Lite0,beef_fold1_test_portion10,4,2,3,0.014539278400000001,0.004973951133333334,0.9804867700000001,2,Spoiled,cross_validation,1.0
beef,EfficientNet-Lite0,beef_fold1_test_portion10,5,2,3,0.0030922687766666668,0.6078524366666667,0.38905531,1,Sub-fresh,cross_validation,1.0
beef,EfficientNet-Lite0,beef_fold1_test_portion10,6,2,3,0.0083861237,0.0179267265,0.9736871433333333,2,Spoiled,cross_validation,1.0
beef,EfficientNet-Lite0,beef_fold2_test_portion01,0,0,3,0.9643559766666666,0.025862635999999998,0.009781448,0,Fresh,cross_validation,2.0
beef,EfficientNet-Lite0,beef_fold2_test_portion01,1,0,3,0.9598331999999999,0.028162837666666666,0.012003974,0,Fresh,cross_validation,2.0
beef,EfficientNet-Lite0,beef_fold2_test_portion01,2,0,3,0.9643964166666666,0.021892823333333335,0.013710757666666665,0,Fresh,cross_validation,2.0
beef,EfficientNet-Lite0,beef_fold2_test_portion01,3,1,3,0.9552365666666667,0.03391005766666667,0.010853421166666669,0,Fresh,cross_validation,2.0
beef,EfficientNet-Lite0,beef_fold2_test_portion01,4,2,3,0.9636924666666667,0.02815684,0.008150757666666666,0,Fresh,cross_validation,2.0
beef,EfficientNet-Lite0,beef_fold2_test_portion01,5,2,3,0.010103032333333333,0.02899397366666667,0.9609030233333332,2,Spoiled,cross_validation,2.0
beef,EfficientNet-Lite0,beef_fold2_test_portion01,6,2,3,0.010486009666666666,0.026497715,0.9630162800000001,2,Spoiled,cross_validation,2.0
beef,EfficientNet-Lite0,beef_fold2_test_portion02,0,0,3,0.9413388,0.026523822000000002,0.03213734533333334,0,Fresh,cross_validation,2.0
beef,EfficientNet-Lite0,beef_fold2_test_portion02,1,0,3,0.9501075499999999,0.026368136666666667,0.02352431266666667,0,Fresh,cross_validation,2.0
beef,EfficientNet-Lite0,beef_fold2_test_portion02,2,0,3,0.9452650699999999,0.023940249333333333,0.0307946795,0,Fresh,cross_validation,2.0
beef,EfficientNet-Lite0,beef_fold2_test_portion02,3,1,3,0.01731827966666667,0.9701982333333333,0.012483513266666668,1,Sub-fresh,cross_validation,2.0
beef,EfficientNet-Lite0,beef_fold2_test_portion02,4,2,3,0.009467431166666667,0.024024522000000003,0.9665080733333333,2,Spoiled,cross_validation,2.0
beef,EfficientNet-Lite0,beef_fold2_test_portion02,5,2,3,0.010869439,0.026268334666666667,0.9628622233333334,2,Spoiled,cross_validation,2.0
beef,EfficientNet-Lite0,beef_fold2_test_portion02,6,2,3,0.009306390333333333,0.025117688,0.9655759166666668,2,Spoiled,cross_validation,2.0
beef,EfficientNet-Lite0,beef_fold2_test_portion03,0,0,3,0.9652525866666667,0.026492210999999998,0.008255213533333333,0,Fresh,cross_validation,2.0
beef,EfficientNet-Lite0,beef_fold2_test_portion03,1,0,3,0.9621050333333333,0.029119483333333335,0.008775441333333333,0,Fresh,cross_validation,2.0
beef,EfficientNet-Lite0,beef_fold2_test_portion03,2,0,3,0.05552998233333334,0.026917296666666663,0.9175526833333333,2,Spoiled,cross_validation,2.0
beef,EfficientNet-Lite0,beef_fold2_test_portion03,3,1,3,0.009414350600000001,0.9739337333333333,0.01665193,1,Sub-fresh,cross_validation,2.0
beef,EfficientNet-Lite0,beef_fold2_test_portion03,4,2,3,0.49937730333333336,0.03139145,0.46923124099999997,0,Fresh,cross_validation,2.0
beef,EfficientNet-Lite0,beef_fold2_test_portion03,5,2,3,0.008522560666666667,0.026690767333333334,0.9647866533333334,2,Spoiled,cross_validation,2.0
beef,EfficientNet-Lite0,beef_fold2_test_portion03,6,2,3,0.009455812333333334,0.025416142,0.9651280466666666,2,Spoiled,cross_validation,2.0
beef,EfficientNet-Lite0,beef_fold2_test_portion04,0,0,3,0.95990108,0.030283684333333335,0.009815224999999999,0,Fresh,cross_validation,2.0
beef,EfficientNet-Lite0,beef_fold2_test_portion04,1,0,3,0.9622419666666667,0.029194899,0.008563066666666666,0,Fresh,cross_validation,2.0
beef,EfficientNet-Lite0,beef_fold2_test_portion04,2,0,3,0.9536553133333333,0.026701749333333333,0.019642947,0,Fresh,cross_validation,2.0
beef,EfficientNet-Lite0,beef_fold2_test_portion04,3,1,3,0.03294971656666667,0.9546079766666667,0.012442340133333334,1,Sub-fresh,cross_validation,2.0
beef,EfficientNet-Lite0,beef_fold2_test_portion04,4,2,3,0.6718002900000001,0.040466918,0.28773282833333336,0,Fresh,cross_validation,2.0
beef,EfficientNet-Lite0,beef_fold2_test_portion04,5,2,3,0.008088900533333334,0.025111298,0.9667998066666668,2,Spoiled,cross_validation,2.0
beef,EfficientNet-Lite0,beef_fold2_test_portion04,6,2,3,0.009387597533333333,0.023050676000000003,0.9675617433333333,2,Spoiled,cross_validation,2.0
beef,EfficientNet-Lite0,beef_fold2_test_portion05,0,0,3,0.9599916333333334,0.028992857333333334,0.011015514499999999,0,Fresh,cross_validation,2.0
beef,EfficientNet-Lite0,beef_fold2_test_portion05,1,0,3,0.9633176833333333,0.026445207999999998,0.010237129666666666,0,Fresh,cross_validation,2.0
beef,EfficientNet-Lite0,beef_fold2_test_portion05,2,0,3,0.9551546333333333,0.030464981333333335,0.014380397999999997,0,Fresh,cross_validation,2.0
beef,EfficientNet-Lite0,beef_fold2_test_portion05,3,1,3,0.005386681366666667,0.9633962466666667,0.031217122233333335,1,Sub-fresh,cross_validation,2.0
beef,EfficientNet-Lite0,beef_fold2_test_portion05,4,2,3,0.016973685666666665,0.027415968333333332,0.9556103166666666,2,Spoiled,cross_validation,2.0
beef,EfficientNet-Lite0,beef_fold2_test_portion05,5,2,3,0.009067547333333334,0.028493801666666665,0.9624386533333333,2,Spoiled,cross_validation,2.0
beef,EfficientNet-Lite0,beef_fold2_test_portion05,6,2,3,0.009667515333333333,0.02687631433333333,0.96345618,2,Spoiled,cross_validation,2.0
beef,EfficientNet-Lite0,beef_fold2_test_portion06,0,0,3,0.96120135,0.027597802,0.011200812333333332,0,Fresh,cross_validation,2.0
beef,EfficientNet-Lite0,beef_fold2_test_portion06,1,0,3,0.14636268913333333,0.8407669233333334,0.012870407,1,Sub-fresh,cross_validation,2.0
beef,EfficientNet-Lite0,beef_fold2_test_portion06,2,0,3,0.9562743666666668,0.02814135766666667,0.015584251666666667,0,Fresh,cross_validation,2.0
beef,EfficientNet-Lite0,beef_fold2_test_portion06,3,1,3,0.0039979708,0.9924609733333334,0.003541089666666667,1,Sub-fresh,cross_validation,2.0
beef,EfficientNet-Lite0,beef_fold2_test_portion06,4,2,3,0.012924907666666666,0.024873422000000003,0.9622016666666666,2,Spoiled,cross_validation,2.0
beef,EfficientNet-Lite0,beef_fold2_test_portion06,5,2,3,0.0074040855,0.029696416333333336,0.96289949,2,Spoiled,cross_validation,2.0
beef,EfficientNet-Lite0,beef_fold2_test_portion06,6,2,3,0.009229922,0.027411117333333335,0.9633590166666667,2,Spoiled,cross_validation,2.0
beef,EfficientNet-Lite0,beef_fold2_test_portion07,0,0,3,0.95463229,0.03185032533333333,0.013517370666666667,0,Fresh,cross_validation,2.0
beef,EfficientNet-Lite0,beef_fold2_test_portion07,1,0,3,0.41860772199999996,0.5244065766666667,0.056985695,1,Sub-fresh,cross_validation,2.0
beef,EfficientNet-Lite0,beef_fold2_test_portion07,2,0,3,0.3832629326666666,0.03312908866666667,0.5836079633333333,2,Spoiled,cross_validation,2.0
beef,EfficientNet-Lite0,beef_fold2_test_portion07,3,1,3,0.336581592,0.6308503866666667,0.03256803216666667,1,Sub-fresh,cross_validation,2.0
beef,EfficientNet-Lite0,beef_fold2_test_portion07,4,2,3,0.2625240603333333,0.03240279233333333,0.7050731166666666,2,Spoiled,cross_validation,2.0
beef,EfficientNet-Lite0,beef_fold2_test_portion07,5,2,3,0.009096302666666667,0.02533622866666667,0.9655674466666667,2,Spoiled,cross_validation,2.0
beef,EfficientNet-Lite0,beef_fold2_test_portion07,6,2,3,0.009422814,0.025262944,0.9653141966666666,2,Spoiled,cross_validation,2.0
beef,EfficientNet-Lite0,beef_fold2_test_portion08,0,0,3,0.9573130333333334,0.031067786,0.011619183333333333,0,Fresh,cross_validation,2.0
beef,EfficientNet-Lite0,beef_fold2_test_portion08,1,0,3,0.8506836299999999,0.131571114,0.017745260000000002,0,Fresh,cross_validation,2.0
beef,EfficientNet-Lite0,beef_fold2_test_portion08,2,0,3,0.9591650333333334,0.029385196333333335,0.011449731,0,Fresh,cross_validation,2.0
beef,EfficientNet-Lite0,beef_fold2_test_portion08,3,1,3,0.008393896,0.9876434233333334,0.0039627010999999995,1,Sub-fresh,cross_validation,2.0
beef,EfficientNet-Lite0,beef_fold2_test_portion08,4,2,3,0.6948771499999999,0.042397407,0.26272544033333334,0,Fresh,cross_validation,2.0
beef,EfficientNet-Lite0,beef_fold2_test_portion08,5,2,3,0.0081427255,0.034182240333333336,0.9576750433333334,2,Spoiled,cross_validation,2.0
beef,EfficientNet-Lite0,beef_fold2_test_portion08,6,2,3,0.013746191333333333,0.025204810666666664,0.961049,2,Spoiled,cross_validation,2.0
beef,EfficientNet-Lite0,beef_fold2_test_portion09,0,0,3,0.9611221833333333,0.027650427666666668,0.011227405666666667,0,Fresh,cross_validation,2.0
beef,EfficientNet-Lite0,beef_fold2_test_portion09,1,0,3,0.2990923569333333,0.6953658850000001,0.0055417678,1,Sub-fresh,cross_validation,2.0
beef,EfficientNet-Lite0,beef_fold2_test_portion09,2,0,3,0.96429552,0.027632701,0.008071771333333333,0,Fresh,cross_validation,2.0
beef,EfficientNet-Lite0,beef_fold2_test_portion09,3,1,3,0.0038562458666666667,0.9887155666666666,0.007428175633333333,1,Sub-fresh,cross_validation,2.0
beef,EfficientNet-Lite0,beef_fold2_test_portion09,4,2,3,0.22919311033333334,0.033806010666666664,0.73700087,2,Spoiled,cross_validation,2.0
beef,EfficientNet-Lite0,beef_fold2_test_portion09,5,2,3,0.008384953666666667,0.028320300000000003,0.9632947199999999,2,Spoiled,cross_validation,2.0
beef,EfficientNet-Lite0,beef_fold2_test_portion09,6,2,3,0.009855233,0.025602178000000003,0.9645426466666667,2,Spoiled,cross_validation,2.0
beef,EfficientNet-Lite0,beef_fold2_test_portion10,0,0,3,0.9616066,0.027130131333333335,0.011263265666666666,0,Fresh,cross_validation,2.0
beef,EfficientNet-Lite0,beef_fold2_test_portion10,1,0,3,0.6827967566666667,0.3020572833333333,0.015145934666666666,0,Fresh,cross_validation,2.0
beef,EfficientNet-Lite0,beef_fold2_test_portion10,2,0,3,0.9529439533333334,0.025714016333333336,0.021342103333333334,0,Fresh,cross_validation,2.0
beef,EfficientNet-Lite0,beef_fold2_test_portion10,3,1,3,0.02558975233333333,0.8382536466666667,0.1361565663333333,1,Sub-fresh,cross_validation,2.0
beef,EfficientNet-Lite0,beef_fold2_test_portion10,4,2,3,0.010979290000000001,0.026546176666666668,0.9624746000000001,2,Spoiled,cross_validation,2.0
beef,EfficientNet-Lite0,beef_fold2_test_portion10,5,2,3,0.010932589333333333,0.02655797,0.96250942,2,Spoiled,cross_validation,2.0
beef,EfficientNet-Lite0,beef_fold2_test_portion10,6,2,3,0.008447940666666667,0.025523804333333334,0.9660282499999999,2,Spoiled,cross_validation,2.0
beef,EfficientNet-Lite0,beef_fold3_test_portion01,0,0,3,0.98764999,0.009808326000000001,0.0025416539666666665,0,Fresh,cross_validation,3.0
beef,EfficientNet-Lite0,beef_fold3_test_portion01,1,0,3,0.8227281333333334,0.030422002000000004,0.14684989526666667,0,Fresh,cross_validation,3.0
beef,EfficientNet-Lite0,beef_fold3_test_portion01,2,0,3,0.7964850466666666,0.04189337766666667,0.16162158466666668,0,Fresh,cross_validation,3.0
beef,EfficientNet-Lite0,beef_fold3_test_portion01,3,1,3,0.8486914666666667,0.09917210333333333,0.05213641166666666,0,Fresh,cross_validation,3.0
beef,EfficientNet-Lite0,beef_fold3_test_portion01,4,2,3,0.6385647366666667,0.06021318666666667,0.301222079,0,Fresh,cross_validation,3.0
beef,EfficientNet-Lite0,beef_fold3_test_portion01,5,2,3,0.020508968,0.06968425666666667,0.9098067766666667,2,Spoiled,cross_validation,3.0
beef,EfficientNet-Lite0,beef_fold3_test_portion01,6,2,3,0.015304125666666668,0.08105851800000001,0.9036373866666666,2,Spoiled,cross_validation,3.0
beef,EfficientNet-Lite0,beef_fold3_test_portion02,0,0,3,0.9352355233333333,0.020793844199999998,0.04397064424,0,Fresh,cross_validation,3.0
beef,EfficientNet-Lite0,beef_fold3_test_portion02,1,0,3,0.6843590833333333,0.06450690466666667,0.25113405,0,Fresh,cross_validation,3.0
beef,EfficientNet-Lite0,beef_fold3_test_portion02,2,0,3,0.89674195,0.04412385433333333,0.059134226766666666,0,Fresh,cross_validation,3.0
beef,EfficientNet-Lite0,beef_fold3_test_portion02,3,1,3,0.317426676,0.6732384533333334,0.009334842500000001,1,Sub-fresh,cross_validation,3.0
beef,EfficientNet-Lite0,beef_fold3_test_portion02,4,2,3,0.006908336966666667,0.08159843166666667,0.9114932000000001,2,Spoiled,cross_validation,3.0
beef,EfficientNet-Lite0,beef_fold3_test_portion02,5,2,3,0.005944587899999999,0.11504709666666667,0.8790083000000001,2,Spoiled,cross_validation,3.0
beef,EfficientNet-Lite0,beef_fold3_test_portion02,6,2,3,0.009866401333333332,0.16605665666666666,0.8240769733333333,2,Spoiled,cross_validation,3.0
beef,EfficientNet-Lite0,beef_fold3_test_portion03,0,0,3,0.9917049166666666,0.007278534333333334,0.0010165510866666668,0,Fresh,cross_validation,3.0
beef,EfficientNet-Lite0,beef_fold3_test_portion03,1,0,3,0.9882901566666668,0.010359824666666666,0.0013500387933333333,0,Fresh,cross_validation,3.0
beef,EfficientNet-Lite0,beef_fold3_test_portion03,2,0,3,0.9846227166666667,0.012743136666666667,0.0026341957233333335,0,Fresh,cross_validation,3.0
beef,EfficientNet-Lite0,beef_fold3_test_portion03,3,1,3,0.08244228733333334,0.9093576033333334,0.008200101533333334,1,Sub-fresh,cross_validation,3.0
beef,EfficientNet-Lite0,beef_fold3_test_portion03,4,2,3,0.1025859395,0.06313789966666666,0.8342761866666667,2,Spoiled,cross_validation,3.0
beef,EfficientNet-Lite0,beef_fold3_test_portion03,5,2,3,0.013484629233333335,0.08867158000000001,0.8978438400000001,2,Spoiled,cross_validation,3.0
beef,EfficientNet-Lite0,beef_fold3_test_portion03,6,2,3,0.0219146455,0.06502283733333333,0.9130625,2,Spoiled,cross_validation,3.0
beef,EfficientNet-Lite0,beef_fold3_test_portion04,0,0,3,0.9842979866666667,0.013113548666666667,0.0025884929666666664,0,Fresh,cross_validation,3.0
beef,EfficientNet-Lite0,beef_fold3_test_portion04,1,0,3,0.9948936033333333,0.0047723438666666665,0.00033403852666666665,0,Fresh,cross_validation,3.0
beef,EfficientNet-Lite0,beef_fold3_test_portion04,2,0,3,0.9174818333333333,0.03826835966666666,0.04424980866666667,0,Fresh,cross_validation,3.0
beef,EfficientNet-Lite0,beef_fold3_test_portion04,3,1,3,0.4839368050000001,0.47442004666666665,0.0416431392,0,Fresh,cross_validation,3.0
beef,EfficientNet-Lite0,beef_fold3_test_portion04,4,2,3,0.16134567,0.06082827,0.777826,2,Spoiled,cross_validation,3.0
beef,EfficientNet-Lite0,beef_fold3_test_portion04,5,2,3,0.020151225333333335,0.06675178899999999,0.913097,2,Spoiled,cross_validation,3.0
beef,EfficientNet-Lite0,beef_fold3_test_portion04,6,2,3,0.016024899,0.09584852333333332,0.8881265533333332,2,Spoiled,cross_validation,3.0
beef,EfficientNet-Lite0,beef_fold3_test_portion05,0,0,3,0.9891307166666667,0.0103023755,0.00056686429,0,Fresh,cross_validation,3.0
beef,EfficientNet-Lite0,beef_fold3_test_portion05,1,0,3,0.98821782,0.010272685299999999,0.0015094854299999999,0,Fresh,cross_validation,3.0
beef,EfficientNet-Lite0,beef_fold3_test_portion05,2,0,3,0.6956491666666667,0.07425341933333333,0.23009739666666665,0,Fresh,cross_validation,3.0
beef,EfficientNet-Lite0,beef_fold3_test_portion05,3,1,3,0.44827459000000003,0.5134191466666667,0.038306250666666666,1,Sub-fresh,cross_validation,3.0
beef,EfficientNet-Lite0,beef_fold3_test_portion05,4,2,3,0.0074147806666666665,0.07000060000000001,0.9225846,2,Spoiled,cross_validation,3.0
beef,EfficientNet-Lite0,beef_fold3_test_portion05,5,2,3,0.005604360333333333,0.06632297,0.9280726666666667,2,Spoiled,cross_validation,3.0
beef,EfficientNet-Lite0,beef_fold3_test_portion05,6,2,3,0.014788231333333334,0.075504331,0.9097074133333334,2,Spoiled,cross_validation,3.0
beef,EfficientNet-Lite0,beef_fold3_test_portion06,0,0,3,0.9847948666666667,0.009937025233333334,0.0052681194333333336,0,Fresh,cross_validation,3.0
beef,EfficientNet-Lite0,beef_fold3_test_portion06,1,0,3,0.56271276,0.42818551,0.009101726533333333,0,Fresh,cross_validation,3.0
beef,EfficientNet-Lite0,beef_fold3_test_portion06,2,0,3,0.93632138,0.024458766000000003,0.039219861333333335,0,Fresh,cross_validation,3.0
beef,EfficientNet-Lite0,beef_fold3_test_portion06,3,1,3,0.14608714,0.5793664866666667,0.27454638,1,Sub-fresh,cross_validation,3.0
beef,EfficientNet-Lite0,beef_fold3_test_portion06,4,2,3,0.013502138833333335,0.07659308533333332,0.9099047666666666,2,Spoiled,cross_validation,3.0
beef,EfficientNet-Lite0,beef_fold3_test_portion06,5,2,3,0.009060699666666666,0.09096250666666666,0.8999768033333333,2,Spoiled,cross_validation,3.0
beef,EfficientNet-Lite0,beef_fold3_test_portion06,6,2,3,0.013740170333333334,0.08593356533333334,0.9003262900000001,2,Spoiled,cross_validation,3.0
beef,EfficientNet-Lite0,beef_fold3_test_portion07,0,0,3,0.9855726866666666,0.013899286733333334,0.0005280299200000001,0,Fresh,cross_validation,3.0
beef,EfficientNet-Lite0,beef_fold3_test_portion07,1,0,3,0.2963987063333333,0.6974462566666667,0.006155012799999999,1,Sub-fresh,cross_validation,3.0
beef,EfficientNet-Lite0,beef_fold3_test_portion07,2,0,3,0.9733110433333333,0.019167002,0.00752195898,0,Fresh,cross_validation,3.0
beef,EfficientNet-Lite0,beef_fold3_test_portion07,3,1,3,0.07264254966666667,0.9257425266666667,0.0016149480833333332,1,Sub-fresh,cross_validation,3.0
beef,EfficientNet-Lite0,beef_fold3_test_portion07,4,2,3,0.05150592463333333,0.055360378999999994,0.89313375,2,Spoiled,cross_validation,3.0
beef,EfficientNet-Lite0,beef_fold3_test_portion07,5,2,3,0.007163766766666667,0.08456328333333334,0.9082729166666667,2,Spoiled,cross_validation,3.0
beef,EfficientNet-Lite0,beef_fold3_test_portion07,6,2,3,0.007350215833333333,0.09772319,0.89492655,2,Spoiled,cross_validation,3.0
beef,EfficientNet-Lite0,beef_fold3_test_portion08,0,0,3,0.9837604133333334,0.011057733233333334,0.005181871203333333,0,Fresh,cross_validation,3.0
beef,EfficientNet-Lite0,beef_fold3_test_portion08,1,0,3,0.28307510166666666,0.7092485733333334,0.007676322199999999,1,Sub-fresh,cross_validation,3.0
beef,EfficientNet-Lite0,beef_fold3_test_portion08,2,0,3,0.95931437,0.03126807266666667,0.009417545266666667,0,Fresh,cross_validation,3.0
beef,EfficientNet-Lite0,beef_fold3_test_portion08,3,1,3,0.051054894333333344,0.944922,0.004023098246666666,1,Sub-fresh,cross_validation,3.0
beef,EfficientNet-Lite0,beef_fold3_test_portion08,4,2,3,0.15146665413333335,0.07730426666666666,0.7712291066666667,2,Spoiled,cross_validation,3.0
beef,EfficientNet-Lite0,beef_fold3_test_portion08,5,2,3,0.05005744333333333,0.39953600666666667,0.55040654,2,Spoiled,cross_validation,3.0
beef,EfficientNet-Lite0,beef_fold3_test_portion08,6,2,3,0.022156234833333333,0.06996070833333333,0.90788305,2,Spoiled,cross_validation,3.0
beef,EfficientNet-Lite0,beef_fold3_test_portion09,0,0,3,0.9929751766666667,0.0067180036,0.00030682029,0,Fresh,cross_validation,3.0
beef,EfficientNet-Lite0,beef_fold3_test_portion09,1,0,3,0.22606148666666667,0.76525914,0.0086793478,1,Sub-fresh,cross_validation,3.0
beef,EfficientNet-Lite0,beef_fold3_test_portion09,2,0,3,0.9441128533333334,0.026563028333333336,0.0293241014,0,Fresh,cross_validation,3.0
beef,EfficientNet-Lite0,beef_fold3_test_portion09,3,1,3,0.024779806933333332,0.96163561,0.0135845885,1,Sub-fresh,cross_validation,3.0
beef,EfficientNet-Lite0,beef_fold3_test_portion09,4,2,3,0.013448091833333333,0.047705471666666666,0.9388464666666666,2,Spoiled,cross_validation,3.0
beef,EfficientNet-Lite0,beef_fold3_test_portion09,5,2,3,0.0071528622666666665,0.09714175533333334,0.8957053833333334,2,Spoiled,cross_validation,3.0
beef,EfficientNet-Lite0,beef_fold3_test_portion09,6,2,3,0.08251715033333333,0.06955746566666667,0.8479254033333333,2,Spoiled,cross_validation,3.0
beef,EfficientNet-Lite0,beef_fold3_test_portion10,0,0,3,0.9905514566666667,0.0089506035,0.0004979174666666666,0,Fresh,cross_validation,3.0
beef,EfficientNet-Lite0,beef_fold3_test_portion10,1,0,3,0.2906932133333333,0.7006722333333334,0.008634578933333333,1,Sub-fresh,cross_validation,3.0
beef,EfficientNet-Lite0,beef_fold3_test_portion10,2,0,3,0.98569199,0.010509952666666668,0.0037980295333333337,0,Fresh,cross_validation,3.0
beef,EfficientNet-Lite0,beef_fold3_test_portion10,3,1,3,0.014841818666666668,0.9820635333333333,0.0030946386333333335,1,Sub-fresh,cross_validation,3.0
beef,EfficientNet-Lite0,beef_fold3_test_portion10,4,2,3,0.06445103419999999,0.049728953,0.88582005,2,Spoiled,cross_validation,3.0
beef,EfficientNet-Lite0,beef_fold3_test_portion10,5,2,3,0.04826016049999999,0.10645461666666667,0.84528523,2,Spoiled,cross_validation,3.0
beef,EfficientNet-Lite0,beef_fold3_test_portion10,6,2,3,0.013630693666666667,0.071321454,0.9150479100000001,2,Spoiled,cross_validation,3.0
beef,EfficientNet-Lite0,beef_fold4_test_portion01,0,0,3,0.7105208233333333,0.013166649333333334,0.27631251166666665,0,Fresh,cross_validation,4.0
beef,EfficientNet-Lite0,beef_fold4_test_portion01,1,0,3,0.8901051666666667,0.0155056279,0.09438922213333334,0,Fresh,cross_validation,4.0
beef,EfficientNet-Lite0,beef_fold4_test_portion01,2,0,3,0.45513903466666666,0.018091682133333332,0.5267692826666667,2,Spoiled,cross_validation,4.0
beef,EfficientNet-Lite0,beef_fold4_test_portion01,3,1,3,0.10725074033333333,0.8464069666666667,0.046342294566666664,1,Sub-fresh,cross_validation,4.0
beef,EfficientNet-Lite0,beef_fold4_test_portion01,4,2,3,0.015503841466666668,0.006990999233333334,0.9775051666666666,2,Spoiled,cross_validation,4.0
beef,EfficientNet-Lite0,beef_fold4_test_portion01,5,2,3,0.0023420249666666667,0.0597300225,0.93792792,2,Spoiled,cross_validation,4.0
beef,EfficientNet-Lite0,beef_fold4_test_portion01,6,2,3,6.001277066666666e-05,0.0011541776,0.9987858333333334,2,Spoiled,cross_validation,4.0
beef,EfficientNet-Lite0,beef_fold4_test_portion02,0,0,3,0.9284449,0.01819690616666667,0.05335818966666667,0,Fresh,cross_validation,4.0
beef,EfficientNet-Lite0,beef_fold4_test_portion02,1,0,3,0.6544006133333333,0.023537435,0.322061949,0,Fresh,cross_validation,4.0
beef,EfficientNet-Lite0,beef_fold4_test_portion02,2,0,3,0.8079822466666666,0.020146496666666666,0.17187125133333334,0,Fresh,cross_validation,4.0
beef,EfficientNet-Lite0,beef_fold4_test_portion02,3,1,3,0.0027617589333333334,0.9787970333333332,0.018441212633333332,1,Sub-fresh,cross_validation,4.0
beef,EfficientNet-Lite0,beef_fold4_test_portion02,4,2,3,0.40744823999999996,0.028074813,0.5644769399999999,2,Spoiled,cross_validation,4.0
beef,EfficientNet-Lite0,beef_fold4_test_portion02,5,2,3,0.00046384608566666665,0.004325631466666667,0.99521047,2,Spoiled,cross_validation,4.0
beef,EfficientNet-Lite0,beef_fold4_test_portion02,6,2,3,0.00014046361,0.04699882343333333,0.9528607433333334,2,Spoiled,cross_validation,4.0
beef,EfficientNet-Lite0,beef_fold4_test_portion03,0,0,3,0.7525885966666666,0.014472240666666665,0.23293914157999998,0,Fresh,cross_validation,4.0
beef,EfficientNet-Lite0,beef_fold4_test_portion03,1,0,3,0.9926169333333333,0.005334752033333334,0.0020483626333333334,0,Fresh,cross_validation,4.0
beef,EfficientNet-Lite0,beef_fold4_test_portion03,2,0,3,0.7022176566666666,0.025078356833333332,0.27270399866666667,0,Fresh,cross_validation,4.0
beef,EfficientNet-Lite0,beef_fold4_test_portion03,3,1,3,0.15228559,0.7308650666666666,0.11684935833333333,1,Sub-fresh,cross_validation,4.0
beef,EfficientNet-Lite0,beef_fold4_test_portion03,4,2,3,0.22402846466666668,0.01758933613333333,0.7583822100000001,2,Spoiled,cross_validation,4.0
beef,EfficientNet-Lite0,beef_fold4_test_portion03,5,2,3,1.677961583333333e-06,0.00021025294333333337,0.9997880633333333,2,Spoiled,cross_validation,4.0
beef,EfficientNet-Lite0,beef_fold4_test_portion03,6,2,3,0.0019669240823333334,0.0062731428,0.9917599233333334,2,Spoiled,cross_validation,4.0
beef,EfficientNet-Lite0,beef_fold4_test_portion04,0,0,3,0.9876442166666667,0.005592773666666666,0.006763034566666666,0,Fresh,cross_validation,4.0
beef,EfficientNet-Lite0,beef_fold4_test_portion04,1,0,3,0.62787333,0.04033994366666666,0.331786748,0,Fresh,cross_validation,4.0
beef,EfficientNet-Lite0,beef_fold4_test_portion04,2,0,3,0.5550424566666666,0.020509356,0.42444821,0,Fresh,cross_validation,4.0
beef,EfficientNet-Lite0,beef_fold4_test_portion04,3,1,3,0.029501323733333334,0.8227138866666667,0.14778475166666666,1,Sub-fresh,cross_validation,4.0
beef,EfficientNet-Lite0,beef_fold4_test_portion04,4,2,3,0.07701056266666667,0.005725230533333334,0.9172642666666667,2,Spoiled,cross_validation,4.0
beef,EfficientNet-Lite0,beef_fold4_test_portion04,5,2,3,1.8776695933333335e-06,0.0007587412700000001,0.9992393366666666,2,Spoiled,cross_validation,4.0
beef,EfficientNet-Lite0,beef_fold4_test_portion04,6,2,3,5.747840333333333e-05,0.004984939043333333,0.9949576166666666,2,Spoiled,cross_validation,4.0
beef,EfficientNet-Lite0,beef_fold4_test_portion05,0,0,3,0.9290335966666667,0.012917858133333333,0.0580485201,0,Fresh,cross_validation,4.0
beef,EfficientNet-Lite0,beef_fold4_test_portion05,1,0,3,0.53307962,0.021855627333333332,0.44506476516666665,0,Fresh,cross_validation,4.0
beef,EfficientNet-Lite0,beef_fold4_test_portion05,2,0,3,0.49830197128333326,0.017526394333333334,0.48417161999999997,0,Fresh,cross_validation,4.0
beef,EfficientNet-Lite0,beef_fold4_test_portion05,3,1,3,0.39092452,0.4220057933333334,0.18706965500000003,1,Sub-fresh,cross_validation,4.0
beef,EfficientNet-Lite0,beef_fold4_test_portion05,4,2,3,0.4261546966666667,0.02087512633333333,0.5529701566666666,2,Spoiled,cross_validation,4.0
beef,EfficientNet-Lite0,beef_fold4_test_portion05,5,2,3,0.024946012500000003,0.40738182666666667,0.5676721566666666,2,Spoiled,cross_validation,4.0
beef,EfficientNet-Lite0,beef_fold4_test_portion05,6,2,3,1.4569897200000001e-05,0.0011547864766666667,0.9988306366666667,2,Spoiled,cross_validation,4.0
beef,EfficientNet-Lite0,beef_fold4_test_portion06,0,0,3,0.9607198633333333,0.006926007033333334,0.03235415133333333,0,Fresh,cross_validation,4.0
beef,EfficientNet-Lite0,beef_fold4_test_portion06,1,0,3,0.3470339433333334,0.5965963533333333,0.056369746,1,Sub-fresh,cross_validation,4.0
beef,EfficientNet-Lite0,beef_fold4_test_portion06,2,0,3,0.7889522133333333,0.034455476000000006,0.17659233366666668,0,Fresh,cross_validation,4.0
beef,EfficientNet-Lite0,beef_fold4_test_portion06,3,1,3,0.0038891926333333333,0.93860345,0.05750734776666667,1,Sub-fresh,cross_validation,4.0
beef,EfficientNet-Lite0,beef_fold4_test_portion06,4,2,3,0.0012670452133333335,0.0011391968,0.9975937433333334,2,Spoiled,cross_validation,4.0
beef,EfficientNet-Lite0,beef_fold4_test_portion06,5,2,3,0.00011353767183333332,0.0772468011,0.92263969,2,Spoiled,cross_validation,4.0
beef,EfficientNet-Lite0,beef_fold4_test_portion06,6,2,3,4.2126517466666674e-05,0.0003463421333333333,0.9996114766666667,2,Spoiled,cross_validation,4.0
beef,EfficientNet-Lite0,beef_fold4_test_portion07,0,0,3,0.9708215833333332,0.024465456400000002,0.0047129867,0,Fresh,cross_validation,4.0
beef,EfficientNet-Lite0,beef_fold4_test_portion07,1,0,3,0.6266729666666667,0.26374816500000003,0.10957886333333333,0,Fresh,cross_validation,4.0
beef,EfficientNet-Lite0,beef_fold4_test_portion07,2,0,3,0.8325766,0.02596266733333334,0.14146070633333332,0,Fresh,cross_validation,4.0
beef,EfficientNet-Lite0,beef_fold4_test_portion07,3,1,3,0.16760653066666667,0.7328449999999999,0.09954848316666666,1,Sub-fresh,cross_validation,4.0
beef,EfficientNet-Lite0,beef_fold4_test_portion07,4,2,3,0.0003583880696666666,0.00028932408,0.99935224,2,Spoiled,cross_validation,4.0
beef,EfficientNet-Lite0,beef_fold4_test_portion07,5,2,3,0.00010237526483333335,0.0030078592333333334,0.9968897,2,Spoiled,cross_validation,4.0
beef,EfficientNet-Lite0,beef_fold4_test_portion07,6,2,3,0.0006396475433333333,0.004285193166666667,0.99507513,2,Spoiled,cross_validation,4.0
beef,EfficientNet-Lite0,beef_fold4_test_portion08,0,0,3,0.9351317633333333,0.010217140733333333,0.05465104666666667,0,Fresh,cross_validation,4.0
beef,EfficientNet-Lite0,beef_fold4_test_portion08,1,0,3,0.28762387333333334,0.36585223,0.3465239166666667,1,Sub-fresh,cross_validation,4.0
beef,EfficientNet-Lite0,beef_fold4_test_portion08,2,0,3,0.94482893,0.017579572133333332,0.037591458,0,Fresh,cross_validation,4.0
beef,EfficientNet-Lite0,beef_fold4_test_portion08,3,1,3,0.024088827633333334,0.9619575,0.013953692666666665,1,Sub-fresh,cross_validation,4.0
beef,EfficientNet-Lite0,beef_fold4_test_portion08,4,2,3,0.005929592603333333,0.0018649621666666668,0.9922054633333334,2,Spoiled,cross_validation,4.0
beef,EfficientNet-Lite0,beef_fold4_test_portion08,5,2,3,0.005517800398050002,0.13291209278333332,0.86157016,2,Spoiled,cross_validation,4.0
beef,EfficientNet-Lite0,beef_fold4_test_portion08,6,2,3,0.00011090068766666665,0.0039884698,0.9959006333333335,2,Spoiled,cross_validation,4.0
beef,EfficientNet-Lite0,beef_fold4_test_portion09,0,0,3,0.9929405333333333,0.004083133733333333,0.0029763702,0,Fresh,cross_validation,4.0
beef,EfficientNet-Lite0,beef_fold4_test_portion09,1,0,3,0.5130149573333334,0.41636773666666665,0.070617287,0,Fresh,cross_validation,4.0
beef,EfficientNet-Lite0,beef_fold4_test_portion09,2,0,3,0.9764169666666667,0.010145699933333334,0.013437323199999998,0,Fresh,cross_validation,4.0
beef,EfficientNet-Lite0,beef_fold4_test_portion09,3,1,3,0.03177976951,0.9625735866666667,0.005646660033333334,1,Sub-fresh,cross_validation,4.0
beef,EfficientNet-Lite0,beef_fold4_test_portion09,4,2,3,0.09463586981,0.017857011483333334,0.8875071,2,Spoiled,cross_validation,4.0
beef,EfficientNet-Lite0,beef_fold4_test_portion09,5,2,3,0.0009910609333333334,0.62655662,0.37245235000000004,1,Sub-fresh,cross_validation,4.0
beef,EfficientNet-Lite0,beef_fold4_test_portion09,6,2,3,0.00013325081986666668,0.005157064366666666,0.9947097033333333,2,Spoiled,cross_validation,4.0
beef,EfficientNet-Lite0,beef_fold4_test_portion10,0,0,3,0.9369361966666667,0.011757198666666668,0.051306622333333336,0,Fresh,cross_validation,4.0
beef,EfficientNet-Lite0,beef_fold4_test_portion10,1,0,3,0.7962554533333334,0.10358424266666666,0.10016033099999999,0,Fresh,cross_validation,4.0
beef,EfficientNet-Lite0,beef_fold4_test_portion10,2,0,3,0.4264165633333333,0.013216409333333333,0.5603670333333334,2,Spoiled,cross_validation,4.0
beef,EfficientNet-Lite0,beef_fold4_test_portion10,3,1,3,0.1527365323333333,0.7837017333333334,0.0635617362,1,Sub-fresh,cross_validation,4.0
beef,EfficientNet-Lite0,beef_fold4_test_portion10,4,2,3,0.021410697520000004,0.007981396433333333,0.97060792,2,Spoiled,cross_validation,4.0
beef,EfficientNet-Lite0,beef_fold4_test_portion10,5,2,3,0.007913503923333334,0.04372098886666667,0.94836557,2,Spoiled,cross_validation,4.0
beef,EfficientNet-Lite0,beef_fold4_test_portion10,6,2,3,8.825992129999999e-05,0.0006999757750000001,0.9992117699999999,2,Spoiled,cross_validation,4.0
beef,MobileNetV3-Small,beef_fold1_test_portion01,0,0,3,0.9645420133333333,0.022260048,0.013197895500000001,0,Fresh,cross_validation,1.0
beef,MobileNetV3-Small,beef_fold1_test_portion01,1,0,3,0.97497285,0.016318059,0.008709089166666666,0,Fresh,cross_validation,1.0
beef,MobileNetV3-Small,beef_fold1_test_portion01,2,0,3,0.9350304066666667,0.019596708666666667,0.04537285906666667,0,Fresh,cross_validation,1.0
beef,MobileNetV3-Small,beef_fold1_test_portion01,3,1,3,0.20175302966666667,0.7906327000000001,0.0076142932,1,Sub-fresh,cross_validation,1.0
beef,MobileNetV3-Small,beef_fold1_test_portion01,4,2,3,0.0177470872,0.010519828833333333,0.9717330866666667,2,Spoiled,cross_validation,1.0
beef,MobileNetV3-Small,beef_fold1_test_portion01,5,2,3,0.008214452366666666,0.018819604833333333,0.972966,2,Spoiled,cross_validation,1.0
beef,MobileNetV3-Small,beef_fold1_test_portion01,6,2,3,0.03756225233333333,0.012855132,0.9495826166666667,2,Spoiled,cross_validation,1.0
beef,MobileNetV3-Small,beef_fold1_test_portion02,0,0,3,0.9832297733333334,0.014621340666666668,0.0021489342666666665,0,Fresh,cross_validation,1.0
beef,MobileNetV3-Small,beef_fold1_test_portion02,1,0,3,0.8555186066666667,0.04667977,0.09780161456666665,0,Fresh,cross_validation,1.0
beef,MobileNetV3-Small,beef_fold1_test_portion02,2,0,3,0.74311616,0.03852575166666667,0.21835811433333333,0,Fresh,cross_validation,1.0
beef,MobileNetV3-Small,beef_fold1_test_portion02,3,1,3,0.4044675233333333,0.5214667833333334,0.074065647,1,Sub-fresh,cross_validation,1.0
beef,MobileNetV3-Small,beef_fold1_test_portion02,4,2,3,0.6901219333333333,0.06422519466666667,0.2456528676666667,0,Fresh,cross_validation,1.0
beef,MobileNetV3-Small,beef_fold1_test_portion02,5,2,3,0.01889579433333333,0.008227825166666666,0.97287644,2,Spoiled,cross_validation,1.0
beef,MobileNetV3-Small,beef_fold1_test_portion02,6,2,3,0.0040852568,0.0028800127666666667,0.9930347333333334,2,Spoiled,cross_validation,1.0
beef,MobileNetV3-Small,beef_fold1_test_portion03,0,0,3,0.9646016833333334,0.028480983999999997,0.006917349533333333,0,Fresh,cross_validation,1.0
beef,MobileNetV3-Small,beef_fold1_test_portion03,1,0,3,0.9488419233333333,0.03731905866666667,0.013838976066666666,0,Fresh,cross_validation,1.0
beef,MobileNetV3-Small,beef_fold1_test_portion03,2,0,3,0.9656603866666668,0.023864177666666667,0.010475398000000002,0,Fresh,cross_validation,1.0
beef,MobileNetV3-Small,beef_fold1_test_portion03,3,1,3,0.66364455,0.3178398706666667,0.01851555473333333,0,Fresh,cross_validation,1.0
beef,MobileNetV3-Small,beef_fold1_test_portion03,4,2,3,0.58944973,0.02578108633333333,0.3847691786666667,0,Fresh,cross_validation,1.0
beef,MobileNetV3-Small,beef_fold1_test_portion03,5,2,3,0.41331957533333336,0.28000520799999995,0.30667520333333337,0,Fresh,cross_validation,1.0
beef,MobileNetV3-Small,beef_fold1_test_portion03,6,2,3,0.0057893114,0.004782059666666667,0.98942862,2,Spoiled,cross_validation,1.0
beef,MobileNetV3-Small,beef_fold1_test_portion04,0,0,3,0.97818452,0.019322520666666666,0.002492973966666667,0,Fresh,cross_validation,1.0
beef,MobileNetV3-Small,beef_fold1_test_portion04,1,0,3,0.9714902200000001,0.013552760666666669,0.014956992,0,Fresh,cross_validation,1.0
beef,MobileNetV3-Small,beef_fold1_test_portion04,2,0,3,0.7886602500000001,0.035100930333333336,0.1762388,0,Fresh,cross_validation,1.0
beef,MobileNetV3-Small,beef_fold1_test_portion04,3,1,3,0.21981065666666666,0.7546550133333333,0.02553436066666667,1,Sub-fresh,cross_validation,1.0
beef,MobileNetV3-Small,beef_fold1_test_portion04,4,2,3,0.09731603136666667,0.010347278533333334,0.8923366899999999,2,Spoiled,cross_validation,1.0
beef,MobileNetV3-Small,beef_fold1_test_portion04,5,2,3,0.025779840633333332,0.05602083233333333,0.9181992966666667,2,Spoiled,cross_validation,1.0
beef,MobileNetV3-Small,beef_fold1_test_portion04,6,2,3,0.0012846992666666667,0.0008041289899999999,0.9979111966666666,2,Spoiled,cross_validation,1.0
beef,MobileNetV3-Small,beef_fold1_test_portion05,0,0,3,0.97943412,0.015751855,0.004814011733333333,0,Fresh,cross_validation,1.0
beef,MobileNetV3-Small,beef_fold1_test_portion05,1,0,3,0.9794030266666667,0.017343094,0.003253841533333333,0,Fresh,cross_validation,1.0
beef,MobileNetV3-Small,beef_fold1_test_portion05,2,0,3,0.8270118200000001,0.020461162333333335,0.15252704,0,Fresh,cross_validation,1.0
beef,MobileNetV3-Small,beef_fold1_test_portion05,3,1,3,0.36685195666666665,0.5690800433333333,0.064067987,1,Sub-fresh,cross_validation,1.0
beef,MobileNetV3-Small,beef_fold1_test_portion05,4,2,3,0.19366166118333336,0.027962887566666667,0.7783755133333333,2,Spoiled,cross_validation,1.0
beef,MobileNetV3-Small,beef_fold1_test_portion05,5,2,3,0.17027378253333333,0.10135523333333334,0.7283709533333335,2,Spoiled,cross_validation,1.0
beef,MobileNetV3-Small,beef_fold1_test_portion05,6,2,3,0.0035792871,0.005378740833333333,0.9910419333333333,2,Spoiled,cross_validation,1.0
beef,MobileNetV3-Small,beef_fold1_test_portion06,0,0,3,0.9748790233333334,0.018673702666666667,0.0064473102000000004,0,Fresh,cross_validation,1.0
beef,MobileNetV3-Small,beef_fold1_test_portion06,1,0,3,0.9479861999999999,0.026032628333333335,0.02598115533333333,0,Fresh,cross_validation,1.0
beef,MobileNetV3-Small,beef_fold1_test_portion06,2,0,3,0.8912992866666668,0.022581963666666666,0.08611874633333333,0,Fresh,cross_validation,1.0
beef,MobileNetV3-Small,beef_fold1_test_portion06,3,1,3,0.0016640848899999998,0.9974290033333334,0.000906915,1,Sub-fresh,cross_validation,1.0
beef,MobileNetV3-Small,beef_fold1_test_portion06,4,2,3,0.36068387333333335,0.045803611333333334,0.5935125,2,Spoiled,cross_validation,1.0
beef,MobileNetV3-Small,beef_fold1_test_portion06,5,2,3,0.009831428699999999,0.12398399066666667,0.8661845733333333,2,Spoiled,cross_validation,1.0
beef,MobileNetV3-Small,beef_fold1_test_portion06,6,2,3,0.005787866766666667,0.004627261466666667,0.9895848533333332,2,Spoiled,cross_validation,1.0
beef,MobileNetV3-Small,beef_fold1_test_portion07,0,0,3,0.9741733566666667,0.021707152666666663,0.004119495933333333,0,Fresh,cross_validation,1.0
beef,MobileNetV3-Small,beef_fold1_test_portion07,1,0,3,0.14724411473333335,0.8340403333333333,0.018715554133333336,1,Sub-fresh,cross_validation,1.0
beef,MobileNetV3-Small,beef_fold1_test_portion07,2,0,3,0.9732235633333334,0.02179959133333333,0.004976861733333333,0,Fresh,cross_validation,1.0
beef,MobileNetV3-Small,beef_fold1_test_portion07,3,1,3,0.0005382613866666666,0.99810075,0.0013610140933333333,1,Sub-fresh,cross_validation,1.0
beef,MobileNetV3-Small,beef_fold1_test_portion07,4,2,3,0.323359255,0.032268036,0.6443726966666666,2,Spoiled,cross_validation,1.0
beef,MobileNetV3-Small,beef_fold1_test_portion07,5,2,3,0.02057708263333333,0.0183455834,0.9610773300000001,2,Spoiled,cross_validation,1.0
beef,MobileNetV3-Small,beef_fold1_test_portion07,6,2,3,0.010970023133333333,0.012632250066666665,0.9763977166666667,2,Spoiled,cross_validation,1.0
beef,MobileNetV3-Small,beef_fold1_test_portion08,0,0,3,0.98192513,0.015713262000000002,0.0023615912,0,Fresh,cross_validation,1.0
beef,MobileNetV3-Small,beef_fold1_test_portion08,1,0,3,0.5754887163333333,0.376054471,0.048456824,0,Fresh,cross_validation,1.0
beef,MobileNetV3-Small,beef_fold1_test_portion08,2,0,3,0.9643498933333333,0.0126609968,0.022989082666666664,0,Fresh,cross_validation,1.0
beef,MobileNetV3-Small,beef_fold1_test_portion08,3,1,3,0.023477316999999998,0.9752119833333334,0.0013107083133333333,1,Sub-fresh,cross_validation,1.0
beef,MobileNetV3-Small,beef_fold1_test_portion08,4,2,3,0.5442791846666667,0.04571276033333333,0.41000808333333333,0,Fresh,cross_validation,1.0
beef,MobileNetV3-Small,beef_fold1_test_portion08,5,2,3,0.085645886,0.7983173333333333,0.11603677166666666,1,Sub-fresh,cross_validation,1.0
beef,MobileNetV3-Small,beef_fold1_test_portion08,6,2,3,0.0232536585,0.014480445666666666,0.9622659466666666,2,Spoiled,cross_validation,1.0
beef,MobileNetV3-Small,beef_fold1_test_portion09,0,0,3,0.9705223,0.027359313333333333,0.0021183722,0,Fresh,cross_validation,1.0
beef,MobileNetV3-Small,beef_fold1_test_portion09,1,0,3,0.19652913233333333,0.7719266333333333,0.031544251333333335,1,Sub-fresh,cross_validation,1.0
beef,MobileNetV3-Small,beef_fold1_test_portion09,2,0,3,0.9724691033333333,0.024442181999999996,0.0030887241666666663,0,Fresh,cross_validation,1.0
beef,MobileNetV3-Small,beef_fold1_test_portion09,3,1,3,0.24565828033333334,0.7345916200000001,0.019750072466666668,1,Sub-fresh,cross_validation,1.0
beef,MobileNetV3-Small,beef_fold1_test_portion09,4,2,3,0.14121593943333333,0.016398541266666667,0.8423855566666667,2,Spoiled,cross_validation,1.0
beef,MobileNetV3-Small,beef_fold1_test_portion09,5,2,3,0.016536048,0.3910472166666667,0.59241676,2,Spoiled,cross_validation,1.0
beef,MobileNetV3-Small,beef_fold1_test_portion09,6,2,3,0.011001345166666667,0.009123156866666668,0.9798755033333334,2,Spoiled,cross_validation,1.0
beef,MobileNetV3-Small,beef_fold1_test_portion10,0,0,3,0.9789026499999999,0.019175139433333332,0.0019222464333333335,0,Fresh,cross_validation,1.0
beef,MobileNetV3-Small,beef_fold1_test_portion10,1,0,3,0.15728401068333334,0.8107550133333333,0.0319609873,1,Sub-fresh,cross_validation,1.0
beef,MobileNetV3-Small,beef_fold1_test_portion10,2,0,3,0.9700450866666667,0.018638259666666667,0.011316681333333333,0,Fresh,cross_validation,1.0
beef,MobileNetV3-Small,beef_fold1_test_portion10,3,1,3,0.4017942833333334,0.5642552366666668,0.033950505666666665,1,Sub-fresh,cross_validation,1.0
beef,MobileNetV3-Small,beef_fold1_test_portion10,4,2,3,0.166444175,0.03953127766666666,0.7940245666666667,2,Spoiled,cross_validation,1.0
beef,MobileNetV3-Small,beef_fold1_test_portion10,5,2,3,0.0131394741,0.8801072233333334,0.10675330099999998,1,Sub-fresh,cross_validation,1.0
beef,MobileNetV3-Small,beef_fold1_test_portion10,6,2,3,0.002648514933333333,0.0063414181,0.99101008,2,Spoiled,cross_validation,1.0
beef,MobileNetV3-Small,beef_fold2_test_portion01,0,0,3,0.9705064533333333,0.015923434666666667,0.013570154000000001,0,Fresh,cross_validation,2.0
beef,MobileNetV3-Small,beef_fold2_test_portion01,1,0,3,0.8333221866666666,0.06603356006666666,0.10064422456666666,0,Fresh,cross_validation,2.0
beef,MobileNetV3-Small,beef_fold2_test_portion01,2,0,3,0.73748468,0.04398876866666667,0.2185265776666667,0,Fresh,cross_validation,2.0
beef,MobileNetV3-Small,beef_fold2_test_portion01,3,1,3,0.6034384633333333,0.3952083986666666,0.0013531408233333332,0,Fresh,cross_validation,2.0
beef,MobileNetV3-Small,beef_fold2_test_portion01,4,2,3,0.97138057,0.011902577099999999,0.016716875956666665,0,Fresh,cross_validation,2.0
beef,MobileNetV3-Small,beef_fold2_test_portion01,5,2,3,1.59896471e-05,0.0013458509066666669,0.9986381533333333,2,Spoiled,cross_validation,2.0
beef,MobileNetV3-Small,beef_fold2_test_portion01,6,2,3,5.229088664298364e-07,4.6164502999999995e-06,0.9999949133333333,2,Spoiled,cross_validation,2.0
beef,MobileNetV3-Small,beef_fold2_test_portion02,0,0,3,0.9098210733333333,0.032692547999999995,0.057486410666666675,0,Fresh,cross_validation,2.0
beef,MobileNetV3-Small,beef_fold2_test_portion02,1,0,3,0.9582503633333334,0.019890939066666665,0.02185866726666667,0,Fresh,cross_validation,2.0
beef,MobileNetV3-Small,beef_fold2_test_portion02,2,0,3,0.6320985366666666,0.03663207166666667,0.33126940666666665,0,Fresh,cross_validation,2.0
beef,MobileNetV3-Small,beef_fold2_test_portion02,3,1,3,0.05776631376666667,0.9414934,0.0007402688,1,Sub-fresh,cross_validation,2.0
beef,MobileNetV3-Small,beef_fold2_test_portion02,4,2,3,0.021046864114999998,0.016246234619999998,0.9627068633333332,2,Spoiled,cross_validation,2.0
beef,MobileNetV3-Small,beef_fold2_test_portion02,5,2,3,1.4285636699999999e-05,0.0012434762186666667,0.99874224,2,Spoiled,cross_validation,2.0
beef,MobileNetV3-Small,beef_fold2_test_portion02,6,2,3,5.4126972946666663e-05,0.0007808480505733334,0.99916508,2,Spoiled,cross_validation,2.0
beef,MobileNetV3-Small,beef_fold2_test_portion03,0,0,3,0.9792019733333334,0.01952204856666667,0.0012759235066666667,0,Fresh,cross_validation,2.0
beef,MobileNetV3-Small,beef_fold2_test_portion03,1,0,3,0.98682511,0.010373383833333333,0.0028015056566666665,0,Fresh,cross_validation,2.0
beef,MobileNetV3-Small,beef_fold2_test_portion03,2,0,3,0.169760675,0.019425525433333334,0.8108138166666666,2,Spoiled,cross_validation,2.0
beef,MobileNetV3-Small,beef_fold2_test_portion03,3,1,3,0.0482989382,0.9404034,0.011297644756666668,1,Sub-fresh,cross_validation,2.0
beef,MobileNetV3-Small,beef_fold2_test_portion03,4,2,3,0.8102009899999999,0.041400037333333334,0.14839899499999998,0,Fresh,cross_validation,2.0
beef,MobileNetV3-Small,beef_fold2_test_portion03,5,2,3,0.0005567042349333334,0.015691295066666666,0.983752,2,Spoiled,cross_validation,2.0
beef,MobileNetV3-Small,beef_fold2_test_portion03,6,2,3,3.413033016623457e-05,0.0015402461575233332,0.9984255599999999,2,Spoiled,cross_validation,2.0
beef,MobileNetV3-Small,beef_fold2_test_portion04,0,0,3,0.99315955,0.004004176,0.00283623725,0,Fresh,cross_validation,2.0
beef,MobileNetV3-Small,beef_fold2_test_portion04,1,0,3,0.9826634666666667,0.01640576733333333,0.0009307355833333334,0,Fresh,cross_validation,2.0
beef,MobileNetV3-Small,beef_fold2_test_portion04,2,0,3,0.7940682833333333,0.021933723,0.1839980526666667,0,Fresh,cross_validation,2.0
beef,MobileNetV3-Small,beef_fold2_test_portion04,3,1,3,0.25359488466666663,0.7455712833333333,0.0008338467933333334,1,Sub-fresh,cross_validation,2.0
beef,MobileNetV3-Small,beef_fold2_test_portion04,4,2,3,0.4826336466666667,0.040861052,0.47650528333333336,0,Fresh,cross_validation,2.0
beef,MobileNetV3-Small,beef_fold2_test_portion04,5,2,3,2.99375514e-05,0.031617336041666666,0.9683526933333333,2,Spoiled,cross_validation,2.0
beef,MobileNetV3-Small,beef_fold2_test_portion04,6,2,3,0.0014338716666666667,0.0051524023,0.9934137466666666,2,Spoiled,cross_validation,2.0
beef,MobileNetV3-Small,beef_fold2_test_portion05,0,0,3,0.9874263466666666,0.012307933333333333,0.000265736668,0,Fresh,cross_validation,2.0
beef,MobileNetV3-Small,beef_fold2_test_portion05,1,0,3,0.9228424866666667,0.0349398048,0.042217685000000005,0,Fresh,cross_validation,2.0
beef,MobileNetV3-Small,beef_fold2_test_portion05,2,0,3,0.9937700366666666,0.0036641426,0.002565829433333333,0,Fresh,cross_validation,2.0
beef,MobileNetV3-Small,beef_fold2_test_portion05,3,1,3,0.08762956416666667,0.8934414666666667,0.018928970933333334,1,Sub-fresh,cross_validation,2.0
beef,MobileNetV3-Small,beef_fold2_test_portion05,4,2,3,0.0013378638719999999,0.003522761733333333,0.99513935,2,Spoiled,cross_validation,2.0
beef,MobileNetV3-Small,beef_fold2_test_portion05,5,2,3,0.00024745156695333333,0.008723259918833333,0.9910293166666667,2,Spoiled,cross_validation,2.0
beef,MobileNetV3-Small,beef_fold2_test_portion05,6,2,3,6.6532276350289995e-06,8.679862533333334e-06,0.9999846199999999,2,Spoiled,cross_validation,2.0
beef,MobileNetV3-Small,beef_fold2_test_portion06,0,0,3,0.9859720066666666,0.008358863199999999,0.005669164366666667,0,Fresh,cross_validation,2.0
beef,MobileNetV3-Small,beef_fold2_test_portion06,1,0,3,0.03486413788,0.9640386099999999,0.001097278111,1,Sub-fresh,cross_validation,2.0
beef,MobileNetV3-Small,beef_fold2_test_portion06,2,0,3,0.9127902666666667,0.06419657599999999,0.023013199666666668,0,Fresh,cross_validation,2.0
beef,MobileNetV3-Small,beef_fold2_test_portion06,3,1,3,0.04461504966666666,0.95444837,0.0009365619090000001,1,Sub-fresh,cross_validation,2.0
beef,MobileNetV3-Small,beef_fold2_test_portion06,4,2,3,0.0071142756,0.018813437,0.9740722666666667,2,Spoiled,cross_validation,2.0
beef,MobileNetV3-Small,beef_fold2_test_portion06,5,2,3,8.6276109e-06,0.003395660433333333,0.9965956866666668,2,Spoiled,cross_validation,2.0
beef,MobileNetV3-Small,beef_fold2_test_portion06,6,2,3,1.5369543802520607e-05,4.7395049340000004e-05,0.9999372533333334,2,Spoiled,cross_validation,2.0
beef,MobileNetV3-Small,beef_fold2_test_portion07,0,0,3,0.9899894866666666,0.007857161,0.0021533297466666667,0,Fresh,cross_validation,2.0
beef,MobileNetV3-Small,beef_fold2_test_portion07,1,0,3,0.08083216743333334,0.90315052,0.016017291266666667,1,Sub-fresh,cross_validation,2.0
beef,MobileNetV3-Small,beef_fold2_test_portion07,2,0,3,0.38004841666666667,0.063854098,0.556097484,2,Spoiled,cross_validation,2.0
beef,MobileNetV3-Small,beef_fold2_test_portion07,3,1,3,0.08675811654666667,0.7275412066666668,0.18570070133533334,1,Sub-fresh,cross_validation,2.0
beef,MobileNetV3-Small,beef_fold2_test_portion07,4,2,3,0.007508686906666666,0.025519302033333333,0.9669720533333334,2,Spoiled,cross_validation,2.0
beef,MobileNetV3-Small,beef_fold2_test_portion07,5,2,3,7.67933266e-05,0.0007293508033333333,0.9991938333333333,2,Spoiled,cross_validation,2.0
beef,MobileNetV3-Small,beef_fold2_test_portion07,6,2,3,3.781601406426353e-06,7.672501633333334e-06,0.9999885533333334,2,Spoiled,cross_validation,2.0
beef,MobileNetV3-Small,beef_fold2_test_portion08,0,0,3,0.9898117466666667,0.008206029233333334,0.001982204133333333,0,Fresh,cross_validation,2.0
beef,MobileNetV3-Small,beef_fold2_test_portion08,1,0,3,0.07550307866666667,0.9234203733333333,0.0010765244833333334,1,Sub-fresh,cross_validation,2.0
beef,MobileNetV3-Small,beef_fold2_test_portion08,2,0,3,0.98398522,0.011871325,0.004143484133333333,0,Fresh,cross_validation,2.0
beef,MobileNetV3-Small,beef_fold2_test_portion08,3,1,3,0.07370373347999999,0.92560754,0.0006887173532333332,1,Sub-fresh,cross_validation,2.0
beef,MobileNetV3-Small,beef_fold2_test_portion08,4,2,3,0.2332941641,0.06819904433333333,0.6985067666666667,2,Spoiled,cross_validation,2.0
beef,MobileNetV3-Small,beef_fold2_test_portion08,5,2,3,0.00068918327,0.0250234025,0.9742874499999999,2,Spoiled,cross_validation,2.0
beef,MobileNetV3-Small,beef_fold2_test_portion08,6,2,3,0.00073051059,0.02125074145,0.97801873,2,Spoiled,cross_validation,2.0
beef,MobileNetV3-Small,beef_fold2_test_portion09,0,0,3,0.9828709666666667,0.0111372363,0.005991787393333333,0,Fresh,cross_validation,2.0
beef,MobileNetV3-Small,beef_fold2_test_portion09,1,0,3,0.2679920466666667,0.73135958,0.0006483691033333333,1,Sub-fresh,cross_validation,2.0
beef,MobileNetV3-Small,beef_fold2_test_portion09,2,0,3,0.9928108833333334,0.0040891238,0.0031000219433333334,0,Fresh,cross_validation,2.0
beef,MobileNetV3-Small,beef_fold2_test_portion09,3,1,3,0.042725115333333334,0.9093008133333332,0.04797406283333333,1,Sub-fresh,cross_validation,2.0
beef,MobileNetV3-Small,beef_fold2_test_portion09,4,2,3,0.013533013637999998,0.009299959233333334,0.9771669666666667,2,Spoiled,cross_validation,2.0
beef,MobileNetV3-Small,beef_fold2_test_portion09,5,2,3,0.0009073457058,0.0069358863533333336,0.9921567333333333,2,Spoiled,cross_validation,2.0
beef,MobileNetV3-Small,beef_fold2_test_portion09,6,2,3,0.00036280751266666664,0.008863558523333334,0.9907736233333333,2,Spoiled,cross_validation,2.0
beef,MobileNetV3-Small,beef_fold2_test_portion10,0,0,3,0.9929729100000001,0.006280327333333333,0.0007468025333333333,0,Fresh,cross_validation,2.0
beef,MobileNetV3-Small,beef_fold2_test_portion10,1,0,3,0.018419585666666665,0.9792851933333333,0.0022952474579999997,1,Sub-fresh,cross_validation,2.0
beef,MobileNetV3-Small,beef_fold2_test_portion10,2,0,3,0.9618477333333333,0.026122069666666668,0.012030206333333335,0,Fresh,cross_validation,2.0
beef,MobileNetV3-Small,beef_fold2_test_portion10,3,1,3,0.0012363828666666667,0.9868689166666668,0.011894718333333332,1,Sub-fresh,cross_validation,2.0
beef,MobileNetV3-Small,beef_fold2_test_portion10,4,2,3,2.6947988578333338e-05,0.0011293664466666667,0.99884365,2,Spoiled,cross_validation,2.0
beef,MobileNetV3-Small,beef_fold2_test_portion10,5,2,3,0.00016680161423333334,0.013790541373333333,0.9860426466666666,2,Spoiled,cross_validation,2.0
beef,MobileNetV3-Small,beef_fold2_test_portion10,6,2,3,9.728203595185933e-14,3.5138237820000207e-07,0.9999996333333333,2,Spoiled,cross_validation,2.0
beef,MobileNetV3-Small,beef_fold3_test_portion01,0,0,3,0.7489317566666666,0.15962803233333334,0.09144018466666666,0,Fresh,cross_validation,3.0
beef,MobileNetV3-Small,beef_fold3_test_portion01,1,0,3,0.6914342733333333,0.056767682333333326,0.2517980983333334,0,Fresh,cross_validation,3.0
beef,MobileNetV3-Small,beef_fold3_test_portion01,2,0,3,0.8222722833333332,0.07375349733333333,0.103974149,0,Fresh,cross_validation,3.0
beef,MobileNetV3-Small,beef_fold3_test_portion01,3,1,3,0.61690661,0.23896353333333334,0.14412986133333336,0,Fresh,cross_validation,3.0
beef,MobileNetV3-Small,beef_fold3_test_portion01,4,2,3,0.6549958033333333,0.10948567033333334,0.23551853,0,Fresh,cross_validation,3.0
beef,MobileNetV3-Small,beef_fold3_test_portion01,5,2,3,0.005624900833333334,0.04571381856666667,0.9486612499999999,2,Spoiled,cross_validation,3.0
beef,MobileNetV3-Small,beef_fold3_test_portion01,6,2,3,0.02060899557379633,0.030731056041333332,0.9486599633333332,2,Spoiled,cross_validation,3.0
beef,MobileNetV3-Small,beef_fold3_test_portion02,0,0,3,0.7668244533333333,0.060938822000000004,0.17223673399999997,0,Fresh,cross_validation,3.0
beef,MobileNetV3-Small,beef_fold3_test_portion02,1,0,3,0.20751785966666667,0.16185061833333333,0.6306315266666667,2,Spoiled,cross_validation,3.0
beef,MobileNetV3-Small,beef_fold3_test_portion02,2,0,3,0.78079496,0.060995502,0.15820954366666665,0,Fresh,cross_validation,3.0
beef,MobileNetV3-Small,beef_fold3_test_portion02,3,1,3,0.03142512733333333,0.9203320766666666,0.048242806,1,Sub-fresh,cross_validation,3.0
beef,MobileNetV3-Small,beef_fold3_test_portion02,4,2,3,0.043867805333333336,0.06194052433333334,0.8941916666666666,2,Spoiled,cross_validation,3.0
beef,MobileNetV3-Small,beef_fold3_test_portion02,5,2,3,0.006808578306581013,0.0034783836276666667,0.9897130166666667,2,Spoiled,cross_validation,3.0
beef,MobileNetV3-Small,beef_fold3_test_portion02,6,2,3,2.0137759999999998e-19,4.31348e-09,1.0,2,Spoiled,cross_validation,3.0
beef,MobileNetV3-Small,beef_fold3_test_portion03,0,0,3,0.9610479133333333,0.024909046333333334,0.014043022133333334,0,Fresh,cross_validation,3.0
beef,MobileNetV3-Small,beef_fold3_test_portion03,1,0,3,0.9724249500000001,0.020458344666666666,0.007116672066666666,0,Fresh,cross_validation,3.0
beef,MobileNetV3-Small,beef_fold3_test_portion03,2,0,3,0.9771191,0.018875964666666665,0.004004948633333333,0,Fresh,cross_validation,3.0
beef,MobileNetV3-Small,beef_fold3_test_portion03,3,1,3,0.070167728,0.8203859233333333,0.10944637586666667,1,Sub-fresh,cross_validation,3.0
beef,MobileNetV3-Small,beef_fold3_test_portion03,4,2,3,0.5035683266666666,0.07367815,0.42275353000000004,0,Fresh,cross_validation,3.0
beef,MobileNetV3-Small,beef_fold3_test_portion03,5,2,3,0.030475809014666667,0.039985316,0.9295388866666666,2,Spoiled,cross_validation,3.0
beef,MobileNetV3-Small,beef_fold3_test_portion03,6,2,3,0.015252823873513332,0.009565001216260064,0.9751821666666668,2,Spoiled,cross_validation,3.0
beef,MobileNetV3-Small,beef_fold3_test_portion04,0,0,3,0.90625802,0.06394266,0.029799294333333337,0,Fresh,cross_validation,3.0
beef,MobileNetV3-Small,beef_fold3_test_portion04,1,0,3,0.95959408,0.03518578533333334,0.005220128,0,Fresh,cross_validation,3.0
beef,MobileNetV3-Small,beef_fold3_test_portion04,2,0,3,0.9642596499999999,0.02465528666666667,0.011085116433333334,0,Fresh,cross_validation,3.0
beef,MobileNetV3-Small,beef_fold3_test_portion04,3,1,3,0.26129832399999997,0.6642939600000001,0.074407714,1,Sub-fresh,cross_validation,3.0
beef,MobileNetV3-Small,beef_fold3_test_portion04,4,2,3,0.7631261,0.055463127,0.18141075799999998,0,Fresh,cross_validation,3.0
beef,MobileNetV3-Small,beef_fold3_test_portion04,5,2,3,0.006648627066666667,0.019293829000000002,0.9740576033333334,2,Spoiled,cross_validation,3.0
beef,MobileNetV3-Small,beef_fold3_test_portion04,6,2,3,0.0024207806666666667,0.013824152341457613,0.9837551000000001,2,Spoiled,cross_validation,3.0
beef,MobileNetV3-Small,beef_fold3_test_portion05,0,0,3,0.9333483333333333,0.05312973199999999,0.013521911166666666,0,Fresh,cross_validation,3.0
beef,MobileNetV3-Small,beef_fold3_test_portion05,1,0,3,0.9670805366666667,0.022414793000000002,0.010504704566666667,0,Fresh,cross_validation,3.0
beef,MobileNetV3-Small,beef_fold3_test_portion05,2,0,3,0.7084369233333333,0.10324649699999999,0.18831657000000002,0,Fresh,cross_validation,3.0
beef,MobileNetV3-Small,beef_fold3_test_portion05,3,1,3,0.3239359533333333,0.5149640333333333,0.16110004733333333,1,Sub-fresh,cross_validation,3.0
beef,MobileNetV3-Small,beef_fold3_test_portion05,4,2,3,0.18092563366666667,0.06765051,0.7514238733333333,2,Spoiled,cross_validation,3.0
beef,MobileNetV3-Small,beef_fold3_test_portion05,5,2,3,0.0036086366999999995,0.009477635766666668,0.98691371,2,Spoiled,cross_validation,3.0
beef,MobileNetV3-Small,beef_fold3_test_portion05,6,2,3,5.62137400001914e-21,1.0521980221682132e-12,1.0,2,Spoiled,cross_validation,3.0
beef,MobileNetV3-Small,beef_fold3_test_portion06,0,0,3,0.9657181133333334,0.025470606999999996,0.008811269933333333,0,Fresh,cross_validation,3.0
beef,MobileNetV3-Small,beef_fold3_test_portion06,1,0,3,0.35698347833333327,0.5728022566666667,0.07021428566666667,1,Sub-fresh,cross_validation,3.0
beef,MobileNetV3-Small,beef_fold3_test_portion06,2,0,3,0.9427240100000001,0.030436964333333334,0.026838974,0,Fresh,cross_validation,3.0
beef,MobileNetV3-Small,beef_fold3_test_portion06,3,1,3,0.09518380113333334,0.5588513033333333,0.34596489466666663,1,Sub-fresh,cross_validation,3.0
beef,MobileNetV3-Small,beef_fold3_test_portion06,4,2,3,0.058836545999999997,0.15576331666666668,0.7854000766666666,2,Spoiled,cross_validation,3.0
beef,MobileNetV3-Small,beef_fold3_test_portion06,5,2,3,0.0024529369666666666,0.022026467666666664,0.9755205633333333,2,Spoiled,cross_validation,3.0
beef,MobileNetV3-Small,beef_fold3_test_portion06,6,2,3,4.28305166666668e-05,0.0005194237948995,0.9994377333333334,2,Spoiled,cross_validation,3.0
beef,MobileNetV3-Small,beef_fold3_test_portion07,0,0,3,0.9723532,0.02401551533333333,0.0036313207666666667,0,Fresh,cross_validation,3.0
beef,MobileNetV3-Small,beef_fold3_test_portion07,1,0,3,0.21788651299999998,0.77421032,0.007903133166666666,1,Sub-fresh,cross_validation,3.0
beef,MobileNetV3-Small,beef_fold3_test_portion07,2,0,3,0.8958478666666666,0.09115224100000001,0.012999952666666667,0,Fresh,cross_validation,3.0
beef,MobileNetV3-Small,beef_fold3_test_portion07,3,1,3,0.12415277933333334,0.8701124866666667,0.005734722899999999,1,Sub-fresh,cross_validation,3.0
beef,MobileNetV3-Small,beef_fold3_test_portion07,4,2,3,0.44910865000000005,0.13104315,0.41984819,0,Fresh,cross_validation,3.0
beef,MobileNetV3-Small,beef_fold3_test_portion07,5,2,3,0.0014451298666666665,0.022259355666666664,0.9762954833333334,2,Spoiled,cross_validation,3.0
beef,MobileNetV3-Small,beef_fold3_test_portion07,6,2,3,0.018142408303333333,0.055176411333333335,0.9266812166666667,2,Spoiled,cross_validation,3.0
beef,MobileNetV3-Small,beef_fold3_test_portion08,0,0,3,0.9395595,0.036292440499999995,0.024148103633333334,0,Fresh,cross_validation,3.0
beef,MobileNetV3-Small,beef_fold3_test_portion08,1,0,3,0.15856885976666665,0.8344431066666665,0.006988044333333333,1,Sub-fresh,cross_validation,3.0
beef,MobileNetV3-Small,beef_fold3_test_portion08,2,0,3,0.9557767333333334,0.042976272,0.0012469848466666667,0,Fresh,cross_validation,3.0
beef,MobileNetV3-Small,beef_fold3_test_portion08,3,1,3,0.22285953666666666,0.7642923733333333,0.0128480802,1,Sub-fresh,cross_validation,3.0
beef,MobileNetV3-Small,beef_fold3_test_portion08,4,2,3,0.7550719666666666,0.07367453,0.171253489,0,Fresh,cross_validation,3.0
beef,MobileNetV3-Small,beef_fold3_test_portion08,5,2,3,0.2518480716666667,0.2140646466666667,0.5340872600000001,2,Spoiled,cross_validation,3.0
beef,MobileNetV3-Small,beef_fold3_test_portion08,6,2,3,0.035085316899999996,0.081678351,0.8832363533333334,2,Spoiled,cross_validation,3.0
beef,MobileNetV3-Small,beef_fold3_test_portion09,0,0,3,0.9743395,0.02199830833333333,0.0036621835666666666,0,Fresh,cross_validation,3.0
beef,MobileNetV3-Small,beef_fold3_test_portion09,1,0,3,0.06525726476333334,0.91662991,0.018112832333333332,1,Sub-fresh,cross_validation,3.0
beef,MobileNetV3-Small,beef_fold3_test_portion09,2,0,3,0.8132834333333333,0.06112294333333334,0.12559362566666668,0,Fresh,cross_validation,3.0
beef,MobileNetV3-Small,beef_fold3_test_portion09,3,1,3,0.09305145512,0.8844040466666666,0.022544521166666668,1,Sub-fresh,cross_validation,3.0
beef,MobileNetV3-Small,beef_fold3_test_portion09,4,2,3,0.134511352,0.17031437000000002,0.6951742666666667,2,Spoiled,cross_validation,3.0
beef,MobileNetV3-Small,beef_fold3_test_portion09,5,2,3,0.0018749494900000003,0.006926762699999999,0.9911983200000001,2,Spoiled,cross_validation,3.0
beef,MobileNetV3-Small,beef_fold3_test_portion09,6,2,3,0.03440477333333333,0.046461022666666664,0.9191341533333333,2,Spoiled,cross_validation,3.0
beef,MobileNetV3-Small,beef_fold3_test_portion10,0,0,3,0.9800093766666667,0.01807532066666667,0.0019152684333333333,0,Fresh,cross_validation,3.0
beef,MobileNetV3-Small,beef_fold3_test_portion10,1,0,3,0.19552980683333332,0.78825928,0.016210924333333335,1,Sub-fresh,cross_validation,3.0
beef,MobileNetV3-Small,beef_fold3_test_portion10,2,0,3,0.8301757966666666,0.09322328533333334,0.07660088766666666,0,Fresh,cross_validation,3.0
beef,MobileNetV3-Small,beef_fold3_test_portion10,3,1,3,0.14846536836666666,0.8460248,0.005509838823333334,1,Sub-fresh,cross_validation,3.0
beef,MobileNetV3-Small,beef_fold3_test_portion10,4,2,3,0.28816565666666666,0.18302654666666665,0.52880782,2,Spoiled,cross_validation,3.0
beef,MobileNetV3-Small,beef_fold3_test_portion10,5,2,3,0.07177726166666666,0.26179161533333334,0.6664310766666667,2,Spoiled,cross_validation,3.0
beef,MobileNetV3-Small,beef_fold3_test_portion10,6,2,3,0.006396779333333334,0.013411339333333697,0.9801918666666666,2,Spoiled,cross_validation,3.0
beef,MobileNetV3-Small,beef_fold4_test_portion01,0,0,3,0.8001098033333333,0.027805555466666663,0.17208464049999997,0,Fresh,cross_validation,4.0
beef,MobileNetV3-Small,beef_fold4_test_portion01,1,0,3,0.97278483,0.0076561097,0.019559024666666664,0,Fresh,cross_validation,4.0
beef,MobileNetV3-Small,beef_fold4_test_portion01,2,0,3,0.9380272833333333,0.030848873866666664,0.031123741233333335,0,Fresh,cross_validation,4.0
beef,MobileNetV3-Small,beef_fold4_test_portion01,3,1,3,0.03993215516666667,0.9299749833333334,0.030092875366666664,1,Sub-fresh,cross_validation,4.0
beef,MobileNetV3-Small,beef_fold4_test_portion01,4,2,3,0.43374444333333334,0.03416501546666667,0.5320905223333333,2,Spoiled,cross_validation,4.0
beef,MobileNetV3-Small,beef_fold4_test_portion01,5,2,3,0.08416836998333332,0.00027191260666666663,0.9155597533333334,2,Spoiled,cross_validation,4.0
beef,MobileNetV3-Small,beef_fold4_test_portion01,6,2,3,0.00265511870995,7.134472466666667e-05,0.9972735433333333,2,Spoiled,cross_validation,4.0
beef,MobileNetV3-Small,beef_fold4_test_portion02,0,0,3,0.9588044333333333,0.04075386366666667,0.00044172869333333336,0,Fresh,cross_validation,4.0
beef,MobileNetV3-Small,beef_fold4_test_portion02,1,0,3,0.9847887666666667,0.011224387333333334,0.0039868656,0,Fresh,cross_validation,4.0
beef,MobileNetV3-Small,beef_fold4_test_portion02,2,0,3,0.8544457266666666,0.13862396166666666,0.006930293166666667,0,Fresh,cross_validation,4.0
beef,MobileNetV3-Small,beef_fold4_test_portion02,3,1,3,0.27776675533333334,0.7075898666666666,0.01464340156,1,Sub-fresh,cross_validation,4.0
beef,MobileNetV3-Small,beef_fold4_test_portion02,4,2,3,0.7893309,0.189581619,0.021087480566666667,0,Fresh,cross_validation,4.0
beef,MobileNetV3-Small,beef_fold4_test_portion02,5,2,3,0.0018212029571999999,1.8005759566666665e-05,0.9981608133333334,2,Spoiled,cross_validation,4.0
beef,MobileNetV3-Small,beef_fold4_test_portion02,6,2,3,0.0054903906,0.00097753805,0.9935320466666667,2,Spoiled,cross_validation,4.0
beef,MobileNetV3-Small,beef_fold4_test_portion03,0,0,3,0.9898204533333333,0.0086145954,0.0015649639333333333,0,Fresh,cross_validation,4.0
beef,MobileNetV3-Small,beef_fold4_test_portion03,1,0,3,0.9910070000000001,0.008525521233333333,0.00046746795,0,Fresh,cross_validation,4.0
beef,MobileNetV3-Small,beef_fold4_test_portion03,2,0,3,0.9504785133333332,0.04202469066666667,0.0074968230200000005,0,Fresh,cross_validation,4.0
beef,MobileNetV3-Small,beef_fold4_test_portion03,3,1,3,0.11120948866666668,0.8867351499999999,0.002055380166666667,1,Sub-fresh,cross_validation,4.0
beef,MobileNetV3-Small,beef_fold4_test_portion03,4,2,3,0.9553438766666668,0.020990597666666666,0.023665513,0,Fresh,cross_validation,4.0
beef,MobileNetV3-Small,beef_fold4_test_portion03,5,2,3,3.8030240666666667e-06,4.947376924666667e-07,0.9999957333333334,2,Spoiled,cross_validation,4.0
beef,MobileNetV3-Small,beef_fold4_test_portion03,6,2,3,0.00023689354536666669,2.0019611e-05,0.9997430766666667,2,Spoiled,cross_validation,4.0
beef,MobileNetV3-Small,beef_fold4_test_portion04,0,0,3,0.9933796033333334,0.0065333356,8.7058165e-05,0,Fresh,cross_validation,4.0
beef,MobileNetV3-Small,beef_fold4_test_portion04,1,0,3,0.57129359,0.21632008,0.21238631100000002,0,Fresh,cross_validation,4.0
beef,MobileNetV3-Small,beef_fold4_test_portion04,2,0,3,0.8451316266666667,0.12383268233333332,0.031035681,0,Fresh,cross_validation,4.0
beef,MobileNetV3-Small,beef_fold4_test_portion04,3,1,3,0.03311324016,0.9571634433333333,0.009723347666666667,1,Sub-fresh,cross_validation,4.0
beef,MobileNetV3-Small,beef_fold4_test_portion04,4,2,3,0.7462506966666668,0.08710846966666667,0.16664081,0,Fresh,cross_validation,4.0
beef,MobileNetV3-Small,beef_fold4_test_portion04,5,2,3,5.0939219066666664e-05,4.2125538479000004e-05,0.9999069566666666,2,Spoiled,cross_validation,4.0
beef,MobileNetV3-Small,beef_fold4_test_portion04,6,2,3,4.5960336941333335e-05,4.5113312666666666e-05,0.9999088899999999,2,Spoiled,cross_validation,4.0
beef,MobileNetV3-Small,beef_fold4_test_portion05,0,0,3,0.9902775333333333,0.0095492733,0.00017319360333333333,0,Fresh,cross_validation,4.0
beef,MobileNetV3-Small,beef_fold4_test_portion05,1,0,3,0.8008091133333334,0.06762458033333334,0.1315662836333333,0,Fresh,cross_validation,4.0
beef,MobileNetV3-Small,beef_fold4_test_portion05,2,0,3,0.6925688466666666,0.014976042,0.292455092,0,Fresh,cross_validation,4.0
beef,MobileNetV3-Small,beef_fold4_test_portion05,3,1,3,0.12862877333333333,0.8552857,0.0160855019,1,Sub-fresh,cross_validation,4.0
beef,MobileNetV3-Small,beef_fold4_test_portion05,4,2,3,0.6782429366666666,0.037311690333333335,0.2844453196666667,0,Fresh,cross_validation,4.0
beef,MobileNetV3-Small,beef_fold4_test_portion05,5,2,3,0.1902891611666667,0.0198849928,0.7898258233333334,2,Spoiled,cross_validation,4.0
beef,MobileNetV3-Small,beef_fold4_test_portion05,6,2,3,5.953803611333334e-05,0.0034572463533333333,0.9964832166666667,2,Spoiled,cross_validation,4.0
beef,MobileNetV3-Small,beef_fold4_test_portion06,0,0,3,0.9608495033333333,0.03757478633333333,0.0015756776666666667,0,Fresh,cross_validation,4.0
beef,MobileNetV3-Small,beef_fold4_test_portion06,1,0,3,0.07010697833333333,0.8710438033333334,0.058849219333333334,1,Sub-fresh,cross_validation,4.0
beef,MobileNetV3-Small,beef_fold4_test_portion06,2,0,3,0.9144117533333334,0.08006665833333333,0.005521630600000001,0,Fresh,cross_validation,4.0
beef,MobileNetV3-Small,beef_fold4_test_portion06,3,1,3,0.10163361516666668,0.8545499,0.04381648320666667,1,Sub-fresh,cross_validation,4.0
beef,MobileNetV3-Small,beef_fold4_test_portion06,4,2,3,0.34111484500000006,0.011104600333333334,0.64778059,2,Spoiled,cross_validation,4.0
beef,MobileNetV3-Small,beef_fold4_test_portion06,5,2,3,0.0024931795333333335,0.0007740793,0.99673275,2,Spoiled,cross_validation,4.0
beef,MobileNetV3-Small,beef_fold4_test_portion06,6,2,3,0.00010949040333333334,0.00014209972110000002,0.9997484033333333,2,Spoiled,cross_validation,4.0
beef,MobileNetV3-Small,beef_fold4_test_portion07,0,0,3,0.9578608466666667,0.041778492,0.0003607210333333333,0,Fresh,cross_validation,4.0
beef,MobileNetV3-Small,beef_fold4_test_portion07,1,0,3,0.39204762000000004,0.6036108533333333,0.0043415683,1,Sub-fresh,cross_validation,4.0
beef,MobileNetV3-Small,beef_fold4_test_portion07,2,0,3,0.9906475800000001,0.007110905000000001,0.0022415508499999998,0,Fresh,cross_validation,4.0
beef,MobileNetV3-Small,beef_fold4_test_portion07,3,1,3,0.114572832,0.8776446999999999,0.007782433966666666,1,Sub-fresh,cross_validation,4.0
beef,MobileNetV3-Small,beef_fold4_test_portion07,4,2,3,0.004974787603333333,0.002535438731,0.99248982,2,Spoiled,cross_validation,4.0
beef,MobileNetV3-Small,beef_fold4_test_portion07,5,2,3,0.003933030235,0.0018828502133333336,0.9941841299999999,2,Spoiled,cross_validation,4.0
beef,MobileNetV3-Small,beef_fold4_test_portion07,6,2,3,0.0009789949611376668,0.0003861204071,0.99863493,2,Spoiled,cross_validation,4.0
beef,MobileNetV3-Small,beef_fold4_test_portion08,0,0,3,0.9927917033333333,0.0067534936,0.0004548510766666667,0,Fresh,cross_validation,4.0
beef,MobileNetV3-Small,beef_fold4_test_portion08,1,0,3,0.11710767666666666,0.5714530400000001,0.3114393033333333,1,Sub-fresh,cross_validation,4.0
beef,MobileNetV3-Small,beef_fold4_test_portion08,2,0,3,0.9829422333333334,0.014863154666666668,0.0021946444666666666,0,Fresh,cross_validation,4.0
beef,MobileNetV3-Small,beef_fold4_test_portion08,3,1,3,0.06305329166666666,0.91548623,0.02146046533333333,1,Sub-fresh,cross_validation,4.0
beef,MobileNetV3-Small,beef_fold4_test_portion08,4,2,3,0.1019388545,0.08497497333333333,0.8130861899999999,2,Spoiled,cross_validation,4.0
beef,MobileNetV3-Small,beef_fold4_test_portion08,5,2,3,0.0017354135133333332,0.001104876548,0.99715972,2,Spoiled,cross_validation,4.0
beef,MobileNetV3-Small,beef_fold4_test_portion08,6,2,3,0.017270710057666668,0.0005625350491666667,0.98216671,2,Spoiled,cross_validation,4.0
beef,MobileNetV3-Small,beef_fold4_test_portion09,0,0,3,0.9791563333333334,0.02022944466666667,0.0006142051533333334,0,Fresh,cross_validation,4.0
beef,MobileNetV3-Small,beef_fold4_test_portion09,1,0,3,0.13852609666666665,0.8585151,0.002958823313333334,1,Sub-fresh,cross_validation,4.0
beef,MobileNetV3-Small,beef_fold4_test_portion09,2,0,3,0.98030867,0.018374768666666666,0.0013165366166666666,0,Fresh,cross_validation,4.0
beef,MobileNetV3-Small,beef_fold4_test_portion09,3,1,3,0.22707312,0.7711322733333333,0.0017946192566666668,1,Sub-fresh,cross_validation,4.0
beef,MobileNetV3-Small,beef_fold4_test_portion09,4,2,3,0.059367354000000004,0.09279649000000001,0.8478361566666667,2,Spoiled,cross_validation,4.0
beef,MobileNetV3-Small,beef_fold4_test_portion09,5,2,3,0.35339883143333334,0.5443048766666666,0.10229627000000001,1,Sub-fresh,cross_validation,4.0
beef,MobileNetV3-Small,beef_fold4_test_portion09,6,2,3,0.0008873977799999999,0.004507589066666666,0.9946049833333334,2,Spoiled,cross_validation,4.0
beef,MobileNetV3-Small,beef_fold4_test_portion10,0,0,3,0.9793855133333333,0.0204542451,0.00016022363666666668,0,Fresh,cross_validation,4.0
beef,MobileNetV3-Small,beef_fold4_test_portion10,1,0,3,0.343412815,0.40616494666666664,0.25042224,1,Sub-fresh,cross_validation,4.0
beef,MobileNetV3-Small,beef_fold4_test_portion10,2,0,3,0.9229189333333334,0.029043853999999997,0.04803721276666666,0,Fresh,cross_validation,4.0
beef,MobileNetV3-Small,beef_fold4_test_portion10,3,1,3,0.5428862933333333,0.4292384966666667,0.027875202666666668,0,Fresh,cross_validation,4.0
beef,MobileNetV3-Small,beef_fold4_test_portion10,4,2,3,0.28060387533333336,0.042836114333333335,0.67656002,2,Spoiled,cross_validation,4.0
beef,MobileNetV3-Small,beef_fold4_test_portion10,5,2,3,0.024446913730000002,0.0017937254966666667,0.9737593833333333,2,Spoiled,cross_validation,4.0
beef,MobileNetV3-Small,beef_fold4_test_portion10,6,2,3,0.00038866812133333335,2.924926696666667e-06,0.9996084433333333,2,Spoiled,cross_validation,4.0
beef,ShuffleNetV2-0.5x,beef_fold1_test_portion01,0,0,3,0.92926308,0.063227263,0.007509670366666666,0,Fresh,cross_validation,1.0
beef,ShuffleNetV2-0.5x,beef_fold1_test_portion01,1,0,3,0.7949177000000001,0.06859079266666666,0.13649147,0,Fresh,cross_validation,1.0
beef,ShuffleNetV2-0.5x,beef_fold1_test_portion01,2,0,3,0.6695072533333333,0.24732894466666666,0.08316382600000001,0,Fresh,cross_validation,1.0
beef,ShuffleNetV2-0.5x,beef_fold1_test_portion01,3,1,3,0.011464133950000002,0.9880630199999999,0.00047280099,1,Sub-fresh,cross_validation,1.0
beef,ShuffleNetV2-0.5x,beef_fold1_test_portion01,4,2,3,0.005246918566666667,0.05388653213333333,0.9408665833333334,2,Spoiled,cross_validation,1.0
beef,ShuffleNetV2-0.5x,beef_fold1_test_portion01,5,2,3,0.0005266121,0.005081289033333334,0.9943920766666666,2,Spoiled,cross_validation,1.0
beef,ShuffleNetV2-0.5x,beef_fold1_test_portion01,6,2,3,0.53603575,0.07550007900000001,0.38846416999999994,0,Fresh,cross_validation,1.0
beef,ShuffleNetV2-0.5x,beef_fold1_test_portion02,0,0,3,0.9226362766666667,0.06903309466666667,0.008330642433333334,0,Fresh,cross_validation,1.0
beef,ShuffleNetV2-0.5x,beef_fold1_test_portion02,1,0,3,0.91942519,0.02445460166666667,0.05612024233333333,0,Fresh,cross_validation,1.0
beef,ShuffleNetV2-0.5x,beef_fold1_test_portion02,2,0,3,0.6073307333333333,0.2599791596666667,0.13269013666666665,0,Fresh,cross_validation,1.0
beef,ShuffleNetV2-0.5x,beef_fold1_test_portion02,3,1,3,0.21073453286666666,0.6542544933333333,0.135010967,1,Sub-fresh,cross_validation,1.0
beef,ShuffleNetV2-0.5x,beef_fold1_test_portion02,4,2,3,0.22473720666666666,0.05651221533333334,0.7187505633333333,2,Spoiled,cross_validation,1.0
beef,ShuffleNetV2-0.5x,beef_fold1_test_portion02,5,2,3,0.0014787893966666668,0.008726050533333333,0.9897952,2,Spoiled,cross_validation,1.0
beef,ShuffleNetV2-0.5x,beef_fold1_test_portion02,6,2,3,0.0008406294333333334,0.010459907933333332,0.9886994333333333,2,Spoiled,cross_validation,1.0
beef,ShuffleNetV2-0.5x,beef_fold1_test_portion03,0,0,3,0.9219057199999999,0.07171936966666666,0.0063749005,0,Fresh,cross_validation,1.0
beef,ShuffleNetV2-0.5x,beef_fold1_test_portion03,1,0,3,0.9177678666666665,0.06321217833333333,0.0190199841,0,Fresh,cross_validation,1.0
beef,ShuffleNetV2-0.5x,beef_fold1_test_portion03,2,0,3,0.8209244333333334,0.12633434566666665,0.052741244666666666,0,Fresh,cross_validation,1.0
beef,ShuffleNetV2-0.5x,beef_fold1_test_portion03,3,1,3,0.08698815166666667,0.8836979866666667,0.029313873,1,Sub-fresh,cross_validation,1.0
beef,ShuffleNetV2-0.5x,beef_fold1_test_portion03,4,2,3,0.4720187433333333,0.04934019966666667,0.47864105333333334,2,Spoiled,cross_validation,1.0
beef,ShuffleNetV2-0.5x,beef_fold1_test_portion03,5,2,3,0.0231941546,0.06971147033333333,0.9070943333333333,2,Spoiled,cross_validation,1.0
beef,ShuffleNetV2-0.5x,beef_fold1_test_portion03,6,2,3,0.0017644581016666664,0.006030669133333333,0.9922048366666667,2,Spoiled,cross_validation,1.0
beef,ShuffleNetV2-0.5x,beef_fold1_test_portion04,0,0,3,0.9774430666666666,0.020337417333333333,0.0022194834666666666,0,Fresh,cross_validation,1.0
beef,ShuffleNetV2-0.5x,beef_fold1_test_portion04,1,0,3,0.87623963,0.051026239333333334,0.07273409793333334,0,Fresh,cross_validation,1.0
beef,ShuffleNetV2-0.5x,beef_fold1_test_portion04,2,0,3,0.5427489633333333,0.09747628333333334,0.359774746,0,Fresh,cross_validation,1.0
beef,ShuffleNetV2-0.5x,beef_fold1_test_portion04,3,1,3,0.11785562743333333,0.7021435333333333,0.18000089213333334,1,Sub-fresh,cross_validation,1.0
beef,ShuffleNetV2-0.5x,beef_fold1_test_portion04,4,2,3,0.12988901533333333,0.028480454,0.8416305466666666,2,Spoiled,cross_validation,1.0
beef,ShuffleNetV2-0.5x,beef_fold1_test_portion04,5,2,3,0.00022007567390000004,0.16899786093333333,0.8307820533333333,2,Spoiled,cross_validation,1.0
beef,ShuffleNetV2-0.5x,beef_fold1_test_portion04,6,2,3,0.00013986918166666667,0.0068159835333333335,0.9930441333333334,2,Spoiled,cross_validation,1.0
beef,ShuffleNetV2-0.5x,beef_fold1_test_portion05,0,0,3,0.9684260366666667,0.029964269333333335,0.0016096558666666664,0,Fresh,cross_validation,1.0
beef,ShuffleNetV2-0.5x,beef_fold1_test_portion05,1,0,3,0.9642812366666668,0.02627574153333333,0.009443028533333333,0,Fresh,cross_validation,1.0
beef,ShuffleNetV2-0.5x,beef_fold1_test_portion05,2,0,3,0.8918399333333333,0.053219085,0.054940981666666666,0,Fresh,cross_validation,1.0
beef,ShuffleNetV2-0.5x,beef_fold1_test_portion05,3,1,3,0.291823675,0.6159958666666667,0.09218041333333334,1,Sub-fresh,cross_validation,1.0
beef,ShuffleNetV2-0.5x,beef_fold1_test_portion05,4,2,3,0.28998534583333335,0.021745961999999997,0.6882686433333335,2,Spoiled,cross_validation,1.0
beef,ShuffleNetV2-0.5x,beef_fold1_test_portion05,5,2,3,0.0014416739466666668,0.0122222246,0.9863360666666666,2,Spoiled,cross_validation,1.0
beef,ShuffleNetV2-0.5x,beef_fold1_test_portion05,6,2,3,0.0056546136666666665,0.0099148195,0.9844305566666667,2,Spoiled,cross_validation,1.0
beef,ShuffleNetV2-0.5x,beef_fold1_test_portion06,0,0,3,0.91889831,0.051180307333333334,0.029921377133333333,0,Fresh,cross_validation,1.0
beef,ShuffleNetV2-0.5x,beef_fold1_test_portion06,1,0,3,0.7950214433333334,0.036514457,0.168464078,0,Fresh,cross_validation,1.0
beef,ShuffleNetV2-0.5x,beef_fold1_test_portion06,2,0,3,0.8489517633333333,0.07045570833333334,0.080592505,0,Fresh,cross_validation,1.0
beef,ShuffleNetV2-0.5x,beef_fold1_test_portion06,3,1,3,0.044950285554333336,0.9438255466666666,0.01122419029,1,Sub-fresh,cross_validation,1.0
beef,ShuffleNetV2-0.5x,beef_fold1_test_portion06,4,2,3,0.27106118833333337,0.029532277333333332,0.69940652,2,Spoiled,cross_validation,1.0
beef,ShuffleNetV2-0.5x,beef_fold1_test_portion06,5,2,3,0.008227285966666666,0.13699028100000002,0.8547824233333333,2,Spoiled,cross_validation,1.0
beef,ShuffleNetV2-0.5x,beef_fold1_test_portion06,6,2,3,0.0007627144499999999,0.011636465,0.9876008333333334,2,Spoiled,cross_validation,1.0
beef,ShuffleNetV2-0.5x,beef_fold1_test_portion07,0,0,3,0.9695302899999999,0.028733556333333337,0.0017361565,0,Fresh,cross_validation,1.0
beef,ShuffleNetV2-0.5x,beef_fold1_test_portion07,1,0,3,0.14178595183333334,0.85497532,0.003238717835,1,Sub-fresh,cross_validation,1.0
beef,ShuffleNetV2-0.5x,beef_fold1_test_portion07,2,0,3,0.9151881666666667,0.06447861333333334,0.020333225766666668,0,Fresh,cross_validation,1.0
beef,ShuffleNetV2-0.5x,beef_fold1_test_portion07,3,1,3,0.011998270401666665,0.9811921833333334,0.006809559659999999,1,Sub-fresh,cross_validation,1.0
beef,ShuffleNetV2-0.5x,beef_fold1_test_portion07,4,2,3,0.05990791666666667,0.023804551999999996,0.9162874599999999,2,Spoiled,cross_validation,1.0
beef,ShuffleNetV2-0.5x,beef_fold1_test_portion07,5,2,3,0.000467380495,0.009253609000000001,0.9902790100000001,2,Spoiled,cross_validation,1.0
beef,ShuffleNetV2-0.5x,beef_fold1_test_portion07,6,2,3,0.0122996921,0.037706729,0.9499935433333334,2,Spoiled,cross_validation,1.0
beef,ShuffleNetV2-0.5x,beef_fold1_test_portion08,0,0,3,0.8529653466666667,0.14601767333333335,0.0010169744466666667,0,Fresh,cross_validation,1.0
beef,ShuffleNetV2-0.5x,beef_fold1_test_portion08,1,0,3,0.6172084,0.3455549153333333,0.037236683666666666,0,Fresh,cross_validation,1.0
beef,ShuffleNetV2-0.5x,beef_fold1_test_portion08,2,0,3,0.9276121066666666,0.047135075666666665,0.025252762333333335,0,Fresh,cross_validation,1.0
beef,ShuffleNetV2-0.5x,beef_fold1_test_portion08,3,1,3,0.03323229656666666,0.9628728999999999,0.00389480771,1,Sub-fresh,cross_validation,1.0
beef,ShuffleNetV2-0.5x,beef_fold1_test_portion08,4,2,3,0.31584718866666667,0.07954602133333334,0.6046068066666667,2,Spoiled,cross_validation,1.0
beef,ShuffleNetV2-0.5x,beef_fold1_test_portion08,5,2,3,0.08912738166666667,0.56543078,0.3454418166666667,1,Sub-fresh,cross_validation,1.0
beef,ShuffleNetV2-0.5x,beef_fold1_test_portion08,6,2,3,0.0821311255,0.112279091,0.8055897833333333,2,Spoiled,cross_validation,1.0
beef,ShuffleNetV2-0.5x,beef_fold1_test_portion09,0,0,3,0.95361137,0.044144835333333333,0.002243813413333333,0,Fresh,cross_validation,1.0
beef,ShuffleNetV2-0.5x,beef_fold1_test_portion09,1,0,3,0.4999676116333333,0.4928200333333333,0.007212371176666666,0,Fresh,cross_validation,1.0
beef,ShuffleNetV2-0.5x,beef_fold1_test_portion09,2,0,3,0.9022999166666666,0.08739085666666667,0.010309181066666666,0,Fresh,cross_validation,1.0
beef,ShuffleNetV2-0.5x,beef_fold1_test_portion09,3,1,3,0.062267204666666666,0.92553246,0.012200326999999999,1,Sub-fresh,cross_validation,1.0
beef,ShuffleNetV2-0.5x,beef_fold1_test_portion09,4,2,3,0.005293279566666667,0.0410316015,0.9536751133333333,2,Spoiled,cross_validation,1.0
beef,ShuffleNetV2-0.5x,beef_fold1_test_portion09,5,2,3,0.020871824945666667,0.32912401333333335,0.6500041666666667,2,Spoiled,cross_validation,1.0
beef,ShuffleNetV2-0.5x,beef_fold1_test_portion09,6,2,3,0.0006147877866666667,0.0125334154,0.9868518166666668,2,Spoiled,cross_validation,1.0
beef,ShuffleNetV2-0.5x,beef_fold1_test_portion10,0,0,3,0.9570076966666666,0.041607013666666665,0.0013852678666666665,0,Fresh,cross_validation,1.0
beef,ShuffleNetV2-0.5x,beef_fold1_test_portion10,1,0,3,0.27901156974,0.6702692866666666,0.05071913543333333,1,Sub-fresh,cross_validation,1.0
beef,ShuffleNetV2-0.5x,beef_fold1_test_portion10,2,0,3,0.76960438,0.12100256433333333,0.10939302433333332,0,Fresh,cross_validation,1.0
beef,ShuffleNetV2-0.5x,beef_fold1_test_portion10,3,1,3,0.3053902,0.630977315,0.06363249766666666,1,Sub-fresh,cross_validation,1.0
beef,ShuffleNetV2-0.5x,beef_fold1_test_portion10,4,2,3,0.025399995666666664,0.15625477033333335,0.8183451933333333,2,Spoiled,cross_validation,1.0
beef,ShuffleNetV2-0.5x,beef_fold1_test_portion10,5,2,3,0.003807732366666667,0.10180307866666666,0.8943892166666667,2,Spoiled,cross_validation,1.0
beef,ShuffleNetV2-0.5x,beef_fold1_test_portion10,6,2,3,0.0011899106333333332,0.019118513,0.9796916166666666,2,Spoiled,cross_validation,1.0
beef,ShuffleNetV2-0.5x,beef_fold2_test_portion01,0,0,3,0.9475046233333333,0.030767247666666664,0.021728177266666666,0,Fresh,cross_validation,2.0
beef,ShuffleNetV2-0.5x,beef_fold2_test_portion01,1,0,3,0.9605118666666668,0.025641534000000004,0.013846620999999998,0,Fresh,cross_validation,2.0
beef,ShuffleNetV2-0.5x,beef_fold2_test_portion01,2,0,3,0.8353441199999999,0.030492699333333335,0.13416319566666668,0,Fresh,cross_validation,2.0
beef,ShuffleNetV2-0.5x,beef_fold2_test_portion01,3,1,3,0.64692785,0.34906800866666665,0.004004127066666667,0,Fresh,cross_validation,2.0
beef,ShuffleNetV2-0.5x,beef_fold2_test_portion01,4,2,3,0.9642153966666668,0.030476393333333334,0.0053081941,0,Fresh,cross_validation,2.0
beef,ShuffleNetV2-0.5x,beef_fold2_test_portion01,5,2,3,0.008174297966666666,0.017770379333333332,0.97405529,2,Spoiled,cross_validation,2.0
beef,ShuffleNetV2-0.5x,beef_fold2_test_portion01,6,2,3,0.0069596497999999994,0.016809356666666667,0.9762310466666667,2,Spoiled,cross_validation,2.0
beef,ShuffleNetV2-0.5x,beef_fold2_test_portion02,0,0,3,0.9376739333333334,0.037433515333333334,0.0248925285,0,Fresh,cross_validation,2.0
beef,ShuffleNetV2-0.5x,beef_fold2_test_portion02,1,0,3,0.9267269666666667,0.03125902766666667,0.042014016999999994,0,Fresh,cross_validation,2.0
beef,ShuffleNetV2-0.5x,beef_fold2_test_portion02,2,0,3,0.6275247333333334,0.034189213,0.33828606666666666,0,Fresh,cross_validation,2.0
beef,ShuffleNetV2-0.5x,beef_fold2_test_portion02,3,1,3,0.005304270513333333,0.9936231733333334,0.0010725504733333335,1,Sub-fresh,cross_validation,2.0
beef,ShuffleNetV2-0.5x,beef_fold2_test_portion02,4,2,3,0.25640641560000005,0.025463320666666667,0.7181302666666666,2,Spoiled,cross_validation,2.0
beef,ShuffleNetV2-0.5x,beef_fold2_test_portion02,5,2,3,0.005948576,0.025556538,0.9684948666666667,2,Spoiled,cross_validation,2.0
beef,ShuffleNetV2-0.5x,beef_fold2_test_portion02,6,2,3,0.003886497166666667,0.013375858333333332,0.9827376666666666,2,Spoiled,cross_validation,2.0
beef,ShuffleNetV2-0.5x,beef_fold2_test_portion03,0,0,3,0.9658133833333333,0.028919004999999998,0.005267561433333334,0,Fresh,cross_validation,2.0
beef,ShuffleNetV2-0.5x,beef_fold2_test_portion03,1,0,3,0.9692647766666668,0.023433835,0.007301417333333333,0,Fresh,cross_validation,2.0
beef,ShuffleNetV2-0.5x,beef_fold2_test_portion03,2,0,3,0.41730503,0.040713354666666667,0.5419816000000001,2,Spoiled,cross_validation,2.0
beef,ShuffleNetV2-0.5x,beef_fold2_test_portion03,3,1,3,0.0025736584493333335,0.9967311133333334,0.0006952268566666666,1,Sub-fresh,cross_validation,2.0
beef,ShuffleNetV2-0.5x,beef_fold2_test_portion03,4,2,3,0.69625592,0.031514642,0.27222939783333333,0,Fresh,cross_validation,2.0
beef,ShuffleNetV2-0.5x,beef_fold2_test_portion03,5,2,3,0.0065150218,0.024629096,0.9688558400000001,2,Spoiled,cross_validation,2.0
beef,ShuffleNetV2-0.5x,beef_fold2_test_portion03,6,2,3,0.014991112899999999,0.015064645666666668,0.9699442500000001,2,Spoiled,cross_validation,2.0
beef,ShuffleNetV2-0.5x,beef_fold2_test_portion04,0,0,3,0.9698612633333333,0.023246903,0.006891784633333333,0,Fresh,cross_validation,2.0
beef,ShuffleNetV2-0.5x,beef_fold2_test_portion04,1,0,3,0.9585389333333333,0.030898379,0.010562647333333335,0,Fresh,cross_validation,2.0
beef,ShuffleNetV2-0.5x,beef_fold2_test_portion04,2,0,3,0.7714598,0.037908882,0.19063136666666666,0,Fresh,cross_validation,2.0
beef,ShuffleNetV2-0.5x,beef_fold2_test_portion04,3,1,3,0.04385933366666667,0.9506614833333332,0.005479168366666666,1,Sub-fresh,cross_validation,2.0
beef,ShuffleNetV2-0.5x,beef_fold2_test_portion04,4,2,3,0.6743701333333334,0.05533144,0.27029847,0,Fresh,cross_validation,2.0
beef,ShuffleNetV2-0.5x,beef_fold2_test_portion04,5,2,3,0.007523336033333334,0.02980415733333333,0.9626725,2,Spoiled,cross_validation,2.0
beef,ShuffleNetV2-0.5x,beef_fold2_test_portion04,6,2,3,0.013420002066666666,0.036361734666666666,0.9502182499999999,2,Spoiled,cross_validation,2.0
beef,ShuffleNetV2-0.5x,beef_fold2_test_portion05,0,0,3,0.9708731366666666,0.023200169000000003,0.005926728733333333,0,Fresh,cross_validation,2.0
beef,ShuffleNetV2-0.5x,beef_fold2_test_portion05,1,0,3,0.93467498,0.027173422000000003,0.03815157366666667,0,Fresh,cross_validation,2.0
beef,ShuffleNetV2-0.5x,beef_fold2_test_portion05,2,0,3,0.9588502533333333,0.028150174,0.012999560666666667,0,Fresh,cross_validation,2.0
beef,ShuffleNetV2-0.5x,beef_fold2_test_portion05,3,1,3,0.0009514347733333334,0.9977890333333334,0.0012595040566666666,1,Sub-fresh,cross_validation,2.0
beef,ShuffleNetV2-0.5x,beef_fold2_test_portion05,4,2,3,0.07591386,0.031178982999999997,0.8929071466666666,2,Spoiled,cross_validation,2.0
beef,ShuffleNetV2-0.5x,beef_fold2_test_portion05,5,2,3,0.006707871433333334,0.027777221333333334,0.96551493,2,Spoiled,cross_validation,2.0
beef,ShuffleNetV2-0.5x,beef_fold2_test_portion05,6,2,3,0.0022750632333333335,0.015757729666666668,0.9819672,2,Spoiled,cross_validation,2.0
beef,ShuffleNetV2-0.5x,beef_fold2_test_portion06,0,0,3,0.9663860999999999,0.02530315,0.008310697666666667,0,Fresh,cross_validation,2.0
beef,ShuffleNetV2-0.5x,beef_fold2_test_portion06,1,0,3,0.03651197673333333,0.9611526,0.0023354322766666667,1,Sub-fresh,cross_validation,2.0
beef,ShuffleNetV2-0.5x,beef_fold2_test_portion06,2,0,3,0.9190763166666667,0.03202094233333334,0.04890276566666666,0,Fresh,cross_validation,2.0
beef,ShuffleNetV2-0.5x,beef_fold2_test_portion06,3,1,3,0.011575880433333333,0.9871435533333334,0.0012805875533333333,1,Sub-fresh,cross_validation,2.0
beef,ShuffleNetV2-0.5x,beef_fold2_test_portion06,4,2,3,0.0064667803,0.014363656666666667,0.9791695666666667,2,Spoiled,cross_validation,2.0
beef,ShuffleNetV2-0.5x,beef_fold2_test_portion06,5,2,3,0.004760612133333333,0.052544579,0.9426948366666666,2,Spoiled,cross_validation,2.0
beef,ShuffleNetV2-0.5x,beef_fold2_test_portion06,6,2,3,0.002081119366666667,0.016535195666666665,0.9813837133333334,2,Spoiled,cross_validation,2.0
beef,ShuffleNetV2-0.5x,beef_fold2_test_portion07,0,0,3,0.9615520399999999,0.025721450000000003,0.012726536333333335,0,Fresh,cross_validation,2.0
beef,ShuffleNetV2-0.5x,beef_fold2_test_portion07,1,0,3,0.009972970866666667,0.9881799766666667,0.0018470320000000002,1,Sub-fresh,cross_validation,2.0
beef,ShuffleNetV2-0.5x,beef_fold2_test_portion07,2,0,3,0.7890801566666666,0.040376334666666666,0.17054350566666665,0,Fresh,cross_validation,2.0
beef,ShuffleNetV2-0.5x,beef_fold2_test_portion07,3,1,3,0.3013189904333333,0.6942521933333333,0.004428781866666667,1,Sub-fresh,cross_validation,2.0
beef,ShuffleNetV2-0.5x,beef_fold2_test_portion07,4,2,3,0.005156178366666667,0.018889926,0.9759539066666667,2,Spoiled,cross_validation,2.0
beef,ShuffleNetV2-0.5x,beef_fold2_test_portion07,5,2,3,0.010361857166666667,0.018043334999999997,0.9715948333333332,2,Spoiled,cross_validation,2.0
beef,ShuffleNetV2-0.5x,beef_fold2_test_portion07,6,2,3,0.0040887463,0.014200577333333334,0.98171068,2,Spoiled,cross_validation,2.0
beef,ShuffleNetV2-0.5x,beef_fold2_test_portion08,0,0,3,0.9697008666666665,0.021900188333333334,0.0083989675,0,Fresh,cross_validation,2.0
beef,ShuffleNetV2-0.5x,beef_fold2_test_portion08,1,0,3,0.3197185433333333,0.6763550666666666,0.003926367966666667,1,Sub-fresh,cross_validation,2.0
beef,ShuffleNetV2-0.5x,beef_fold2_test_portion08,2,0,3,0.9642151166666667,0.026143926666666668,0.009640957466666667,0,Fresh,cross_validation,2.0
beef,ShuffleNetV2-0.5x,beef_fold2_test_portion08,3,1,3,0.005638844901666666,0.9933214033333333,0.0010397511133333334,1,Sub-fresh,cross_validation,2.0
beef,ShuffleNetV2-0.5x,beef_fold2_test_portion08,4,2,3,0.014763138566666667,0.015801114833333334,0.9694357266666667,2,Spoiled,cross_validation,2.0
beef,ShuffleNetV2-0.5x,beef_fold2_test_portion08,5,2,3,0.002793244066666667,0.133051662,0.8641551333333334,2,Spoiled,cross_validation,2.0
beef,ShuffleNetV2-0.5x,beef_fold2_test_portion08,6,2,3,0.022468701566666666,0.024694912,0.9528363733333333,2,Spoiled,cross_validation,2.0
beef,ShuffleNetV2-0.5x,beef_fold2_test_portion09,0,0,3,0.9621361366666666,0.03255013066666667,0.005313765633333333,0,Fresh,cross_validation,2.0
beef,ShuffleNetV2-0.5x,beef_fold2_test_portion09,1,0,3,0.06429434001333333,0.9342961399999999,0.0014095415233333333,1,Sub-fresh,cross_validation,2.0
beef,ShuffleNetV2-0.5x,beef_fold2_test_portion09,2,0,3,0.9609083833333333,0.028523136,0.010568517999999999,0,Fresh,cross_validation,2.0
beef,ShuffleNetV2-0.5x,beef_fold2_test_portion09,3,1,3,0.004358025666666667,0.9898095133333333,0.0058324458,1,Sub-fresh,cross_validation,2.0
beef,ShuffleNetV2-0.5x,beef_fold2_test_portion09,4,2,3,0.023965692666666667,0.019746879666666665,0.9562874666666666,2,Spoiled,cross_validation,2.0
beef,ShuffleNetV2-0.5x,beef_fold2_test_portion09,5,2,3,0.0035142848666666667,0.028758501000000002,0.9677271900000001,2,Spoiled,cross_validation,2.0
beef,ShuffleNetV2-0.5x,beef_fold2_test_portion09,6,2,3,0.004661481433333334,0.02290276566666667,0.9724357666666666,2,Spoiled,cross_validation,2.0
beef,ShuffleNetV2-0.5x,beef_fold2_test_portion10,0,0,3,0.9620679433333333,0.027058271999999998,0.010873741666666667,0,Fresh,cross_validation,2.0
beef,ShuffleNetV2-0.5x,beef_fold2_test_portion10,1,0,3,0.21568916733333335,0.7803050766666667,0.004005771116666667,1,Sub-fresh,cross_validation,2.0
beef,ShuffleNetV2-0.5x,beef_fold2_test_portion10,2,0,3,0.8849471966666668,0.034272224999999996,0.08078060533333332,0,Fresh,cross_validation,2.0
beef,ShuffleNetV2-0.5x,beef_fold2_test_portion10,3,1,3,0.19384616836666665,0.6889419066666665,0.11721189066666667,1,Sub-fresh,cross_validation,2.0
beef,ShuffleNetV2-0.5x,beef_fold2_test_portion10,4,2,3,0.0054290149,0.02192001,0.9726509666666666,2,Spoiled,cross_validation,2.0
beef,ShuffleNetV2-0.5x,beef_fold2_test_portion10,5,2,3,0.008801963633333333,0.023846260666666664,0.9673518,2,Spoiled,cross_validation,2.0
beef,ShuffleNetV2-0.5x,beef_fold2_test_portion10,6,2,3,0.0014099871333333334,0.019130644999999998,0.9794593766666666,2,Spoiled,cross_validation,2.0
beef,ShuffleNetV2-0.5x,beef_fold3_test_portion01,0,0,3,0.9279475333333332,0.024831104333333336,0.04722136723333333,0,Fresh,cross_validation,3.0
beef,ShuffleNetV2-0.5x,beef_fold3_test_portion01,1,0,3,0.5852723506666666,0.05197045066666667,0.36275719133333334,0,Fresh,cross_validation,3.0
beef,ShuffleNetV2-0.5x,beef_fold3_test_portion01,2,0,3,0.7061059366666665,0.045903257,0.24799081086666666,0,Fresh,cross_validation,3.0
beef,ShuffleNetV2-0.5x,beef_fold3_test_portion01,3,1,3,0.4811847716666667,0.323821465,0.19499378999999997,0,Fresh,cross_validation,3.0
beef,ShuffleNetV2-0.5x,beef_fold3_test_portion01,4,2,3,0.7769203133333334,0.033215007,0.1898646962,0,Fresh,cross_validation,3.0
beef,ShuffleNetV2-0.5x,beef_fold3_test_portion01,5,2,3,0.004059232066666667,0.054702233666666676,0.9412385233333334,2,Spoiled,cross_validation,3.0
beef,ShuffleNetV2-0.5x,beef_fold3_test_portion01,6,2,3,0.003390390756666667,0.05011543866666667,0.9464941433333333,2,Spoiled,cross_validation,3.0
beef,ShuffleNetV2-0.5x,beef_fold3_test_portion02,0,0,3,0.9522965466666666,0.018226833,0.029476582,0,Fresh,cross_validation,3.0
beef,ShuffleNetV2-0.5x,beef_fold3_test_portion02,1,0,3,0.63062655,0.05843941666666667,0.31093401466666665,0,Fresh,cross_validation,3.0
beef,ShuffleNetV2-0.5x,beef_fold3_test_portion02,2,0,3,0.7034133566666666,0.07699335766666666,0.21959326666666668,0,Fresh,cross_validation,3.0
beef,ShuffleNetV2-0.5x,beef_fold3_test_portion02,3,1,3,0.05862291036666667,0.8158927166666666,0.12548440333333333,1,Sub-fresh,cross_validation,3.0
beef,ShuffleNetV2-0.5x,beef_fold3_test_portion02,4,2,3,0.0033172702466666665,0.03272166766666667,0.9639610366666668,2,Spoiled,cross_validation,3.0
beef,ShuffleNetV2-0.5x,beef_fold3_test_portion02,5,2,3,4.856934933333333e-05,0.011600885333333333,0.9883505133333333,2,Spoiled,cross_validation,3.0
beef,ShuffleNetV2-0.5x,beef_fold3_test_portion02,6,2,3,4.1389318333333326e-05,0.022964340666666666,0.9769942199999999,2,Spoiled,cross_validation,3.0
beef,ShuffleNetV2-0.5x,beef_fold3_test_portion03,0,0,3,0.9700437533333334,0.018211250000000002,0.0117450213,0,Fresh,cross_validation,3.0
beef,ShuffleNetV2-0.5x,beef_fold3_test_portion03,1,0,3,0.97754041,0.01912346466666667,0.0033361528,0,Fresh,cross_validation,3.0
beef,ShuffleNetV2-0.5x,beef_fold3_test_portion03,2,0,3,0.9833375133333333,0.013047198666666667,0.0036152629666666666,0,Fresh,cross_validation,3.0
beef,ShuffleNetV2-0.5x,beef_fold3_test_portion03,3,1,3,0.35791075801333333,0.6234987866666667,0.01859043236666667,1,Sub-fresh,cross_validation,3.0
beef,ShuffleNetV2-0.5x,beef_fold3_test_portion03,4,2,3,0.08098705299999999,0.04060905233333333,0.8784039233333333,2,Spoiled,cross_validation,3.0
beef,ShuffleNetV2-0.5x,beef_fold3_test_portion03,5,2,3,0.0010678963153333335,0.016244133333333334,0.9826879833333333,2,Spoiled,cross_validation,3.0
beef,ShuffleNetV2-0.5x,beef_fold3_test_portion03,6,2,3,0.012306760049999999,0.05820695866666666,0.9294863666666666,2,Spoiled,cross_validation,3.0
beef,ShuffleNetV2-0.5x,beef_fold3_test_portion04,0,0,3,0.9885575766666667,0.009148755333333333,0.0022936085166666664,0,Fresh,cross_validation,3.0
beef,ShuffleNetV2-0.5x,beef_fold3_test_portion04,1,0,3,0.9817098033333332,0.008598017333333333,0.009692237063333333,0,Fresh,cross_validation,3.0
beef,ShuffleNetV2-0.5x,beef_fold3_test_portion04,2,0,3,0.9881735133333334,0.010972098999999999,0.0008543680299999999,0,Fresh,cross_validation,3.0
beef,ShuffleNetV2-0.5x,beef_fold3_test_portion04,3,1,3,0.13068165466666667,0.61656232,0.2527560033333333,1,Sub-fresh,cross_validation,3.0
beef,ShuffleNetV2-0.5x,beef_fold3_test_portion04,4,2,3,0.6381134199999999,0.03640480033333333,0.32548175533333334,0,Fresh,cross_validation,3.0
beef,ShuffleNetV2-0.5x,beef_fold3_test_portion04,5,2,3,0.004774397066666667,0.022549564666666664,0.9726760533333333,2,Spoiled,cross_validation,3.0
beef,ShuffleNetV2-0.5x,beef_fold3_test_portion04,6,2,3,0.00029293499,0.025965199999999997,0.9737418666666667,2,Spoiled,cross_validation,3.0
beef,ShuffleNetV2-0.5x,beef_fold3_test_portion05,0,0,3,0.9829480333333334,0.013099389666666668,0.0039526286999999995,0,Fresh,cross_validation,3.0
beef,ShuffleNetV2-0.5x,beef_fold3_test_portion05,1,0,3,0.9750298133333333,0.014587300433333334,0.01038290471,0,Fresh,cross_validation,3.0
beef,ShuffleNetV2-0.5x,beef_fold3_test_portion05,2,0,3,0.50993946,0.050810728,0.43924986899999996,0,Fresh,cross_validation,3.0
beef,ShuffleNetV2-0.5x,beef_fold3_test_portion05,3,1,3,0.018697453833333336,0.6530752666666667,0.328227264,1,Sub-fresh,cross_validation,3.0
beef,ShuffleNetV2-0.5x,beef_fold3_test_portion05,4,2,3,0.02544389837,0.054237839,0.9203182633333333,2,Spoiled,cross_validation,3.0
beef,ShuffleNetV2-0.5x,beef_fold3_test_portion05,5,2,3,0.020494668866666666,0.034221429000000005,0.9452839000000001,2,Spoiled,cross_validation,3.0
beef,ShuffleNetV2-0.5x,beef_fold3_test_portion05,6,2,3,2.5380030000000003e-05,0.014483324333333334,0.9854913166666667,2,Spoiled,cross_validation,3.0
beef,ShuffleNetV2-0.5x,beef_fold3_test_portion06,0,0,3,0.9823655666666666,0.010799317000000001,0.0068350911,0,Fresh,cross_validation,3.0
beef,ShuffleNetV2-0.5x,beef_fold3_test_portion06,1,0,3,0.41661665,0.346115,0.23726835366666665,0,Fresh,cross_validation,3.0
beef,ShuffleNetV2-0.5x,beef_fold3_test_portion06,2,0,3,0.056963119,0.056592116666666664,0.88644475,2,Spoiled,cross_validation,3.0
beef,ShuffleNetV2-0.5x,beef_fold3_test_portion06,3,1,3,0.03853162507333333,0.60137641,0.3600919743333333,1,Sub-fresh,cross_validation,3.0
beef,ShuffleNetV2-0.5x,beef_fold3_test_portion06,4,2,3,0.007415752443333333,0.03645842433333333,0.9561258066666666,2,Spoiled,cross_validation,3.0
beef,ShuffleNetV2-0.5x,beef_fold3_test_portion06,5,2,3,0.0012775967466666666,0.017816526666666666,0.9809059333333333,2,Spoiled,cross_validation,3.0
beef,ShuffleNetV2-0.5x,beef_fold3_test_portion06,6,2,3,0.0005828725366666666,0.03323167766666667,0.9661854333333334,2,Spoiled,cross_validation,3.0
beef,ShuffleNetV2-0.5x,beef_fold3_test_portion07,0,0,3,0.9744169,0.020579794333333335,0.0050032936233333335,0,Fresh,cross_validation,3.0
beef,ShuffleNetV2-0.5x,beef_fold3_test_portion07,1,0,3,0.43171310733333335,0.53260619,0.03568071233333333,1,Sub-fresh,cross_validation,3.0
beef,ShuffleNetV2-0.5x,beef_fold3_test_portion07,2,0,3,0.97981167,0.017878204499999998,0.0023101385333333334,0,Fresh,cross_validation,3.0
beef,ShuffleNetV2-0.5x,beef_fold3_test_portion07,3,1,3,0.004494725616666666,0.9918269233333333,0.0036783170000000004,1,Sub-fresh,cross_validation,3.0
beef,ShuffleNetV2-0.5x,beef_fold3_test_portion07,4,2,3,0.01865253243333333,0.04623522433333333,0.9351122233333333,2,Spoiled,cross_validation,3.0
beef,ShuffleNetV2-0.5x,beef_fold3_test_portion07,5,2,3,0.003487097833333333,0.033986825500000005,0.9625260833333332,2,Spoiled,cross_validation,3.0
beef,ShuffleNetV2-0.5x,beef_fold3_test_portion07,6,2,3,0.000146069523,0.022765623999999998,0.9770883333333332,2,Spoiled,cross_validation,3.0
beef,ShuffleNetV2-0.5x,beef_fold3_test_portion08,0,0,3,0.9793638466666666,0.013980142833333334,0.006655964966666667,0,Fresh,cross_validation,3.0
beef,ShuffleNetV2-0.5x,beef_fold3_test_portion08,1,0,3,0.5690724666666667,0.42014828,0.010779229566666668,0,Fresh,cross_validation,3.0
beef,ShuffleNetV2-0.5x,beef_fold3_test_portion08,2,0,3,0.9732953599999999,0.015979646666666666,0.010724994360000002,0,Fresh,cross_validation,3.0
beef,ShuffleNetV2-0.5x,beef_fold3_test_portion08,3,1,3,0.3086375534,0.6848167366666668,0.006545719866666667,1,Sub-fresh,cross_validation,3.0
beef,ShuffleNetV2-0.5x,beef_fold3_test_portion08,4,2,3,0.22708808033333336,0.05141447533333333,0.7214974966666666,2,Spoiled,cross_validation,3.0
beef,ShuffleNetV2-0.5x,beef_fold3_test_portion08,5,2,3,0.004750627833333333,0.386846222,0.6084031799999999,2,Spoiled,cross_validation,3.0
beef,ShuffleNetV2-0.5x,beef_fold3_test_portion08,6,2,3,0.0021051994866666665,0.030435182666666668,0.9674595766666666,2,Spoiled,cross_validation,3.0
beef,ShuffleNetV2-0.5x,beef_fold3_test_portion09,0,0,3,0.94364845,0.02555619666666667,0.03079535876666667,0,Fresh,cross_validation,3.0
beef,ShuffleNetV2-0.5x,beef_fold3_test_portion09,1,0,3,0.22306013366666666,0.5186021933333334,0.25833769333333334,1,Sub-fresh,cross_validation,3.0
beef,ShuffleNetV2-0.5x,beef_fold3_test_portion09,2,0,3,0.5902841766666667,0.048088266,0.3616275766666666,0,Fresh,cross_validation,3.0
beef,ShuffleNetV2-0.5x,beef_fold3_test_portion09,3,1,3,0.005207669481333333,0.7744211666666666,0.220371169,1,Sub-fresh,cross_validation,3.0
beef,ShuffleNetV2-0.5x,beef_fold3_test_portion09,4,2,3,0.0016391585333333334,0.07988749366666667,0.9184733500000001,2,Spoiled,cross_validation,3.0
beef,ShuffleNetV2-0.5x,beef_fold3_test_portion09,5,2,3,0.0028962334566666665,0.02563280533333333,0.9714709833333334,2,Spoiled,cross_validation,3.0
beef,ShuffleNetV2-0.5x,beef_fold3_test_portion09,6,2,3,0.05634834502666666,0.05936827966666667,0.8842833866666666,2,Spoiled,cross_validation,3.0
beef,ShuffleNetV2-0.5x,beef_fold3_test_portion10,0,0,3,0.98235,0.015496860666666668,0.0021531582,0,Fresh,cross_validation,3.0
beef,ShuffleNetV2-0.5x,beef_fold3_test_portion10,1,0,3,0.23143839263333335,0.7463439533333333,0.022217658,1,Sub-fresh,cross_validation,3.0
beef,ShuffleNetV2-0.5x,beef_fold3_test_portion10,2,0,3,0.7514630533333334,0.03257933466666667,0.21595759,0,Fresh,cross_validation,3.0
beef,ShuffleNetV2-0.5x,beef_fold3_test_portion10,3,1,3,0.006343623666666666,0.9722095033333334,0.021446833933333336,1,Sub-fresh,cross_validation,3.0
beef,ShuffleNetV2-0.5x,beef_fold3_test_portion10,4,2,3,0.09408753682,0.062931245,0.8429812366666667,2,Spoiled,cross_validation,3.0
beef,ShuffleNetV2-0.5x,beef_fold3_test_portion10,5,2,3,0.0047844856333333335,0.04917638633333333,0.9460391333333332,2,Spoiled,cross_validation,3.0
beef,ShuffleNetV2-0.5x,beef_fold3_test_portion10,6,2,3,6.7326646e-05,0.038368410666666665,0.9615642466666667,2,Spoiled,cross_validation,3.0
beef,ShuffleNetV2-0.5x,beef_fold4_test_portion01,0,0,3,0.9787512,0.012843336666666668,0.008405445466666666,0,Fresh,cross_validation,4.0
beef,ShuffleNetV2-0.5x,beef_fold4_test_portion01,1,0,3,0.9768739666666667,0.012659032666666667,0.010466968333333333,0,Fresh,cross_validation,4.0
beef,ShuffleNetV2-0.5x,beef_fold4_test_portion01,2,0,3,0.6972350266666667,0.033945439,0.2688195558,0,Fresh,cross_validation,4.0
beef,ShuffleNetV2-0.5x,beef_fold4_test_portion01,3,1,3,0.024763087333333333,0.9295512,0.0456857021,1,Sub-fresh,cross_validation,4.0
beef,ShuffleNetV2-0.5x,beef_fold4_test_portion01,4,2,3,0.09479403833333333,0.03565970133333333,0.8695462466666667,2,Spoiled,cross_validation,4.0
beef,ShuffleNetV2-0.5x,beef_fold4_test_portion01,5,2,3,0.0155590547,0.051943761666666664,0.9324971833333334,2,Spoiled,cross_validation,4.0
beef,ShuffleNetV2-0.5x,beef_fold4_test_portion01,6,2,3,0.00658945075,0.060795132,0.9326153833333333,2,Spoiled,cross_validation,4.0
beef,ShuffleNetV2-0.5x,beef_fold4_test_portion02,0,0,3,0.9859109699999999,0.013030242,0.0010587697333333333,0,Fresh,cross_validation,4.0
beef,ShuffleNetV2-0.5x,beef_fold4_test_portion02,1,0,3,0.9635218866666667,0.015999532200000003,0.020478572373333333,0,Fresh,cross_validation,4.0
beef,ShuffleNetV2-0.5x,beef_fold4_test_portion02,2,0,3,0.9865908999999999,0.008428344533333333,0.004980711133333333,0,Fresh,cross_validation,4.0
beef,ShuffleNetV2-0.5x,beef_fold4_test_portion02,3,1,3,0.003335735176666667,0.9915255,0.005138750633333334,1,Sub-fresh,cross_validation,4.0
beef,ShuffleNetV2-0.5x,beef_fold4_test_portion02,4,2,3,0.5005912933333333,0.060923156666666665,0.43848555266666667,0,Fresh,cross_validation,4.0
beef,ShuffleNetV2-0.5x,beef_fold4_test_portion02,5,2,3,0.0207442861,0.022224125666666667,0.9570316333333334,2,Spoiled,cross_validation,4.0
beef,ShuffleNetV2-0.5x,beef_fold4_test_portion02,6,2,3,0.0032239440999999995,0.05012913433333333,0.9466469166666668,2,Spoiled,cross_validation,4.0
beef,ShuffleNetV2-0.5x,beef_fold4_test_portion03,0,0,3,0.91599876,0.016464886,0.06753637606,0,Fresh,cross_validation,4.0
beef,ShuffleNetV2-0.5x,beef_fold4_test_portion03,1,0,3,0.9901557799999999,0.009264611999999998,0.0005795990233333333,0,Fresh,cross_validation,4.0
beef,ShuffleNetV2-0.5x,beef_fold4_test_portion03,2,0,3,0.9788244666666667,0.012250226833333334,0.008925305166666666,0,Fresh,cross_validation,4.0
beef,ShuffleNetV2-0.5x,beef_fold4_test_portion03,3,1,3,0.24107930333333336,0.7417640333333333,0.017156665633333335,1,Sub-fresh,cross_validation,4.0
beef,ShuffleNetV2-0.5x,beef_fold4_test_portion03,4,2,3,0.6855144066666666,0.047129885,0.26735566083333334,0,Fresh,cross_validation,4.0
beef,ShuffleNetV2-0.5x,beef_fold4_test_portion03,5,2,3,0.0025056483999999998,0.05084608566666667,0.9466482733333333,2,Spoiled,cross_validation,4.0
beef,ShuffleNetV2-0.5x,beef_fold4_test_portion03,6,2,3,0.002631088466666667,0.04279679633333333,0.9545721,2,Spoiled,cross_validation,4.0
beef,ShuffleNetV2-0.5x,beef_fold4_test_portion04,0,0,3,0.9866953833333333,0.010545907666666667,0.0027586807566666667,0,Fresh,cross_validation,4.0
beef,ShuffleNetV2-0.5x,beef_fold4_test_portion04,1,0,3,0.96953479,0.015640099666666667,0.0148251306,0,Fresh,cross_validation,4.0
beef,ShuffleNetV2-0.5x,beef_fold4_test_portion04,2,0,3,0.8117800966666667,0.04272583233333333,0.1454940564,0,Fresh,cross_validation,4.0
beef,ShuffleNetV2-0.5x,beef_fold4_test_portion04,3,1,3,0.01914470437666667,0.9692895533333333,0.011565692100000002,1,Sub-fresh,cross_validation,4.0
beef,ShuffleNetV2-0.5x,beef_fold4_test_portion04,4,2,3,0.279119462,0.039532405666666666,0.6813481266666667,2,Spoiled,cross_validation,4.0
beef,ShuffleNetV2-0.5x,beef_fold4_test_portion04,5,2,3,0.0021319731,0.02034198233333333,0.9775260133333333,2,Spoiled,cross_validation,4.0
beef,ShuffleNetV2-0.5x,beef_fold4_test_portion04,6,2,3,0.0030800865333333333,0.041793373999999994,0.9551265533333333,2,Spoiled,cross_validation,4.0
beef,ShuffleNetV2-0.5x,beef_fold4_test_portion05,0,0,3,0.9879627166666666,0.011218179166666667,0.0008190933533333333,0,Fresh,cross_validation,4.0
beef,ShuffleNetV2-0.5x,beef_fold4_test_portion05,1,0,3,0.93177883,0.028417600666666664,0.039803571600000004,0,Fresh,cross_validation,4.0
beef,ShuffleNetV2-0.5x,beef_fold4_test_portion05,2,0,3,0.6726419849999999,0.019918588333333334,0.30743947433333335,0,Fresh,cross_validation,4.0
beef,ShuffleNetV2-0.5x,beef_fold4_test_portion05,3,1,3,0.47781545999999997,0.43487146000000004,0.08731303266666667,0,Fresh,cross_validation,4.0
beef,ShuffleNetV2-0.5x,beef_fold4_test_portion05,4,2,3,0.8041649833333334,0.033473154666666664,0.16236185266666667,0,Fresh,cross_validation,4.0
beef,ShuffleNetV2-0.5x,beef_fold4_test_portion05,5,2,3,0.026968326666666667,0.3169981333333333,0.6560335333333334,2,Spoiled,cross_validation,4.0
beef,ShuffleNetV2-0.5x,beef_fold4_test_portion05,6,2,3,0.006738095699999999,0.05810590866666667,0.9351560533333333,2,Spoiled,cross_validation,4.0
beef,ShuffleNetV2-0.5x,beef_fold4_test_portion06,0,0,3,0.9857988166666667,0.011403949000000002,0.0027972003666666668,0,Fresh,cross_validation,4.0
beef,ShuffleNetV2-0.5x,beef_fold4_test_portion06,1,0,3,0.2841051866666667,0.57373453,0.14216026,1,Sub-fresh,cross_validation,4.0
beef,ShuffleNetV2-0.5x,beef_fold4_test_portion06,2,0,3,0.8047078766666668,0.0297443365,0.16554779533333333,0,Fresh,cross_validation,4.0
beef,ShuffleNetV2-0.5x,beef_fold4_test_portion06,3,1,3,0.11118214933333333,0.8818526366666667,0.006965223066666667,1,Sub-fresh,cross_validation,4.0
beef,ShuffleNetV2-0.5x,beef_fold4_test_portion06,4,2,3,0.030462362000000003,0.030436846333333333,0.93910078,2,Spoiled,cross_validation,4.0
beef,ShuffleNetV2-0.5x,beef_fold4_test_portion06,5,2,3,0.004085787499999999,0.047814504,0.9480996766666667,2,Spoiled,cross_validation,4.0
beef,ShuffleNetV2-0.5x,beef_fold4_test_portion06,6,2,3,0.0022582639666666664,0.06061604733333333,0.9371256933333333,2,Spoiled,cross_validation,4.0
beef,ShuffleNetV2-0.5x,beef_fold4_test_portion07,0,0,3,0.9698909800000001,0.028876411766666665,0.0012325959916666665,0,Fresh,cross_validation,4.0
beef,ShuffleNetV2-0.5x,beef_fold4_test_portion07,1,0,3,0.8095375533333332,0.18656920000000002,0.0038932269,0,Fresh,cross_validation,4.0
beef,ShuffleNetV2-0.5x,beef_fold4_test_portion07,2,0,3,0.9893873700000001,0.009917020333333334,0.00069557849,0,Fresh,cross_validation,4.0
beef,ShuffleNetV2-0.5x,beef_fold4_test_portion07,3,1,3,0.28834134333333333,0.7019471133333334,0.0097115822,1,Sub-fresh,cross_validation,4.0
beef,ShuffleNetV2-0.5x,beef_fold4_test_portion07,4,2,3,0.0036239056666666665,0.03382202333333333,0.9625540899999999,2,Spoiled,cross_validation,4.0
beef,ShuffleNetV2-0.5x,beef_fold4_test_portion07,5,2,3,0.0035943158666666667,0.02948743033333333,0.9669182466666667,2,Spoiled,cross_validation,4.0
beef,ShuffleNetV2-0.5x,beef_fold4_test_portion07,6,2,3,0.002775520866666667,0.06696765866666667,0.9302568333333333,2,Spoiled,cross_validation,4.0
beef,ShuffleNetV2-0.5x,beef_fold4_test_portion08,0,0,3,0.98774826,0.010779817966666666,0.0014719591866666666,0,Fresh,cross_validation,4.0
beef,ShuffleNetV2-0.5x,beef_fold4_test_portion08,1,0,3,0.3354627219333333,0.62294501,0.041592297,1,Sub-fresh,cross_validation,4.0
beef,ShuffleNetV2-0.5x,beef_fold4_test_portion08,2,0,3,0.9733239166666666,0.017460979666666668,0.009215110566666667,0,Fresh,cross_validation,4.0
beef,ShuffleNetV2-0.5x,beef_fold4_test_portion08,3,1,3,0.035724270800000006,0.9507350666666667,0.013540647166666668,1,Sub-fresh,cross_validation,4.0
beef,ShuffleNetV2-0.5x,beef_fold4_test_portion08,4,2,3,0.0948956035,0.03367316233333333,0.8714312166666667,2,Spoiled,cross_validation,4.0
beef,ShuffleNetV2-0.5x,beef_fold4_test_portion08,5,2,3,0.015039780943333332,0.11569829,0.8692619166666667,2,Spoiled,cross_validation,4.0
beef,ShuffleNetV2-0.5x,beef_fold4_test_portion08,6,2,3,0.006580241733333333,0.033669369666666664,0.95975039,2,Spoiled,cross_validation,4.0
beef,ShuffleNetV2-0.5x,beef_fold4_test_portion09,0,0,3,0.9885915066666667,0.010742055,0.0006664386466666666,0,Fresh,cross_validation,4.0
beef,ShuffleNetV2-0.5x,beef_fold4_test_portion09,1,0,3,0.335578715405,0.6630333089999999,0.0013879852666666666,1,Sub-fresh,cross_validation,4.0
beef,ShuffleNetV2-0.5x,beef_fold4_test_portion09,2,0,3,0.9877317533333333,0.010558203666666668,0.0017100623666666667,0,Fresh,cross_validation,4.0
beef,ShuffleNetV2-0.5x,beef_fold4_test_portion09,3,1,3,0.04256282365,0.9553708799999999,0.0020663438333333333,1,Sub-fresh,cross_validation,4.0
beef,ShuffleNetV2-0.5x,beef_fold4_test_portion09,4,2,3,0.15347021233333333,0.05548962133333333,0.7910401866666666,2,Spoiled,cross_validation,4.0
beef,ShuffleNetV2-0.5x,beef_fold4_test_portion09,5,2,3,0.008462651866666667,0.6684670466666667,0.32307025,1,Sub-fresh,cross_validation,4.0
beef,ShuffleNetV2-0.5x,beef_fold4_test_portion09,6,2,3,0.016508715,0.021089796666666664,0.9624014666666666,2,Spoiled,cross_validation,4.0
beef,ShuffleNetV2-0.5x,beef_fold4_test_portion10,0,0,3,0.9755543066666666,0.011624118000000001,0.012821604766666666,0,Fresh,cross_validation,4.0
beef,ShuffleNetV2-0.5x,beef_fold4_test_portion10,1,0,3,0.22013774,0.7589928666666667,0.020869355699999998,1,Sub-fresh,cross_validation,4.0
beef,ShuffleNetV2-0.5x,beef_fold4_test_portion10,2,0,3,0.7282762733333333,0.03278084666666667,0.23894290033333335,0,Fresh,cross_validation,4.0
beef,ShuffleNetV2-0.5x,beef_fold4_test_portion10,3,1,3,0.5133346066666666,0.4454833813333334,0.0411820194,0,Fresh,cross_validation,4.0
beef,ShuffleNetV2-0.5x,beef_fold4_test_portion10,4,2,3,0.01937243623333333,0.026119545666666664,0.9545080666666667,2,Spoiled,cross_validation,4.0
beef,ShuffleNetV2-0.5x,beef_fold4_test_portion10,5,2,3,0.011062002066666667,0.03494212866666666,0.95399585,2,Spoiled,cross_validation,4.0
beef,ShuffleNetV2-0.5x,beef_fold4_test_portion10,6,2,3,0.0012903742666666668,0.08009040666666667,0.9186192333333333,2,Spoiled,cross_validation,4.0
beef,Spot-CNN,beef_fold1_test_portion01,0,0,3,0.9978298133333334,0.0013723454333333333,0.0007978674666666666,0,Fresh,cross_validation,1.0
beef,Spot-CNN,beef_fold1_test_portion01,1,0,3,0.9766632866666667,0.004697447933333334,0.018639276,0,Fresh,cross_validation,1.0
beef,Spot-CNN,beef_fold1_test_portion01,2,0,3,0.97281688,0.012884529666666667,0.014298647666666666,0,Fresh,cross_validation,1.0
beef,Spot-CNN,beef_fold1_test_portion01,3,1,3,0.22838674666666667,0.7692686866666666,0.002344581566666667,1,Sub-fresh,cross_validation,1.0
beef,Spot-CNN,beef_fold1_test_portion01,4,2,3,0.0017155208333333334,0.0017411339666666668,0.9965433066666667,2,Spoiled,cross_validation,1.0
beef,Spot-CNN,beef_fold1_test_portion01,5,2,3,0.0016574302,0.0028154659333333334,0.9955270966666667,2,Spoiled,cross_validation,1.0
beef,Spot-CNN,beef_fold1_test_portion01,6,2,3,0.1339186,0.18892933999999997,0.6771520966666666,2,Spoiled,cross_validation,1.0
beef,Spot-CNN,beef_fold1_test_portion02,0,0,3,0.9910627333333334,0.006926978133333333,0.0020102995,0,Fresh,cross_validation,1.0
beef,Spot-CNN,beef_fold1_test_portion02,1,0,3,0.9951504533333333,0.0014018404333333333,0.0034476623,0,Fresh,cross_validation,1.0
beef,Spot-CNN,beef_fold1_test_portion02,2,0,3,0.46245879000000006,0.06328025866666666,0.47426096,2,Spoiled,cross_validation,1.0
beef,Spot-CNN,beef_fold1_test_portion02,3,1,3,0.6373332566666666,0.3521643833333334,0.010502345233333333,0,Fresh,cross_validation,1.0
beef,Spot-CNN,beef_fold1_test_portion02,4,2,3,0.10535388200000001,0.0070858552,0.8875602666666667,2,Spoiled,cross_validation,1.0
beef,Spot-CNN,beef_fold1_test_portion02,5,2,3,0.007314522166666667,0.013357198666666667,0.9793282833333334,2,Spoiled,cross_validation,1.0
beef,Spot-CNN,beef_fold1_test_portion02,6,2,3,0.0022551385,0.0030282560666666665,0.9947166333333334,2,Spoiled,cross_validation,1.0
beef,Spot-CNN,beef_fold1_test_portion03,0,0,3,0.9936015,0.0059932364333333335,0.00040524868000000003,0,Fresh,cross_validation,1.0
beef,Spot-CNN,beef_fold1_test_portion03,1,0,3,0.9965383833333333,0.0026721398000000003,0.00078947771,0,Fresh,cross_validation,1.0
beef,Spot-CNN,beef_fold1_test_portion03,2,0,3,0.95992057,0.009588792666666667,0.030490648666666665,0,Fresh,cross_validation,1.0
beef,Spot-CNN,beef_fold1_test_portion03,3,1,3,0.3791040866666666,0.60730896,0.013586921666666668,1,Sub-fresh,cross_validation,1.0
beef,Spot-CNN,beef_fold1_test_portion03,4,2,3,0.6066983666666667,0.017872416666666665,0.37542919,0,Fresh,cross_validation,1.0
beef,Spot-CNN,beef_fold1_test_portion03,5,2,3,0.019928135,0.015839362333333332,0.9642325166666667,2,Spoiled,cross_validation,1.0
beef,Spot-CNN,beef_fold1_test_portion03,6,2,3,0.0016180536666666667,0.0013294742,0.9970524866666667,2,Spoiled,cross_validation,1.0
beef,Spot-CNN,beef_fold1_test_portion04,0,0,3,0.99914075,0.0006606211333333333,0.00019858683333333335,0,Fresh,cross_validation,1.0
beef,Spot-CNN,beef_fold1_test_portion04,1,0,3,0.9921276333333333,0.002692923433333333,0.005179427133333333,0,Fresh,cross_validation,1.0
beef,Spot-CNN,beef_fold1_test_portion04,2,0,3,0.9165105333333333,0.008283846333333332,0.07520555,0,Fresh,cross_validation,1.0
beef,Spot-CNN,beef_fold1_test_portion04,3,1,3,0.023516050666666666,0.9258189533333333,0.050664977666666666,1,Sub-fresh,cross_validation,1.0
beef,Spot-CNN,beef_fold1_test_portion04,4,2,3,0.009152543466666668,0.0038999266666666665,0.9869475099999999,2,Spoiled,cross_validation,1.0
beef,Spot-CNN,beef_fold1_test_portion04,5,2,3,0.0010046693766666667,0.0034513313666666664,0.9955440000000001,2,Spoiled,cross_validation,1.0
beef,Spot-CNN,beef_fold1_test_portion04,6,2,3,0.002484245,0.0020411962666666665,0.9954745800000001,2,Spoiled,cross_validation,1.0
beef,Spot-CNN,beef_fold1_test_portion05,0,0,3,0.9938144966666668,0.004525878333333334,0.0016596412333333332,0,Fresh,cross_validation,1.0
beef,Spot-CNN,beef_fold1_test_portion05,1,0,3,0.9992154000000001,0.0003842303,0.00040034440000000004,0,Fresh,cross_validation,1.0
beef,Spot-CNN,beef_fold1_test_portion05,2,0,3,0.96678678,0.007587383333333334,0.025625890333333335,0,Fresh,cross_validation,1.0
beef,Spot-CNN,beef_fold1_test_portion05,3,1,3,0.34956839666666667,0.6385304199999999,0.011901220666666669,1,Sub-fresh,cross_validation,1.0
beef,Spot-CNN,beef_fold1_test_portion05,4,2,3,0.15145754,0.004188606033333333,0.8443538666666667,2,Spoiled,cross_validation,1.0
beef,Spot-CNN,beef_fold1_test_portion05,5,2,3,0.007482641133333333,0.008859356333333334,0.98365805,2,Spoiled,cross_validation,1.0
beef,Spot-CNN,beef_fold1_test_portion05,6,2,3,0.0055394008,0.004663458433333333,0.9897970866666667,2,Spoiled,cross_validation,1.0
beef,Spot-CNN,beef_fold1_test_portion06,0,0,3,0.9955427800000001,0.002001943,0.0024552303333333337,0,Fresh,cross_validation,1.0
beef,Spot-CNN,beef_fold1_test_portion06,1,0,3,0.9876948166666667,0.0012503402,0.011054804666666668,0,Fresh,cross_validation,1.0
beef,Spot-CNN,beef_fold1_test_portion06,2,0,3,0.9841435666666666,0.0066100238,0.009246411833333334,0,Fresh,cross_validation,1.0
beef,Spot-CNN,beef_fold1_test_portion06,3,1,3,0.5144432333333334,0.47622056666666673,0.0093362129,0,Fresh,cross_validation,1.0
beef,Spot-CNN,beef_fold1_test_portion06,4,2,3,0.7055319533333333,0.007636404233333334,0.28683159666666663,0,Fresh,cross_validation,1.0
beef,Spot-CNN,beef_fold1_test_portion06,5,2,3,0.016121304666666666,0.03265662033333334,0.9512221333333333,2,Spoiled,cross_validation,1.0
beef,Spot-CNN,beef_fold1_test_portion06,6,2,3,0.0014844409,0.0013842451666666667,0.9971313,2,Spoiled,cross_validation,1.0
beef,Spot-CNN,beef_fold1_test_portion07,0,0,3,0.99836585,0.0011710632666666668,0.0004631300933333334,0,Fresh,cross_validation,1.0
beef,Spot-CNN,beef_fold1_test_portion07,1,0,3,0.5417328733333333,0.45602579,0.002241342,0,Fresh,cross_validation,1.0
beef,Spot-CNN,beef_fold1_test_portion07,2,0,3,0.95296015,0.038676464,0.008363413,0,Fresh,cross_validation,1.0
beef,Spot-CNN,beef_fold1_test_portion07,3,1,3,0.051871018,0.9438885433333333,0.004240435866666667,1,Sub-fresh,cross_validation,1.0
beef,Spot-CNN,beef_fold1_test_portion07,4,2,3,0.021068935666666667,0.0028428382333333334,0.9760882733333333,2,Spoiled,cross_validation,1.0
beef,Spot-CNN,beef_fold1_test_portion07,5,2,3,0.004340359033333334,0.008973691666666667,0.9866859666666666,2,Spoiled,cross_validation,1.0
beef,Spot-CNN,beef_fold1_test_portion07,6,2,3,0.0037233977,0.0029668453666666667,0.9933098333333333,2,Spoiled,cross_validation,1.0
beef,Spot-CNN,beef_fold1_test_portion08,0,0,3,0.9996037766666667,0.00025327769999999996,0.00014293254,0,Fresh,cross_validation,1.0
beef,Spot-CNN,beef_fold1_test_portion08,1,0,3,0.9768259433333334,0.021542947666666663,0.0016311332999999998,0,Fresh,cross_validation,1.0
beef,Spot-CNN,beef_fold1_test_portion08,2,0,3,0.9870080033333334,0.007182179533333333,0.0058098184666666676,0,Fresh,cross_validation,1.0
beef,Spot-CNN,beef_fold1_test_portion08,3,1,3,0.106854608,0.8927483500000001,0.00039704487666666666,1,Sub-fresh,cross_validation,1.0
beef,Spot-CNN,beef_fold1_test_portion08,4,2,3,0.6584216233333334,0.009866260666666666,0.33171207666666663,0,Fresh,cross_validation,1.0
beef,Spot-CNN,beef_fold1_test_portion08,5,2,3,0.19796839,0.05706634733333333,0.7449652466666666,2,Spoiled,cross_validation,1.0
beef,Spot-CNN,beef_fold1_test_portion08,6,2,3,0.009859045666666667,0.009216749000000002,0.9809242333333333,2,Spoiled,cross_validation,1.0
beef,Spot-CNN,beef_fold1_test_portion09,0,0,3,0.9990571999999999,0.0005343131833333333,0.0004084794966666666,0,Fresh,cross_validation,1.0
beef,Spot-CNN,beef_fold1_test_portion09,1,0,3,0.9384003,0.05930865533333334,0.002291045933333333,0,Fresh,cross_validation,1.0
beef,Spot-CNN,beef_fold1_test_portion09,2,0,3,0.9852849366666666,0.013140390333333333,0.0015746572333333335,0,Fresh,cross_validation,1.0
beef,Spot-CNN,beef_fold1_test_portion09,3,1,3,0.6685903999999999,0.31604806999999996,0.015361536,0,Fresh,cross_validation,1.0
beef,Spot-CNN,beef_fold1_test_portion09,4,2,3,0.013306283666666667,0.0018662707666666665,0.9848274533333333,2,Spoiled,cross_validation,1.0
beef,Spot-CNN,beef_fold1_test_portion09,5,2,3,0.012466871333333332,0.008018095233333333,0.97951508,2,Spoiled,cross_validation,1.0
beef,Spot-CNN,beef_fold1_test_portion09,6,2,3,0.002762349833333333,0.0021398565666666666,0.9950978166666666,2,Spoiled,cross_validation,1.0
beef,Spot-CNN,beef_fold1_test_portion10,0,0,3,0.9991875666666666,0.00075004577,6.238820199999999e-05,0,Fresh,cross_validation,1.0
beef,Spot-CNN,beef_fold1_test_portion10,1,0,3,0.5381733466666666,0.45581060333333334,0.006016017233333333,0,Fresh,cross_validation,1.0
beef,Spot-CNN,beef_fold1_test_portion10,2,0,3,0.9510258533333333,0.03641206366666667,0.012562108333333334,0,Fresh,cross_validation,1.0
beef,Spot-CNN,beef_fold1_test_portion10,3,1,3,0.19079515333333333,0.8053122333333333,0.0038926091999999996,1,Sub-fresh,cross_validation,1.0
beef,Spot-CNN,beef_fold1_test_portion10,4,2,3,0.037463452,0.009140742,0.9533957733333334,2,Spoiled,cross_validation,1.0
beef,Spot-CNN,beef_fold1_test_portion10,5,2,3,0.02108642133333333,0.20080446333333332,0.7781091166666667,2,Spoiled,cross_validation,1.0
beef,Spot-CNN,beef_fold1_test_portion10,6,2,3,0.0021390179,0.0026828308333333335,0.9951781799999999,2,Spoiled,cross_validation,1.0
beef,Spot-CNN,beef_fold2_test_portion01,0,0,3,0.9883885166666667,0.010771059,0.0008403949200000001,0,Fresh,cross_validation,2.0
beef,Spot-CNN,beef_fold2_test_portion01,1,0,3,0.9932647533333334,0.005988423400000001,0.0007468458,0,Fresh,cross_validation,2.0
beef,Spot-CNN,beef_fold2_test_portion01,2,0,3,0.9207747,0.034268344,0.044956945666666664,0,Fresh,cross_validation,2.0
beef,Spot-CNN,beef_fold2_test_portion01,3,1,3,0.8795380166666668,0.120233068,0.00022891652999999998,0,Fresh,cross_validation,2.0
beef,Spot-CNN,beef_fold2_test_portion01,4,2,3,0.9833571433333334,0.016104691,0.00053813504,0,Fresh,cross_validation,2.0
beef,Spot-CNN,beef_fold2_test_portion01,5,2,3,0.039424166000000004,0.05025278666666666,0.9103229766666666,2,Spoiled,cross_validation,2.0
beef,Spot-CNN,beef_fold2_test_portion01,6,2,3,0.019803020666666667,0.03174978233333333,0.9484472133333334,2,Spoiled,cross_validation,2.0
beef,Spot-CNN,beef_fold2_test_portion02,0,0,3,0.9893852633333333,0.006702974566666666,0.0039117347,0,Fresh,cross_validation,2.0
beef,Spot-CNN,beef_fold2_test_portion02,1,0,3,0.9622184666666667,0.021486881,0.016294645666666666,0,Fresh,cross_validation,2.0
beef,Spot-CNN,beef_fold2_test_portion02,2,0,3,0.9031927433333333,0.08858549,0.008221747333333333,0,Fresh,cross_validation,2.0
beef,Spot-CNN,beef_fold2_test_portion02,3,1,3,0.012684753833333333,0.9866930133333334,0.0006222537333333333,1,Sub-fresh,cross_validation,2.0
beef,Spot-CNN,beef_fold2_test_portion02,4,2,3,0.0140447515,0.023672943000000002,0.9622823333333334,2,Spoiled,cross_validation,2.0
beef,Spot-CNN,beef_fold2_test_portion02,5,2,3,0.007909523166666666,0.0139018065,0.9781886166666668,2,Spoiled,cross_validation,2.0
beef,Spot-CNN,beef_fold2_test_portion02,6,2,3,0.0035780460999999997,0.008275847066666666,0.9881460999999999,2,Spoiled,cross_validation,2.0
beef,Spot-CNN,beef_fold2_test_portion03,0,0,3,0.99759498,0.0022651498999999996,0.00013981063333333335,0,Fresh,cross_validation,2.0
beef,Spot-CNN,beef_fold2_test_portion03,1,0,3,0.9875128166666668,0.011693361,0.00079380212,0,Fresh,cross_validation,2.0
beef,Spot-CNN,beef_fold2_test_portion03,2,0,3,0.7992379666666666,0.07366407933333334,0.12709797166666667,0,Fresh,cross_validation,2.0
beef,Spot-CNN,beef_fold2_test_portion03,3,1,3,0.0073888748,0.9920839566666667,0.0005271848733333333,1,Sub-fresh,cross_validation,2.0
beef,Spot-CNN,beef_fold2_test_portion03,4,2,3,0.82809642,0.038232204,0.133671355,0,Fresh,cross_validation,2.0
beef,Spot-CNN,beef_fold2_test_portion03,5,2,3,0.011639721,0.042049254,0.94631104,2,Spoiled,cross_validation,2.0
beef,Spot-CNN,beef_fold2_test_portion03,6,2,3,0.023843772666666666,0.013552127666666669,0.9626041533333334,2,Spoiled,cross_validation,2.0
beef,Spot-CNN,beef_fold2_test_portion04,0,0,3,0.9980283999999999,0.0018736060333333334,9.793192533333333e-05,0,Fresh,cross_validation,2.0
beef,Spot-CNN,beef_fold2_test_portion04,1,0,3,0.9944339833333333,0.0042312825333333335,0.0013347920666666666,0,Fresh,cross_validation,2.0
beef,Spot-CNN,beef_fold2_test_portion04,2,0,3,0.97661535,0.019103411833333334,0.0042812045,0,Fresh,cross_validation,2.0
beef,Spot-CNN,beef_fold2_test_portion04,3,1,3,0.3500260333333333,0.6469135666666667,0.0030603741666666664,1,Sub-fresh,cross_validation,2.0
beef,Spot-CNN,beef_fold2_test_portion04,4,2,3,0.5290048533333334,0.022330930666666665,0.44866421,0,Fresh,cross_validation,2.0
beef,Spot-CNN,beef_fold2_test_portion04,5,2,3,0.013321514333333333,0.018910024,0.96776841,2,Spoiled,cross_validation,2.0
beef,Spot-CNN,beef_fold2_test_portion04,6,2,3,0.02643065433333333,0.021674906333333337,0.9518944466666667,2,Spoiled,cross_validation,2.0
beef,Spot-CNN,beef_fold2_test_portion05,0,0,3,0.9964437666666667,0.0032092596666666666,0.0003469564066666667,0,Fresh,cross_validation,2.0
beef,Spot-CNN,beef_fold2_test_portion05,1,0,3,0.9933566666666667,0.005812212099999999,0.0008310882866666667,0,Fresh,cross_validation,2.0
beef,Spot-CNN,beef_fold2_test_portion05,2,0,3,0.9677000766666667,0.02872880733333333,0.0035711849999999997,0,Fresh,cross_validation,2.0
beef,Spot-CNN,beef_fold2_test_portion05,3,1,3,0.011413060000000001,0.9867831300000001,0.0018038074,1,Sub-fresh,cross_validation,2.0
beef,Spot-CNN,beef_fold2_test_portion05,4,2,3,0.08081388133333334,0.06141828433333333,0.8577678166666667,2,Spoiled,cross_validation,2.0
beef,Spot-CNN,beef_fold2_test_portion05,5,2,3,0.009268489,0.010528852,0.9802026133333334,2,Spoiled,cross_validation,2.0
beef,Spot-CNN,beef_fold2_test_portion05,6,2,3,0.0006775918866666667,0.0028457383333333336,0.99647662,2,Spoiled,cross_validation,2.0
beef,Spot-CNN,beef_fold2_test_portion06,0,0,3,0.9950959,0.0042384121333333335,0.0006657631799999999,0,Fresh,cross_validation,2.0
beef,Spot-CNN,beef_fold2_test_portion06,1,0,3,0.14240932466666667,0.848392,0.009198674766666666,1,Sub-fresh,cross_validation,2.0
beef,Spot-CNN,beef_fold2_test_portion06,2,0,3,0.90191634,0.08738321433333333,0.010700465666666667,0,Fresh,cross_validation,2.0
beef,Spot-CNN,beef_fold2_test_portion06,3,1,3,0.006240636933333334,0.9936441166666666,0.000115221935,1,Sub-fresh,cross_validation,2.0
beef,Spot-CNN,beef_fold2_test_portion06,4,2,3,0.025720484666666668,0.006026283666666667,0.9682532333333334,2,Spoiled,cross_validation,2.0
beef,Spot-CNN,beef_fold2_test_portion06,5,2,3,0.0069623888,0.015761866,0.9772757133333334,2,Spoiled,cross_validation,2.0
beef,Spot-CNN,beef_fold2_test_portion06,6,2,3,0.006440985566666667,0.013204883,0.9803541333333333,2,Spoiled,cross_validation,2.0
beef,Spot-CNN,beef_fold2_test_portion07,0,0,3,0.9948316166666666,0.0031447182333333335,0.0020236620666666664,0,Fresh,cross_validation,2.0
beef,Spot-CNN,beef_fold2_test_portion07,1,0,3,0.2959078766666667,0.6919215133333333,0.0121706195,1,Sub-fresh,cross_validation,2.0
beef,Spot-CNN,beef_fold2_test_portion07,2,0,3,0.9247891233333334,0.039352316666666665,0.03585857766666667,0,Fresh,cross_validation,2.0
beef,Spot-CNN,beef_fold2_test_portion07,3,1,3,0.027121517,0.9717064133333334,0.0011720777866666666,1,Sub-fresh,cross_validation,2.0
beef,Spot-CNN,beef_fold2_test_portion07,4,2,3,0.03956826733333333,0.009557628333333333,0.9508741133333333,2,Spoiled,cross_validation,2.0
beef,Spot-CNN,beef_fold2_test_portion07,5,2,3,0.03979981433333333,0.02928169233333333,0.9309184666666667,2,Spoiled,cross_validation,2.0
beef,Spot-CNN,beef_fold2_test_portion07,6,2,3,0.027219248,0.018545024333333333,0.9542357666666668,2,Spoiled,cross_validation,2.0
beef,Spot-CNN,beef_fold2_test_portion08,0,0,3,0.9974287433333333,0.0018031606999999999,0.0007680991633333334,0,Fresh,cross_validation,2.0
beef,Spot-CNN,beef_fold2_test_portion08,1,0,3,0.9658878833333334,0.03336911833333333,0.0007430450066666667,0,Fresh,cross_validation,2.0
beef,Spot-CNN,beef_fold2_test_portion08,2,0,3,0.9819809666666667,0.015745193,0.0022738296666666665,0,Fresh,cross_validation,2.0
beef,Spot-CNN,beef_fold2_test_portion08,3,1,3,0.07454899100000001,0.9238123666666667,0.0016386626333333334,1,Sub-fresh,cross_validation,2.0
beef,Spot-CNN,beef_fold2_test_portion08,4,2,3,0.014339712,0.010005119333333333,0.9756551166666666,2,Spoiled,cross_validation,2.0
beef,Spot-CNN,beef_fold2_test_portion08,5,2,3,0.0067675716,0.043950553333333336,0.9492818066666667,2,Spoiled,cross_validation,2.0
beef,Spot-CNN,beef_fold2_test_portion08,6,2,3,0.057902678000000006,0.023333311,0.9187640233333334,2,Spoiled,cross_validation,2.0
beef,Spot-CNN,beef_fold2_test_portion09,0,0,3,0.9983103866666667,0.0014411474666666667,0.00024843767,0,Fresh,cross_validation,2.0
beef,Spot-CNN,beef_fold2_test_portion09,1,0,3,0.8369305333333333,0.15944591666666666,0.003623536633333334,0,Fresh,cross_validation,2.0
beef,Spot-CNN,beef_fold2_test_portion09,2,0,3,0.9865666333333333,0.012854168333333332,0.0005791737633333334,0,Fresh,cross_validation,2.0
beef,Spot-CNN,beef_fold2_test_portion09,3,1,3,0.011627874333333335,0.9877955633333334,0.0005765390533333333,1,Sub-fresh,cross_validation,2.0
beef,Spot-CNN,beef_fold2_test_portion09,4,2,3,0.019319008000000002,0.010172835,0.9705081466666666,2,Spoiled,cross_validation,2.0
beef,Spot-CNN,beef_fold2_test_portion09,5,2,3,0.011362685333333332,0.027381312333333335,0.9612559866666667,2,Spoiled,cross_validation,2.0
beef,Spot-CNN,beef_fold2_test_portion09,6,2,3,0.04010205766666667,0.024581503666666667,0.9353164233333334,2,Spoiled,cross_validation,2.0
beef,Spot-CNN,beef_fold2_test_portion10,0,0,3,0.99500245,0.0036765650333333336,0.0013210062666666666,0,Fresh,cross_validation,2.0
beef,Spot-CNN,beef_fold2_test_portion10,1,0,3,0.87223228,0.12683659,0.00093107767,0,Fresh,cross_validation,2.0
beef,Spot-CNN,beef_fold2_test_portion10,2,0,3,0.9272944933333332,0.028530927666666667,0.04417458466666666,0,Fresh,cross_validation,2.0
beef,Spot-CNN,beef_fold2_test_portion10,3,1,3,0.021070228,0.9704001333333333,0.008529629033333333,1,Sub-fresh,cross_validation,2.0
beef,Spot-CNN,beef_fold2_test_portion10,4,2,3,0.003750243133333333,0.005749973133333333,0.9904997566666666,2,Spoiled,cross_validation,2.0
beef,Spot-CNN,beef_fold2_test_portion10,5,2,3,0.0075163224,0.013538908666666667,0.9789447733333333,2,Spoiled,cross_validation,2.0
beef,Spot-CNN,beef_fold2_test_portion10,6,2,3,0.0009539850133333333,0.0033678557666666667,0.9956781533333334,2,Spoiled,cross_validation,2.0
beef,Spot-CNN,beef_fold3_test_portion01,0,0,3,0.8975548400000001,0.007052059,0.09539314866666666,0,Fresh,cross_validation,3.0
beef,Spot-CNN,beef_fold3_test_portion01,1,0,3,0.8183390999999999,0.006204943166666667,0.17545593,0,Fresh,cross_validation,3.0
beef,Spot-CNN,beef_fold3_test_portion01,2,0,3,0.5025929933333334,0.026438229999999997,0.47096878,0,Fresh,cross_validation,3.0
beef,Spot-CNN,beef_fold3_test_portion01,3,1,3,0.35043679666666666,0.32110294333333333,0.32846028,0,Fresh,cross_validation,3.0
beef,Spot-CNN,beef_fold3_test_portion01,4,2,3,0.121119863,0.009368223,0.8695119666666665,2,Spoiled,cross_validation,3.0
beef,Spot-CNN,beef_fold3_test_portion01,5,2,3,0.013269862333333333,0.02135833133333333,0.96537179,2,Spoiled,cross_validation,3.0
beef,Spot-CNN,beef_fold3_test_portion01,6,2,3,0.027092863666666665,0.022029171666666666,0.9508779866666667,2,Spoiled,cross_validation,3.0
beef,Spot-CNN,beef_fold3_test_portion02,0,0,3,0.98404375,0.003301331,0.012654938666666666,0,Fresh,cross_validation,3.0
beef,Spot-CNN,beef_fold3_test_portion02,1,0,3,0.7111177,0.010567867166666666,0.2783144533333333,0,Fresh,cross_validation,3.0
beef,Spot-CNN,beef_fold3_test_portion02,2,0,3,0.78994192,0.044135684,0.16592238,0,Fresh,cross_validation,3.0
beef,Spot-CNN,beef_fold3_test_portion02,3,1,3,0.21778104666666667,0.7541103666666666,0.028108586333333335,1,Sub-fresh,cross_validation,3.0
beef,Spot-CNN,beef_fold3_test_portion02,4,2,3,0.0029314346666666664,0.0013490094333333334,0.9957195400000001,2,Spoiled,cross_validation,3.0
beef,Spot-CNN,beef_fold3_test_portion02,5,2,3,0.017560971999999998,0.026818694,0.9556203333333334,2,Spoiled,cross_validation,3.0
beef,Spot-CNN,beef_fold3_test_portion02,6,2,3,0.0006005797000000001,0.0007043104333333333,0.9986951666666667,2,Spoiled,cross_validation,3.0
beef,Spot-CNN,beef_fold3_test_portion03,0,0,3,0.98091529,0.0031047072333333335,0.015980009333333333,0,Fresh,cross_validation,3.0
beef,Spot-CNN,beef_fold3_test_portion03,1,0,3,0.9934845166666667,0.0013808513,0.0051346637333333335,0,Fresh,cross_validation,3.0
beef,Spot-CNN,beef_fold3_test_portion03,2,0,3,0.9810567099999999,0.011123724333333333,0.007819559666666667,0,Fresh,cross_validation,3.0
beef,Spot-CNN,beef_fold3_test_portion03,3,1,3,0.6259584833333333,0.36490215,0.009139358,0,Fresh,cross_validation,3.0
beef,Spot-CNN,beef_fold3_test_portion03,4,2,3,0.026692759666666666,0.004258515966666667,0.9690487333333334,2,Spoiled,cross_validation,3.0
beef,Spot-CNN,beef_fold3_test_portion03,5,2,3,0.020952871666666668,0.06407576300000001,0.91497137,2,Spoiled,cross_validation,3.0
beef,Spot-CNN,beef_fold3_test_portion03,6,2,3,0.22015768333333333,0.023733142,0.7561091733333333,2,Spoiled,cross_validation,3.0
beef,Spot-CNN,beef_fold3_test_portion04,0,0,3,0.9892639566666667,0.0031482042666666665,0.007587809,0,Fresh,cross_validation,3.0
beef,Spot-CNN,beef_fold3_test_portion04,1,0,3,0.9944243366666666,0.0024930546333333335,0.003082567266666667,0,Fresh,cross_validation,3.0
beef,Spot-CNN,beef_fold3_test_portion04,2,0,3,0.9316819533333334,0.03672145466666667,0.03159662633333333,0,Fresh,cross_validation,3.0
beef,Spot-CNN,beef_fold3_test_portion04,3,1,3,0.23305059333333333,0.68872762,0.07822178166666666,1,Sub-fresh,cross_validation,3.0
beef,Spot-CNN,beef_fold3_test_portion04,4,2,3,0.7975187833333334,0.0102350385,0.19224620666666667,0,Fresh,cross_validation,3.0
beef,Spot-CNN,beef_fold3_test_portion04,5,2,3,0.017191041833333334,0.011348375,0.9714605333333334,2,Spoiled,cross_validation,3.0
beef,Spot-CNN,beef_fold3_test_portion04,6,2,3,0.009049980000000001,0.006883130433333333,0.9840669000000001,2,Spoiled,cross_validation,3.0
beef,Spot-CNN,beef_fold3_test_portion05,0,0,3,0.9961456000000001,0.001980058566666667,0.0018743476333333332,0,Fresh,cross_validation,3.0
beef,Spot-CNN,beef_fold3_test_portion05,1,0,3,0.98741535,0.0040992488,0.0084853585,0,Fresh,cross_validation,3.0
beef,Spot-CNN,beef_fold3_test_portion05,2,0,3,0.8284693466666666,0.01848907333333333,0.1530416,0,Fresh,cross_validation,3.0
beef,Spot-CNN,beef_fold3_test_portion05,3,1,3,0.1703888,0.22649729,0.6031139133333333,2,Spoiled,cross_validation,3.0
beef,Spot-CNN,beef_fold3_test_portion05,4,2,3,0.005942401933333333,0.00085557184,0.9932020333333332,2,Spoiled,cross_validation,3.0
beef,Spot-CNN,beef_fold3_test_portion05,5,2,3,0.007358181133333333,0.022573476,0.9700683466666667,2,Spoiled,cross_validation,3.0
beef,Spot-CNN,beef_fold3_test_portion05,6,2,3,0.008220704666666667,0.0052969353,0.9864823333333333,2,Spoiled,cross_validation,3.0
beef,Spot-CNN,beef_fold3_test_portion06,0,0,3,0.9855026466666666,0.004722298433333333,0.009775068333333333,0,Fresh,cross_validation,3.0
beef,Spot-CNN,beef_fold3_test_portion06,1,0,3,0.6539106666666666,0.2468541333333333,0.09923522,0,Fresh,cross_validation,3.0
beef,Spot-CNN,beef_fold3_test_portion06,2,0,3,0.35863449000000003,0.0088698015,0.63249575,2,Spoiled,cross_validation,3.0
beef,Spot-CNN,beef_fold3_test_portion06,3,1,3,0.08213433999999999,0.5965195900000001,0.32134608,1,Sub-fresh,cross_validation,3.0
beef,Spot-CNN,beef_fold3_test_portion06,4,2,3,0.0045318915,0.0008247612566666668,0.99464338,2,Spoiled,cross_validation,3.0
beef,Spot-CNN,beef_fold3_test_portion06,5,2,3,0.022179036,0.012307785333333333,0.9655132000000001,2,Spoiled,cross_validation,3.0
beef,Spot-CNN,beef_fold3_test_portion06,6,2,3,0.08875072666666667,0.045742198000000005,0.86550703,2,Spoiled,cross_validation,3.0
beef,Spot-CNN,beef_fold3_test_portion07,0,0,3,0.9958849333333334,0.0011582844333333333,0.002956785866666667,0,Fresh,cross_validation,3.0
beef,Spot-CNN,beef_fold3_test_portion07,1,0,3,0.4037041966666666,0.4159393,0.18035651666666666,1,Sub-fresh,cross_validation,3.0
beef,Spot-CNN,beef_fold3_test_portion07,2,0,3,0.9737175133333333,0.006447551133333333,0.019834898333333333,0,Fresh,cross_validation,3.0
beef,Spot-CNN,beef_fold3_test_portion07,3,1,3,0.037649539333333336,0.9620588733333334,0.00029161074333333334,1,Sub-fresh,cross_validation,3.0
beef,Spot-CNN,beef_fold3_test_portion07,4,2,3,0.010485788000000001,0.0015259372666666666,0.9879882666666667,2,Spoiled,cross_validation,3.0
beef,Spot-CNN,beef_fold3_test_portion07,5,2,3,0.014589293833333334,0.033815887999999995,0.9515947800000001,2,Spoiled,cross_validation,3.0
beef,Spot-CNN,beef_fold3_test_portion07,6,2,3,0.015386550166666665,0.014811767833333335,0.9698016333333334,2,Spoiled,cross_validation,3.0
beef,Spot-CNN,beef_fold3_test_portion08,0,0,3,0.9657465366666668,0.004010634966666667,0.030242834333333333,0,Fresh,cross_validation,3.0
beef,Spot-CNN,beef_fold3_test_portion08,1,0,3,0.9659648666666666,0.026576097333333337,0.007458992633333334,0,Fresh,cross_validation,3.0
beef,Spot-CNN,beef_fold3_test_portion08,2,0,3,0.97773172,0.019003119333333336,0.0032651858999999997,0,Fresh,cross_validation,3.0
beef,Spot-CNN,beef_fold3_test_portion08,3,1,3,0.5159075333333333,0.4757181533333334,0.008374295666666668,0,Fresh,cross_validation,3.0
beef,Spot-CNN,beef_fold3_test_portion08,4,2,3,0.43797245333333334,0.009870895666666666,0.55215666,2,Spoiled,cross_validation,3.0
beef,Spot-CNN,beef_fold3_test_portion08,5,2,3,0.09338411499999999,0.08089574866666667,0.8257201766666666,2,Spoiled,cross_validation,3.0
beef,Spot-CNN,beef_fold3_test_portion08,6,2,3,0.03665891733333334,0.017588099666666666,0.9457529666666668,2,Spoiled,cross_validation,3.0
beef,Spot-CNN,beef_fold3_test_portion09,0,0,3,0.9951413133333333,0.002576244,0.0022825138666666667,0,Fresh,cross_validation,3.0
beef,Spot-CNN,beef_fold3_test_portion09,1,0,3,0.48758651000000003,0.40715868,0.10525479666666666,0,Fresh,cross_validation,3.0
beef,Spot-CNN,beef_fold3_test_portion09,2,0,3,0.47643281,0.029192109000000004,0.49437507333333336,2,Spoiled,cross_validation,3.0
beef,Spot-CNN,beef_fold3_test_portion09,3,1,3,0.07766137166666666,0.9149407466666667,0.007397908566666667,1,Sub-fresh,cross_validation,3.0
beef,Spot-CNN,beef_fold3_test_portion09,4,2,3,0.0035158458333333334,0.0014730437,0.9950110833333333,2,Spoiled,cross_validation,3.0
beef,Spot-CNN,beef_fold3_test_portion09,5,2,3,0.02439748966666667,0.21664889333333334,0.7589535766666667,2,Spoiled,cross_validation,3.0
beef,Spot-CNN,beef_fold3_test_portion09,6,2,3,0.05259736466666667,0.032415867,0.9149867666666666,2,Spoiled,cross_validation,3.0
beef,Spot-CNN,beef_fold3_test_portion10,0,0,3,0.9903743633333333,0.0020521752000000003,0.007573468999999999,0,Fresh,cross_validation,3.0
beef,Spot-CNN,beef_fold3_test_portion10,1,0,3,0.7027806066666665,0.2689983666666667,0.028221048,0,Fresh,cross_validation,3.0
beef,Spot-CNN,beef_fold3_test_portion10,2,0,3,0.7114499033333334,0.014181501,0.2743686066666667,0,Fresh,cross_validation,3.0
beef,Spot-CNN,beef_fold3_test_portion10,3,1,3,0.15804369666666668,0.8368700466666666,0.005086274733333333,1,Sub-fresh,cross_validation,3.0
beef,Spot-CNN,beef_fold3_test_portion10,4,2,3,0.017426886666666665,0.0023073675666666666,0.9802657866666666,2,Spoiled,cross_validation,3.0
beef,Spot-CNN,beef_fold3_test_portion10,5,2,3,0.005966339466666667,0.008531754666666667,0.9855018866666666,2,Spoiled,cross_validation,3.0
beef,Spot-CNN,beef_fold3_test_portion10,6,2,3,0.0050421617,0.004832769433333333,0.9901250833333334,2,Spoiled,cross_validation,3.0
beef,Spot-CNN,beef_fold4_test_portion01,0,0,3,0.77210382,0.05763562,0.17026053666666666,0,Fresh,cross_validation,4.0
beef,Spot-CNN,beef_fold4_test_portion01,1,0,3,0.7797472666666666,0.05785099,0.16240176333333334,0,Fresh,cross_validation,4.0
beef,Spot-CNN,beef_fold4_test_portion01,2,0,3,0.7414522533333333,0.10545039133333334,0.15309734,0,Fresh,cross_validation,4.0
beef,Spot-CNN,beef_fold4_test_portion01,3,1,3,0.3687476033333333,0.5554022,0.07585017000000001,1,Sub-fresh,cross_validation,4.0
beef,Spot-CNN,beef_fold4_test_portion01,4,2,3,0.21073893,0.04984759,0.7394134866666667,2,Spoiled,cross_validation,4.0
beef,Spot-CNN,beef_fold4_test_portion01,5,2,3,0.017376861666666667,0.044664493666666666,0.9379586666666667,2,Spoiled,cross_validation,4.0
beef,Spot-CNN,beef_fold4_test_portion01,6,2,3,0.0019777556666666666,0.0026574432,0.9953647533333333,2,Spoiled,cross_validation,4.0
beef,Spot-CNN,beef_fold4_test_portion02,0,0,3,0.8922247133333334,0.04124271733333333,0.06653252999999999,0,Fresh,cross_validation,4.0
beef,Spot-CNN,beef_fold4_test_portion02,1,0,3,0.8157514333333333,0.088361818,0.09588674333333334,0,Fresh,cross_validation,4.0
beef,Spot-CNN,beef_fold4_test_portion02,2,0,3,0.6647114333333334,0.07253436,0.2627542,0,Fresh,cross_validation,4.0
beef,Spot-CNN,beef_fold4_test_portion02,3,1,3,0.21960359666666665,0.7540159333333333,0.026380451333333332,1,Sub-fresh,cross_validation,4.0
beef,Spot-CNN,beef_fold4_test_portion02,4,2,3,0.4426843733333334,0.10010304799999999,0.4572126,2,Spoiled,cross_validation,4.0
beef,Spot-CNN,beef_fold4_test_portion02,5,2,3,0.03174362333333333,0.04930508633333333,0.9189513033333334,2,Spoiled,cross_validation,4.0
beef,Spot-CNN,beef_fold4_test_portion02,6,2,3,0.008152214,0.0103072265,0.9815405199999999,2,Spoiled,cross_validation,4.0
beef,Spot-CNN,beef_fold4_test_portion03,0,0,3,0.8256282666666667,0.06254228666666667,0.11182946199999999,0,Fresh,cross_validation,4.0
beef,Spot-CNN,beef_fold4_test_portion03,1,0,3,0.8738321866666667,0.053310681666666665,0.07285713366666667,0,Fresh,cross_validation,4.0
beef,Spot-CNN,beef_fold4_test_portion03,2,0,3,0.6950541966666667,0.07032062633333334,0.23462518666666668,0,Fresh,cross_validation,4.0
beef,Spot-CNN,beef_fold4_test_portion03,3,1,3,0.41434850333333334,0.5321352533333333,0.053516245999999996,1,Sub-fresh,cross_validation,4.0
beef,Spot-CNN,beef_fold4_test_portion03,4,2,3,0.60135985,0.095997032,0.30264313666666665,0,Fresh,cross_validation,4.0
beef,Spot-CNN,beef_fold4_test_portion03,5,2,3,0.006543491833333334,0.011289269666666666,0.9821672,2,Spoiled,cross_validation,4.0
beef,Spot-CNN,beef_fold4_test_portion03,6,2,3,0.003997680566666667,0.0056222215,0.99038009,2,Spoiled,cross_validation,4.0
beef,Spot-CNN,beef_fold4_test_portion04,0,0,3,0.9063469866666667,0.04038343566666667,0.053269556333333336,0,Fresh,cross_validation,4.0
beef,Spot-CNN,beef_fold4_test_portion04,1,0,3,0.6786413566666667,0.06687733,0.25448125666666666,0,Fresh,cross_validation,4.0
beef,Spot-CNN,beef_fold4_test_portion04,2,0,3,0.7436308,0.082121308,0.17424793333333333,0,Fresh,cross_validation,4.0
beef,Spot-CNN,beef_fold4_test_portion04,3,1,3,0.2641367133333334,0.5796868866666667,0.15617637666666667,1,Sub-fresh,cross_validation,4.0
beef,Spot-CNN,beef_fold4_test_portion04,4,2,3,0.36992494333333337,0.08429298,0.5457820666666667,2,Spoiled,cross_validation,4.0
beef,Spot-CNN,beef_fold4_test_portion04,5,2,3,0.009485876833333332,0.017023339666666668,0.9734908,2,Spoiled,cross_validation,4.0
beef,Spot-CNN,beef_fold4_test_portion04,6,2,3,0.0016395691666666668,0.0028199162333333336,0.9955405333333333,2,Spoiled,cross_validation,4.0
beef,Spot-CNN,beef_fold4_test_portion05,0,0,3,0.9175036,0.033365848,0.04913057166666667,0,Fresh,cross_validation,4.0
beef,Spot-CNN,beef_fold4_test_portion05,1,0,3,0.7743816666666667,0.060194556,0.16542374333333335,0,Fresh,cross_validation,4.0
beef,Spot-CNN,beef_fold4_test_portion05,2,0,3,0.5801319466666667,0.115652613,0.30421544333333334,0,Fresh,cross_validation,4.0
beef,Spot-CNN,beef_fold4_test_portion05,3,1,3,0.41802897,0.46430377000000006,0.11766724466666667,1,Sub-fresh,cross_validation,4.0
beef,Spot-CNN,beef_fold4_test_portion05,4,2,3,0.31699264666666666,0.06142751933333334,0.6215798033333333,2,Spoiled,cross_validation,4.0
beef,Spot-CNN,beef_fold4_test_portion05,5,2,3,0.050411874,0.11299074800000002,0.83659741,2,Spoiled,cross_validation,4.0
beef,Spot-CNN,beef_fold4_test_portion05,6,2,3,0.004828388966666667,0.004475299766666667,0.9906962633333333,2,Spoiled,cross_validation,4.0
beef,Spot-CNN,beef_fold4_test_portion06,0,0,3,0.8759489833333333,0.052609445,0.071441536,0,Fresh,cross_validation,4.0
beef,Spot-CNN,beef_fold4_test_portion06,1,0,3,0.3575295166666667,0.43367345333333335,0.20879702666666666,1,Sub-fresh,cross_validation,4.0
beef,Spot-CNN,beef_fold4_test_portion06,2,0,3,0.6804152933333333,0.07545828966666666,0.24412641000000002,0,Fresh,cross_validation,4.0
beef,Spot-CNN,beef_fold4_test_portion06,3,1,3,0.28678776,0.53576921,0.17744304,1,Sub-fresh,cross_validation,4.0
beef,Spot-CNN,beef_fold4_test_portion06,4,2,3,0.043187203,0.016822559,0.9399902333333333,2,Spoiled,cross_validation,4.0
beef,Spot-CNN,beef_fold4_test_portion06,5,2,3,0.01304585,0.039184988,0.9477691366666666,2,Spoiled,cross_validation,4.0
beef,Spot-CNN,beef_fold4_test_portion06,6,2,3,0.002417071733333333,0.0031330169,0.99444992,2,Spoiled,cross_validation,4.0
beef,Spot-CNN,beef_fold4_test_portion07,0,0,3,0.8797928333333332,0.06279179833333333,0.057415424666666666,0,Fresh,cross_validation,4.0
beef,Spot-CNN,beef_fold4_test_portion07,1,0,3,0.57668217,0.34283475333333335,0.08048308,0,Fresh,cross_validation,4.0
beef,Spot-CNN,beef_fold4_test_portion07,2,0,3,0.8201904066666666,0.11733348,0.062476123333333335,0,Fresh,cross_validation,4.0
beef,Spot-CNN,beef_fold4_test_portion07,3,1,3,0.21477160333333334,0.7390750233333333,0.04615337433333333,1,Sub-fresh,cross_validation,4.0
beef,Spot-CNN,beef_fold4_test_portion07,4,2,3,0.026920227333333335,0.013233295333333332,0.9598464666666667,2,Spoiled,cross_validation,4.0
beef,Spot-CNN,beef_fold4_test_portion07,5,2,3,0.017838823333333333,0.027878718333333333,0.9542824366666668,2,Spoiled,cross_validation,4.0
beef,Spot-CNN,beef_fold4_test_portion07,6,2,3,0.006687947233333334,0.008095662966666667,0.9852163866666667,2,Spoiled,cross_validation,4.0
beef,Spot-CNN,beef_fold4_test_portion08,0,0,3,0.9085934666666667,0.03712478166666667,0.05428174533333333,0,Fresh,cross_validation,4.0
beef,Spot-CNN,beef_fold4_test_portion08,1,0,3,0.42299959666666664,0.41717529999999997,0.15982512666666668,0,Fresh,cross_validation,4.0
beef,Spot-CNN,beef_fold4_test_portion08,2,0,3,0.7712156766666668,0.12426809999999999,0.10451621,0,Fresh,cross_validation,4.0
beef,Spot-CNN,beef_fold4_test_portion08,3,1,3,0.28002656666666664,0.5973562366666667,0.12261716666666667,1,Sub-fresh,cross_validation,4.0
beef,Spot-CNN,beef_fold4_test_portion08,4,2,3,0.11866971500000001,0.03560496766666667,0.8457253333333333,2,Spoiled,cross_validation,4.0
beef,Spot-CNN,beef_fold4_test_portion08,5,2,3,0.014074586,0.038512309333333335,0.9474130466666667,2,Spoiled,cross_validation,4.0
beef,Spot-CNN,beef_fold4_test_portion08,6,2,3,0.007466993166666667,0.010282393666666667,0.9822505933333333,2,Spoiled,cross_validation,4.0
beef,Spot-CNN,beef_fold4_test_portion09,0,0,3,0.9071364866666666,0.045164963333333336,0.047698572333333335,0,Fresh,cross_validation,4.0
beef,Spot-CNN,beef_fold4_test_portion09,1,0,3,0.4582379966666667,0.4667818133333333,0.07498017833333333,1,Sub-fresh,cross_validation,4.0
beef,Spot-CNN,beef_fold4_test_portion09,2,0,3,0.8210355833333334,0.10414737966666666,0.07481700333333334,0,Fresh,cross_validation,4.0
beef,Spot-CNN,beef_fold4_test_portion09,3,1,3,0.24421240666666666,0.7205171666666667,0.035270431666666664,1,Sub-fresh,cross_validation,4.0
beef,Spot-CNN,beef_fold4_test_portion09,4,2,3,0.11301086133333334,0.033845127333333336,0.8531439666666666,2,Spoiled,cross_validation,4.0
beef,Spot-CNN,beef_fold4_test_portion09,5,2,3,0.11832840466666666,0.27753605666666664,0.6041355066666667,2,Spoiled,cross_validation,4.0
beef,Spot-CNN,beef_fold4_test_portion09,6,2,3,0.019909773333333335,0.013871913,0.9662183400000001,2,Spoiled,cross_validation,4.0
beef,Spot-CNN,beef_fold4_test_portion10,0,0,3,0.8988410333333334,0.03348520033333333,0.067673788,0,Fresh,cross_validation,4.0
beef,Spot-CNN,beef_fold4_test_portion10,1,0,3,0.51227371,0.3756249466666666,0.112101338,0,Fresh,cross_validation,4.0
beef,Spot-CNN,beef_fold4_test_portion10,2,0,3,0.6790092200000001,0.07535223333333334,0.24563853666666668,0,Fresh,cross_validation,4.0
beef,Spot-CNN,beef_fold4_test_portion10,3,1,3,0.33058169333333337,0.57805645,0.09136187466666668,1,Sub-fresh,cross_validation,4.0
beef,Spot-CNN,beef_fold4_test_portion10,4,2,3,0.05657458433333334,0.019398875,0.9240265466666666,2,Spoiled,cross_validation,4.0
beef,Spot-CNN,beef_fold4_test_portion10,5,2,3,0.029345029666666664,0.055518056,0.9151369666666667,2,Spoiled,cross_validation,4.0
beef,Spot-CNN,beef_fold4_test_portion10,6,2,3,0.0026014261666666666,0.0035149352,0.9938836533333334,2,Spoiled,cross_validation,4.0
beef,Tiny-MLP,beef_fold1_test_portion01,0,0,3,0.9154530833333334,0.042933084333333336,0.041613860333333336,0,Fresh,cross_validation,1.0
beef,Tiny-MLP,beef_fold1_test_portion01,1,0,3,0.4391154033333333,0.03923683733333334,0.5216477433333333,2,Spoiled,cross_validation,1.0
beef,Tiny-MLP,beef_fold1_test_portion01,2,0,3,0.6905300200000001,0.04175004699999999,0.26771995,0,Fresh,cross_validation,1.0
beef,Tiny-MLP,beef_fold1_test_portion01,3,1,3,0.038746486000000004,0.93205128,0.029202218999999998,1,Sub-fresh,cross_validation,1.0
beef,Tiny-MLP,beef_fold1_test_portion01,4,2,3,0.015035229666666665,0.007854821733333335,0.9771099433333333,2,Spoiled,cross_validation,1.0
beef,Tiny-MLP,beef_fold1_test_portion01,5,2,3,0.27420168333333333,0.09364447999999999,0.6321538333333333,2,Spoiled,cross_validation,1.0
beef,Tiny-MLP,beef_fold1_test_portion01,6,2,3,0.055834985000000004,0.05159920866666667,0.8925658366666666,2,Spoiled,cross_validation,1.0
beef,Tiny-MLP,beef_fold1_test_portion02,0,0,3,0.9672956200000001,0.021478118666666667,0.011226263333333333,0,Fresh,cross_validation,1.0
beef,Tiny-MLP,beef_fold1_test_portion02,1,0,3,0.7435060533333333,0.051981877333333336,0.20451210333333333,0,Fresh,cross_validation,1.0
beef,Tiny-MLP,beef_fold1_test_portion02,2,0,3,0.3294610433333333,0.032610686,0.6379282466666667,2,Spoiled,cross_validation,1.0
beef,Tiny-MLP,beef_fold1_test_portion02,3,1,3,0.07233670133333334,0.8698383133333333,0.057824993666666664,1,Sub-fresh,cross_validation,1.0
beef,Tiny-MLP,beef_fold1_test_portion02,4,2,3,0.11317700666666668,0.026604004666666667,0.8602189566666666,2,Spoiled,cross_validation,1.0
beef,Tiny-MLP,beef_fold1_test_portion02,5,2,3,0.007824719933333333,0.011353437333333332,0.98082188,2,Spoiled,cross_validation,1.0
beef,Tiny-MLP,beef_fold1_test_portion02,6,2,3,0.010502461999999999,0.01825893933333333,0.9712385633333334,2,Spoiled,cross_validation,1.0
beef,Tiny-MLP,beef_fold1_test_portion03,0,0,3,0.9875104566666666,0.008437072700000001,0.004052463833333333,0,Fresh,cross_validation,1.0
beef,Tiny-MLP,beef_fold1_test_portion03,1,0,3,0.9814334666666666,0.013194621999999998,0.005371922033333333,0,Fresh,cross_validation,1.0
beef,Tiny-MLP,beef_fold1_test_portion03,2,0,3,0.8687423666666666,0.03861511766666667,0.09264251866666667,0,Fresh,cross_validation,1.0
beef,Tiny-MLP,beef_fold1_test_portion03,3,1,3,0.47547473999999995,0.5102851,0.014240188333333334,1,Sub-fresh,cross_validation,1.0
beef,Tiny-MLP,beef_fold1_test_portion03,4,2,3,0.7556384566666666,0.049910712999999995,0.19445080666666667,0,Fresh,cross_validation,1.0
beef,Tiny-MLP,beef_fold1_test_portion03,5,2,3,0.026385462666666665,0.09009510466666666,0.8835194333333334,2,Spoiled,cross_validation,1.0
beef,Tiny-MLP,beef_fold1_test_portion03,6,2,3,0.016167863333333334,0.027954335666666667,0.9558778233333333,2,Spoiled,cross_validation,1.0
beef,Tiny-MLP,beef_fold1_test_portion04,0,0,3,0.9780693333333333,0.016866053333333332,0.005064606866666667,0,Fresh,cross_validation,1.0
beef,Tiny-MLP,beef_fold1_test_portion04,1,0,3,0.8786443433333333,0.03061392,0.090741774,0,Fresh,cross_validation,1.0
beef,Tiny-MLP,beef_fold1_test_portion04,2,0,3,0.8139620166666667,0.04428579566666666,0.141752208,0,Fresh,cross_validation,1.0
beef,Tiny-MLP,beef_fold1_test_portion04,3,1,3,0.04890593000000001,0.9296742666666667,0.021419815999999998,1,Sub-fresh,cross_validation,1.0
beef,Tiny-MLP,beef_fold1_test_portion04,4,2,3,0.034467071999999994,0.008691511333333334,0.9568414833333333,2,Spoiled,cross_validation,1.0
beef,Tiny-MLP,beef_fold1_test_portion04,5,2,3,0.005244893266666666,0.007798746333333333,0.9869563366666666,2,Spoiled,cross_validation,1.0
beef,Tiny-MLP,beef_fold1_test_portion04,6,2,3,0.009056454333333333,0.016175852333333334,0.9747676633333334,2,Spoiled,cross_validation,1.0
beef,Tiny-MLP,beef_fold1_test_portion05,0,0,3,0.9787392466666667,0.012319731666666667,0.008941022,0,Fresh,cross_validation,1.0
beef,Tiny-MLP,beef_fold1_test_portion05,1,0,3,0.9789272699999999,0.015209404000000001,0.005863321466666666,0,Fresh,cross_validation,1.0
beef,Tiny-MLP,beef_fold1_test_portion05,2,0,3,0.9194775000000001,0.047058344,0.033464162,0,Fresh,cross_validation,1.0
beef,Tiny-MLP,beef_fold1_test_portion05,3,1,3,0.6866479133333333,0.29107266,0.02227942466666667,0,Fresh,cross_validation,1.0
beef,Tiny-MLP,beef_fold1_test_portion05,4,2,3,0.6189587566666667,0.06880157633333334,0.31223964666666665,0,Fresh,cross_validation,1.0
beef,Tiny-MLP,beef_fold1_test_portion05,5,2,3,0.006165284333333333,0.012168920333333333,0.9816658133333332,2,Spoiled,cross_validation,1.0
beef,Tiny-MLP,beef_fold1_test_portion05,6,2,3,0.012054407166666668,0.02361803833333333,0.9643275399999999,2,Spoiled,cross_validation,1.0
beef,Tiny-MLP,beef_fold1_test_portion06,0,0,3,0.84885679,0.035000183,0.11614301833333333,0,Fresh,cross_validation,1.0
beef,Tiny-MLP,beef_fold1_test_portion06,1,0,3,0.88939952,0.035522549333333334,0.07507793666666666,0,Fresh,cross_validation,1.0
beef,Tiny-MLP,beef_fold1_test_portion06,2,0,3,0.8629104,0.048422545000000004,0.08866704333333335,0,Fresh,cross_validation,1.0
beef,Tiny-MLP,beef_fold1_test_portion06,3,1,3,0.12031814666666667,0.8629483800000001,0.016733495666666667,1,Sub-fresh,cross_validation,1.0
beef,Tiny-MLP,beef_fold1_test_portion06,4,2,3,0.13979575533333333,0.021864585000000002,0.8383396933333334,2,Spoiled,cross_validation,1.0
beef,Tiny-MLP,beef_fold1_test_portion06,5,2,3,0.0044672873333333335,0.021541389666666664,0.97399132,2,Spoiled,cross_validation,1.0
beef,Tiny-MLP,beef_fold1_test_portion06,6,2,3,0.008417982,0.00972019,0.98186179,2,Spoiled,cross_validation,1.0
beef,Tiny-MLP,beef_fold1_test_portion07,0,0,3,0.9533637166666665,0.024970493666666666,0.021665801666666668,0,Fresh,cross_validation,1.0
beef,Tiny-MLP,beef_fold1_test_portion07,1,0,3,0.6690498833333334,0.31422124999999995,0.016728892,0,Fresh,cross_validation,1.0
beef,Tiny-MLP,beef_fold1_test_portion07,2,0,3,0.9153738733333334,0.04387546,0.04075066533333333,0,Fresh,cross_validation,1.0
beef,Tiny-MLP,beef_fold1_test_portion07,3,1,3,0.6556663266666667,0.32538076666666665,0.018952881333333334,0,Fresh,cross_validation,1.0
beef,Tiny-MLP,beef_fold1_test_portion07,4,2,3,0.02978824966666667,0.0088159,0.9613959,2,Spoiled,cross_validation,1.0
beef,Tiny-MLP,beef_fold1_test_portion07,5,2,3,0.006111282,0.010732608999999999,0.9831560866666665,2,Spoiled,cross_validation,1.0
beef,Tiny-MLP,beef_fold1_test_portion07,6,2,3,0.024863860666666668,0.03349204133333333,0.9416441133333334,2,Spoiled,cross_validation,1.0
beef,Tiny-MLP,beef_fold1_test_portion08,0,0,3,0.9779179,0.019291598,0.0027905354333333334,0,Fresh,cross_validation,1.0
beef,Tiny-MLP,beef_fold1_test_portion08,1,0,3,0.46942134666666663,0.5054164933333333,0.025162166,1,Sub-fresh,cross_validation,1.0
beef,Tiny-MLP,beef_fold1_test_portion08,2,0,3,0.8688526,0.047727004999999996,0.08342039833333333,0,Fresh,cross_validation,1.0
beef,Tiny-MLP,beef_fold1_test_portion08,3,1,3,0.029091535666666668,0.9667133899999999,0.0041950951999999994,1,Sub-fresh,cross_validation,1.0
beef,Tiny-MLP,beef_fold1_test_portion08,4,2,3,0.16461915666666666,0.024472265000000003,0.8109085333333333,2,Spoiled,cross_validation,1.0
beef,Tiny-MLP,beef_fold1_test_portion08,5,2,3,0.027754423666666667,0.11736314666666665,0.85488248,2,Spoiled,cross_validation,1.0
beef,Tiny-MLP,beef_fold1_test_portion08,6,2,3,0.027709872666666663,0.051286569,0.9210036,2,Spoiled,cross_validation,1.0
beef,Tiny-MLP,beef_fold1_test_portion09,0,0,3,0.9924562033333334,0.005611010333333333,0.0019327941,0,Fresh,cross_validation,1.0
beef,Tiny-MLP,beef_fold1_test_portion09,1,0,3,0.7538721833333333,0.2331140966666667,0.013013762333333333,0,Fresh,cross_validation,1.0
beef,Tiny-MLP,beef_fold1_test_portion09,2,0,3,0.97582508,0.015197409666666667,0.008977536,0,Fresh,cross_validation,1.0
beef,Tiny-MLP,beef_fold1_test_portion09,3,1,3,0.04825605733333333,0.9408051333333334,0.0109387982,1,Sub-fresh,cross_validation,1.0
beef,Tiny-MLP,beef_fold1_test_portion09,4,2,3,0.013664468333333332,0.004027988866666666,0.9823075533333333,2,Spoiled,cross_validation,1.0
beef,Tiny-MLP,beef_fold1_test_portion09,5,2,3,0.021675793999999998,0.048197469666666666,0.9301267666666666,2,Spoiled,cross_validation,1.0
beef,Tiny-MLP,beef_fold1_test_portion09,6,2,3,0.017001973,0.028313781666666666,0.9546842333333334,2,Spoiled,cross_validation,1.0
beef,Tiny-MLP,beef_fold1_test_portion10,0,0,3,0.98622539,0.010483432666666667,0.003291193233333333,0,Fresh,cross_validation,1.0
beef,Tiny-MLP,beef_fold1_test_portion10,1,0,3,0.17179004333333334,0.8017297000000001,0.026480283333333337,1,Sub-fresh,cross_validation,1.0
beef,Tiny-MLP,beef_fold1_test_portion10,2,0,3,0.8739912666666667,0.041820188333333334,0.08418855200000001,0,Fresh,cross_validation,1.0
beef,Tiny-MLP,beef_fold1_test_portion10,3,1,3,0.089523008,0.8979460166666667,0.012530982333333334,1,Sub-fresh,cross_validation,1.0
beef,Tiny-MLP,beef_fold1_test_portion10,4,2,3,0.053599131999999994,0.013322805333333333,0.9330780833333333,2,Spoiled,cross_validation,1.0
beef,Tiny-MLP,beef_fold1_test_portion10,5,2,3,0.021120521,0.21433822,0.7645412,2,Spoiled,cross_validation,1.0
beef,Tiny-MLP,beef_fold1_test_portion10,6,2,3,0.0077681892,0.009672411666666667,0.9825594033333335,2,Spoiled,cross_validation,1.0
beef,Tiny-MLP,beef_fold2_test_portion01,0,0,3,0.9333949733333333,0.035868293333333336,0.030736726000000002,0,Fresh,cross_validation,2.0
beef,Tiny-MLP,beef_fold2_test_portion01,1,0,3,0.9162368966666667,0.036834983333333335,0.046928114,0,Fresh,cross_validation,2.0
beef,Tiny-MLP,beef_fold2_test_portion01,2,0,3,0.7114651166666667,0.047193271333333335,0.24134162666666667,0,Fresh,cross_validation,2.0
beef,Tiny-MLP,beef_fold2_test_portion01,3,1,3,0.3602413666666666,0.6078127833333333,0.031945855999999995,1,Sub-fresh,cross_validation,2.0
beef,Tiny-MLP,beef_fold2_test_portion01,4,2,3,0.92564948,0.034676971,0.039673536333333335,0,Fresh,cross_validation,2.0
beef,Tiny-MLP,beef_fold2_test_portion01,5,2,3,0.00036436883,0.00033577799333333333,0.9992998833333333,2,Spoiled,cross_validation,2.0
beef,Tiny-MLP,beef_fold2_test_portion01,6,2,3,0.011614110666666665,0.02074381,0.9676421,2,Spoiled,cross_validation,2.0
beef,Tiny-MLP,beef_fold2_test_portion02,0,0,3,0.91284355,0.038397604333333335,0.04875885533333333,0,Fresh,cross_validation,2.0
beef,Tiny-MLP,beef_fold2_test_portion02,1,0,3,0.8634765066666666,0.04758118066666667,0.08894230333333335,0,Fresh,cross_validation,2.0
beef,Tiny-MLP,beef_fold2_test_portion02,2,0,3,0.5492314066666667,0.044252022,0.4065165766666667,0,Fresh,cross_validation,2.0
beef,Tiny-MLP,beef_fold2_test_portion02,3,1,3,0.07449031833333333,0.91769958,0.007810110566666667,1,Sub-fresh,cross_validation,2.0
beef,Tiny-MLP,beef_fold2_test_portion02,4,2,3,0.12013729133333333,0.022716422,0.8571462566666668,2,Spoiled,cross_validation,2.0
beef,Tiny-MLP,beef_fold2_test_portion02,5,2,3,0.009055875833333333,0.012169232666666667,0.9787749133333333,2,Spoiled,cross_validation,2.0
beef,Tiny-MLP,beef_fold2_test_portion02,6,2,3,0.007372613733333334,0.012472018166666668,0.9801553633333334,2,Spoiled,cross_validation,2.0
beef,Tiny-MLP,beef_fold2_test_portion03,0,0,3,0.9874578233333334,0.008209353233333334,0.0043328296333333335,0,Fresh,cross_validation,2.0
beef,Tiny-MLP,beef_fold2_test_portion03,1,0,3,0.9805920499999999,0.0136436495,0.005764281633333333,0,Fresh,cross_validation,2.0
beef,Tiny-MLP,beef_fold2_test_portion03,2,0,3,0.5207422733333333,0.045548074333333334,0.43370962333333335,0,Fresh,cross_validation,2.0
beef,Tiny-MLP,beef_fold2_test_portion03,3,1,3,0.04120098566666667,0.92390772,0.034891349333333335,1,Sub-fresh,cross_validation,2.0
beef,Tiny-MLP,beef_fold2_test_portion03,4,2,3,0.85132592,0.05720018133333333,0.091473923,0,Fresh,cross_validation,2.0
beef,Tiny-MLP,beef_fold2_test_portion03,5,2,3,0.0030060072666666673,0.006144409533333333,0.9908495566666667,2,Spoiled,cross_validation,2.0
beef,Tiny-MLP,beef_fold2_test_portion03,6,2,3,0.01818811266666667,0.030369992666666668,0.95144188,2,Spoiled,cross_validation,2.0
beef,Tiny-MLP,beef_fold2_test_portion04,0,0,3,0.9868453,0.0082449155,0.004909794666666667,0,Fresh,cross_validation,2.0
beef,Tiny-MLP,beef_fold2_test_portion04,1,0,3,0.9819032533333333,0.012961221666666667,0.0051355397666666665,0,Fresh,cross_validation,2.0
beef,Tiny-MLP,beef_fold2_test_portion04,2,0,3,0.8986930133333333,0.04794449266666667,0.05336249666666667,0,Fresh,cross_validation,2.0
beef,Tiny-MLP,beef_fold2_test_portion04,3,1,3,0.16077823133333333,0.8289580133333333,0.010263723666666667,1,Sub-fresh,cross_validation,2.0
beef,Tiny-MLP,beef_fold2_test_portion04,4,2,3,0.3574737666666667,0.046164430666666666,0.5963618,2,Spoiled,cross_validation,2.0
beef,Tiny-MLP,beef_fold2_test_portion04,5,2,3,0.010737827,0.018346634,0.9709155133333334,2,Spoiled,cross_validation,2.0
beef,Tiny-MLP,beef_fold2_test_portion04,6,2,3,0.013751005666666668,0.025301954666666668,0.96094705,2,Spoiled,cross_validation,2.0
beef,Tiny-MLP,beef_fold2_test_portion05,0,0,3,0.98336192,0.009673064666666667,0.006965017333333333,0,Fresh,cross_validation,2.0
beef,Tiny-MLP,beef_fold2_test_portion05,1,0,3,0.9094669866666667,0.031763307666666664,0.05876971733333333,0,Fresh,cross_validation,2.0
beef,Tiny-MLP,beef_fold2_test_portion05,2,0,3,0.9532060933333333,0.03599115033333333,0.010802771000000001,0,Fresh,cross_validation,2.0
beef,Tiny-MLP,beef_fold2_test_portion05,3,1,3,0.14666430833333333,0.7534432999999999,0.09989237766666666,1,Sub-fresh,cross_validation,2.0
beef,Tiny-MLP,beef_fold2_test_portion05,4,2,3,0.093428293,0.016682441333333336,0.8898892466666667,2,Spoiled,cross_validation,2.0
beef,Tiny-MLP,beef_fold2_test_portion05,5,2,3,0.019544573666666665,0.013020035,0.96743536,2,Spoiled,cross_validation,2.0
beef,Tiny-MLP,beef_fold2_test_portion05,6,2,3,0.005859338833333334,0.009174243666666667,0.9849664666666667,2,Spoiled,cross_validation,2.0
beef,Tiny-MLP,beef_fold2_test_portion06,0,0,3,0.9470389333333333,0.02270346666666667,0.030257555333333335,0,Fresh,cross_validation,2.0
beef,Tiny-MLP,beef_fold2_test_portion06,1,0,3,0.13989013333333333,0.7180122366666666,0.14209763466666667,1,Sub-fresh,cross_validation,2.0
beef,Tiny-MLP,beef_fold2_test_portion06,2,0,3,0.8662169,0.05408696766666667,0.07969612666666666,0,Fresh,cross_validation,2.0
beef,Tiny-MLP,beef_fold2_test_portion06,3,1,3,0.044332554,0.9403492299999999,0.015318211,1,Sub-fresh,cross_validation,2.0
beef,Tiny-MLP,beef_fold2_test_portion06,4,2,3,0.019970106,0.005478994333333333,0.9745508833333334,2,Spoiled,cross_validation,2.0
beef,Tiny-MLP,beef_fold2_test_portion06,5,2,3,0.011062862,0.014467407333333335,0.9744696999999999,2,Spoiled,cross_validation,2.0
beef,Tiny-MLP,beef_fold2_test_portion06,6,2,3,0.008980438333333333,0.015060278666666668,0.9759592333333332,2,Spoiled,cross_validation,2.0
beef,Tiny-MLP,beef_fold2_test_portion07,0,0,3,0.9824518000000001,0.011761437999999999,0.005786732233333334,0,Fresh,cross_validation,2.0
beef,Tiny-MLP,beef_fold2_test_portion07,1,0,3,0.12209174333333334,0.7103794133333333,0.16752885333333334,1,Sub-fresh,cross_validation,2.0
beef,Tiny-MLP,beef_fold2_test_portion07,2,0,3,0.6594737066666667,0.05365498833333333,0.2868713766666667,0,Fresh,cross_validation,2.0
beef,Tiny-MLP,beef_fold2_test_portion07,3,1,3,0.03947406133333333,0.9318394733333334,0.028686489333333332,1,Sub-fresh,cross_validation,2.0
beef,Tiny-MLP,beef_fold2_test_portion07,4,2,3,0.015004243666666667,0.0051721374666666665,0.97982359,2,Spoiled,cross_validation,2.0
beef,Tiny-MLP,beef_fold2_test_portion07,5,2,3,0.016580442333333334,0.020304848,0.96311472,2,Spoiled,cross_validation,2.0
beef,Tiny-MLP,beef_fold2_test_portion07,6,2,3,0.010111695833333332,0.020964407666666667,0.9689239166666667,2,Spoiled,cross_validation,2.0
beef,Tiny-MLP,beef_fold2_test_portion08,0,0,3,0.9806595133333333,0.011739521000000001,0.007600998233333333,0,Fresh,cross_validation,2.0
beef,Tiny-MLP,beef_fold2_test_portion08,1,0,3,0.15799207333333332,0.8277438,0.014264118,1,Sub-fresh,cross_validation,2.0
beef,Tiny-MLP,beef_fold2_test_portion08,2,0,3,0.95820719,0.026823479333333334,0.014969340666666666,0,Fresh,cross_validation,2.0
beef,Tiny-MLP,beef_fold2_test_portion08,3,1,3,0.045295108333333334,0.9434140599999999,0.011290864333333333,1,Sub-fresh,cross_validation,2.0
beef,Tiny-MLP,beef_fold2_test_portion08,4,2,3,0.069768606,0.020714280666666664,0.9095171166666667,2,Spoiled,cross_validation,2.0
beef,Tiny-MLP,beef_fold2_test_portion08,5,2,3,0.0033596511999999996,0.006701551433333334,0.9899387966666667,2,Spoiled,cross_validation,2.0
beef,Tiny-MLP,beef_fold2_test_portion08,6,2,3,0.02066588633333333,0.03971579766666666,0.9396183333333333,2,Spoiled,cross_validation,2.0
beef,Tiny-MLP,beef_fold2_test_portion09,0,0,3,0.9620188666666666,0.021227424999999998,0.016753699,0,Fresh,cross_validation,2.0
beef,Tiny-MLP,beef_fold2_test_portion09,1,0,3,0.53217509,0.4468085,0.021016392999999998,0,Fresh,cross_validation,2.0
beef,Tiny-MLP,beef_fold2_test_portion09,2,0,3,0.9702202533333333,0.018045617666666666,0.011734169333333334,0,Fresh,cross_validation,2.0
beef,Tiny-MLP,beef_fold2_test_portion09,3,1,3,0.07981887533333333,0.90961925,0.010561924166666667,1,Sub-fresh,cross_validation,2.0
beef,Tiny-MLP,beef_fold2_test_portion09,4,2,3,0.042762944,0.010678352166666667,0.9465587233333332,2,Spoiled,cross_validation,2.0
beef,Tiny-MLP,beef_fold2_test_portion09,5,2,3,0.005818183166666667,0.013289653666666667,0.9808921466666667,2,Spoiled,cross_validation,2.0
beef,Tiny-MLP,beef_fold2_test_portion09,6,2,3,0.01627284433333333,0.03276776033333333,0.9509593333333334,2,Spoiled,cross_validation,2.0
beef,Tiny-MLP,beef_fold2_test_portion10,0,0,3,0.9784083933333333,0.016352663666666666,0.0052389461,0,Fresh,cross_validation,2.0
beef,Tiny-MLP,beef_fold2_test_portion10,1,0,3,0.6011538833333333,0.34611501666666666,0.05273111,0,Fresh,cross_validation,2.0
beef,Tiny-MLP,beef_fold2_test_portion10,2,0,3,0.85461021,0.06962982,0.07575997866666667,0,Fresh,cross_validation,2.0
beef,Tiny-MLP,beef_fold2_test_portion10,3,1,3,0.12131376,0.8486545900000001,0.030031655666666667,1,Sub-fresh,cross_validation,2.0
beef,Tiny-MLP,beef_fold2_test_portion10,4,2,3,0.014781014,0.007833768,0.9773851866666666,2,Spoiled,cross_validation,2.0
beef,Tiny-MLP,beef_fold2_test_portion10,5,2,3,0.008043726833333334,0.015417685666666667,0.97653858,2,Spoiled,cross_validation,2.0
beef,Tiny-MLP,beef_fold2_test_portion10,6,2,3,0.005983766933333333,0.009907443666666666,0.9841088333333333,2,Spoiled,cross_validation,2.0
beef,Tiny-MLP,beef_fold3_test_portion01,0,0,3,0.8495958333333333,0.052441273000000004,0.0979629,0,Fresh,cross_validation,3.0
beef,Tiny-MLP,beef_fold3_test_portion01,1,0,3,0.4815195333333333,0.04524613633333333,0.4732343233333333,0,Fresh,cross_validation,3.0
beef,Tiny-MLP,beef_fold3_test_portion01,2,0,3,0.7872120800000001,0.07113666,0.14165128666666668,0,Fresh,cross_validation,3.0
beef,Tiny-MLP,beef_fold3_test_portion01,3,1,3,0.30335772,0.5795072966666667,0.11713494666666667,1,Sub-fresh,cross_validation,3.0
beef,Tiny-MLP,beef_fold3_test_portion01,4,2,3,0.5680547666666667,0.042787272666666674,0.38915794000000004,0,Fresh,cross_validation,3.0
beef,Tiny-MLP,beef_fold3_test_portion01,5,2,3,0.015196951333333333,0.031037585666666662,0.9537654566666666,2,Spoiled,cross_validation,3.0
beef,Tiny-MLP,beef_fold3_test_portion01,6,2,3,0.007929559333333334,0.034226591,0.95784388,2,Spoiled,cross_validation,3.0
beef,Tiny-MLP,beef_fold3_test_portion02,0,0,3,0.9244509333333334,0.026630277999999997,0.04891877,0,Fresh,cross_validation,3.0
beef,Tiny-MLP,beef_fold3_test_portion02,1,0,3,0.5197077666666666,0.051907890000000005,0.4283843733333333,0,Fresh,cross_validation,3.0
beef,Tiny-MLP,beef_fold3_test_portion02,2,0,3,0.8042971166666666,0.06824525466666666,0.12745762,0,Fresh,cross_validation,3.0
beef,Tiny-MLP,beef_fold3_test_portion02,3,1,3,0.17844748833333335,0.8086098,0.012942702,1,Sub-fresh,cross_validation,3.0
beef,Tiny-MLP,beef_fold3_test_portion02,4,2,3,0.0066014527,0.003444277133333333,0.9899542333333334,2,Spoiled,cross_validation,3.0
beef,Tiny-MLP,beef_fold3_test_portion02,5,2,3,0.005249519666666667,0.014898626666666666,0.9798518466666666,2,Spoiled,cross_validation,3.0
beef,Tiny-MLP,beef_fold3_test_portion02,6,2,3,0.004054259033333334,0.009223423,0.9867223800000001,2,Spoiled,cross_validation,3.0
beef,Tiny-MLP,beef_fold3_test_portion03,0,0,3,0.9546652,0.023303144999999997,0.02203159366666667,0,Fresh,cross_validation,3.0
beef,Tiny-MLP,beef_fold3_test_portion03,1,0,3,0.9875672866666667,0.0066567008333333335,0.005776018366666667,0,Fresh,cross_validation,3.0
beef,Tiny-MLP,beef_fold3_test_portion03,2,0,3,0.9831095666666667,0.009299897833333333,0.0075905305666666666,0,Fresh,cross_validation,3.0
beef,Tiny-MLP,beef_fold3_test_portion03,3,1,3,0.2322118333333333,0.7473598533333333,0.020428309333333335,1,Sub-fresh,cross_validation,3.0
beef,Tiny-MLP,beef_fold3_test_portion03,4,2,3,0.043858596,0.009113195833333334,0.94702821,2,Spoiled,cross_validation,3.0
beef,Tiny-MLP,beef_fold3_test_portion03,5,2,3,0.009561223333333334,0.02376532166666667,0.9666734833333334,2,Spoiled,cross_validation,3.0
beef,Tiny-MLP,beef_fold3_test_portion03,6,2,3,0.018845846333333333,0.025915850333333334,0.9552383333333333,2,Spoiled,cross_validation,3.0
beef,Tiny-MLP,beef_fold3_test_portion04,0,0,3,0.9344406866666667,0.027633065333333335,0.037926205666666664,0,Fresh,cross_validation,3.0
beef,Tiny-MLP,beef_fold3_test_portion04,1,0,3,0.9763783666666667,0.013223693666666666,0.010397969666666666,0,Fresh,cross_validation,3.0
beef,Tiny-MLP,beef_fold3_test_portion04,2,0,3,0.9500423466666666,0.033639701,0.016317978333333334,0,Fresh,cross_validation,3.0
beef,Tiny-MLP,beef_fold3_test_portion04,3,1,3,0.21805909999999998,0.7603568733333333,0.021584039,1,Sub-fresh,cross_validation,3.0
beef,Tiny-MLP,beef_fold3_test_portion04,4,2,3,0.5043910266666667,0.038679284333333334,0.4569296166666667,0,Fresh,cross_validation,3.0
beef,Tiny-MLP,beef_fold3_test_portion04,5,2,3,0.0008171732166666667,0.004125052666666667,0.9950577466666667,2,Spoiled,cross_validation,3.0
beef,Tiny-MLP,beef_fold3_test_portion04,6,2,3,0.009212190333333333,0.02425245666666667,0.9665353166666666,2,Spoiled,cross_validation,3.0
beef,Tiny-MLP,beef_fold3_test_portion05,0,0,3,0.9829312199999999,0.011567706333333335,0.0055010065,0,Fresh,cross_validation,3.0
beef,Tiny-MLP,beef_fold3_test_portion05,1,0,3,0.9708566,0.014679305000000002,0.014464063666666667,0,Fresh,cross_validation,3.0
beef,Tiny-MLP,beef_fold3_test_portion05,2,0,3,0.9046522100000001,0.033108919333333334,0.06223882966666666,0,Fresh,cross_validation,3.0
beef,Tiny-MLP,beef_fold3_test_portion05,3,1,3,0.21505354799999998,0.6379399133333333,0.14700652133333333,1,Sub-fresh,cross_validation,3.0
beef,Tiny-MLP,beef_fold3_test_portion05,4,2,3,0.009739893333333333,0.0036356280666666667,0.9866244666666667,2,Spoiled,cross_validation,3.0
beef,Tiny-MLP,beef_fold3_test_portion05,5,2,3,0.0032016683666666666,0.005906395666666667,0.9908918999999999,2,Spoiled,cross_validation,3.0
beef,Tiny-MLP,beef_fold3_test_portion05,6,2,3,0.009517182666666667,0.025301295666666668,0.9651815533333333,2,Spoiled,cross_validation,3.0
beef,Tiny-MLP,beef_fold3_test_portion06,0,0,3,0.95230292,0.028159069,0.019538009666666665,0,Fresh,cross_validation,3.0
beef,Tiny-MLP,beef_fold3_test_portion06,1,0,3,0.4574405733333333,0.52692048,0.015638934833333333,1,Sub-fresh,cross_validation,3.0
beef,Tiny-MLP,beef_fold3_test_portion06,2,0,3,0.8412881666666667,0.05187291733333333,0.10683891666666667,0,Fresh,cross_validation,3.0
beef,Tiny-MLP,beef_fold3_test_portion06,3,1,3,0.10078181666666668,0.68763758,0.21158061533333336,1,Sub-fresh,cross_validation,3.0
beef,Tiny-MLP,beef_fold3_test_portion06,4,2,3,0.008511987666666667,0.0042930449,0.9871950033333333,2,Spoiled,cross_validation,3.0
beef,Tiny-MLP,beef_fold3_test_portion06,5,2,3,0.011302083,0.02494950166666667,0.9637483866666666,2,Spoiled,cross_validation,3.0
beef,Tiny-MLP,beef_fold3_test_portion06,6,2,3,0.005642241466666666,0.024653522333333334,0.9697042666666666,2,Spoiled,cross_validation,3.0
beef,Tiny-MLP,beef_fold3_test_portion07,0,0,3,0.9911878333333334,0.006222205733333333,0.0025899308666666667,0,Fresh,cross_validation,3.0
beef,Tiny-MLP,beef_fold3_test_portion07,1,0,3,0.7067604099999999,0.2723887233333333,0.02085086133333333,0,Fresh,cross_validation,3.0
beef,Tiny-MLP,beef_fold3_test_portion07,2,0,3,0.9430710333333333,0.020955899,0.035973131,0,Fresh,cross_validation,3.0
beef,Tiny-MLP,beef_fold3_test_portion07,3,1,3,0.080466195,0.9180075733333334,0.0015262288533333332,1,Sub-fresh,cross_validation,3.0
beef,Tiny-MLP,beef_fold3_test_portion07,4,2,3,0.012301657333333334,0.004941917733333333,0.9827564666666667,2,Spoiled,cross_validation,3.0
beef,Tiny-MLP,beef_fold3_test_portion07,5,2,3,0.013988673,0.035896964999999996,0.9501143,2,Spoiled,cross_validation,3.0
beef,Tiny-MLP,beef_fold3_test_portion07,6,2,3,0.006048446466666667,0.020478247,0.9734732466666666,2,Spoiled,cross_validation,3.0
beef,Tiny-MLP,beef_fold3_test_portion08,0,0,3,0.96542505,0.019247472666666664,0.015327441499999999,0,Fresh,cross_validation,3.0
beef,Tiny-MLP,beef_fold3_test_portion08,1,0,3,0.8843630666666668,0.11264133999999999,0.002995618,0,Fresh,cross_validation,3.0
beef,Tiny-MLP,beef_fold3_test_portion08,2,0,3,0.9901294799999999,0.008125436333333333,0.0017450818,0,Fresh,cross_validation,3.0
beef,Tiny-MLP,beef_fold3_test_portion08,3,1,3,0.03862597266666667,0.9602564333333333,0.0011175668,1,Sub-fresh,cross_validation,3.0
beef,Tiny-MLP,beef_fold3_test_portion08,4,2,3,0.17356918333333335,0.018683939666666666,0.8077469166666665,2,Spoiled,cross_validation,3.0
beef,Tiny-MLP,beef_fold3_test_portion08,5,2,3,0.03335771866666667,0.039115170666666664,0.9275271433333333,2,Spoiled,cross_validation,3.0
beef,Tiny-MLP,beef_fold3_test_portion08,6,2,3,0.009041177333333332,0.028085052666666666,0.9628737333333333,2,Spoiled,cross_validation,3.0
beef,Tiny-MLP,beef_fold3_test_portion09,0,0,3,0.96577439,0.025210513,0.009015084766666666,0,Fresh,cross_validation,3.0
beef,Tiny-MLP,beef_fold3_test_portion09,1,0,3,0.7649095300000001,0.19985169666666666,0.035238793666666664,0,Fresh,cross_validation,3.0
beef,Tiny-MLP,beef_fold3_test_portion09,2,0,3,0.8043197366666667,0.06892742333333333,0.12675284333333334,0,Fresh,cross_validation,3.0
beef,Tiny-MLP,beef_fold3_test_portion09,3,1,3,0.032494447,0.965302,0.0022035698666666667,1,Sub-fresh,cross_validation,3.0
beef,Tiny-MLP,beef_fold3_test_portion09,4,2,3,0.005554405333333334,0.0038410386333333334,0.9906045533333333,2,Spoiled,cross_validation,3.0
beef,Tiny-MLP,beef_fold3_test_portion09,5,2,3,0.014352706166666668,0.050356352666666666,0.9352909666666668,2,Spoiled,cross_validation,3.0
beef,Tiny-MLP,beef_fold3_test_portion09,6,2,3,0.02790243666666667,0.042669468999999995,0.9294281133333332,2,Spoiled,cross_validation,3.0
beef,Tiny-MLP,beef_fold3_test_portion10,0,0,3,0.9742198599999999,0.014653529333333333,0.011126591666666666,0,Fresh,cross_validation,3.0
beef,Tiny-MLP,beef_fold3_test_portion10,1,0,3,0.8135981800000001,0.16962346333333334,0.016778326,0,Fresh,cross_validation,3.0
beef,Tiny-MLP,beef_fold3_test_portion10,2,0,3,0.8475002666666667,0.03142075233333333,0.12107894000000001,0,Fresh,cross_validation,3.0
beef,Tiny-MLP,beef_fold3_test_portion10,3,1,3,0.24162660666666666,0.7523873333333334,0.005986065833333334,1,Sub-fresh,cross_validation,3.0
beef,Tiny-MLP,beef_fold3_test_portion10,4,2,3,0.029040350333333336,0.008317327166666668,0.9626423666666667,2,Spoiled,cross_validation,3.0
beef,Tiny-MLP,beef_fold3_test_portion10,5,2,3,0.03897460266666666,0.047854921,0.9131704533333332,2,Spoiled,cross_validation,3.0
beef,Tiny-MLP,beef_fold3_test_portion10,6,2,3,0.007174740733333333,0.023289643,0.9695356566666667,2,Spoiled,cross_validation,3.0
beef,Tiny-MLP,beef_fold4_test_portion01,0,0,3,0.7394982666666667,0.09272481666666667,0.16777690666666667,0,Fresh,cross_validation,4.0
beef,Tiny-MLP,beef_fold4_test_portion01,1,0,3,0.8238520500000001,0.061047200999999995,0.11510074333333335,0,Fresh,cross_validation,4.0
beef,Tiny-MLP,beef_fold4_test_portion01,2,0,3,0.9186553233333333,0.03221234633333333,0.04913234,0,Fresh,cross_validation,4.0
beef,Tiny-MLP,beef_fold4_test_portion01,3,1,3,0.023863052666666665,0.9737879133333333,0.0023490587666666666,1,Sub-fresh,cross_validation,4.0
beef,Tiny-MLP,beef_fold4_test_portion01,4,2,3,0.1635881,0.04419159066666667,0.7922203233333334,2,Spoiled,cross_validation,4.0
beef,Tiny-MLP,beef_fold4_test_portion01,5,2,3,0.01947341966666667,0.016442907333333333,0.96408357,2,Spoiled,cross_validation,4.0
beef,Tiny-MLP,beef_fold4_test_portion01,6,2,3,0.005936562033333333,0.019215250333333333,0.9748482133333334,2,Spoiled,cross_validation,4.0
beef,Tiny-MLP,beef_fold4_test_portion02,0,0,3,0.9795167933333334,0.009991291499999999,0.010491857333333333,0,Fresh,cross_validation,4.0
beef,Tiny-MLP,beef_fold4_test_portion02,1,0,3,0.9683733800000001,0.010530823666666666,0.021095771666666666,0,Fresh,cross_validation,4.0
beef,Tiny-MLP,beef_fold4_test_portion02,2,0,3,0.7520387999999999,0.03626078,0.21170045666666668,0,Fresh,cross_validation,4.0
beef,Tiny-MLP,beef_fold4_test_portion02,3,1,3,0.0018113703,0.9977068766666667,0.00048175431666666667,1,Sub-fresh,cross_validation,4.0
beef,Tiny-MLP,beef_fold4_test_portion02,4,2,3,0.37138332,0.03374628833333333,0.5948704100000001,2,Spoiled,cross_validation,4.0
beef,Tiny-MLP,beef_fold4_test_portion02,5,2,3,0.0013892908666666667,0.012720956,0.9858897833333332,2,Spoiled,cross_validation,4.0
beef,Tiny-MLP,beef_fold4_test_portion02,6,2,3,0.010427077666666666,0.032407922666666665,0.95716503,2,Spoiled,cross_validation,4.0
beef,Tiny-MLP,beef_fold4_test_portion03,0,0,3,0.9010642999999999,0.045599482999999996,0.053336264,0,Fresh,cross_validation,4.0
beef,Tiny-MLP,beef_fold4_test_portion03,1,0,3,0.972816,0.012198248666666666,0.014985690666666667,0,Fresh,cross_validation,4.0
beef,Tiny-MLP,beef_fold4_test_portion03,2,0,3,0.8715722433333334,0.026344149333333334,0.10208361666666667,0,Fresh,cross_validation,4.0
beef,Tiny-MLP,beef_fold4_test_portion03,3,1,3,0.13819025866666665,0.8585348,0.003274926766666667,1,Sub-fresh,cross_validation,4.0
beef,Tiny-MLP,beef_fold4_test_portion03,4,2,3,0.8751496266666666,0.032960567333333336,0.091889785,0,Fresh,cross_validation,4.0
beef,Tiny-MLP,beef_fold4_test_portion03,5,2,3,0.005108146466666667,0.007341418166666666,0.9875504733333332,2,Spoiled,cross_validation,4.0
beef,Tiny-MLP,beef_fold4_test_portion03,6,2,3,0.005050358466666667,0.018791029333333334,0.9761586333333333,2,Spoiled,cross_validation,4.0
beef,Tiny-MLP,beef_fold4_test_portion04,0,0,3,0.9789551933333334,0.011665773999999999,0.009379026666666667,0,Fresh,cross_validation,4.0
beef,Tiny-MLP,beef_fold4_test_portion04,1,0,3,0.7125776633333333,0.03729706666666666,0.2501252233333333,0,Fresh,cross_validation,4.0
beef,Tiny-MLP,beef_fold4_test_portion04,2,0,3,0.5655231033333333,0.051125201,0.38335175000000005,0,Fresh,cross_validation,4.0
beef,Tiny-MLP,beef_fold4_test_portion04,3,1,3,0.011079022066666666,0.9868058333333334,0.0021151597333333334,1,Sub-fresh,cross_validation,4.0
beef,Tiny-MLP,beef_fold4_test_portion04,4,2,3,0.20887174,0.03723920133333333,0.7538890133333332,2,Spoiled,cross_validation,4.0
beef,Tiny-MLP,beef_fold4_test_portion04,5,2,3,0.00027480474666666667,0.015157697,0.9845675066666667,2,Spoiled,cross_validation,4.0
beef,Tiny-MLP,beef_fold4_test_portion04,6,2,3,0.011862062333333333,0.02194482266666667,0.9661931500000001,2,Spoiled,cross_validation,4.0
beef,Tiny-MLP,beef_fold4_test_portion05,0,0,3,0.9718961166666666,0.012277681333333332,0.015826211333333333,0,Fresh,cross_validation,4.0
beef,Tiny-MLP,beef_fold4_test_portion05,1,0,3,0.8674665,0.02781816766666667,0.10471534666666667,0,Fresh,cross_validation,4.0
beef,Tiny-MLP,beef_fold4_test_portion05,2,0,3,0.7755794666666667,0.04090272266666666,0.18351776333333336,0,Fresh,cross_validation,4.0
beef,Tiny-MLP,beef_fold4_test_portion05,3,1,3,0.2572773,0.7346239,0.008098832733333334,1,Sub-fresh,cross_validation,4.0
beef,Tiny-MLP,beef_fold4_test_portion05,4,2,3,0.23984432333333336,0.031804432333333334,0.7283512333333334,2,Spoiled,cross_validation,4.0
beef,Tiny-MLP,beef_fold4_test_portion05,5,2,3,0.09883820466666667,0.023651295666666666,0.8775105133333333,2,Spoiled,cross_validation,4.0
beef,Tiny-MLP,beef_fold4_test_portion05,6,2,3,0.0026594681,0.021751912999999998,0.97558861,2,Spoiled,cross_validation,4.0
beef,Tiny-MLP,beef_fold4_test_portion06,0,0,3,0.97254947,0.013848984333333333,0.013601538333333335,0,Fresh,cross_validation,4.0
beef,Tiny-MLP,beef_fold4_test_portion06,1,0,3,0.9309561833333334,0.05439591133333333,0.014647911999999999,0,Fresh,cross_validation,4.0
beef,Tiny-MLP,beef_fold4_test_portion06,2,0,3,0.85215548,0.054651797999999994,0.09319271833333333,0,Fresh,cross_validation,4.0
beef,Tiny-MLP,beef_fold4_test_portion06,3,1,3,0.32412512666666665,0.6546333433333333,0.021241509333333335,1,Sub-fresh,cross_validation,4.0
beef,Tiny-MLP,beef_fold4_test_portion06,4,2,3,0.025936913333333336,0.020313570333333333,0.9537495166666666,2,Spoiled,cross_validation,4.0
beef,Tiny-MLP,beef_fold4_test_portion06,5,2,3,0.001993914733333333,0.04390221666666666,0.9541038533333334,2,Spoiled,cross_validation,4.0
beef,Tiny-MLP,beef_fold4_test_portion06,6,2,3,0.016249030333333334,0.0136736395,0.9700773933333333,2,Spoiled,cross_validation,4.0
beef,Tiny-MLP,beef_fold4_test_portion07,0,0,3,0.9098074233333334,0.07592918633333333,0.014263359333333331,0,Fresh,cross_validation,4.0
beef,Tiny-MLP,beef_fold4_test_portion07,1,0,3,0.9207642033333334,0.07542347966666667,0.0038122881,0,Fresh,cross_validation,4.0
beef,Tiny-MLP,beef_fold4_test_portion07,2,0,3,0.97603011,0.010680191,0.013289734666666666,0,Fresh,cross_validation,4.0
beef,Tiny-MLP,beef_fold4_test_portion07,3,1,3,0.011881405,0.98636181,0.0017568208333333332,1,Sub-fresh,cross_validation,4.0
beef,Tiny-MLP,beef_fold4_test_portion07,4,2,3,0.017241183666666667,0.012326596666666667,0.9704322900000001,2,Spoiled,cross_validation,4.0
beef,Tiny-MLP,beef_fold4_test_portion07,5,2,3,0.012763972666666666,0.021987935666666666,0.9652481133333334,2,Spoiled,cross_validation,4.0
beef,Tiny-MLP,beef_fold4_test_portion07,6,2,3,0.008619288833333334,0.018171655666666665,0.9732090866666666,2,Spoiled,cross_validation,4.0
beef,Tiny-MLP,beef_fold4_test_portion08,0,0,3,0.97878068,0.010729428999999999,0.010489926666666668,0,Fresh,cross_validation,4.0
beef,Tiny-MLP,beef_fold4_test_portion08,1,0,3,0.9196309633333334,0.048800242333333334,0.0315688,0,Fresh,cross_validation,4.0
beef,Tiny-MLP,beef_fold4_test_portion08,2,0,3,0.9219404466666666,0.036889709666666666,0.04116981233333333,0,Fresh,cross_validation,4.0
beef,Tiny-MLP,beef_fold4_test_portion08,3,1,3,0.101274735,0.8935126233333333,0.0052126548333333335,1,Sub-fresh,cross_validation,4.0
beef,Tiny-MLP,beef_fold4_test_portion08,4,2,3,0.03748880866666667,0.014451866333333334,0.9480593366666668,2,Spoiled,cross_validation,4.0
beef,Tiny-MLP,beef_fold4_test_portion08,5,2,3,0.006486233666666667,0.018719264333333333,0.9747944666666667,2,Spoiled,cross_validation,4.0
beef,Tiny-MLP,beef_fold4_test_portion08,6,2,3,0.017141249666666667,0.02927550433333333,0.9535831766666667,2,Spoiled,cross_validation,4.0
beef,Tiny-MLP,beef_fold4_test_portion09,0,0,3,0.9732946466666667,0.014986003333333333,0.011719342666666667,0,Fresh,cross_validation,4.0
beef,Tiny-MLP,beef_fold4_test_portion09,1,0,3,0.5121038266666667,0.47539323333333333,0.012502920333333334,0,Fresh,cross_validation,4.0
beef,Tiny-MLP,beef_fold4_test_portion09,2,0,3,0.9030045000000001,0.043792624333333335,0.053202856666666666,0,Fresh,cross_validation,4.0
beef,Tiny-MLP,beef_fold4_test_portion09,3,1,3,0.0018404474333333332,0.9978860466666667,0.00027346606333333336,1,Sub-fresh,cross_validation,4.0
beef,Tiny-MLP,beef_fold4_test_portion09,4,2,3,0.11618661333333334,0.03383229066666667,0.8499810533333333,2,Spoiled,cross_validation,4.0
beef,Tiny-MLP,beef_fold4_test_portion09,5,2,3,0.005504216566666667,0.9190201633333333,0.07547562866666667,1,Sub-fresh,cross_validation,4.0
beef,Tiny-MLP,beef_fold4_test_portion09,6,2,3,0.08943847666666667,0.15544624166666665,0.75511527,2,Spoiled,cross_validation,4.0
beef,Tiny-MLP,beef_fold4_test_portion10,0,0,3,0.9722802666666667,0.016082825666666665,0.011636937166666667,0,Fresh,cross_validation,4.0
beef,Tiny-MLP,beef_fold4_test_portion10,1,0,3,0.9370792866666666,0.056967724666666664,0.005953033633333334,0,Fresh,cross_validation,4.0
beef,Tiny-MLP,beef_fold4_test_portion10,2,0,3,0.8042584533333333,0.038103367,0.15763820666666667,0,Fresh,cross_validation,4.0
beef,Tiny-MLP,beef_fold4_test_portion10,3,1,3,0.2537335,0.7416333066666666,0.004633216700000001,1,Sub-fresh,cross_validation,4.0
beef,Tiny-MLP,beef_fold4_test_portion10,4,2,3,0.03869751533333333,0.015532440333333333,0.94577007,2,Spoiled,cross_validation,4.0
beef,Tiny-MLP,beef_fold4_test_portion10,5,2,3,0.16018269333333332,0.23750459999999998,0.6023126966666666,2,Spoiled,cross_validation,4.0
beef,Tiny-MLP,beef_fold4_test_portion10,6,2,3,0.0029783725333333336,0.038768367,0.9582532433333334,2,Spoiled,cross_validation,4.0
pork,EfficientNet-Lite0,pork_fold1_test_portion01,0,0,3,0.91130246,0.06250494766666666,0.026192561333333336,0,Fresh,cross_validation,1.0
pork,EfficientNet-Lite0,pork_fold1_test_portion01,1,0,3,0.96932731,0.021512876333333333,0.009159834,0,Fresh,cross_validation,1.0
pork,EfficientNet-Lite0,pork_fold1_test_portion01,2,0,3,0.9684396,0.020930268000000002,0.010630117,0,Fresh,cross_validation,1.0
pork,EfficientNet-Lite0,pork_fold1_test_portion01,3,0,3,0.9658104033333333,0.020693628000000002,0.013495994999999998,0,Fresh,cross_validation,1.0
pork,EfficientNet-Lite0,pork_fold1_test_portion01,4,1,3,0.10515096566666667,0.7475186666666667,0.147330344,1,Sub-fresh,cross_validation,1.0
pork,EfficientNet-Lite0,pork_fold1_test_portion01,5,2,3,0.0018191602333333331,0.05027292133333333,0.9479079366666667,2,Spoiled,cross_validation,1.0
pork,EfficientNet-Lite0,pork_fold1_test_portion01,6,2,3,0.0013102039333333334,0.028663455,0.97002633,2,Spoiled,cross_validation,1.0
pork,EfficientNet-Lite0,pork_fold1_test_portion02,0,0,3,0.9788435333333334,0.017976687,0.0031797842666666663,0,Fresh,cross_validation,1.0
pork,EfficientNet-Lite0,pork_fold1_test_portion02,1,0,3,0.9706205133333334,0.02286626933333333,0.0065132442,0,Fresh,cross_validation,1.0
pork,EfficientNet-Lite0,pork_fold1_test_portion02,2,0,3,0.9683077999999999,0.025587803333333336,0.0061043296666666675,0,Fresh,cross_validation,1.0
pork,EfficientNet-Lite0,pork_fold1_test_portion02,3,0,3,0.9723777033333333,0.018564796333333335,0.009057471166666666,0,Fresh,cross_validation,1.0
pork,EfficientNet-Lite0,pork_fold1_test_portion02,4,1,3,0.0021504118,0.9935913333333334,0.0042582771333333335,1,Sub-fresh,cross_validation,1.0
pork,EfficientNet-Lite0,pork_fold1_test_portion02,5,2,3,0.0032990469666666668,0.9910808333333333,0.005620138833333334,1,Sub-fresh,cross_validation,1.0
pork,EfficientNet-Lite0,pork_fold1_test_portion02,6,2,3,0.0019334218,0.027856586666666665,0.9702099666666667,2,Spoiled,cross_validation,1.0
pork,EfficientNet-Lite0,pork_fold1_test_portion03,0,0,3,0.9786028,0.01700803366666667,0.004389170666666667,0,Fresh,cross_validation,1.0
pork,EfficientNet-Lite0,pork_fold1_test_portion03,1,0,3,0.9610107533333334,0.034645260000000004,0.004343980766666667,0,Fresh,cross_validation,1.0
pork,EfficientNet-Lite0,pork_fold1_test_portion03,2,0,3,0.9661510333333333,0.028365444333333333,0.005483533566666666,0,Fresh,cross_validation,1.0
pork,EfficientNet-Lite0,pork_fold1_test_portion03,3,0,3,0.9771714399999999,0.018239928333333332,0.004588654266666666,0,Fresh,cross_validation,1.0
pork,EfficientNet-Lite0,pork_fold1_test_portion03,4,1,3,0.0036533399,0.9931436433333333,0.0032030539000000003,1,Sub-fresh,cross_validation,1.0
pork,EfficientNet-Lite0,pork_fold1_test_portion03,5,2,3,0.0035527962333333335,0.031516201333333334,0.96493098,2,Spoiled,cross_validation,1.0
pork,EfficientNet-Lite0,pork_fold1_test_portion03,6,2,3,0.0016377311000000002,0.033600733,0.96476153,2,Spoiled,cross_validation,1.0
pork,EfficientNet-Lite0,pork_fold1_test_portion04,0,0,3,0.97423495,0.017968257333333335,0.007796813333333333,0,Fresh,cross_validation,1.0
pork,EfficientNet-Lite0,pork_fold1_test_portion04,1,0,3,0.9753232566666666,0.017225104,0.0074516342000000005,0,Fresh,cross_validation,1.0
pork,EfficientNet-Lite0,pork_fold1_test_portion04,2,0,3,0.9750628333333333,0.01815677333333333,0.006780380666666666,0,Fresh,cross_validation,1.0
pork,EfficientNet-Lite0,pork_fold1_test_portion04,3,0,3,0.9728012333333332,0.019631755333333334,0.007566959633333334,0,Fresh,cross_validation,1.0
pork,EfficientNet-Lite0,pork_fold1_test_portion04,4,1,3,0.71892915,0.2577352826666667,0.023335587666666668,0,Fresh,cross_validation,1.0
pork,EfficientNet-Lite0,pork_fold1_test_portion04,5,2,3,0.06320976266666667,0.8775378833333334,0.05925232933333333,1,Sub-fresh,cross_validation,1.0
pork,EfficientNet-Lite0,pork_fold1_test_portion04,6,2,3,0.0010725102500000001,0.03253362766666667,0.9663938499999999,2,Spoiled,cross_validation,1.0
pork,EfficientNet-Lite0,pork_fold1_test_portion05,0,0,3,0.9692149900000001,0.023009694333333334,0.0077753100000000006,0,Fresh,cross_validation,1.0
pork,EfficientNet-Lite0,pork_fold1_test_portion05,1,0,3,0.9771024666666666,0.017625617666666666,0.005271898433333334,0,Fresh,cross_validation,1.0
pork,EfficientNet-Lite0,pork_fold1_test_portion05,2,0,3,0.9746224,0.019347425,0.0060302045000000006,0,Fresh,cross_validation,1.0
pork,EfficientNet-Lite0,pork_fold1_test_portion05,3,0,3,0.9649908433333333,0.025962365666666667,0.009046767333333332,0,Fresh,cross_validation,1.0
pork,EfficientNet-Lite0,pork_fold1_test_portion05,4,1,3,0.0660169912,0.9166804133333333,0.017302594666666667,1,Sub-fresh,cross_validation,1.0
pork,EfficientNet-Lite0,pork_fold1_test_portion05,5,2,3,0.0008204496000000001,0.037958036,0.9612215000000001,2,Spoiled,cross_validation,1.0
pork,EfficientNet-Lite0,pork_fold1_test_portion05,6,2,3,0.0014311178,0.031725694666666665,0.96684322,2,Spoiled,cross_validation,1.0
pork,EfficientNet-Lite0,pork_fold1_test_portion06,0,0,3,0.9723508500000001,0.020800811,0.0068483803999999995,0,Fresh,cross_validation,1.0
pork,EfficientNet-Lite0,pork_fold1_test_portion06,1,0,3,0.9797800133333333,0.016128559333333334,0.0040914242,0,Fresh,cross_validation,1.0
pork,EfficientNet-Lite0,pork_fold1_test_portion06,2,0,3,0.97225708,0.021354094333333334,0.006388816733333334,0,Fresh,cross_validation,1.0
pork,EfficientNet-Lite0,pork_fold1_test_portion06,3,0,3,0.97854322,0.017168646,0.004288199533333334,0,Fresh,cross_validation,1.0
pork,EfficientNet-Lite0,pork_fold1_test_portion06,4,1,3,0.260282664,0.7285215333333334,0.011195847233333334,1,Sub-fresh,cross_validation,1.0
pork,EfficientNet-Lite0,pork_fold1_test_portion06,5,2,3,0.15487167,0.47616685666666675,0.36896147333333335,1,Sub-fresh,cross_validation,1.0
pork,EfficientNet-Lite0,pork_fold1_test_portion06,6,2,3,0.0013328271000000002,0.346799952,0.65186724,2,Spoiled,cross_validation,1.0
pork,EfficientNet-Lite0,pork_fold1_test_portion07,0,0,3,0.9798293766666667,0.016039005999999998,0.004131640766666667,0,Fresh,cross_validation,1.0
pork,EfficientNet-Lite0,pork_fold1_test_portion07,1,0,3,0.9737362566666666,0.019774878,0.006488883533333333,0,Fresh,cross_validation,1.0
pork,EfficientNet-Lite0,pork_fold1_test_portion07,2,0,3,0.9824096666666667,0.014461671666666667,0.003128674,0,Fresh,cross_validation,1.0
pork,EfficientNet-Lite0,pork_fold1_test_portion07,3,0,3,0.9804439,0.014701772666666668,0.004854303133333334,0,Fresh,cross_validation,1.0
pork,EfficientNet-Lite0,pork_fold1_test_portion07,4,1,3,0.004582357933333333,0.98837092,0.007046673033333333,1,Sub-fresh,cross_validation,1.0
pork,EfficientNet-Lite0,pork_fold1_test_portion07,5,2,3,0.0023117123,0.02882531166666667,0.9688629799999999,2,Spoiled,cross_validation,1.0
pork,EfficientNet-Lite0,pork_fold1_test_portion07,6,2,3,0.0016983274666666666,0.030971394333333332,0.9673302433333334,2,Spoiled,cross_validation,1.0
pork,EfficientNet-Lite0,pork_fold1_test_portion08,0,0,3,0.5102030274333333,0.4785537933333333,0.011243176666666667,0,Fresh,cross_validation,1.0
pork,EfficientNet-Lite0,pork_fold1_test_portion08,1,0,3,0.9309740666666667,0.05083711833333333,0.018188835,0,Fresh,cross_validation,1.0
pork,EfficientNet-Lite0,pork_fold1_test_portion08,2,0,3,0.055856548000000006,0.9353977666666666,0.008745695766666667,1,Sub-fresh,cross_validation,1.0
pork,EfficientNet-Lite0,pork_fold1_test_portion08,3,0,3,0.9383906266666667,0.044764835333333336,0.016844577666666666,0,Fresh,cross_validation,1.0
pork,EfficientNet-Lite0,pork_fold1_test_portion08,4,1,3,0.0010910121866666666,0.9962345666666668,0.0026743962,1,Sub-fresh,cross_validation,1.0
pork,EfficientNet-Lite0,pork_fold1_test_portion08,5,2,3,0.0071909636,0.5299498846666667,0.46285915133333333,1,Sub-fresh,cross_validation,1.0
pork,EfficientNet-Lite0,pork_fold1_test_portion08,6,2,3,0.0035477942000000004,0.049066104,0.9473861366666666,2,Spoiled,cross_validation,1.0
pork,EfficientNet-Lite0,pork_fold1_test_portion09,0,0,3,0.9651342433333333,0.023497762333333335,0.011368005,0,Fresh,cross_validation,1.0
pork,EfficientNet-Lite0,pork_fold1_test_portion09,1,0,3,0.9709367333333333,0.021070346333333333,0.007992950166666667,0,Fresh,cross_validation,1.0
pork,EfficientNet-Lite0,pork_fold1_test_portion09,2,0,3,0.9626236800000001,0.027273057666666666,0.010103295566666667,0,Fresh,cross_validation,1.0
pork,EfficientNet-Lite0,pork_fold1_test_portion09,3,0,3,0.9746530166666667,0.018418806,0.006928198333333333,0,Fresh,cross_validation,1.0
pork,EfficientNet-Lite0,pork_fold1_test_portion09,4,1,3,0.0027598024766666666,0.9316775466666667,0.06556265456666667,1,Sub-fresh,cross_validation,1.0
pork,EfficientNet-Lite0,pork_fold1_test_portion09,5,2,3,0.0028977747666666664,0.21112598333333335,0.7859762633333333,2,Spoiled,cross_validation,1.0
pork,EfficientNet-Lite0,pork_fold1_test_portion09,6,2,3,0.0017164331666666666,0.03129289133333333,0.9669906199999999,2,Spoiled,cross_validation,1.0
pork,EfficientNet-Lite0,pork_fold1_test_portion10,0,0,3,0.95616068,0.028746911666666666,0.015092343,0,Fresh,cross_validation,1.0
pork,EfficientNet-Lite0,pork_fold1_test_portion10,1,0,3,0.9739988233333333,0.018642694666666668,0.007358459899999999,0,Fresh,cross_validation,1.0
pork,EfficientNet-Lite0,pork_fold1_test_portion10,2,0,3,0.9721577366666666,0.019054985666666666,0.008787321333333334,0,Fresh,cross_validation,1.0
pork,EfficientNet-Lite0,pork_fold1_test_portion10,3,0,3,0.9682851666666666,0.022462436333333335,0.009252416233333333,0,Fresh,cross_validation,1.0
pork,EfficientNet-Lite0,pork_fold1_test_portion10,4,1,3,0.0031579274333333337,0.9939841766666667,0.0028578545666666667,1,Sub-fresh,cross_validation,1.0
pork,EfficientNet-Lite0,pork_fold1_test_portion10,5,2,3,0.001859269566666667,0.03310666166666667,0.9650340866666666,2,Spoiled,cross_validation,1.0
pork,EfficientNet-Lite0,pork_fold1_test_portion10,6,2,3,0.0021383458666666666,0.032951691,0.9649099666666666,2,Spoiled,cross_validation,1.0
pork,EfficientNet-Lite0,pork_fold2_test_portion01,0,0,3,0.96172309,0.025977686,0.012299205,0,Fresh,cross_validation,2.0
pork,EfficientNet-Lite0,pork_fold2_test_portion01,1,0,3,0.9187025333333333,0.043559988333333334,0.03773747366666667,0,Fresh,cross_validation,2.0
pork,EfficientNet-Lite0,pork_fold2_test_portion01,2,0,3,0.9208635933333333,0.047910053333333334,0.031226306,0,Fresh,cross_validation,2.0
pork,EfficientNet-Lite0,pork_fold2_test_portion01,3,0,3,0.9455830133333333,0.030418026666666667,0.023998988666666665,0,Fresh,cross_validation,2.0
pork,EfficientNet-Lite0,pork_fold2_test_portion01,4,1,3,0.4951674933333334,0.2858727833333333,0.21895972133333333,0,Fresh,cross_validation,2.0
pork,EfficientNet-Lite0,pork_fold2_test_portion01,5,2,3,0.09327024866666667,0.2169258633333333,0.6898038966666666,2,Spoiled,cross_validation,2.0
pork,EfficientNet-Lite0,pork_fold2_test_portion01,6,2,3,0.0050073583000000005,0.01806232166666667,0.9769303333333333,2,Spoiled,cross_validation,2.0
pork,EfficientNet-Lite0,pork_fold2_test_portion02,0,0,3,0.8925357033333334,0.054991618666666665,0.05247269966666666,0,Fresh,cross_validation,2.0
pork,EfficientNet-Lite0,pork_fold2_test_portion02,1,0,3,0.9469129199999999,0.026314461,0.02677260366666667,0,Fresh,cross_validation,2.0
pork,EfficientNet-Lite0,pork_fold2_test_portion02,2,0,3,0.8767253333333334,0.084458264,0.038816371999999995,0,Fresh,cross_validation,2.0
pork,EfficientNet-Lite0,pork_fold2_test_portion02,3,0,3,0.89447562,0.04689780333333334,0.05862658566666667,0,Fresh,cross_validation,2.0
pork,EfficientNet-Lite0,pork_fold2_test_portion02,4,1,3,0.06280238533333334,0.8303112166666667,0.106886399,1,Sub-fresh,cross_validation,2.0
pork,EfficientNet-Lite0,pork_fold2_test_portion02,5,2,3,0.020571198866666668,0.3904158833333333,0.5890129,2,Spoiled,cross_validation,2.0
pork,EfficientNet-Lite0,pork_fold2_test_portion02,6,2,3,0.0004217026466666666,0.004794601333333333,0.99478371,2,Spoiled,cross_validation,2.0
pork,EfficientNet-Lite0,pork_fold2_test_portion03,0,0,3,0.9568804666666666,0.022209116666666667,0.020910386000000003,0,Fresh,cross_validation,2.0
pork,EfficientNet-Lite0,pork_fold2_test_portion03,1,0,3,0.9668888400000001,0.01903398766666667,0.014077170333333333,0,Fresh,cross_validation,2.0
pork,EfficientNet-Lite0,pork_fold2_test_portion03,2,0,3,0.9285619866666667,0.046595374333333335,0.024842631666666667,0,Fresh,cross_validation,2.0
pork,EfficientNet-Lite0,pork_fold2_test_portion03,3,0,3,0.8634143466666666,0.04913282066666667,0.08745280133333333,0,Fresh,cross_validation,2.0
pork,EfficientNet-Lite0,pork_fold2_test_portion03,4,1,3,0.7236264666666666,0.13576176,0.14061177,0,Fresh,cross_validation,2.0
pork,EfficientNet-Lite0,pork_fold2_test_portion03,5,2,3,0.0014151041,0.0074068201,0.9911781133333334,2,Spoiled,cross_validation,2.0
pork,EfficientNet-Lite0,pork_fold2_test_portion03,6,2,3,0.0005666002866666666,0.0042474405000000005,0.9951859333333334,2,Spoiled,cross_validation,2.0
pork,EfficientNet-Lite0,pork_fold2_test_portion04,0,0,3,0.9470426433333333,0.026779413000000002,0.026177885666666664,0,Fresh,cross_validation,2.0
pork,EfficientNet-Lite0,pork_fold2_test_portion04,1,0,3,0.93356862,0.043647344666666664,0.022784021,0,Fresh,cross_validation,2.0
pork,EfficientNet-Lite0,pork_fold2_test_portion04,2,0,3,0.9470593099999999,0.028428516666666667,0.024512145,0,Fresh,cross_validation,2.0
pork,EfficientNet-Lite0,pork_fold2_test_portion04,3,0,3,0.9543210133333333,0.032948566000000006,0.012730397999999999,0,Fresh,cross_validation,2.0
pork,EfficientNet-Lite0,pork_fold2_test_portion04,4,1,3,0.061708945833333334,0.7559416333333333,0.18234942099999998,1,Sub-fresh,cross_validation,2.0
pork,EfficientNet-Lite0,pork_fold2_test_portion04,5,2,3,0.0011893218333333332,0.0054364694666666664,0.9933742166666666,2,Spoiled,cross_validation,2.0
pork,EfficientNet-Lite0,pork_fold2_test_portion04,6,2,3,0.0012829258,0.009264607433333334,0.9894525333333334,2,Spoiled,cross_validation,2.0
pork,EfficientNet-Lite0,pork_fold2_test_portion05,0,0,3,0.9395407866666666,0.03237428433333333,0.028084954999999998,0,Fresh,cross_validation,2.0
pork,EfficientNet-Lite0,pork_fold2_test_portion05,1,0,3,0.78829815,0.15892276666666666,0.05277904533333333,0,Fresh,cross_validation,2.0
pork,EfficientNet-Lite0,pork_fold2_test_portion05,2,0,3,0.8300692266666667,0.13085833,0.03907241,0,Fresh,cross_validation,2.0
pork,EfficientNet-Lite0,pork_fold2_test_portion05,3,0,3,0.9308190833333333,0.03671708666666667,0.032463826333333334,0,Fresh,cross_validation,2.0
pork,EfficientNet-Lite0,pork_fold2_test_portion05,4,1,3,0.04008153033333333,0.5466043866666667,0.4133140766666667,1,Sub-fresh,cross_validation,2.0
pork,EfficientNet-Lite0,pork_fold2_test_portion05,5,2,3,0.0021849413433333333,0.006109199966666667,0.9917059033333334,2,Spoiled,cross_validation,2.0
pork,EfficientNet-Lite0,pork_fold2_test_portion05,6,2,3,0.0003998042566666666,0.004326056500000001,0.9952741,2,Spoiled,cross_validation,2.0
pork,EfficientNet-Lite0,pork_fold2_test_portion06,0,0,3,0.6590503033333334,0.24347474666666669,0.097474924,0,Fresh,cross_validation,2.0
pork,EfficientNet-Lite0,pork_fold2_test_portion06,1,0,3,0.7406139166666666,0.13317682,0.12620931166666668,0,Fresh,cross_validation,2.0
pork,EfficientNet-Lite0,pork_fold2_test_portion06,2,0,3,0.44894867,0.29156893666666667,0.25948243466666665,0,Fresh,cross_validation,2.0
pork,EfficientNet-Lite0,pork_fold2_test_portion06,3,0,3,0.58271469,0.16620064999999998,0.251084652,0,Fresh,cross_validation,2.0
pork,EfficientNet-Lite0,pork_fold2_test_portion06,4,1,3,0.0015915803,0.014148606199999999,0.9842597999999999,2,Spoiled,cross_validation,2.0
pork,EfficientNet-Lite0,pork_fold2_test_portion06,5,2,3,0.0016130732333333331,0.007216538533333333,0.9911703766666666,2,Spoiled,cross_validation,2.0
pork,EfficientNet-Lite0,pork_fold2_test_portion06,6,2,3,0.0006583132,0.004462929766666667,0.99487874,2,Spoiled,cross_validation,2.0
pork,EfficientNet-Lite0,pork_fold2_test_portion07,0,0,3,0.94789967,0.03222723633333333,0.01987313933333333,0,Fresh,cross_validation,2.0
pork,EfficientNet-Lite0,pork_fold2_test_portion07,1,0,3,0.9701438433333333,0.017484070333333334,0.012372067333333334,0,Fresh,cross_validation,2.0
pork,EfficientNet-Lite0,pork_fold2_test_portion07,2,0,3,0.9791160900000001,0.013421440833333334,0.007462461666666666,0,Fresh,cross_validation,2.0
pork,EfficientNet-Lite0,pork_fold2_test_portion07,3,0,3,0.9641049700000001,0.022831694,0.013063310333333333,0,Fresh,cross_validation,2.0
pork,EfficientNet-Lite0,pork_fold2_test_portion07,4,1,3,0.14866830720000002,0.7943092433333333,0.0570224755,1,Sub-fresh,cross_validation,2.0
pork,EfficientNet-Lite0,pork_fold2_test_portion07,5,2,3,0.005488202866666667,0.13837805233333333,0.8561337433333334,2,Spoiled,cross_validation,2.0
pork,EfficientNet-Lite0,pork_fold2_test_portion07,6,2,3,0.0005487987033333334,0.012298531666666668,0.9871526199999999,2,Spoiled,cross_validation,2.0
pork,EfficientNet-Lite0,pork_fold2_test_portion08,0,0,3,0.423186112,0.5222831733333334,0.05453072233333334,1,Sub-fresh,cross_validation,2.0
pork,EfficientNet-Lite0,pork_fold2_test_portion08,1,0,3,0.8975653433333334,0.07374056566666666,0.02869405133333333,0,Fresh,cross_validation,2.0
pork,EfficientNet-Lite0,pork_fold2_test_portion08,2,0,3,0.6241186333333334,0.28049349333333334,0.09538786833333333,0,Fresh,cross_validation,2.0
pork,EfficientNet-Lite0,pork_fold2_test_portion08,3,0,3,0.7699034666666668,0.15616555733333334,0.07393099666666667,0,Fresh,cross_validation,2.0
pork,EfficientNet-Lite0,pork_fold2_test_portion08,4,1,3,0.0033411167,0.9720239766666667,0.024634875666666667,1,Sub-fresh,cross_validation,2.0
pork,EfficientNet-Lite0,pork_fold2_test_portion08,5,2,3,0.013059055666666666,0.31801503733333336,0.6689259066666667,2,Spoiled,cross_validation,2.0
pork,EfficientNet-Lite0,pork_fold2_test_portion08,6,2,3,0.0013862927833333332,0.02451469766666667,0.9740990533333332,2,Spoiled,cross_validation,2.0
pork,EfficientNet-Lite0,pork_fold2_test_portion09,0,0,3,0.72020948,0.11650674999999999,0.16328378,0,Fresh,cross_validation,2.0
pork,EfficientNet-Lite0,pork_fold2_test_portion09,1,0,3,0.90232408,0.04102335166666667,0.05665260666666667,0,Fresh,cross_validation,2.0
pork,EfficientNet-Lite0,pork_fold2_test_portion09,2,0,3,0.9450932133333333,0.027935032333333335,0.026971762333333333,0,Fresh,cross_validation,2.0
pork,EfficientNet-Lite0,pork_fold2_test_portion09,3,0,3,0.8724086,0.060178158333333336,0.06741324333333333,0,Fresh,cross_validation,2.0
pork,EfficientNet-Lite0,pork_fold2_test_portion09,4,1,3,0.0003407470246666666,0.14928712,0.85037212,2,Spoiled,cross_validation,2.0
pork,EfficientNet-Lite0,pork_fold2_test_portion09,5,2,3,0.0017817437666666667,0.005618082533333333,0.99260015,2,Spoiled,cross_validation,2.0
pork,EfficientNet-Lite0,pork_fold2_test_portion09,6,2,3,0.0003340226166666667,0.003784530333333333,0.9958814166666666,2,Spoiled,cross_validation,2.0
pork,EfficientNet-Lite0,pork_fold2_test_portion10,0,0,3,0.8304045833333333,0.09245797333333333,0.07713744033333332,0,Fresh,cross_validation,2.0
pork,EfficientNet-Lite0,pork_fold2_test_portion10,1,0,3,0.93701641,0.036178831,0.02680479266666667,0,Fresh,cross_validation,2.0
pork,EfficientNet-Lite0,pork_fold2_test_portion10,2,0,3,0.9757824666666667,0.01767888166666667,0.006538643433333334,0,Fresh,cross_validation,2.0
pork,EfficientNet-Lite0,pork_fold2_test_portion10,3,0,3,0.9576960166666666,0.022365895666666667,0.019938075,0,Fresh,cross_validation,2.0
pork,EfficientNet-Lite0,pork_fold2_test_portion10,4,1,3,0.023582647666666668,0.873094,0.10332336866666665,1,Sub-fresh,cross_validation,2.0
pork,EfficientNet-Lite0,pork_fold2_test_portion10,5,2,3,0.0028094179333333336,0.007797988933333333,0.9893925433333334,2,Spoiled,cross_validation,2.0
pork,EfficientNet-Lite0,pork_fold2_test_portion10,6,2,3,0.00018000020666666667,0.0033907926,0.9964292333333334,2,Spoiled,cross_validation,2.0
pork,EfficientNet-Lite0,pork_fold3_test_portion01,0,0,3,0.94538964,0.034293506,0.020316790833333334,0,Fresh,cross_validation,3.0
pork,EfficientNet-Lite0,pork_fold3_test_portion01,1,0,3,0.9522427666666666,0.031745303,0.016011923666666667,0,Fresh,cross_validation,3.0
pork,EfficientNet-Lite0,pork_fold3_test_portion01,2,0,3,0.9503045999999999,0.03497464,0.014720705,0,Fresh,cross_validation,3.0
pork,EfficientNet-Lite0,pork_fold3_test_portion01,3,0,3,0.9507336999999999,0.03378834533333333,0.015477971,0,Fresh,cross_validation,3.0
pork,EfficientNet-Lite0,pork_fold3_test_portion01,4,1,3,0.3374646195,0.6190836333333333,0.04345175766666667,1,Sub-fresh,cross_validation,3.0
pork,EfficientNet-Lite0,pork_fold3_test_portion01,5,2,3,0.17512551166666665,0.12755950933333335,0.69731495,2,Spoiled,cross_validation,3.0
pork,EfficientNet-Lite0,pork_fold3_test_portion01,6,2,3,0.014732419500000002,0.024688029666666667,0.9605795433333334,2,Spoiled,cross_validation,3.0
pork,EfficientNet-Lite0,pork_fold3_test_portion02,0,0,3,0.9219825166666666,0.05116262533333333,0.026854855333333334,0,Fresh,cross_validation,3.0
pork,EfficientNet-Lite0,pork_fold3_test_portion02,1,0,3,0.9466883166666666,0.036282229666666665,0.017029497333333334,0,Fresh,cross_validation,3.0
pork,EfficientNet-Lite0,pork_fold3_test_portion02,2,0,3,0.84823915,0.12118256999999999,0.030578251666666667,0,Fresh,cross_validation,3.0
pork,EfficientNet-Lite0,pork_fold3_test_portion02,3,0,3,0.9463753433333334,0.03688250366666667,0.016742147333333332,0,Fresh,cross_validation,3.0
pork,EfficientNet-Lite0,pork_fold3_test_portion02,4,1,3,0.034470254666666665,0.9465118833333334,0.019017883,1,Sub-fresh,cross_validation,3.0
pork,EfficientNet-Lite0,pork_fold3_test_portion02,5,2,3,0.018714584333333333,0.07435172366666666,0.9069336366666666,2,Spoiled,cross_validation,3.0
pork,EfficientNet-Lite0,pork_fold3_test_portion02,6,2,3,0.008667167333333333,0.02485214366666667,0.9664807,2,Spoiled,cross_validation,3.0
pork,EfficientNet-Lite0,pork_fold3_test_portion03,0,0,3,0.9286296466666667,0.04354180666666666,0.027828490333333334,0,Fresh,cross_validation,3.0
pork,EfficientNet-Lite0,pork_fold3_test_portion03,1,0,3,0.9424214333333333,0.03780893233333333,0.019769604333333333,0,Fresh,cross_validation,3.0
pork,EfficientNet-Lite0,pork_fold3_test_portion03,2,0,3,0.9071333666666667,0.07530625566666667,0.017560355333333333,0,Fresh,cross_validation,3.0
pork,EfficientNet-Lite0,pork_fold3_test_portion03,3,0,3,0.9407619333333334,0.038360961,0.020877083333333334,0,Fresh,cross_validation,3.0
pork,EfficientNet-Lite0,pork_fold3_test_portion03,4,1,3,0.011833563399999998,0.9806673466666668,0.0074991196,1,Sub-fresh,cross_validation,3.0
pork,EfficientNet-Lite0,pork_fold3_test_portion03,5,2,3,0.05331732,0.4121684966666667,0.5345141466666666,2,Spoiled,cross_validation,3.0
pork,EfficientNet-Lite0,pork_fold3_test_portion03,6,2,3,0.004966532866666667,0.031800650666666666,0.9632328299999999,2,Spoiled,cross_validation,3.0
pork,EfficientNet-Lite0,pork_fold3_test_portion04,0,0,3,0.8946213033333333,0.056990653,0.048388071000000005,0,Fresh,cross_validation,3.0
pork,EfficientNet-Lite0,pork_fold3_test_portion04,1,0,3,0.9256836533333334,0.04434939166666666,0.02996692466666667,0,Fresh,cross_validation,3.0
pork,EfficientNet-Lite0,pork_fold3_test_portion04,2,0,3,0.9347009566666666,0.046451894,0.018847134,0,Fresh,cross_validation,3.0
pork,EfficientNet-Lite0,pork_fold3_test_portion04,3,0,3,0.9387149199999999,0.040732226333333336,0.020552820666666666,0,Fresh,cross_validation,3.0
pork,EfficientNet-Lite0,pork_fold3_test_portion04,4,1,3,0.241374775,0.7033980566666665,0.05522719366666667,1,Sub-fresh,cross_validation,3.0
pork,EfficientNet-Lite0,pork_fold3_test_portion04,5,2,3,0.006917981100000001,0.03168223866666667,0.96139983,2,Spoiled,cross_validation,3.0
pork,EfficientNet-Lite0,pork_fold3_test_portion04,6,2,3,0.007227733,0.026729169333333334,0.96604315,2,Spoiled,cross_validation,3.0
pork,EfficientNet-Lite0,pork_fold3_test_portion05,0,0,3,0.9472148266666668,0.035360900333333334,0.017424258166666668,0,Fresh,cross_validation,3.0
pork,EfficientNet-Lite0,pork_fold3_test_portion05,1,0,3,0.9519067,0.035298743333333334,0.012794585999999998,0,Fresh,cross_validation,3.0
pork,EfficientNet-Lite0,pork_fold3_test_portion05,2,0,3,0.9433914333333333,0.036675286333333335,0.019933296333333333,0,Fresh,cross_validation,3.0
pork,EfficientNet-Lite0,pork_fold3_test_portion05,3,0,3,0.9293149133333333,0.04055040066666667,0.030134629333333333,0,Fresh,cross_validation,3.0
pork,EfficientNet-Lite0,pork_fold3_test_portion05,4,1,3,0.010296172133333333,0.9810800333333333,0.008623815233333334,1,Sub-fresh,cross_validation,3.0
pork,EfficientNet-Lite0,pork_fold3_test_portion05,5,2,3,0.018735833333333334,0.2525934283333333,0.7286707433333334,2,Spoiled,cross_validation,3.0
pork,EfficientNet-Lite0,pork_fold3_test_portion05,6,2,3,0.0070763521,0.024133244666666664,0.9687903499999999,2,Spoiled,cross_validation,3.0
pork,EfficientNet-Lite0,pork_fold3_test_portion06,0,0,3,0.94594722,0.03431012666666667,0.019742698166666666,0,Fresh,cross_validation,3.0
pork,EfficientNet-Lite0,pork_fold3_test_portion06,1,0,3,0.9484226733333333,0.034759311,0.016818060333333332,0,Fresh,cross_validation,3.0
pork,EfficientNet-Lite0,pork_fold3_test_portion06,2,0,3,0.9531262666666667,0.031195292,0.015678448666666667,0,Fresh,cross_validation,3.0
pork,EfficientNet-Lite0,pork_fold3_test_portion06,3,0,3,0.9343619233333333,0.046059573666666666,0.019578477333333334,0,Fresh,cross_validation,3.0
pork,EfficientNet-Lite0,pork_fold3_test_portion06,4,1,3,0.04933906266666666,0.7777245966666667,0.17293633500000002,1,Sub-fresh,cross_validation,3.0
pork,EfficientNet-Lite0,pork_fold3_test_portion06,5,2,3,0.0077202788999999996,0.028449917333333335,0.9638298333333334,2,Spoiled,cross_validation,3.0
pork,EfficientNet-Lite0,pork_fold3_test_portion06,6,2,3,0.007850334,0.03140768066666667,0.9607419866666667,2,Spoiled,cross_validation,3.0
pork,EfficientNet-Lite0,pork_fold3_test_portion07,0,0,3,0.9382657666666666,0.03712216166666667,0.024612044333333333,0,Fresh,cross_validation,3.0
pork,EfficientNet-Lite0,pork_fold3_test_portion07,1,0,3,0.9575084333333334,0.030310209,0.0121813595,0,Fresh,cross_validation,3.0
pork,EfficientNet-Lite0,pork_fold3_test_portion07,2,0,3,0.95348758,0.031346974666666666,0.015165467666666666,0,Fresh,cross_validation,3.0
pork,EfficientNet-Lite0,pork_fold3_test_portion07,3,0,3,0.9549016166666666,0.032498997333333335,0.012599381666666666,0,Fresh,cross_validation,3.0
pork,EfficientNet-Lite0,pork_fold3_test_portion07,4,1,3,0.003115614133333333,0.9834048000000001,0.013479666666666668,1,Sub-fresh,cross_validation,3.0
pork,EfficientNet-Lite0,pork_fold3_test_portion07,5,2,3,0.010704421333333334,0.029982332,0.9593131666666667,2,Spoiled,cross_validation,3.0
pork,EfficientNet-Lite0,pork_fold3_test_portion07,6,2,3,0.006553044000000001,0.05994851666666667,0.9334984333333334,2,Spoiled,cross_validation,3.0
pork,EfficientNet-Lite0,pork_fold3_test_portion08,0,0,3,0.94428,0.03563226966666667,0.020087713333333337,0,Fresh,cross_validation,3.0
pork,EfficientNet-Lite0,pork_fold3_test_portion08,1,0,3,0.9420637833333334,0.034979875333333334,0.022956323,0,Fresh,cross_validation,3.0
pork,EfficientNet-Lite0,pork_fold3_test_portion08,2,0,3,0.8897984,0.08245749766666667,0.027744077333333336,0,Fresh,cross_validation,3.0
pork,EfficientNet-Lite0,pork_fold3_test_portion08,3,0,3,0.9379984433333334,0.038700343,0.023301209666666666,0,Fresh,cross_validation,3.0
pork,EfficientNet-Lite0,pork_fold3_test_portion08,4,1,3,0.028709499666666666,0.8345275533333334,0.13676291333333332,1,Sub-fresh,cross_validation,3.0
pork,EfficientNet-Lite0,pork_fold3_test_portion08,5,2,3,0.004272529666666666,0.054444941999999996,0.9412825366666667,2,Spoiled,cross_validation,3.0
pork,EfficientNet-Lite0,pork_fold3_test_portion08,6,2,3,0.006780514666666668,0.024693175,0.9685263533333334,2,Spoiled,cross_validation,3.0
pork,EfficientNet-Lite0,pork_fold3_test_portion09,0,0,3,0.9230638466666666,0.038738692666666664,0.03819746766666667,0,Fresh,cross_validation,3.0
pork,EfficientNet-Lite0,pork_fold3_test_portion09,1,0,3,0.9536008800000001,0.03430317866666666,0.012096002,0,Fresh,cross_validation,3.0
pork,EfficientNet-Lite0,pork_fold3_test_portion09,2,0,3,0.9475951133333332,0.035729044,0.016675822333333333,0,Fresh,cross_validation,3.0
pork,EfficientNet-Lite0,pork_fold3_test_portion09,3,0,3,0.9537260466666666,0.03128219166666667,0.014991725666666665,0,Fresh,cross_validation,3.0
pork,EfficientNet-Lite0,pork_fold3_test_portion09,4,1,3,0.0018535223333333332,0.9913779866666667,0.006768487666666667,1,Sub-fresh,cross_validation,3.0
pork,EfficientNet-Lite0,pork_fold3_test_portion09,5,2,3,0.0032764572000000005,0.027859259333333334,0.9688642366666667,2,Spoiled,cross_validation,3.0
pork,EfficientNet-Lite0,pork_fold3_test_portion09,6,2,3,0.004580932,0.037430292,0.9579888,2,Spoiled,cross_validation,3.0
pork,EfficientNet-Lite0,pork_fold3_test_portion10,0,0,3,0.9460174666666666,0.034124220000000004,0.019858353999999998,0,Fresh,cross_validation,3.0
pork,EfficientNet-Lite0,pork_fold3_test_portion10,1,0,3,0.93141638,0.049375413,0.01920823266666667,0,Fresh,cross_validation,3.0
pork,EfficientNet-Lite0,pork_fold3_test_portion10,2,0,3,0.9441406466666665,0.037494518666666664,0.018364848,0,Fresh,cross_validation,3.0
pork,EfficientNet-Lite0,pork_fold3_test_portion10,3,0,3,0.9513746433333333,0.03618136266666667,0.012443976833333334,0,Fresh,cross_validation,3.0
pork,EfficientNet-Lite0,pork_fold3_test_portion10,4,1,3,0.0659130716,0.92592146,0.008165445233333334,1,Sub-fresh,cross_validation,3.0
pork,EfficientNet-Lite0,pork_fold3_test_portion10,5,2,3,0.024630920333333334,0.03449221266666667,0.9408768766666666,2,Spoiled,cross_validation,3.0
pork,EfficientNet-Lite0,pork_fold3_test_portion10,6,2,3,0.0018788427000000002,0.6610556,0.33706552933333334,1,Sub-fresh,cross_validation,3.0
pork,EfficientNet-Lite0,pork_fold4_test_portion01,0,0,3,0.9350103666666666,0.051067859,0.013921761666666666,0,Fresh,cross_validation,4.0
pork,EfficientNet-Lite0,pork_fold4_test_portion01,1,0,3,0.9516873566666666,0.03863225333333333,0.009680349999999999,0,Fresh,cross_validation,4.0
pork,EfficientNet-Lite0,pork_fold4_test_portion01,2,0,3,0.9612705666666667,0.03365465633333333,0.005074776400000001,0,Fresh,cross_validation,4.0
pork,EfficientNet-Lite0,pork_fold4_test_portion01,3,0,3,0.95389048,0.03735613266666667,0.0087534182,0,Fresh,cross_validation,4.0
pork,EfficientNet-Lite0,pork_fold4_test_portion01,4,1,3,0.06419531566666667,0.9269752166666666,0.008829464266666667,1,Sub-fresh,cross_validation,4.0
pork,EfficientNet-Lite0,pork_fold4_test_portion01,5,2,3,0.4471940066666667,0.5111705533333334,0.041635461,1,Sub-fresh,cross_validation,4.0
pork,EfficientNet-Lite0,pork_fold4_test_portion01,6,2,3,0.0007627789233333333,0.009064108666666666,0.99017306,2,Spoiled,cross_validation,4.0
pork,EfficientNet-Lite0,pork_fold4_test_portion02,0,0,3,0.6760432333333334,0.2917067933333333,0.032249903,0,Fresh,cross_validation,4.0
pork,EfficientNet-Lite0,pork_fold4_test_portion02,1,0,3,0.9341277133333333,0.05285016733333334,0.013022075666666667,0,Fresh,cross_validation,4.0
pork,EfficientNet-Lite0,pork_fold4_test_portion02,2,0,3,0.9149970666666666,0.07543636100000001,0.009566549,0,Fresh,cross_validation,4.0
pork,EfficientNet-Lite0,pork_fold4_test_portion02,3,0,3,0.9560827533333334,0.034991629333333336,0.008925627766666668,0,Fresh,cross_validation,4.0
pork,EfficientNet-Lite0,pork_fold4_test_portion02,4,1,3,0.0006146263233333334,0.9987271999999999,0.0006581959366666667,1,Sub-fresh,cross_validation,4.0
pork,EfficientNet-Lite0,pork_fold4_test_portion02,5,2,3,0.12213366403333333,0.7792426866666666,0.09862362933333334,1,Sub-fresh,cross_validation,4.0
pork,EfficientNet-Lite0,pork_fold4_test_portion02,6,2,3,0.0009240433433333334,0.9747477933333334,0.02432812533333333,1,Sub-fresh,cross_validation,4.0
pork,EfficientNet-Lite0,pork_fold4_test_portion03,0,0,3,0.9461561466666667,0.04206014533333333,0.011783724100000002,0,Fresh,cross_validation,4.0
pork,EfficientNet-Lite0,pork_fold4_test_portion03,1,0,3,0.9456124666666667,0.04502267099999999,0.009364865666666666,0,Fresh,cross_validation,4.0
pork,EfficientNet-Lite0,pork_fold4_test_portion03,2,0,3,0.9412935,0.04935543566666667,0.009351075666666667,0,Fresh,cross_validation,4.0
pork,EfficientNet-Lite0,pork_fold4_test_portion03,3,0,3,0.9349461033333334,0.05511060833333333,0.0099433009,0,Fresh,cross_validation,4.0
pork,EfficientNet-Lite0,pork_fold4_test_portion03,4,1,3,0.269190148,0.7166722033333334,0.0141376578,1,Sub-fresh,cross_validation,4.0
pork,EfficientNet-Lite0,pork_fold4_test_portion03,5,2,3,0.30293617,0.19975602,0.49730779333333336,2,Spoiled,cross_validation,4.0
pork,EfficientNet-Lite0,pork_fold4_test_portion03,6,2,3,0.0002672011433333333,0.0047693596,0.9949634066666667,2,Spoiled,cross_validation,4.0
pork,EfficientNet-Lite0,pork_fold4_test_portion04,0,0,3,0.9345165333333334,0.05361876333333334,0.011864692000000001,0,Fresh,cross_validation,4.0
pork,EfficientNet-Lite0,pork_fold4_test_portion04,1,0,3,0.9518547333333333,0.038509767,0.009635499666666667,0,Fresh,cross_validation,4.0
pork,EfficientNet-Lite0,pork_fold4_test_portion04,2,0,3,0.9228444100000001,0.06398962566666666,0.0131659715,0,Fresh,cross_validation,4.0
pork,EfficientNet-Lite0,pork_fold4_test_portion04,3,0,3,0.9519711333333333,0.038831545333333335,0.009197344,0,Fresh,cross_validation,4.0
pork,EfficientNet-Lite0,pork_fold4_test_portion04,4,1,3,0.17221825523333334,0.6857024133333334,0.142079332,1,Sub-fresh,cross_validation,4.0
pork,EfficientNet-Lite0,pork_fold4_test_portion04,5,2,3,0.00031698815666666665,0.009283432999999999,0.9903995800000001,2,Spoiled,cross_validation,4.0
pork,EfficientNet-Lite0,pork_fold4_test_portion04,6,2,3,0.00030914605,0.006182252266666667,0.9935085433333333,2,Spoiled,cross_validation,4.0
pork,EfficientNet-Lite0,pork_fold4_test_portion05,0,0,3,0.31729223666666667,0.6720422,0.010665554,1,Sub-fresh,cross_validation,4.0
pork,EfficientNet-Lite0,pork_fold4_test_portion05,1,0,3,0.9542115133333334,0.03685703133333334,0.008931417666666665,0,Fresh,cross_validation,4.0
pork,EfficientNet-Lite0,pork_fold4_test_portion05,2,0,3,0.8842278,0.10100307066666668,0.014769133166666665,0,Fresh,cross_validation,4.0
pork,EfficientNet-Lite0,pork_fold4_test_portion05,3,0,3,0.9357275833333333,0.04261511866666667,0.021657255,0,Fresh,cross_validation,4.0
pork,EfficientNet-Lite0,pork_fold4_test_portion05,4,1,3,0.01043806712,0.9835514,0.006010525966666666,1,Sub-fresh,cross_validation,4.0
pork,EfficientNet-Lite0,pork_fold4_test_portion05,5,2,3,0.009969546976666667,0.23306202833333334,0.75696845,2,Spoiled,cross_validation,4.0
pork,EfficientNet-Lite0,pork_fold4_test_portion05,6,2,3,0.00240125709,0.019001270333333334,0.97859748,2,Spoiled,cross_validation,4.0
pork,EfficientNet-Lite0,pork_fold4_test_portion06,0,0,3,0.9468546166666666,0.04421334233333333,0.008931996333333332,0,Fresh,cross_validation,4.0
pork,EfficientNet-Lite0,pork_fold4_test_portion06,1,0,3,0.95352389,0.039557282666666665,0.006918829666666667,0,Fresh,cross_validation,4.0
pork,EfficientNet-Lite0,pork_fold4_test_portion06,2,0,3,0.9585849033333332,0.033215606,0.008199504666666668,0,Fresh,cross_validation,4.0
pork,EfficientNet-Lite0,pork_fold4_test_portion06,3,0,3,0.9495246333333333,0.03778131566666667,0.012694024666666666,0,Fresh,cross_validation,4.0
pork,EfficientNet-Lite0,pork_fold4_test_portion06,4,1,3,0.025406447500000002,0.9716775333333333,0.0029160340666666666,1,Sub-fresh,cross_validation,4.0
pork,EfficientNet-Lite0,pork_fold4_test_portion06,5,2,3,0.0055925835000000005,0.031857147,0.96255026,2,Spoiled,cross_validation,4.0
pork,EfficientNet-Lite0,pork_fold4_test_portion06,6,2,3,0.0012928016566666667,0.0141168701,0.98459035,2,Spoiled,cross_validation,4.0
pork,EfficientNet-Lite0,pork_fold4_test_portion07,0,0,3,0.8408034033333333,0.14190322,0.017293404666666668,0,Fresh,cross_validation,4.0
pork,EfficientNet-Lite0,pork_fold4_test_portion07,1,0,3,0.95463555,0.036141645,0.009222796966666667,0,Fresh,cross_validation,4.0
pork,EfficientNet-Lite0,pork_fold4_test_portion07,2,0,3,0.9503256833333333,0.03541221966666667,0.014262090666666666,0,Fresh,cross_validation,4.0
pork,EfficientNet-Lite0,pork_fold4_test_portion07,3,0,3,0.95059403,0.03821637433333333,0.0111895895,0,Fresh,cross_validation,4.0
pork,EfficientNet-Lite0,pork_fold4_test_portion07,4,1,3,0.005490328666666666,0.9882316333333333,0.006278062133333334,1,Sub-fresh,cross_validation,4.0
pork,EfficientNet-Lite0,pork_fold4_test_portion07,5,2,3,0.0041653967,0.023887080333333335,0.9719475333333333,2,Spoiled,cross_validation,4.0
pork,EfficientNet-Lite0,pork_fold4_test_portion07,6,2,3,0.04979696276666667,0.10215425666666667,0.8480487766666666,2,Spoiled,cross_validation,4.0
pork,EfficientNet-Lite0,pork_fold4_test_portion08,0,0,3,0.9393993100000001,0.050268650000000005,0.010332029666666666,0,Fresh,cross_validation,4.0
pork,EfficientNet-Lite0,pork_fold4_test_portion08,1,0,3,0.9547689166666666,0.035583569333333336,0.009647501000000001,0,Fresh,cross_validation,4.0
pork,EfficientNet-Lite0,pork_fold4_test_portion08,2,0,3,0.9651833433333333,0.028776757666666666,0.006039918933333333,0,Fresh,cross_validation,4.0
pork,EfficientNet-Lite0,pork_fold4_test_portion08,3,0,3,0.947346,0.042083496,0.010570445,0,Fresh,cross_validation,4.0
pork,EfficientNet-Lite0,pork_fold4_test_portion08,4,1,3,0.014217293400000003,0.8628137533333332,0.12296895533333334,1,Sub-fresh,cross_validation,4.0
pork,EfficientNet-Lite0,pork_fold4_test_portion08,5,2,3,0.007896336843333332,0.023594569333333332,0.9685090533333334,2,Spoiled,cross_validation,4.0
pork,EfficientNet-Lite0,pork_fold4_test_portion08,6,2,3,0.004363198166666667,0.034461952,0.9611748466666666,2,Spoiled,cross_validation,4.0
pork,EfficientNet-Lite0,pork_fold4_test_portion09,0,0,3,0.9455161666666667,0.042780191999999995,0.011703634833333332,0,Fresh,cross_validation,4.0
pork,EfficientNet-Lite0,pork_fold4_test_portion09,1,0,3,0.9113984866666667,0.07524885233333334,0.0133526905,0,Fresh,cross_validation,4.0
pork,EfficientNet-Lite0,pork_fold4_test_portion09,2,0,3,0.90952792,0.05180854100000001,0.038663502,0,Fresh,cross_validation,4.0
pork,EfficientNet-Lite0,pork_fold4_test_portion09,3,0,3,0.8987305033333334,0.067568765,0.033700772,0,Fresh,cross_validation,4.0
pork,EfficientNet-Lite0,pork_fold4_test_portion09,4,1,3,0.0006880408013333334,0.056177971666666666,0.9431340033333333,2,Spoiled,cross_validation,4.0
pork,EfficientNet-Lite0,pork_fold4_test_portion09,5,2,3,0.00074315539,0.009521734333333334,0.9897351666666667,2,Spoiled,cross_validation,4.0
pork,EfficientNet-Lite0,pork_fold4_test_portion09,6,2,3,0.00061007753,0.0068747850000000004,0.9925151333333333,2,Spoiled,cross_validation,4.0
pork,EfficientNet-Lite0,pork_fold4_test_portion10,0,0,3,0.93742138,0.04708018666666667,0.015498429666666667,0,Fresh,cross_validation,4.0
pork,EfficientNet-Lite0,pork_fold4_test_portion10,1,0,3,0.9427682133333333,0.05150021899999999,0.005731618433333333,0,Fresh,cross_validation,4.0
pork,EfficientNet-Lite0,pork_fold4_test_portion10,2,0,3,0.93996666,0.040744490333333334,0.019288812,0,Fresh,cross_validation,4.0
pork,EfficientNet-Lite0,pork_fold4_test_portion10,3,0,3,0.9330082533333334,0.047985631,0.019006132,0,Fresh,cross_validation,4.0
pork,EfficientNet-Lite0,pork_fold4_test_portion10,4,1,3,0.0040008247,0.9940801866666668,0.0019190214,1,Sub-fresh,cross_validation,4.0
pork,EfficientNet-Lite0,pork_fold4_test_portion10,5,2,3,0.012107159000000001,0.29960530933333335,0.6882874766666666,2,Spoiled,cross_validation,4.0
pork,EfficientNet-Lite0,pork_fold4_test_portion10,6,2,3,0.0075816128333333335,0.17863997766666664,0.8137784,2,Spoiled,cross_validation,4.0
pork,MobileNetV3-Small,pork_fold1_test_portion01,0,0,3,0.9151405166666667,0.04259206466666667,0.042267448333333325,0,Fresh,cross_validation,1.0
pork,MobileNetV3-Small,pork_fold1_test_portion01,1,0,3,0.9085466533333334,0.021797818,0.06965559133333334,0,Fresh,cross_validation,1.0
pork,MobileNetV3-Small,pork_fold1_test_portion01,2,0,3,0.8895793200000001,0.027704862666666667,0.08271583566666667,0,Fresh,cross_validation,1.0
pork,MobileNetV3-Small,pork_fold1_test_portion01,3,0,3,0.9086614233333333,0.012990143666666667,0.07834840666666666,0,Fresh,cross_validation,1.0
pork,MobileNetV3-Small,pork_fold1_test_portion01,4,1,3,0.36648892333333327,0.30294575333333335,0.33056531666666666,0,Fresh,cross_validation,1.0
pork,MobileNetV3-Small,pork_fold1_test_portion01,5,2,3,0.0033632744333333335,0.021021399,0.9756153266666666,2,Spoiled,cross_validation,1.0
pork,MobileNetV3-Small,pork_fold1_test_portion01,6,2,3,0.0025478202666666667,0.008609034366666666,0.9888431133333334,2,Spoiled,cross_validation,1.0
pork,MobileNetV3-Small,pork_fold1_test_portion02,0,0,3,0.9451019566666666,0.038680499,0.016217585333333333,0,Fresh,cross_validation,1.0
pork,MobileNetV3-Small,pork_fold1_test_portion02,1,0,3,0.87038978,0.08183846866666666,0.047771796,0,Fresh,cross_validation,1.0
pork,MobileNetV3-Small,pork_fold1_test_portion02,2,0,3,0.8405896666666667,0.1406979,0.018712422,0,Fresh,cross_validation,1.0
pork,MobileNetV3-Small,pork_fold1_test_portion02,3,0,3,0.9420413533333334,0.012632316166666666,0.04532635733333334,0,Fresh,cross_validation,1.0
pork,MobileNetV3-Small,pork_fold1_test_portion02,4,1,3,0.007853036666666667,0.9377281333333333,0.0544188452,1,Sub-fresh,cross_validation,1.0
pork,MobileNetV3-Small,pork_fold1_test_portion02,5,2,3,0.0024678914,0.66258965,0.33494244,1,Sub-fresh,cross_validation,1.0
pork,MobileNetV3-Small,pork_fold1_test_portion02,6,2,3,5.521114333333332e-26,7.636470666666667e-19,1.0,2,Spoiled,cross_validation,1.0
pork,MobileNetV3-Small,pork_fold1_test_portion03,0,0,3,0.9547127533333333,0.02129064933333333,0.02399661633333333,0,Fresh,cross_validation,1.0
pork,MobileNetV3-Small,pork_fold1_test_portion03,1,0,3,0.8389257533333333,0.12524153,0.03583273833333333,0,Fresh,cross_validation,1.0
pork,MobileNetV3-Small,pork_fold1_test_portion03,2,0,3,0.9515466166666666,0.020068621999999998,0.028384791333333336,0,Fresh,cross_validation,1.0
pork,MobileNetV3-Small,pork_fold1_test_portion03,3,0,3,0.9533837166666667,0.014143312333333333,0.03247303466666667,0,Fresh,cross_validation,1.0
pork,MobileNetV3-Small,pork_fold1_test_portion03,4,1,3,0.010709902333333333,0.6755592766666667,0.31373079,1,Sub-fresh,cross_validation,1.0
pork,MobileNetV3-Small,pork_fold1_test_portion03,5,2,3,0.0094141309,0.33550953866666666,0.65507632,2,Spoiled,cross_validation,1.0
pork,MobileNetV3-Small,pork_fold1_test_portion03,6,2,3,6.876991466666667e-06,0.00024496900333333333,0.99974812,2,Spoiled,cross_validation,1.0
pork,MobileNetV3-Small,pork_fold1_test_portion04,0,0,3,0.9556629799999999,0.022794815,0.021542162666666666,0,Fresh,cross_validation,1.0
pork,MobileNetV3-Small,pork_fold1_test_portion04,1,0,3,0.9672526,0.0189678542,0.013779543,0,Fresh,cross_validation,1.0
pork,MobileNetV3-Small,pork_fold1_test_portion04,2,0,3,0.9682194933333333,0.020086941333333334,0.011693537333333332,0,Fresh,cross_validation,1.0
pork,MobileNetV3-Small,pork_fold1_test_portion04,3,0,3,0.9413707133333333,0.044270414333333334,0.014358823333333333,0,Fresh,cross_validation,1.0
pork,MobileNetV3-Small,pork_fold1_test_portion04,4,1,3,0.1668048716666667,0.8047488933333332,0.028446273133333335,1,Sub-fresh,cross_validation,1.0
pork,MobileNetV3-Small,pork_fold1_test_portion04,5,2,3,0.0003476347086666667,0.08364116975666668,0.9160111866666667,2,Spoiled,cross_validation,1.0
pork,MobileNetV3-Small,pork_fold1_test_portion04,6,2,3,3.625816270027319e-21,2.399494384161907e-16,1.0,2,Spoiled,cross_validation,1.0
pork,MobileNetV3-Small,pork_fold1_test_portion05,0,0,3,0.8622295866666666,0.11131140566666665,0.026458972666666667,0,Fresh,cross_validation,1.0
pork,MobileNetV3-Small,pork_fold1_test_portion05,1,0,3,0.9559747700000001,0.011215577800000001,0.03280963233333333,0,Fresh,cross_validation,1.0
pork,MobileNetV3-Small,pork_fold1_test_portion05,2,0,3,0.9274592833333334,0.03565733,0.03688333466666666,0,Fresh,cross_validation,1.0
pork,MobileNetV3-Small,pork_fold1_test_portion05,3,0,3,0.9265899166666666,0.020802282333333335,0.05260778966666666,0,Fresh,cross_validation,1.0
pork,MobileNetV3-Small,pork_fold1_test_portion05,4,1,3,0.028359239499999998,0.9583483666666668,0.013292404833333334,1,Sub-fresh,cross_validation,1.0
pork,MobileNetV3-Small,pork_fold1_test_portion05,5,2,3,1.0404588372429334e-32,3.264015611603167e-23,1.0,2,Spoiled,cross_validation,1.0
pork,MobileNetV3-Small,pork_fold1_test_portion05,6,2,3,9.329870074999999e-11,3.426441448333333e-10,1.0,2,Spoiled,cross_validation,1.0
pork,MobileNetV3-Small,pork_fold1_test_portion06,0,0,3,0.9605910866666667,0.015478275333333333,0.023930602999999998,0,Fresh,cross_validation,1.0
pork,MobileNetV3-Small,pork_fold1_test_portion06,1,0,3,0.9694307866666666,0.012514078,0.018055118666666665,0,Fresh,cross_validation,1.0
pork,MobileNetV3-Small,pork_fold1_test_portion06,2,0,3,0.9618696133333332,0.013635561,0.02449483616666667,0,Fresh,cross_validation,1.0
pork,MobileNetV3-Small,pork_fold1_test_portion06,3,0,3,0.97275291,0.009711519666666666,0.017535543333333334,0,Fresh,cross_validation,1.0
pork,MobileNetV3-Small,pork_fold1_test_portion06,4,1,3,0.48092392666666667,0.43645327166666664,0.08262280133333333,0,Fresh,cross_validation,1.0
pork,MobileNetV3-Small,pork_fold1_test_portion06,5,2,3,0.002511578866666667,0.020004430166666667,0.9774839700000001,2,Spoiled,cross_validation,1.0
pork,MobileNetV3-Small,pork_fold1_test_portion06,6,2,3,1.2796326666666667e-39,1.3185217901866667e-25,1.0,2,Spoiled,cross_validation,1.0
pork,MobileNetV3-Small,pork_fold1_test_portion07,0,0,3,0.9523759366666665,0.02423723,0.023386779333333333,0,Fresh,cross_validation,1.0
pork,MobileNetV3-Small,pork_fold1_test_portion07,1,0,3,0.95699686,0.023020492333333333,0.019982649666666664,0,Fresh,cross_validation,1.0
pork,MobileNetV3-Small,pork_fold1_test_portion07,2,0,3,0.96356458,0.020052828666666668,0.016382573,0,Fresh,cross_validation,1.0
pork,MobileNetV3-Small,pork_fold1_test_portion07,3,0,3,0.9536892166666666,0.029813608666666668,0.0164971095,0,Fresh,cross_validation,1.0
pork,MobileNetV3-Small,pork_fold1_test_portion07,4,1,3,0.14695439066666668,0.7369094666666666,0.11613617933333333,1,Sub-fresh,cross_validation,1.0
pork,MobileNetV3-Small,pork_fold1_test_portion07,5,2,3,0.1690713104,0.12175494453333334,0.7091737,2,Spoiled,cross_validation,1.0
pork,MobileNetV3-Small,pork_fold1_test_portion07,6,2,3,3.575673e-09,7.738796666666671e-09,1.0,2,Spoiled,cross_validation,1.0
pork,MobileNetV3-Small,pork_fold1_test_portion08,0,0,3,0.37017641,0.60958704,0.020236563933333333,1,Sub-fresh,cross_validation,1.0
pork,MobileNetV3-Small,pork_fold1_test_portion08,1,0,3,0.6211368733333335,0.25742666666666664,0.12143644833333334,0,Fresh,cross_validation,1.0
pork,MobileNetV3-Small,pork_fold1_test_portion08,2,0,3,0.41906360000000004,0.5686783366666667,0.012258035233333334,1,Sub-fresh,cross_validation,1.0
pork,MobileNetV3-Small,pork_fold1_test_portion08,3,0,3,0.8822882333333334,0.08532286866666666,0.032388927000000005,0,Fresh,cross_validation,1.0
pork,MobileNetV3-Small,pork_fold1_test_portion08,4,1,3,0.003958863733333333,0.6474558133333334,0.34858529499999996,1,Sub-fresh,cross_validation,1.0
pork,MobileNetV3-Small,pork_fold1_test_portion08,5,2,3,8.108608126666668e-06,0.00013635445866666668,0.99985555,2,Spoiled,cross_validation,1.0
pork,MobileNetV3-Small,pork_fold1_test_portion08,6,2,3,0.00010702451933333333,0.00019966485666666667,0.9996933666666666,2,Spoiled,cross_validation,1.0
pork,MobileNetV3-Small,pork_fold1_test_portion09,0,0,3,0.82306505,0.12704398,0.04989099633333333,0,Fresh,cross_validation,1.0
pork,MobileNetV3-Small,pork_fold1_test_portion09,1,0,3,0.6974022133333334,0.28423422666666665,0.018363554833333334,0,Fresh,cross_validation,1.0
pork,MobileNetV3-Small,pork_fold1_test_portion09,2,0,3,0.9092327566666666,0.07574549500000001,0.015021767666666666,0,Fresh,cross_validation,1.0
pork,MobileNetV3-Small,pork_fold1_test_portion09,3,0,3,0.91105459,0.062872098,0.026073312666666664,0,Fresh,cross_validation,1.0
pork,MobileNetV3-Small,pork_fold1_test_portion09,4,1,3,8.789906552472564e-09,1.1783555956715667e-06,0.9999988133333334,2,Spoiled,cross_validation,1.0
pork,MobileNetV3-Small,pork_fold1_test_portion09,5,2,3,2.7187892594946666e-13,1.0885540448800002e-11,1.0,2,Spoiled,cross_validation,1.0
pork,MobileNetV3-Small,pork_fold1_test_portion09,6,2,3,2.505238285423033e-18,9.01915409e-15,1.0,2,Spoiled,cross_validation,1.0
pork,MobileNetV3-Small,pork_fold1_test_portion10,0,0,3,0.9570796533333333,0.01561934,0.027300968666666665,0,Fresh,cross_validation,1.0
pork,MobileNetV3-Small,pork_fold1_test_portion10,1,0,3,0.8901678799999999,0.06573685833333333,0.044095259,0,Fresh,cross_validation,1.0
pork,MobileNetV3-Small,pork_fold1_test_portion10,2,0,3,0.8974640633333334,0.08718477566666667,0.015351159333333335,0,Fresh,cross_validation,1.0
pork,MobileNetV3-Small,pork_fold1_test_portion10,3,0,3,0.9505545733333333,0.014107757,0.035337721999999995,0,Fresh,cross_validation,1.0
pork,MobileNetV3-Small,pork_fold1_test_portion10,4,1,3,0.032710394,0.9669442500000001,0.00034536474,1,Sub-fresh,cross_validation,1.0
pork,MobileNetV3-Small,pork_fold1_test_portion10,5,2,3,5.582081160200001e-31,2.5602722300000003e-22,1.0,2,Spoiled,cross_validation,1.0
pork,MobileNetV3-Small,pork_fold1_test_portion10,6,2,3,4.286358433333333e-28,2.1320865399999997e-19,1.0,2,Spoiled,cross_validation,1.0
pork,MobileNetV3-Small,pork_fold2_test_portion01,0,0,3,0.96492303,0.016945179,0.018131817999999997,0,Fresh,cross_validation,2.0
pork,MobileNetV3-Small,pork_fold2_test_portion01,1,0,3,0.9788477833333333,0.017145487,0.004006735333333333,0,Fresh,cross_validation,2.0
pork,MobileNetV3-Small,pork_fold2_test_portion01,2,0,3,0.9848148533333333,0.012083634666666667,0.003101560833333334,0,Fresh,cross_validation,2.0
pork,MobileNetV3-Small,pork_fold2_test_portion01,3,0,3,0.98957943,0.0061056782,0.004314861566666667,0,Fresh,cross_validation,2.0
pork,MobileNetV3-Small,pork_fold2_test_portion01,4,1,3,0.3665957626666667,0.4891226533333333,0.14428158666666666,1,Sub-fresh,cross_validation,2.0
pork,MobileNetV3-Small,pork_fold2_test_portion01,5,2,3,0.00010893769299999999,0.0042443866,0.9956466666666667,2,Spoiled,cross_validation,2.0
pork,MobileNetV3-Small,pork_fold2_test_portion01,6,2,3,0.07011344166666666,0.16628853100000002,0.7635980433333334,2,Spoiled,cross_validation,2.0
pork,MobileNetV3-Small,pork_fold2_test_portion02,0,0,3,0.9866675666666667,0.010297864366666666,0.003034579533333333,0,Fresh,cross_validation,2.0
pork,MobileNetV3-Small,pork_fold2_test_portion02,1,0,3,0.9939471333333333,0.004075140566666666,0.0019777075,0,Fresh,cross_validation,2.0
pork,MobileNetV3-Small,pork_fold2_test_portion02,2,0,3,0.9845860166666668,0.010825598666666667,0.004588390533333333,0,Fresh,cross_validation,2.0
pork,MobileNetV3-Small,pork_fold2_test_portion02,3,0,3,0.99068809,0.005959733766666667,0.0033521162999999997,0,Fresh,cross_validation,2.0
pork,MobileNetV3-Small,pork_fold2_test_portion02,4,1,3,0.3887394933333333,0.5429159,0.06834460466666666,1,Sub-fresh,cross_validation,2.0
pork,MobileNetV3-Small,pork_fold2_test_portion02,5,2,3,0.013347622966666665,0.6143504000000001,0.37230198666666664,1,Sub-fresh,cross_validation,2.0
pork,MobileNetV3-Small,pork_fold2_test_portion02,6,2,3,0.0029396363233333334,0.020946623666666664,0.9761136733333333,2,Spoiled,cross_validation,2.0
pork,MobileNetV3-Small,pork_fold2_test_portion03,0,0,3,0.9944186033333334,0.003168839833333333,0.0024125221333333334,0,Fresh,cross_validation,2.0
pork,MobileNetV3-Small,pork_fold2_test_portion03,1,0,3,0.99177821,0.005132648399999999,0.003089181433333333,0,Fresh,cross_validation,2.0
pork,MobileNetV3-Small,pork_fold2_test_portion03,2,0,3,0.9692133799999999,0.024238088666666668,0.006548535366666666,0,Fresh,cross_validation,2.0
pork,MobileNetV3-Small,pork_fold2_test_portion03,3,0,3,0.9889499166666668,0.006078435533333333,0.004971636333333334,0,Fresh,cross_validation,2.0
pork,MobileNetV3-Small,pork_fold2_test_portion03,4,1,3,0.30350558,0.5493510766666666,0.14714338,1,Sub-fresh,cross_validation,2.0
pork,MobileNetV3-Small,pork_fold2_test_portion03,5,2,3,0.0035859472999999996,0.05954773766666668,0.9368663233333333,2,Spoiled,cross_validation,2.0
pork,MobileNetV3-Small,pork_fold2_test_portion03,6,2,3,0.0112099742,0.03430764866666667,0.9544823333333333,2,Spoiled,cross_validation,2.0
pork,MobileNetV3-Small,pork_fold2_test_portion04,0,0,3,0.9895515666666667,0.006726424733333333,0.003722063466666667,0,Fresh,cross_validation,2.0
pork,MobileNetV3-Small,pork_fold2_test_portion04,1,0,3,0.9711700533333333,0.021018525666666666,0.007811397833333333,0,Fresh,cross_validation,2.0
pork,MobileNetV3-Small,pork_fold2_test_portion04,2,0,3,0.9843710900000001,0.0095012815,0.0061276263,0,Fresh,cross_validation,2.0
pork,MobileNetV3-Small,pork_fold2_test_portion04,3,0,3,0.9815202900000001,0.013115995666666666,0.005363782933333333,0,Fresh,cross_validation,2.0
pork,MobileNetV3-Small,pork_fold2_test_portion04,4,1,3,0.18098340826666667,0.62696454,0.19205204666666667,1,Sub-fresh,cross_validation,2.0
pork,MobileNetV3-Small,pork_fold2_test_portion04,5,2,3,0.04615126966666667,0.116766458,0.8370822966666666,2,Spoiled,cross_validation,2.0
pork,MobileNetV3-Small,pork_fold2_test_portion04,6,2,3,0.0059500964,0.15050031233333336,0.84354958,2,Spoiled,cross_validation,2.0
pork,MobileNetV3-Small,pork_fold2_test_portion05,0,0,3,0.9841683666666666,0.009460892666666667,0.0063707078333333335,0,Fresh,cross_validation,2.0
pork,MobileNetV3-Small,pork_fold2_test_portion05,1,0,3,0.9765496499999999,0.015499894666666666,0.007950380833333333,0,Fresh,cross_validation,2.0
pork,MobileNetV3-Small,pork_fold2_test_portion05,2,0,3,0.9778306099999999,0.014147644333333334,0.0080217622,0,Fresh,cross_validation,2.0
pork,MobileNetV3-Small,pork_fold2_test_portion05,3,0,3,0.9724386133333334,0.019666709666666667,0.007894705466666667,0,Fresh,cross_validation,2.0
pork,MobileNetV3-Small,pork_fold2_test_portion05,4,1,3,0.26037129,0.5952180466666667,0.14441065,1,Sub-fresh,cross_validation,2.0
pork,MobileNetV3-Small,pork_fold2_test_portion05,5,2,3,0.01644817683333333,0.03460425066666667,0.9489475833333333,2,Spoiled,cross_validation,2.0
pork,MobileNetV3-Small,pork_fold2_test_portion05,6,2,3,0.00139624345,0.03357179766666667,0.9650319333333334,2,Spoiled,cross_validation,2.0
pork,MobileNetV3-Small,pork_fold2_test_portion06,0,0,3,0.9164920033333334,0.0548452441,0.028662785833333333,0,Fresh,cross_validation,2.0
pork,MobileNetV3-Small,pork_fold2_test_portion06,1,0,3,0.9282707,0.051350205333333336,0.020379111000000002,0,Fresh,cross_validation,2.0
pork,MobileNetV3-Small,pork_fold2_test_portion06,2,0,3,0.8588063466666668,0.09866588933333333,0.04252774333333333,0,Fresh,cross_validation,2.0
pork,MobileNetV3-Small,pork_fold2_test_portion06,3,0,3,0.9338287,0.030404191,0.03576711466666666,0,Fresh,cross_validation,2.0
pork,MobileNetV3-Small,pork_fold2_test_portion06,4,1,3,0.012027516666666667,0.225534588,0.76243792,2,Spoiled,cross_validation,2.0
pork,MobileNetV3-Small,pork_fold2_test_portion06,5,2,3,3.2607837e-05,0.00042895705333333335,0.9995384333333334,2,Spoiled,cross_validation,2.0
pork,MobileNetV3-Small,pork_fold2_test_portion06,6,2,3,0.003134113076666667,0.031216670799999995,0.9656492333333334,2,Spoiled,cross_validation,2.0
pork,MobileNetV3-Small,pork_fold2_test_portion07,0,0,3,0.9886933266666666,0.008398160933333334,0.0029085391,0,Fresh,cross_validation,2.0
pork,MobileNetV3-Small,pork_fold2_test_portion07,1,0,3,0.9862715133333334,0.0101751976,0.0035532773666666663,0,Fresh,cross_validation,2.0
pork,MobileNetV3-Small,pork_fold2_test_portion07,2,0,3,0.9944579333333333,0.0039226259,0.0016194528666666666,0,Fresh,cross_validation,2.0
pork,MobileNetV3-Small,pork_fold2_test_portion07,3,0,3,0.9946297966666666,0.0036241278333333338,0.0017460625,0,Fresh,cross_validation,2.0
pork,MobileNetV3-Small,pork_fold2_test_portion07,4,1,3,0.14247106833333334,0.8105294900000001,0.04699947866666667,1,Sub-fresh,cross_validation,2.0
pork,MobileNetV3-Small,pork_fold2_test_portion07,5,2,3,0.119193712,0.5083807,0.3724256433333333,1,Sub-fresh,cross_validation,2.0
pork,MobileNetV3-Small,pork_fold2_test_portion07,6,2,3,0.00022843948,0.0031012449,0.9966703366666666,2,Spoiled,cross_validation,2.0
pork,MobileNetV3-Small,pork_fold2_test_portion08,0,0,3,0.007467700133333334,0.9712390333333333,0.021293302,1,Sub-fresh,cross_validation,2.0
pork,MobileNetV3-Small,pork_fold2_test_portion08,1,0,3,0.08440760199999998,0.8880757566666667,0.027516642666666664,1,Sub-fresh,cross_validation,2.0
pork,MobileNetV3-Small,pork_fold2_test_portion08,2,0,3,0.3644905166666667,0.4883696866666667,0.14713982666666667,1,Sub-fresh,cross_validation,2.0
pork,MobileNetV3-Small,pork_fold2_test_portion08,3,0,3,0.6954542199999999,0.23924839566666667,0.06529741066666668,0,Fresh,cross_validation,2.0
pork,MobileNetV3-Small,pork_fold2_test_portion08,4,1,3,0.0036518463333333334,0.9175998533333334,0.07874831066666667,1,Sub-fresh,cross_validation,2.0
pork,MobileNetV3-Small,pork_fold2_test_portion08,5,2,3,0.106892763,0.6030145,0.2900926933333334,1,Sub-fresh,cross_validation,2.0
pork,MobileNetV3-Small,pork_fold2_test_portion08,6,2,3,0.0073262665,0.1419318,0.8507419399999999,2,Spoiled,cross_validation,2.0
pork,MobileNetV3-Small,pork_fold2_test_portion09,0,0,3,0.97441798,0.0128175045,0.012764481,0,Fresh,cross_validation,2.0
pork,MobileNetV3-Small,pork_fold2_test_portion09,1,0,3,0.9854898799999999,0.0094780978,0.005031999499999999,0,Fresh,cross_validation,2.0
pork,MobileNetV3-Small,pork_fold2_test_portion09,2,0,3,0.9656907766666668,0.026029888,0.008279322666666667,0,Fresh,cross_validation,2.0
pork,MobileNetV3-Small,pork_fold2_test_portion09,3,0,3,0.8584229,0.12232655033333334,0.019250532666666667,0,Fresh,cross_validation,2.0
pork,MobileNetV3-Small,pork_fold2_test_portion09,4,1,3,0.0055499951333333325,0.21923926666666668,0.77521077,2,Spoiled,cross_validation,2.0
pork,MobileNetV3-Small,pork_fold2_test_portion09,5,2,3,3.481168648044272e-06,0.0006773274566666668,0.99931918,2,Spoiled,cross_validation,2.0
pork,MobileNetV3-Small,pork_fold2_test_portion09,6,2,3,1.7175729827033356e-06,0.0004732452005333334,0.9995250433333333,2,Spoiled,cross_validation,2.0
pork,MobileNetV3-Small,pork_fold2_test_portion10,0,0,3,0.9858251833333332,0.009724950666666668,0.0044498518,0,Fresh,cross_validation,2.0
pork,MobileNetV3-Small,pork_fold2_test_portion10,1,0,3,0.9830198333333334,0.012616631333333335,0.0043635505,0,Fresh,cross_validation,2.0
pork,MobileNetV3-Small,pork_fold2_test_portion10,2,0,3,0.9909464733333334,0.005974846333333333,0.003078684366666667,0,Fresh,cross_validation,2.0
pork,MobileNetV3-Small,pork_fold2_test_portion10,3,0,3,0.9735558433333334,0.020969641666666667,0.005474514733333334,0,Fresh,cross_validation,2.0
pork,MobileNetV3-Small,pork_fold2_test_portion10,4,1,3,0.030572469333333335,0.9320140233333333,0.037413535,1,Sub-fresh,cross_validation,2.0
pork,MobileNetV3-Small,pork_fold2_test_portion10,5,2,3,0.08387735933333333,0.02197397133333333,0.8941486900000001,2,Spoiled,cross_validation,2.0
pork,MobileNetV3-Small,pork_fold2_test_portion10,6,2,3,0.00060834805,0.003112214066666667,0.9962794566666666,2,Spoiled,cross_validation,2.0
pork,MobileNetV3-Small,pork_fold3_test_portion01,0,0,3,0.9926599933333334,0.0040431085,0.003296915733333334,0,Fresh,cross_validation,3.0
pork,MobileNetV3-Small,pork_fold3_test_portion01,1,0,3,0.9821456166666667,0.0131263291,0.0047279483,0,Fresh,cross_validation,3.0
pork,MobileNetV3-Small,pork_fold3_test_portion01,2,0,3,0.98559948,0.008627592666666666,0.005773004966666666,0,Fresh,cross_validation,3.0
pork,MobileNetV3-Small,pork_fold3_test_portion01,3,0,3,0.9864207333333334,0.0085854442,0.004993776166666667,0,Fresh,cross_validation,3.0
pork,MobileNetV3-Small,pork_fold3_test_portion01,4,1,3,0.22511588466666665,0.6748178,0.10006630666666667,1,Sub-fresh,cross_validation,3.0
pork,MobileNetV3-Small,pork_fold3_test_portion01,5,2,3,0.068355546,0.15561352466666667,0.7760309166666667,2,Spoiled,cross_validation,3.0
pork,MobileNetV3-Small,pork_fold3_test_portion01,6,2,3,0.003957634766666667,0.11113055566666667,0.8849117999999999,2,Spoiled,cross_validation,3.0
pork,MobileNetV3-Small,pork_fold3_test_portion02,0,0,3,0.9753178966666667,0.01675029466666667,0.0079317972,0,Fresh,cross_validation,3.0
pork,MobileNetV3-Small,pork_fold3_test_portion02,1,0,3,0.968842,0.019812817333333333,0.011345237,0,Fresh,cross_validation,3.0
pork,MobileNetV3-Small,pork_fold3_test_portion02,2,0,3,0.95874892,0.030846621,0.010404437,0,Fresh,cross_validation,3.0
pork,MobileNetV3-Small,pork_fold3_test_portion02,3,0,3,0.9700302633333333,0.022495743000000002,0.0074739663999999996,0,Fresh,cross_validation,3.0
pork,MobileNetV3-Small,pork_fold3_test_portion02,4,1,3,0.018576107733333336,0.9414551666666666,0.039968725000000004,1,Sub-fresh,cross_validation,3.0
pork,MobileNetV3-Small,pork_fold3_test_portion02,5,2,3,0.005835349066666666,0.181869825,0.8122947933333333,2,Spoiled,cross_validation,3.0
pork,MobileNetV3-Small,pork_fold3_test_portion02,6,2,3,0.019810695933333334,0.0072944433333333334,0.97289492,2,Spoiled,cross_validation,3.0
pork,MobileNetV3-Small,pork_fold3_test_portion03,0,0,3,0.95994052,0.029418688,0.010640765166666668,0,Fresh,cross_validation,3.0
pork,MobileNetV3-Small,pork_fold3_test_portion03,1,0,3,0.84947429,0.13067317,0.01985256,0,Fresh,cross_validation,3.0
pork,MobileNetV3-Small,pork_fold3_test_portion03,2,0,3,0.5886121466666667,0.38721814666666665,0.024169733666666665,0,Fresh,cross_validation,3.0
pork,MobileNetV3-Small,pork_fold3_test_portion03,3,0,3,0.9138186899999999,0.044323361666666665,0.04185796233333333,0,Fresh,cross_validation,3.0
pork,MobileNetV3-Small,pork_fold3_test_portion03,4,1,3,0.0014392709318166667,0.9959816433333334,0.002579141913333333,1,Sub-fresh,cross_validation,3.0
pork,MobileNetV3-Small,pork_fold3_test_portion03,5,2,3,0.004955183466666666,0.97158479,0.023460028666666664,1,Sub-fresh,cross_validation,3.0
pork,MobileNetV3-Small,pork_fold3_test_portion03,6,2,3,0.013490871000000002,0.7138505500000001,0.27265855333333333,1,Sub-fresh,cross_validation,3.0
pork,MobileNetV3-Small,pork_fold3_test_portion04,0,0,3,0.9424720533333333,0.0259558257,0.03157212406666667,0,Fresh,cross_validation,3.0
pork,MobileNetV3-Small,pork_fold3_test_portion04,1,0,3,0.9445625766666667,0.0306696615,0.024767731799999998,0,Fresh,cross_validation,3.0
pork,MobileNetV3-Small,pork_fold3_test_portion04,2,0,3,0.77013927,0.20004745000000002,0.029813278666666665,0,Fresh,cross_validation,3.0
pork,MobileNetV3-Small,pork_fold3_test_portion04,3,0,3,0.9678035033333333,0.020029743,0.012166772666666667,0,Fresh,cross_validation,3.0
pork,MobileNetV3-Small,pork_fold3_test_portion04,4,1,3,0.09502333333333333,0.8238759299999999,0.08110074500000002,1,Sub-fresh,cross_validation,3.0
pork,MobileNetV3-Small,pork_fold3_test_portion04,5,2,3,0.0032571660680000003,0.3131524113,0.6835904133333334,2,Spoiled,cross_validation,3.0
pork,MobileNetV3-Small,pork_fold3_test_portion04,6,2,3,0.00048598092333333325,0.0001365080529,0.99937745,2,Spoiled,cross_validation,3.0
pork,MobileNetV3-Small,pork_fold3_test_portion05,0,0,3,0.9789939200000001,0.014239266133333336,0.006766788466666666,0,Fresh,cross_validation,3.0
pork,MobileNetV3-Small,pork_fold3_test_portion05,1,0,3,0.9071491633333334,0.08415844700000001,0.008692360733333333,0,Fresh,cross_validation,3.0
pork,MobileNetV3-Small,pork_fold3_test_portion05,2,0,3,0.9663363500000001,0.023452941,0.010210678133333333,0,Fresh,cross_validation,3.0
pork,MobileNetV3-Small,pork_fold3_test_portion05,3,0,3,0.9656242233333333,0.027316211333333337,0.007059554166666667,0,Fresh,cross_validation,3.0
pork,MobileNetV3-Small,pork_fold3_test_portion05,4,1,3,0.0011875230522733335,0.9938481133333333,0.0049643501500000005,1,Sub-fresh,cross_validation,3.0
pork,MobileNetV3-Small,pork_fold3_test_portion05,5,2,3,0.048061160666666665,0.27972325,0.6722155833333333,2,Spoiled,cross_validation,3.0
pork,MobileNetV3-Small,pork_fold3_test_portion05,6,2,3,0.07595808033333334,0.29748126666666663,0.6265606666666667,2,Spoiled,cross_validation,3.0
pork,MobileNetV3-Small,pork_fold3_test_portion06,0,0,3,0.9646932766666666,0.025029436866666668,0.010277290333333335,0,Fresh,cross_validation,3.0
pork,MobileNetV3-Small,pork_fold3_test_portion06,1,0,3,0.9400974999999999,0.04925143266666667,0.0106510431,0,Fresh,cross_validation,3.0
pork,MobileNetV3-Small,pork_fold3_test_portion06,2,0,3,0.9657837100000001,0.022834013333333333,0.011382266666666668,0,Fresh,cross_validation,3.0
pork,MobileNetV3-Small,pork_fold3_test_portion06,3,0,3,0.8536732333333333,0.13601259000000002,0.0103141272,0,Fresh,cross_validation,3.0
pork,MobileNetV3-Small,pork_fold3_test_portion06,4,1,3,0.0093494421603,0.9431896766666666,0.047460860166666674,1,Sub-fresh,cross_validation,3.0
pork,MobileNetV3-Small,pork_fold3_test_portion06,5,2,3,0.009709924659666667,0.004954283140000001,0.9853357666666667,2,Spoiled,cross_validation,3.0
pork,MobileNetV3-Small,pork_fold3_test_portion06,6,2,3,0.05204576153333334,0.026201835546666663,0.9217524166666666,2,Spoiled,cross_validation,3.0
pork,MobileNetV3-Small,pork_fold3_test_portion07,0,0,3,0.9640044799999999,0.028012025666666666,0.007983553066666666,0,Fresh,cross_validation,3.0
pork,MobileNetV3-Small,pork_fold3_test_portion07,1,0,3,0.9817544533333332,0.013676226,0.004569333666666667,0,Fresh,cross_validation,3.0
pork,MobileNetV3-Small,pork_fold3_test_portion07,2,0,3,0.9776235866666667,0.016324055666666667,0.006052365833333333,0,Fresh,cross_validation,3.0
pork,MobileNetV3-Small,pork_fold3_test_portion07,3,0,3,0.9730559566666667,0.020165122166666667,0.006778903833333333,0,Fresh,cross_validation,3.0
pork,MobileNetV3-Small,pork_fold3_test_portion07,4,1,3,3.882982373333333e-05,0.99608087,0.0038803130900000003,1,Sub-fresh,cross_validation,3.0
pork,MobileNetV3-Small,pork_fold3_test_portion07,5,2,3,0.14549961333333333,0.3486551933333333,0.5058451666666667,2,Spoiled,cross_validation,3.0
pork,MobileNetV3-Small,pork_fold3_test_portion07,6,2,3,0.006611109128233333,0.3507708136666667,0.6426180753333334,2,Spoiled,cross_validation,3.0
pork,MobileNetV3-Small,pork_fold3_test_portion08,0,0,3,0.9870152133333333,0.0034767417666666666,0.009508053333333334,0,Fresh,cross_validation,3.0
pork,MobileNetV3-Small,pork_fold3_test_portion08,1,0,3,0.9275409533333333,0.05621296766666667,0.016246059666666667,0,Fresh,cross_validation,3.0
pork,MobileNetV3-Small,pork_fold3_test_portion08,2,0,3,0.8800054633333333,0.09254072966666667,0.027453810999999998,0,Fresh,cross_validation,3.0
pork,MobileNetV3-Small,pork_fold3_test_portion08,3,0,3,0.8805559666666666,0.07324171633333333,0.046202333766666666,0,Fresh,cross_validation,3.0
pork,MobileNetV3-Small,pork_fold3_test_portion08,4,1,3,0.009370644033333334,0.1773408533333333,0.8132885,2,Spoiled,cross_validation,3.0
pork,MobileNetV3-Small,pork_fold3_test_portion08,5,2,3,0.018203346173333333,0.19126135133333333,0.79053535,2,Spoiled,cross_validation,3.0
pork,MobileNetV3-Small,pork_fold3_test_portion08,6,2,3,0.005472804800000001,0.02468669533333333,0.96984045,2,Spoiled,cross_validation,3.0
pork,MobileNetV3-Small,pork_fold3_test_portion09,0,0,3,0.9746063,0.007207987566666667,0.018185724,0,Fresh,cross_validation,3.0
pork,MobileNetV3-Small,pork_fold3_test_portion09,1,0,3,0.7441829733333334,0.24686408366666668,0.008952941466666668,0,Fresh,cross_validation,3.0
pork,MobileNetV3-Small,pork_fold3_test_portion09,2,0,3,0.94670057,0.03857805866666667,0.0147213391,0,Fresh,cross_validation,3.0
pork,MobileNetV3-Small,pork_fold3_test_portion09,3,0,3,0.9702496133333334,0.022019715666666672,0.007730679733333333,0,Fresh,cross_validation,3.0
pork,MobileNetV3-Small,pork_fold3_test_portion09,4,1,3,0.02866066218,0.8312102866666665,0.14012908966666668,1,Sub-fresh,cross_validation,3.0
pork,MobileNetV3-Small,pork_fold3_test_portion09,5,2,3,0.0111553338,0.0017275489666666668,0.9871171333333333,2,Spoiled,cross_validation,3.0
pork,MobileNetV3-Small,pork_fold3_test_portion09,6,2,3,0.007620477043333333,0.46440381999999997,0.5279757033333333,2,Spoiled,cross_validation,3.0
pork,MobileNetV3-Small,pork_fold3_test_portion10,0,0,3,0.9607265466666667,0.0170392079,0.022234267333333335,0,Fresh,cross_validation,3.0
pork,MobileNetV3-Small,pork_fold3_test_portion10,1,0,3,0.8741191,0.10342113566666666,0.022459785,0,Fresh,cross_validation,3.0
pork,MobileNetV3-Small,pork_fold3_test_portion10,2,0,3,0.8866778433333334,0.09949377866666666,0.013828369666666666,0,Fresh,cross_validation,3.0
pork,MobileNetV3-Small,pork_fold3_test_portion10,3,0,3,0.7169078033333333,0.2650625833333333,0.01802961633333333,0,Fresh,cross_validation,3.0
pork,MobileNetV3-Small,pork_fold3_test_portion10,4,1,3,0.0039814039,0.9857033866666667,0.010315223766666668,1,Sub-fresh,cross_validation,3.0
pork,MobileNetV3-Small,pork_fold3_test_portion10,5,2,3,0.034891899,0.16433611499999998,0.8007719300000001,2,Spoiled,cross_validation,3.0
pork,MobileNetV3-Small,pork_fold3_test_portion10,6,2,3,1.4933692e-06,0.9758440266666666,0.024154498666666666,1,Sub-fresh,cross_validation,3.0
pork,MobileNetV3-Small,pork_fold4_test_portion01,0,0,3,0.9717662533333334,0.016556411666666666,0.011677316666666666,0,Fresh,cross_validation,4.0
pork,MobileNetV3-Small,pork_fold4_test_portion01,1,0,3,0.9760385033333333,0.015036920666666667,0.008924557333333333,0,Fresh,cross_validation,4.0
pork,MobileNetV3-Small,pork_fold4_test_portion01,2,0,3,0.9703711500000001,0.019621677333333334,0.010007182,0,Fresh,cross_validation,4.0
pork,MobileNetV3-Small,pork_fold4_test_portion01,3,0,3,0.9571381200000001,0.013945351333333333,0.028916542333333333,0,Fresh,cross_validation,4.0
pork,MobileNetV3-Small,pork_fold4_test_portion01,4,1,3,0.6448575233333333,0.28373144499999997,0.07141100533333335,0,Fresh,cross_validation,4.0
pork,MobileNetV3-Small,pork_fold4_test_portion01,5,2,3,0.6939949666666667,0.20171325666666665,0.104291778,0,Fresh,cross_validation,4.0
pork,MobileNetV3-Small,pork_fold4_test_portion01,6,2,3,9.742232099999999e-06,0.00023029037223333331,0.9997599833333334,2,Spoiled,cross_validation,4.0
pork,MobileNetV3-Small,pork_fold4_test_portion02,0,0,3,0.7267682999999999,0.22017401866666667,0.053057743666666664,0,Fresh,cross_validation,4.0
pork,MobileNetV3-Small,pork_fold4_test_portion02,1,0,3,0.84514815,0.12514730333333332,0.029704559333333335,0,Fresh,cross_validation,4.0
pork,MobileNetV3-Small,pork_fold4_test_portion02,2,0,3,0.9179486633333332,0.050591690999999994,0.031459690666666665,0,Fresh,cross_validation,4.0
pork,MobileNetV3-Small,pork_fold4_test_portion02,3,0,3,0.9601662666666666,0.021011047,0.018822669333333333,0,Fresh,cross_validation,4.0
pork,MobileNetV3-Small,pork_fold4_test_portion02,4,1,3,0.07346696400000001,0.89942138,0.027111666333333336,1,Sub-fresh,cross_validation,4.0
pork,MobileNetV3-Small,pork_fold4_test_portion02,5,2,3,0.168971192,0.7133149033333334,0.11771391566666667,1,Sub-fresh,cross_validation,4.0
pork,MobileNetV3-Small,pork_fold4_test_portion02,6,2,3,0.014940329666666667,0.3433476466666667,0.64171201,2,Spoiled,cross_validation,4.0
pork,MobileNetV3-Small,pork_fold4_test_portion03,0,0,3,0.9416921199999999,0.041778479,0.016529422999999998,0,Fresh,cross_validation,4.0
pork,MobileNetV3-Small,pork_fold4_test_portion03,1,0,3,0.9483211666666667,0.035353346333333334,0.016325522166666665,0,Fresh,cross_validation,4.0
pork,MobileNetV3-Small,pork_fold4_test_portion03,2,0,3,0.9459116866666667,0.040238682,0.013849675333333334,0,Fresh,cross_validation,4.0
pork,MobileNetV3-Small,pork_fold4_test_portion03,3,0,3,0.9555839833333333,0.026714319,0.017701637000000003,0,Fresh,cross_validation,4.0
pork,MobileNetV3-Small,pork_fold4_test_portion03,4,1,3,0.5852460933333333,0.20885189666666668,0.20590204999999998,0,Fresh,cross_validation,4.0
pork,MobileNetV3-Small,pork_fold4_test_portion03,5,2,3,0.4807353366666667,0.05561091866666667,0.46365373000000004,0,Fresh,cross_validation,4.0
pork,MobileNetV3-Small,pork_fold4_test_portion03,6,2,3,1.6145648000000002e-06,2.2313767533333335e-06,0.9999961533333334,2,Spoiled,cross_validation,4.0
pork,MobileNetV3-Small,pork_fold4_test_portion04,0,0,3,0.9067445799999999,0.07452065266666667,0.018734726333333333,0,Fresh,cross_validation,4.0
pork,MobileNetV3-Small,pork_fold4_test_portion04,1,0,3,0.9345137,0.032286585,0.03319967333333333,0,Fresh,cross_validation,4.0
pork,MobileNetV3-Small,pork_fold4_test_portion04,2,0,3,0.9187652033333333,0.05866232800000001,0.02257242533333333,0,Fresh,cross_validation,4.0
pork,MobileNetV3-Small,pork_fold4_test_portion04,3,0,3,0.9392718666666667,0.025004448666666665,0.03572362666666667,0,Fresh,cross_validation,4.0
pork,MobileNetV3-Small,pork_fold4_test_portion04,4,1,3,0.31732848666666663,0.11101359833333334,0.5716579300000001,2,Spoiled,cross_validation,4.0
pork,MobileNetV3-Small,pork_fold4_test_portion04,5,2,3,5.606969333333334e-06,0.00016053464901,0.99983381,2,Spoiled,cross_validation,4.0
pork,MobileNetV3-Small,pork_fold4_test_portion04,6,2,3,2.2742036e-06,5.913231800000001e-07,0.9999971799999999,2,Spoiled,cross_validation,4.0
pork,MobileNetV3-Small,pork_fold4_test_portion05,0,0,3,0.8544984566666667,0.12485234,0.020649230333333334,0,Fresh,cross_validation,4.0
pork,MobileNetV3-Small,pork_fold4_test_portion05,1,0,3,0.9531125,0.025963456,0.020924046666666668,0,Fresh,cross_validation,4.0
pork,MobileNetV3-Small,pork_fold4_test_portion05,2,0,3,0.90041035,0.05635677,0.043232911000000006,0,Fresh,cross_validation,4.0
pork,MobileNetV3-Small,pork_fold4_test_portion05,3,0,3,0.9067970866666667,0.056394297333333336,0.0368086,0,Fresh,cross_validation,4.0
pork,MobileNetV3-Small,pork_fold4_test_portion05,4,1,3,0.07754870643333334,0.7244697266666668,0.19798154,1,Sub-fresh,cross_validation,4.0
pork,MobileNetV3-Small,pork_fold4_test_portion05,5,2,3,0.02775783733333333,0.12487663366666667,0.8473655333333333,2,Spoiled,cross_validation,4.0
pork,MobileNetV3-Small,pork_fold4_test_portion05,6,2,3,2.6563942499999998e-05,0.0008842591133333333,0.99908914,2,Spoiled,cross_validation,4.0
pork,MobileNetV3-Small,pork_fold4_test_portion06,0,0,3,0.9269072466666666,0.05919850733333334,0.013894249833333332,0,Fresh,cross_validation,4.0
pork,MobileNetV3-Small,pork_fold4_test_portion06,1,0,3,0.95726734,0.03477028966666667,0.0079623775,0,Fresh,cross_validation,4.0
pork,MobileNetV3-Small,pork_fold4_test_portion06,2,0,3,0.9569678100000001,0.0309297,0.012102507666666667,0,Fresh,cross_validation,4.0
pork,MobileNetV3-Small,pork_fold4_test_portion06,3,0,3,0.96936138,0.019675412333333333,0.010963210000000001,0,Fresh,cross_validation,4.0
pork,MobileNetV3-Small,pork_fold4_test_portion06,4,1,3,0.30457065333333333,0.5353802766666667,0.160049052,1,Sub-fresh,cross_validation,4.0
pork,MobileNetV3-Small,pork_fold4_test_portion06,5,2,3,0.002338250886666667,0.0017259888733333333,0.9959357333333333,2,Spoiled,cross_validation,4.0
pork,MobileNetV3-Small,pork_fold4_test_portion06,6,2,3,8.782907666666667e-06,0.0004010531633333333,0.9995901666666667,2,Spoiled,cross_validation,4.0
pork,MobileNetV3-Small,pork_fold4_test_portion07,0,0,3,0.8582436000000001,0.11486178533333334,0.026894620666666664,0,Fresh,cross_validation,4.0
pork,MobileNetV3-Small,pork_fold4_test_portion07,1,0,3,0.9358090133333333,0.05353595733333333,0.010655013,0,Fresh,cross_validation,4.0
pork,MobileNetV3-Small,pork_fold4_test_portion07,2,0,3,0.94698983,0.03789868366666666,0.015111512333333334,0,Fresh,cross_validation,4.0
pork,MobileNetV3-Small,pork_fold4_test_portion07,3,0,3,0.89494936,0.085122967,0.01992765,0,Fresh,cross_validation,4.0
pork,MobileNetV3-Small,pork_fold4_test_portion07,4,1,3,0.5664090033333333,0.2920759466666667,0.14151505333333333,0,Fresh,cross_validation,4.0
pork,MobileNetV3-Small,pork_fold4_test_portion07,5,2,3,9.379354599999999e-06,0.00011244652333333332,0.9998781600000001,2,Spoiled,cross_validation,4.0
pork,MobileNetV3-Small,pork_fold4_test_portion07,6,2,3,0.016711451666666665,0.40003464333333333,0.5832539,2,Spoiled,cross_validation,4.0
pork,MobileNetV3-Small,pork_fold4_test_portion08,0,0,3,0.9051247866666667,0.057331847666666665,0.03754337833333333,0,Fresh,cross_validation,4.0
pork,MobileNetV3-Small,pork_fold4_test_portion08,1,0,3,0.9577354333333333,0.027264265333333332,0.015000294333333332,0,Fresh,cross_validation,4.0
pork,MobileNetV3-Small,pork_fold4_test_portion08,2,0,3,0.95660581,0.030003776666666666,0.013390445,0,Fresh,cross_validation,4.0
pork,MobileNetV3-Small,pork_fold4_test_portion08,3,0,3,0.9677949133333333,0.016172019,0.016033096,0,Fresh,cross_validation,4.0
pork,MobileNetV3-Small,pork_fold4_test_portion08,4,1,3,0.3225102967333333,0.10026682266666666,0.5772228886666667,2,Spoiled,cross_validation,4.0
pork,MobileNetV3-Small,pork_fold4_test_portion08,5,2,3,0.12361858590433333,0.03818437056666667,0.83819701,2,Spoiled,cross_validation,4.0
pork,MobileNetV3-Small,pork_fold4_test_portion08,6,2,3,0.0007236572433333334,0.023047511333333336,0.9762288333333333,2,Spoiled,cross_validation,4.0
pork,MobileNetV3-Small,pork_fold4_test_portion09,0,0,3,0.9481822966666668,0.029905,0.021912673000000004,0,Fresh,cross_validation,4.0
pork,MobileNetV3-Small,pork_fold4_test_portion09,1,0,3,0.9051471033333334,0.048340199,0.046512766000000004,0,Fresh,cross_validation,4.0
pork,MobileNetV3-Small,pork_fold4_test_portion09,2,0,3,0.8854630666666666,0.031445448,0.083091511,0,Fresh,cross_validation,4.0
pork,MobileNetV3-Small,pork_fold4_test_portion09,3,0,3,0.7180490266666667,0.03311927,0.24883169666666669,0,Fresh,cross_validation,4.0
pork,MobileNetV3-Small,pork_fold4_test_portion09,4,1,3,4.3760463900000006e-05,0.0009320440363333334,0.9990242166666667,2,Spoiled,cross_validation,4.0
pork,MobileNetV3-Small,pork_fold4_test_portion09,5,2,3,0.00015657592400000002,0.0007490575233333333,0.9990944,2,Spoiled,cross_validation,4.0
pork,MobileNetV3-Small,pork_fold4_test_portion09,6,2,3,7.151573000000001e-06,0.00026249957199999996,0.99973035,2,Spoiled,cross_validation,4.0
pork,MobileNetV3-Small,pork_fold4_test_portion10,0,0,3,0.9653359666666667,0.02225962333333333,0.012404416000000001,0,Fresh,cross_validation,4.0
pork,MobileNetV3-Small,pork_fold4_test_portion10,1,0,3,0.9654388866666667,0.024746096,0.009815019333333334,0,Fresh,cross_validation,4.0
pork,MobileNetV3-Small,pork_fold4_test_portion10,2,0,3,0.9648334533333333,0.020388645,0.014777909,0,Fresh,cross_validation,4.0
pork,MobileNetV3-Small,pork_fold4_test_portion10,3,0,3,0.9193231333333333,0.06025813866666666,0.020418739,0,Fresh,cross_validation,4.0
pork,MobileNetV3-Small,pork_fold4_test_portion10,4,1,3,0.029823862766666667,0.7650443566666668,0.20513181273333336,1,Sub-fresh,cross_validation,4.0
pork,MobileNetV3-Small,pork_fold4_test_portion10,5,2,3,0.0014896511323333333,0.00394153692,0.9945688233333333,2,Spoiled,cross_validation,4.0
pork,MobileNetV3-Small,pork_fold4_test_portion10,6,2,3,0.00014509577100000002,0.005340415840466667,0.9945144833333334,2,Spoiled,cross_validation,4.0
pork,ShuffleNetV2-0.5x,pork_fold1_test_portion01,0,0,3,0.9408246166666666,0.04314252466666666,0.016032861666666665,0,Fresh,cross_validation,1.0
pork,ShuffleNetV2-0.5x,pork_fold1_test_portion01,1,0,3,0.9445158533333333,0.029178843333333333,0.026305323333333335,0,Fresh,cross_validation,1.0
pork,ShuffleNetV2-0.5x,pork_fold1_test_portion01,2,0,3,0.9414469133333334,0.03115693233333333,0.027396201,0,Fresh,cross_validation,1.0
pork,ShuffleNetV2-0.5x,pork_fold1_test_portion01,3,0,3,0.92511835,0.030374362333333335,0.044507270999999994,0,Fresh,cross_validation,1.0
pork,ShuffleNetV2-0.5x,pork_fold1_test_portion01,4,1,3,0.17812842439999999,0.626720071,0.195151549,1,Sub-fresh,cross_validation,1.0
pork,ShuffleNetV2-0.5x,pork_fold1_test_portion01,5,2,3,0.0194102225,0.32410185166666666,0.6564879466666667,2,Spoiled,cross_validation,1.0
pork,ShuffleNetV2-0.5x,pork_fold1_test_portion01,6,2,3,0.004714781533333334,0.018122884,0.9771623366666667,2,Spoiled,cross_validation,1.0
pork,ShuffleNetV2-0.5x,pork_fold1_test_portion02,0,0,3,0.94000305,0.047499354333333334,0.0124975685,0,Fresh,cross_validation,1.0
pork,ShuffleNetV2-0.5x,pork_fold1_test_portion02,1,0,3,0.9436976133333334,0.04149291866666666,0.014809435333333334,0,Fresh,cross_validation,1.0
pork,ShuffleNetV2-0.5x,pork_fold1_test_portion02,2,0,3,0.9494067666666667,0.03804009666666666,0.012553170666666667,0,Fresh,cross_validation,1.0
pork,ShuffleNetV2-0.5x,pork_fold1_test_portion02,3,0,3,0.9487498,0.034777849666666666,0.016472360666666668,0,Fresh,cross_validation,1.0
pork,ShuffleNetV2-0.5x,pork_fold1_test_portion02,4,1,3,6.509571033333334e-06,0.9998358133333333,0.00015762638,1,Sub-fresh,cross_validation,1.0
pork,ShuffleNetV2-0.5x,pork_fold1_test_portion02,5,2,3,7.852390533333333e-05,0.9995508533333334,0.00037060744,1,Sub-fresh,cross_validation,1.0
pork,ShuffleNetV2-0.5x,pork_fold1_test_portion02,6,2,3,0.0014270912,0.012683380666666666,0.9858895166666667,2,Spoiled,cross_validation,1.0
pork,ShuffleNetV2-0.5x,pork_fold1_test_portion03,0,0,3,0.9394101066666667,0.047180318,0.013409611333333333,0,Fresh,cross_validation,1.0
pork,ShuffleNetV2-0.5x,pork_fold1_test_portion03,1,0,3,0.9126379333333334,0.067504575,0.0198575369,0,Fresh,cross_validation,1.0
pork,ShuffleNetV2-0.5x,pork_fold1_test_portion03,2,0,3,0.8545013866666666,0.13478652333333332,0.010712052333333333,0,Fresh,cross_validation,1.0
pork,ShuffleNetV2-0.5x,pork_fold1_test_portion03,3,0,3,0.9488214199999999,0.038261943666666666,0.012916680833333333,0,Fresh,cross_validation,1.0
pork,ShuffleNetV2-0.5x,pork_fold1_test_portion03,4,1,3,3.6318318999999994e-06,0.9994568966666666,0.0005394926133333334,1,Sub-fresh,cross_validation,1.0
pork,ShuffleNetV2-0.5x,pork_fold1_test_portion03,5,2,3,0.005173474666666667,0.343454942,0.6513715689333334,2,Spoiled,cross_validation,1.0
pork,ShuffleNetV2-0.5x,pork_fold1_test_portion03,6,2,3,0.0027256159,0.012978854333333333,0.9842955666666667,2,Spoiled,cross_validation,1.0
pork,ShuffleNetV2-0.5x,pork_fold1_test_portion04,0,0,3,0.9496577199999999,0.03804687933333333,0.012295341000000001,0,Fresh,cross_validation,1.0
pork,ShuffleNetV2-0.5x,pork_fold1_test_portion04,1,0,3,0.9491332666666666,0.037564867333333335,0.013301841333333333,0,Fresh,cross_validation,1.0
pork,ShuffleNetV2-0.5x,pork_fold1_test_portion04,2,0,3,0.9567385933333333,0.030232810666666665,0.013028543833333335,0,Fresh,cross_validation,1.0
pork,ShuffleNetV2-0.5x,pork_fold1_test_portion04,3,0,3,0.9522954866666667,0.033525208333333334,0.014179328666666666,0,Fresh,cross_validation,1.0
pork,ShuffleNetV2-0.5x,pork_fold1_test_portion04,4,1,3,0.4176372166666667,0.56937794,0.012984853999999999,1,Sub-fresh,cross_validation,1.0
pork,ShuffleNetV2-0.5x,pork_fold1_test_portion04,5,2,3,0.0051224595,0.7283227066666668,0.2665548353333333,1,Sub-fresh,cross_validation,1.0
pork,ShuffleNetV2-0.5x,pork_fold1_test_portion04,6,2,3,0.004580986266666667,0.007689760933333334,0.9877292666666667,2,Spoiled,cross_validation,1.0
pork,ShuffleNetV2-0.5x,pork_fold1_test_portion05,0,0,3,0.95045609,0.037674674,0.011869239666666665,0,Fresh,cross_validation,1.0
pork,ShuffleNetV2-0.5x,pork_fold1_test_portion05,1,0,3,0.95677051,0.03117181033333333,0.012057686,0,Fresh,cross_validation,1.0
pork,ShuffleNetV2-0.5x,pork_fold1_test_portion05,2,0,3,0.9487165666666667,0.038582394666666665,0.012701018333333333,0,Fresh,cross_validation,1.0
pork,ShuffleNetV2-0.5x,pork_fold1_test_portion05,3,0,3,0.9541565799999999,0.034115603333333334,0.011727770666666667,0,Fresh,cross_validation,1.0
pork,ShuffleNetV2-0.5x,pork_fold1_test_portion05,4,1,3,0.06181639733333333,0.9300660133333333,0.00811761105,1,Sub-fresh,cross_validation,1.0
pork,ShuffleNetV2-0.5x,pork_fold1_test_portion05,5,2,3,0.005708203766666667,0.012284986999999999,0.9820067666666666,2,Spoiled,cross_validation,1.0
pork,ShuffleNetV2-0.5x,pork_fold1_test_portion05,6,2,3,0.0075755683333333336,0.008423731,0.9840007233333333,2,Spoiled,cross_validation,1.0
pork,ShuffleNetV2-0.5x,pork_fold1_test_portion06,0,0,3,0.9541269166666666,0.035245804,0.010627253000000001,0,Fresh,cross_validation,1.0
pork,ShuffleNetV2-0.5x,pork_fold1_test_portion06,1,0,3,0.9470068899999999,0.028481532333333334,0.024511549333333337,0,Fresh,cross_validation,1.0
pork,ShuffleNetV2-0.5x,pork_fold1_test_portion06,2,0,3,0.95031875,0.03891604333333334,0.010765172666666668,0,Fresh,cross_validation,1.0
pork,ShuffleNetV2-0.5x,pork_fold1_test_portion06,3,0,3,0.9543928733333334,0.026157030999999997,0.019450132999999998,0,Fresh,cross_validation,1.0
pork,ShuffleNetV2-0.5x,pork_fold1_test_portion06,4,1,3,0.03591632166666667,0.9287009466666666,0.03538268453333333,1,Sub-fresh,cross_validation,1.0
pork,ShuffleNetV2-0.5x,pork_fold1_test_portion06,5,2,3,0.006353316903333334,0.9870509633333334,0.006595752146666667,1,Sub-fresh,cross_validation,1.0
pork,ShuffleNetV2-0.5x,pork_fold1_test_portion06,6,2,3,0.0030096533,0.015600427666666666,0.9813899200000001,2,Spoiled,cross_validation,1.0
pork,ShuffleNetV2-0.5x,pork_fold1_test_portion07,0,0,3,0.9545813166666667,0.033299156,0.012119573666666666,0,Fresh,cross_validation,1.0
pork,ShuffleNetV2-0.5x,pork_fold1_test_portion07,1,0,3,0.9526486533333333,0.03464368566666667,0.012707687,0,Fresh,cross_validation,1.0
pork,ShuffleNetV2-0.5x,pork_fold1_test_portion07,2,0,3,0.95274853,0.036799026000000006,0.010452447333333332,0,Fresh,cross_validation,1.0
pork,ShuffleNetV2-0.5x,pork_fold1_test_portion07,3,0,3,0.9540228466666667,0.033092476,0.0128846725,0,Fresh,cross_validation,1.0
pork,ShuffleNetV2-0.5x,pork_fold1_test_portion07,4,1,3,0.25744004424666667,0.73482485,0.0077351224799999995,1,Sub-fresh,cross_validation,1.0
pork,ShuffleNetV2-0.5x,pork_fold1_test_portion07,5,2,3,0.0083986278,0.0099225988,0.9816787666666666,2,Spoiled,cross_validation,1.0
pork,ShuffleNetV2-0.5x,pork_fold1_test_portion07,6,2,3,0.0039756252333333335,0.009671371333333333,0.9863529999999999,2,Spoiled,cross_validation,1.0
pork,ShuffleNetV2-0.5x,pork_fold1_test_portion08,0,0,3,0.6043619962666666,0.386525873,0.0091121315,0,Fresh,cross_validation,1.0
pork,ShuffleNetV2-0.5x,pork_fold1_test_portion08,1,0,3,0.89193325,0.047812528666666666,0.06025420333333333,0,Fresh,cross_validation,1.0
pork,ShuffleNetV2-0.5x,pork_fold1_test_portion08,2,0,3,0.9353286666666666,0.052694567,0.011976808333333333,0,Fresh,cross_validation,1.0
pork,ShuffleNetV2-0.5x,pork_fold1_test_portion08,3,0,3,0.9505334333333333,0.035633901333333336,0.013832638666666666,0,Fresh,cross_validation,1.0
pork,ShuffleNetV2-0.5x,pork_fold1_test_portion08,4,1,3,3.3596344843333334e-05,0.9995414166666666,0.00042497516933333334,1,Sub-fresh,cross_validation,1.0
pork,ShuffleNetV2-0.5x,pork_fold1_test_portion08,5,2,3,0.0026587722800000004,0.6264585636666666,0.37088266,1,Sub-fresh,cross_validation,1.0
pork,ShuffleNetV2-0.5x,pork_fold1_test_portion08,6,2,3,0.005003076433333333,0.041467403666666666,0.9535295,2,Spoiled,cross_validation,1.0
pork,ShuffleNetV2-0.5x,pork_fold1_test_portion09,0,0,3,0.9479477233333333,0.040176304,0.011875993000000001,0,Fresh,cross_validation,1.0
pork,ShuffleNetV2-0.5x,pork_fold1_test_portion09,1,0,3,0.9457387666666667,0.04365790133333333,0.010603376833333332,0,Fresh,cross_validation,1.0
pork,ShuffleNetV2-0.5x,pork_fold1_test_portion09,2,0,3,0.9510660999999999,0.036366507666666666,0.012567394666666667,0,Fresh,cross_validation,1.0
pork,ShuffleNetV2-0.5x,pork_fold1_test_portion09,3,0,3,0.9477247133333333,0.035888553,0.016386734,0,Fresh,cross_validation,1.0
pork,ShuffleNetV2-0.5x,pork_fold1_test_portion09,4,1,3,0.0014415076566,0.6329653166666667,0.36559319965,1,Sub-fresh,cross_validation,1.0
pork,ShuffleNetV2-0.5x,pork_fold1_test_portion09,5,2,3,0.0018474646516666669,0.6440687500000001,0.3540837629333333,1,Sub-fresh,cross_validation,1.0
pork,ShuffleNetV2-0.5x,pork_fold1_test_portion09,6,2,3,0.0029810156333333333,0.0057558938333333335,0.9912631566666666,2,Spoiled,cross_validation,1.0
pork,ShuffleNetV2-0.5x,pork_fold1_test_portion10,0,0,3,0.9477546633333334,0.040979489333333334,0.011265820333333334,0,Fresh,cross_validation,1.0
pork,ShuffleNetV2-0.5x,pork_fold1_test_portion10,1,0,3,0.9431698666666666,0.04432361066666667,0.012506558199999998,0,Fresh,cross_validation,1.0
pork,ShuffleNetV2-0.5x,pork_fold1_test_portion10,2,0,3,0.9455240666666667,0.040169006666666666,0.014306949,0,Fresh,cross_validation,1.0
pork,ShuffleNetV2-0.5x,pork_fold1_test_portion10,3,0,3,0.9476537966666667,0.043115470999999995,0.009230681833333334,0,Fresh,cross_validation,1.0
pork,ShuffleNetV2-0.5x,pork_fold1_test_portion10,4,1,3,0.00022699298266666665,0.9992929566666667,0.00048000057666666663,1,Sub-fresh,cross_validation,1.0
pork,ShuffleNetV2-0.5x,pork_fold1_test_portion10,5,2,3,0.0019235816333333334,0.013501797000000001,0.9845746166666666,2,Spoiled,cross_validation,1.0
pork,ShuffleNetV2-0.5x,pork_fold1_test_portion10,6,2,3,0.0022259318666666664,0.0087571155,0.9890169333333333,2,Spoiled,cross_validation,1.0
pork,ShuffleNetV2-0.5x,pork_fold2_test_portion01,0,0,3,0.9457622733333334,0.03832924733333334,0.015908502166666668,0,Fresh,cross_validation,2.0
pork,ShuffleNetV2-0.5x,pork_fold2_test_portion01,1,0,3,0.9411296666666668,0.03882565266666666,0.02004470833333333,0,Fresh,cross_validation,2.0
pork,ShuffleNetV2-0.5x,pork_fold2_test_portion01,2,0,3,0.9478517333333333,0.034484511333333336,0.01766375066666667,0,Fresh,cross_validation,2.0
pork,ShuffleNetV2-0.5x,pork_fold2_test_portion01,3,0,3,0.9468131766666668,0.03753972,0.015647099666666667,0,Fresh,cross_validation,2.0
pork,ShuffleNetV2-0.5x,pork_fold2_test_portion01,4,1,3,0.6776806999999999,0.297819502,0.024499808666666668,0,Fresh,cross_validation,2.0
pork,ShuffleNetV2-0.5x,pork_fold2_test_portion01,5,2,3,0.3381023166666666,0.5009229366666667,0.16097472999999998,1,Sub-fresh,cross_validation,2.0
pork,ShuffleNetV2-0.5x,pork_fold2_test_portion01,6,2,3,0.010877016666666664,0.01797294166666667,0.9711500333333333,2,Spoiled,cross_validation,2.0
pork,ShuffleNetV2-0.5x,pork_fold2_test_portion02,0,0,3,0.9469835,0.03290453733333334,0.020111985666666665,0,Fresh,cross_validation,2.0
pork,ShuffleNetV2-0.5x,pork_fold2_test_portion02,1,0,3,0.9427357833333333,0.034500322,0.022763869333333336,0,Fresh,cross_validation,2.0
pork,ShuffleNetV2-0.5x,pork_fold2_test_portion02,2,0,3,0.9393091299999999,0.03817498566666667,0.022515891,0,Fresh,cross_validation,2.0
pork,ShuffleNetV2-0.5x,pork_fold2_test_portion02,3,0,3,0.9445503333333334,0.036942291,0.018507406,0,Fresh,cross_validation,2.0
pork,ShuffleNetV2-0.5x,pork_fold2_test_portion02,4,1,3,0.3165599496666666,0.6672964,0.016143623333333332,1,Sub-fresh,cross_validation,2.0
pork,ShuffleNetV2-0.5x,pork_fold2_test_portion02,5,2,3,0.0041988013333333326,0.328432344,0.6673688786666667,2,Spoiled,cross_validation,2.0
pork,ShuffleNetV2-0.5x,pork_fold2_test_portion02,6,2,3,0.005447180933333334,0.018200405,0.9763524233333333,2,Spoiled,cross_validation,2.0
pork,ShuffleNetV2-0.5x,pork_fold2_test_portion03,0,0,3,0.9429057,0.03859723833333333,0.018497079,0,Fresh,cross_validation,2.0
pork,ShuffleNetV2-0.5x,pork_fold2_test_portion03,1,0,3,0.9413976399999999,0.04036587866666667,0.018236439666666666,0,Fresh,cross_validation,2.0
pork,ShuffleNetV2-0.5x,pork_fold2_test_portion03,2,0,3,0.9473434133333334,0.036118115,0.016538461666666667,0,Fresh,cross_validation,2.0
pork,ShuffleNetV2-0.5x,pork_fold2_test_portion03,3,0,3,0.9469436833333335,0.03168967733333333,0.021366617,0,Fresh,cross_validation,2.0
pork,ShuffleNetV2-0.5x,pork_fold2_test_portion03,4,1,3,0.5208230666666667,0.42527108333333336,0.05390586433333333,0,Fresh,cross_validation,2.0
pork,ShuffleNetV2-0.5x,pork_fold2_test_portion03,5,2,3,0.005304532333333334,0.018225142666666666,0.9764703233333334,2,Spoiled,cross_validation,2.0
pork,ShuffleNetV2-0.5x,pork_fold2_test_portion03,6,2,3,0.0022628323566666665,0.02207434333333333,0.9756628933333333,2,Spoiled,cross_validation,2.0
pork,ShuffleNetV2-0.5x,pork_fold2_test_portion04,0,0,3,0.9418205433333333,0.03933307233333334,0.0188464,0,Fresh,cross_validation,2.0
pork,ShuffleNetV2-0.5x,pork_fold2_test_portion04,1,0,3,0.9423773466666666,0.03760172,0.020020976,0,Fresh,cross_validation,2.0
pork,ShuffleNetV2-0.5x,pork_fold2_test_portion04,2,0,3,0.9453036666666667,0.03335993366666667,0.021336355333333334,0,Fresh,cross_validation,2.0
pork,ShuffleNetV2-0.5x,pork_fold2_test_portion04,3,0,3,0.9474873,0.034703722,0.017808992666666665,0,Fresh,cross_validation,2.0
pork,ShuffleNetV2-0.5x,pork_fold2_test_portion04,4,1,3,0.011743860066666667,0.9751750299999999,0.013081084,1,Sub-fresh,cross_validation,2.0
pork,ShuffleNetV2-0.5x,pork_fold2_test_portion04,5,2,3,0.0029398982333333334,0.016803916333333335,0.9802561666666666,2,Spoiled,cross_validation,2.0
pork,ShuffleNetV2-0.5x,pork_fold2_test_portion04,6,2,3,0.010687386133333332,0.016150988666666668,0.9731616500000001,2,Spoiled,cross_validation,2.0
pork,ShuffleNetV2-0.5x,pork_fold2_test_portion05,0,0,3,0.9459719,0.035621209333333334,0.018406840333333334,0,Fresh,cross_validation,2.0
pork,ShuffleNetV2-0.5x,pork_fold2_test_portion05,1,0,3,0.9460021200000001,0.03630031266666667,0.017697568666666667,0,Fresh,cross_validation,2.0
pork,ShuffleNetV2-0.5x,pork_fold2_test_portion05,2,0,3,0.9328501,0.050782361,0.016367548666666665,0,Fresh,cross_validation,2.0
pork,ShuffleNetV2-0.5x,pork_fold2_test_portion05,3,0,3,0.9531655766666667,0.033521605,0.013312788,0,Fresh,cross_validation,2.0
pork,ShuffleNetV2-0.5x,pork_fold2_test_portion05,4,1,3,0.2996502466666667,0.4045149733333333,0.29583477566666666,1,Sub-fresh,cross_validation,2.0
pork,ShuffleNetV2-0.5x,pork_fold2_test_portion05,5,2,3,0.0023774835333333333,0.019380385333333333,0.97824212,2,Spoiled,cross_validation,2.0
pork,ShuffleNetV2-0.5x,pork_fold2_test_portion05,6,2,3,0.0027027102333333337,0.019563235,0.9777340666666667,2,Spoiled,cross_validation,2.0
pork,ShuffleNetV2-0.5x,pork_fold2_test_portion06,0,0,3,0.9306096166666666,0.054449612333333335,0.014940771,0,Fresh,cross_validation,2.0
pork,ShuffleNetV2-0.5x,pork_fold2_test_portion06,1,0,3,0.94025839,0.04102439533333333,0.018717171666666668,0,Fresh,cross_validation,2.0
pork,ShuffleNetV2-0.5x,pork_fold2_test_portion06,2,0,3,0.9310534133333332,0.04491647533333334,0.02403011266666667,0,Fresh,cross_validation,2.0
pork,ShuffleNetV2-0.5x,pork_fold2_test_portion06,3,0,3,0.9443237166666666,0.032366821,0.023309503666666665,0,Fresh,cross_validation,2.0
pork,ShuffleNetV2-0.5x,pork_fold2_test_portion06,4,1,3,0.009089994733333334,0.19601865,0.7948913200000001,2,Spoiled,cross_validation,2.0
pork,ShuffleNetV2-0.5x,pork_fold2_test_portion06,5,2,3,0.0009681294166666666,0.022517732,0.9765141533333334,2,Spoiled,cross_validation,2.0
pork,ShuffleNetV2-0.5x,pork_fold2_test_portion06,6,2,3,0.0020407186666666667,0.026286186666666666,0.9716731,2,Spoiled,cross_validation,2.0
pork,ShuffleNetV2-0.5x,pork_fold2_test_portion07,0,0,3,0.9460317633333334,0.035703744333333336,0.018264471666666667,0,Fresh,cross_validation,2.0
pork,ShuffleNetV2-0.5x,pork_fold2_test_portion07,1,0,3,0.9457957633333334,0.032933300666666665,0.021270893333333332,0,Fresh,cross_validation,2.0
pork,ShuffleNetV2-0.5x,pork_fold2_test_portion07,2,0,3,0.9456897666666667,0.03736570966666666,0.016944531,0,Fresh,cross_validation,2.0
pork,ShuffleNetV2-0.5x,pork_fold2_test_portion07,3,0,3,0.9462727233333333,0.035708818333333336,0.018018454333333333,0,Fresh,cross_validation,2.0
pork,ShuffleNetV2-0.5x,pork_fold2_test_portion07,4,1,3,0.7288722,0.25340056133333333,0.01772723533333333,0,Fresh,cross_validation,2.0
pork,ShuffleNetV2-0.5x,pork_fold2_test_portion07,5,2,3,0.013671715166666668,0.021082649499999998,0.9652456033333333,2,Spoiled,cross_validation,2.0
pork,ShuffleNetV2-0.5x,pork_fold2_test_portion07,6,2,3,0.0041174540666666665,0.020485948,0.9753966333333333,2,Spoiled,cross_validation,2.0
pork,ShuffleNetV2-0.5x,pork_fold2_test_portion08,0,0,3,0.5942712133333333,0.38270761000000003,0.023021163333333334,0,Fresh,cross_validation,2.0
pork,ShuffleNetV2-0.5x,pork_fold2_test_portion08,1,0,3,0.9457090366666666,0.04061598833333333,0.013674977,0,Fresh,cross_validation,2.0
pork,ShuffleNetV2-0.5x,pork_fold2_test_portion08,2,0,3,0.5483397733333334,0.4338670966666667,0.01779312,0,Fresh,cross_validation,2.0
pork,ShuffleNetV2-0.5x,pork_fold2_test_portion08,3,0,3,0.8967145200000001,0.07339806766666668,0.029887419999999998,0,Fresh,cross_validation,2.0
pork,ShuffleNetV2-0.5x,pork_fold2_test_portion08,4,1,3,0.04849123436666666,0.92318853,0.02832025153333333,1,Sub-fresh,cross_validation,2.0
pork,ShuffleNetV2-0.5x,pork_fold2_test_portion08,5,2,3,0.015148486633333333,0.7735951566666667,0.21125635833333334,1,Sub-fresh,cross_validation,2.0
pork,ShuffleNetV2-0.5x,pork_fold2_test_portion08,6,2,3,0.0024739470333333333,0.046991382,0.9505346866666667,2,Spoiled,cross_validation,2.0
pork,ShuffleNetV2-0.5x,pork_fold2_test_portion09,0,0,3,0.9504342600000001,0.032449436,0.017116331999999998,0,Fresh,cross_validation,2.0
pork,ShuffleNetV2-0.5x,pork_fold2_test_portion09,1,0,3,0.9433185433333334,0.040801824333333334,0.015879617666666665,0,Fresh,cross_validation,2.0
pork,ShuffleNetV2-0.5x,pork_fold2_test_portion09,2,0,3,0.9492136033333334,0.03265747733333333,0.018128914333333333,0,Fresh,cross_validation,2.0
pork,ShuffleNetV2-0.5x,pork_fold2_test_portion09,3,0,3,0.9479082666666666,0.03393545966666667,0.018156305,0,Fresh,cross_validation,2.0
pork,ShuffleNetV2-0.5x,pork_fold2_test_portion09,4,1,3,0.0018678732,0.03938642133333333,0.9587457166666667,2,Spoiled,cross_validation,2.0
pork,ShuffleNetV2-0.5x,pork_fold2_test_portion09,5,2,3,0.0023858373666666667,0.020757409,0.9768568166666666,2,Spoiled,cross_validation,2.0
pork,ShuffleNetV2-0.5x,pork_fold2_test_portion09,6,2,3,0.0012319109133333333,0.026268033333333333,0.9725000399999999,2,Spoiled,cross_validation,2.0
pork,ShuffleNetV2-0.5x,pork_fold2_test_portion10,0,0,3,0.9463535100000001,0.03309008233333333,0.020556383333333334,0,Fresh,cross_validation,2.0
pork,ShuffleNetV2-0.5x,pork_fold2_test_portion10,1,0,3,0.9459256633333334,0.036387463333333335,0.017686826,0,Fresh,cross_validation,2.0
pork,ShuffleNetV2-0.5x,pork_fold2_test_portion10,2,0,3,0.9366057966666667,0.039976356666666664,0.023417827000000002,0,Fresh,cross_validation,2.0
pork,ShuffleNetV2-0.5x,pork_fold2_test_portion10,3,0,3,0.9432884,0.039684776,0.017026822333333334,0,Fresh,cross_validation,2.0
pork,ShuffleNetV2-0.5x,pork_fold2_test_portion10,4,1,3,0.008252232833333333,0.9855813566666667,0.006166409666666667,1,Sub-fresh,cross_validation,2.0
pork,ShuffleNetV2-0.5x,pork_fold2_test_portion10,5,2,3,0.003885585033333333,0.02086982833333333,0.9752446433333333,2,Spoiled,cross_validation,2.0
pork,ShuffleNetV2-0.5x,pork_fold2_test_portion10,6,2,3,0.002192139233333333,0.019981204666666665,0.9778266333333333,2,Spoiled,cross_validation,2.0
pork,ShuffleNetV2-0.5x,pork_fold3_test_portion01,0,0,3,0.9509981166666667,0.030218167333333334,0.018783756000000002,0,Fresh,cross_validation,3.0
pork,ShuffleNetV2-0.5x,pork_fold3_test_portion01,1,0,3,0.94725515,0.03854112166666667,0.014203729,0,Fresh,cross_validation,3.0
pork,ShuffleNetV2-0.5x,pork_fold3_test_portion01,2,0,3,0.9526118800000001,0.031727123,0.015660951,0,Fresh,cross_validation,3.0
pork,ShuffleNetV2-0.5x,pork_fold3_test_portion01,3,0,3,0.9514977166666666,0.03148086866666667,0.017021441,0,Fresh,cross_validation,3.0
pork,ShuffleNetV2-0.5x,pork_fold3_test_portion01,4,1,3,0.032630788333333334,0.8534900966666666,0.11387911533333332,1,Sub-fresh,cross_validation,3.0
pork,ShuffleNetV2-0.5x,pork_fold3_test_portion01,5,2,3,0.0025496886000000002,0.016662798,0.98078748,2,Spoiled,cross_validation,3.0
pork,ShuffleNetV2-0.5x,pork_fold3_test_portion01,6,2,3,0.0023614764,0.015991943666666664,0.9816465733333333,2,Spoiled,cross_validation,3.0
pork,ShuffleNetV2-0.5x,pork_fold3_test_portion02,0,0,3,0.8254868766666666,0.16064370166666667,0.013869422999999999,0,Fresh,cross_validation,3.0
pork,ShuffleNetV2-0.5x,pork_fold3_test_portion02,1,0,3,0.9556864233333333,0.033004837333333335,0.011308705566666667,0,Fresh,cross_validation,3.0
pork,ShuffleNetV2-0.5x,pork_fold3_test_portion02,2,0,3,0.9456733566666666,0.045212286,0.0091143544,0,Fresh,cross_validation,3.0
pork,ShuffleNetV2-0.5x,pork_fold3_test_portion02,3,0,3,0.9548574733333334,0.029944293,0.015198199333333334,0,Fresh,cross_validation,3.0
pork,ShuffleNetV2-0.5x,pork_fold3_test_portion02,4,1,3,0.0047583421,0.66269438,0.33254726966666665,1,Sub-fresh,cross_validation,3.0
pork,ShuffleNetV2-0.5x,pork_fold3_test_portion02,5,2,3,0.0010914702433333335,0.04647524333333333,0.9524332766666667,2,Spoiled,cross_validation,3.0
pork,ShuffleNetV2-0.5x,pork_fold3_test_portion02,6,2,3,0.0007803838699999999,0.015139711,0.9840799233333334,2,Spoiled,cross_validation,3.0
pork,ShuffleNetV2-0.5x,pork_fold3_test_portion03,0,0,3,0.9577046,0.030992065333333332,0.011303322,0,Fresh,cross_validation,3.0
pork,ShuffleNetV2-0.5x,pork_fold3_test_portion03,1,0,3,0.9060215666666668,0.08490374533333334,0.009074683833333333,0,Fresh,cross_validation,3.0
pork,ShuffleNetV2-0.5x,pork_fold3_test_portion03,2,0,3,0.9590722533333333,0.031080890333333333,0.009846827666666667,0,Fresh,cross_validation,3.0
pork,ShuffleNetV2-0.5x,pork_fold3_test_portion03,3,0,3,0.9368920366666668,0.028936007333333333,0.034171968,0,Fresh,cross_validation,3.0
pork,ShuffleNetV2-0.5x,pork_fold3_test_portion03,4,1,3,0.17119339926666666,0.81573902,0.013067557733333334,1,Sub-fresh,cross_validation,3.0
pork,ShuffleNetV2-0.5x,pork_fold3_test_portion03,5,2,3,0.02262892666666667,0.08576640666666667,0.89160468,2,Spoiled,cross_validation,3.0
pork,ShuffleNetV2-0.5x,pork_fold3_test_portion03,6,2,3,0.0027949579666666662,0.43971188333333333,0.5574931666666667,2,Spoiled,cross_validation,3.0
pork,ShuffleNetV2-0.5x,pork_fold3_test_portion04,0,0,3,0.8544687,0.045768158,0.099763156,0,Fresh,cross_validation,3.0
pork,ShuffleNetV2-0.5x,pork_fold3_test_portion04,1,0,3,0.7730400666666667,0.052704896,0.17425501566666668,0,Fresh,cross_validation,3.0
pork,ShuffleNetV2-0.5x,pork_fold3_test_portion04,2,0,3,0.9323973799999999,0.029515732333333333,0.038086843333333335,0,Fresh,cross_validation,3.0
pork,ShuffleNetV2-0.5x,pork_fold3_test_portion04,3,0,3,0.8926311466666667,0.03451742666666666,0.07285137333333334,0,Fresh,cross_validation,3.0
pork,ShuffleNetV2-0.5x,pork_fold3_test_portion04,4,1,3,0.4749541333333333,0.48253946133333336,0.04250640866666666,1,Sub-fresh,cross_validation,3.0
pork,ShuffleNetV2-0.5x,pork_fold3_test_portion04,5,2,3,0.0024766422000000003,0.014295233666666666,0.9832281166666667,2,Spoiled,cross_validation,3.0
pork,ShuffleNetV2-0.5x,pork_fold3_test_portion04,6,2,3,0.0014285724333333333,0.013250832999999998,0.9853206233333333,2,Spoiled,cross_validation,3.0
pork,ShuffleNetV2-0.5x,pork_fold3_test_portion05,0,0,3,0.95122025,0.03759263733333334,0.011187104333333335,0,Fresh,cross_validation,3.0
pork,ShuffleNetV2-0.5x,pork_fold3_test_portion05,1,0,3,0.9511705333333333,0.037428074666666665,0.011401399666666666,0,Fresh,cross_validation,3.0
pork,ShuffleNetV2-0.5x,pork_fold3_test_portion05,2,0,3,0.9454489433333334,0.03968729333333334,0.014863807500000001,0,Fresh,cross_validation,3.0
pork,ShuffleNetV2-0.5x,pork_fold3_test_portion05,3,0,3,0.94466032,0.032880250666666666,0.02245948,0,Fresh,cross_validation,3.0
pork,ShuffleNetV2-0.5x,pork_fold3_test_portion05,4,1,3,0.012535472533333333,0.8437290133333333,0.143735494,1,Sub-fresh,cross_validation,3.0
pork,ShuffleNetV2-0.5x,pork_fold3_test_portion05,5,2,3,0.0155090737,0.21199853999999999,0.7724924533333333,2,Spoiled,cross_validation,3.0
pork,ShuffleNetV2-0.5x,pork_fold3_test_portion05,6,2,3,0.004011634666666666,0.015662690666666666,0.9803256899999999,2,Spoiled,cross_validation,3.0
pork,ShuffleNetV2-0.5x,pork_fold3_test_portion06,0,0,3,0.94292323,0.03444403566666667,0.022632806000000002,0,Fresh,cross_validation,3.0
pork,ShuffleNetV2-0.5x,pork_fold3_test_portion06,1,0,3,0.9563311766666667,0.029798149,0.013870708666666667,0,Fresh,cross_validation,3.0
pork,ShuffleNetV2-0.5x,pork_fold3_test_portion06,2,0,3,0.9536626233333333,0.032858414,0.013478986666666666,0,Fresh,cross_validation,3.0
pork,ShuffleNetV2-0.5x,pork_fold3_test_portion06,3,0,3,0.9541810666666667,0.032675486000000004,0.013143472666666668,0,Fresh,cross_validation,3.0
pork,ShuffleNetV2-0.5x,pork_fold3_test_portion06,4,1,3,0.038164643,0.587926575,0.373908774,1,Sub-fresh,cross_validation,3.0
pork,ShuffleNetV2-0.5x,pork_fold3_test_portion06,5,2,3,0.00040602352666666664,0.012400357166666667,0.98719358,2,Spoiled,cross_validation,3.0
pork,ShuffleNetV2-0.5x,pork_fold3_test_portion06,6,2,3,0.03814260166666667,0.307071139,0.6547862433333332,2,Spoiled,cross_validation,3.0
pork,ShuffleNetV2-0.5x,pork_fold3_test_portion07,0,0,3,0.9515253166666667,0.03525413833333333,0.013220583666666667,0,Fresh,cross_validation,3.0
pork,ShuffleNetV2-0.5x,pork_fold3_test_portion07,1,0,3,0.9563195866666666,0.032780993333333334,0.010899435999999998,0,Fresh,cross_validation,3.0
pork,ShuffleNetV2-0.5x,pork_fold3_test_portion07,2,0,3,0.9548440433333333,0.029222624333333336,0.015933352,0,Fresh,cross_validation,3.0
pork,ShuffleNetV2-0.5x,pork_fold3_test_portion07,3,0,3,0.95698107,0.030613711666666668,0.012405183666666666,0,Fresh,cross_validation,3.0
pork,ShuffleNetV2-0.5x,pork_fold3_test_portion07,4,1,3,0.00012424796966666667,0.9971899233333333,0.0026858629,1,Sub-fresh,cross_validation,3.0
pork,ShuffleNetV2-0.5x,pork_fold3_test_portion07,5,2,3,0.0006039613866666666,0.15700748266666667,0.8423885133333333,2,Spoiled,cross_validation,3.0
pork,ShuffleNetV2-0.5x,pork_fold3_test_portion07,6,2,3,0.0004492206466666666,0.334585706,0.6649650593333333,2,Spoiled,cross_validation,3.0
pork,ShuffleNetV2-0.5x,pork_fold3_test_portion08,0,0,3,0.9514330133333333,0.03358312066666667,0.014983869999999998,0,Fresh,cross_validation,3.0
pork,ShuffleNetV2-0.5x,pork_fold3_test_portion08,1,0,3,0.61454365,0.3702149866666667,0.015241391500000001,0,Fresh,cross_validation,3.0
pork,ShuffleNetV2-0.5x,pork_fold3_test_portion08,2,0,3,0.94591512,0.04152602666666667,0.0125588664,0,Fresh,cross_validation,3.0
pork,ShuffleNetV2-0.5x,pork_fold3_test_portion08,3,0,3,0.91132508,0.047743485333333335,0.040931404666666664,0,Fresh,cross_validation,3.0
pork,ShuffleNetV2-0.5x,pork_fold3_test_portion08,4,1,3,0.0010072813066666667,0.5452935466666666,0.4536991556666667,1,Sub-fresh,cross_validation,3.0
pork,ShuffleNetV2-0.5x,pork_fold3_test_portion08,5,2,3,0.0010530866833333332,0.014397411666666667,0.9845494933333333,2,Spoiled,cross_validation,3.0
pork,ShuffleNetV2-0.5x,pork_fold3_test_portion08,6,2,3,0.0012374831166666667,0.015070010333333333,0.9836924666666667,2,Spoiled,cross_validation,3.0
pork,ShuffleNetV2-0.5x,pork_fold3_test_portion09,0,0,3,0.9495594866666667,0.030842440666666665,0.019598103333333335,0,Fresh,cross_validation,3.0
pork,ShuffleNetV2-0.5x,pork_fold3_test_portion09,1,0,3,0.9541687333333333,0.034645879666666664,0.011185390666666664,0,Fresh,cross_validation,3.0
pork,ShuffleNetV2-0.5x,pork_fold3_test_portion09,2,0,3,0.94969374,0.03731960166666667,0.012986663333333334,0,Fresh,cross_validation,3.0
pork,ShuffleNetV2-0.5x,pork_fold3_test_portion09,3,0,3,0.9563252466666666,0.031749174,0.011925546666666667,0,Fresh,cross_validation,3.0
pork,ShuffleNetV2-0.5x,pork_fold3_test_portion09,4,1,3,0.0043064464766666664,0.9905606100000001,0.005132920333333333,1,Sub-fresh,cross_validation,3.0
pork,ShuffleNetV2-0.5x,pork_fold3_test_portion09,5,2,3,0.0027343780333333335,0.015729530833333335,0.9815361,2,Spoiled,cross_validation,3.0
pork,ShuffleNetV2-0.5x,pork_fold3_test_portion09,6,2,3,0.0012878895666666667,0.017268166333333335,0.9814439500000001,2,Spoiled,cross_validation,3.0
pork,ShuffleNetV2-0.5x,pork_fold3_test_portion10,0,0,3,0.9401323133333334,0.04048038366666667,0.019387322666666665,0,Fresh,cross_validation,3.0
pork,ShuffleNetV2-0.5x,pork_fold3_test_portion10,1,0,3,0.9472233,0.038355324333333336,0.014421376666666666,0,Fresh,cross_validation,3.0
pork,ShuffleNetV2-0.5x,pork_fold3_test_portion10,2,0,3,0.9546983299999999,0.034369483666666666,0.010932197133333333,0,Fresh,cross_validation,3.0
pork,ShuffleNetV2-0.5x,pork_fold3_test_portion10,3,0,3,0.9537747566666667,0.031306818666666666,0.014918467166666666,0,Fresh,cross_validation,3.0
pork,ShuffleNetV2-0.5x,pork_fold3_test_portion10,4,1,3,0.004305720366666667,0.9919350533333334,0.0037592503000000005,1,Sub-fresh,cross_validation,3.0
pork,ShuffleNetV2-0.5x,pork_fold3_test_portion10,5,2,3,0.021631946,0.30186338366666665,0.6765046666666666,2,Spoiled,cross_validation,3.0
pork,ShuffleNetV2-0.5x,pork_fold3_test_portion10,6,2,3,0.0020687173,0.38166407666666663,0.6162672333333333,2,Spoiled,cross_validation,3.0
pork,ShuffleNetV2-0.5x,pork_fold4_test_portion01,0,0,3,0.8982681166666667,0.09127483433333333,0.010457017733333332,0,Fresh,cross_validation,4.0
pork,ShuffleNetV2-0.5x,pork_fold4_test_portion01,1,0,3,0.9435008333333333,0.04126113966666667,0.015238026666666666,0,Fresh,cross_validation,4.0
pork,ShuffleNetV2-0.5x,pork_fold4_test_portion01,2,0,3,0.8965629166666668,0.09362616866666666,0.009810912333333333,0,Fresh,cross_validation,4.0
pork,ShuffleNetV2-0.5x,pork_fold4_test_portion01,3,0,3,0.9461624999999999,0.038008834,0.015828668666666667,0,Fresh,cross_validation,4.0
pork,ShuffleNetV2-0.5x,pork_fold4_test_portion01,4,1,3,0.2109325833333333,0.6358675666666667,0.1531998777,1,Sub-fresh,cross_validation,4.0
pork,ShuffleNetV2-0.5x,pork_fold4_test_portion01,5,2,3,0.015580576166666667,0.9757030766666667,0.008716331866666668,1,Sub-fresh,cross_validation,4.0
pork,ShuffleNetV2-0.5x,pork_fold4_test_portion01,6,2,3,0.00044784326000000006,6.152612133333332e-05,0.9994906833333334,2,Spoiled,cross_validation,4.0
pork,ShuffleNetV2-0.5x,pork_fold4_test_portion02,0,0,3,0.27336669166666666,0.708165,0.018468343100000003,1,Sub-fresh,cross_validation,4.0
pork,ShuffleNetV2-0.5x,pork_fold4_test_portion02,1,0,3,0.9293551233333334,0.05324380200000001,0.017401055,0,Fresh,cross_validation,4.0
pork,ShuffleNetV2-0.5x,pork_fold4_test_portion02,2,0,3,0.46479581999999997,0.5273306666666667,0.007873508633333333,1,Sub-fresh,cross_validation,4.0
pork,ShuffleNetV2-0.5x,pork_fold4_test_portion02,3,0,3,0.9485741166666667,0.04045265433333333,0.010973251233333333,0,Fresh,cross_validation,4.0
pork,ShuffleNetV2-0.5x,pork_fold4_test_portion02,4,1,3,1.0622789499999999e-05,0.9999679,2.1452715333333333e-05,1,Sub-fresh,cross_validation,4.0
pork,ShuffleNetV2-0.5x,pork_fold4_test_portion02,5,2,3,0.000256687003,0.9978680233333334,0.0018752475833333333,1,Sub-fresh,cross_validation,4.0
pork,ShuffleNetV2-0.5x,pork_fold4_test_portion02,6,2,3,0.004190741166666667,0.0047607710000000004,0.9910484166666667,2,Spoiled,cross_validation,4.0
pork,ShuffleNetV2-0.5x,pork_fold4_test_portion03,0,0,3,0.7081827133333333,0.24809396800000003,0.043723301666666665,0,Fresh,cross_validation,4.0
pork,ShuffleNetV2-0.5x,pork_fold4_test_portion03,1,0,3,0.9337249333333334,0.057963058000000005,0.008312067866666667,0,Fresh,cross_validation,4.0
pork,ShuffleNetV2-0.5x,pork_fold4_test_portion03,2,0,3,0.9232643933333332,0.06443604466666666,0.012299557000000001,0,Fresh,cross_validation,4.0
pork,ShuffleNetV2-0.5x,pork_fold4_test_portion03,3,0,3,0.9594771766666668,0.024905766,0.015617062333333334,0,Fresh,cross_validation,4.0
pork,ShuffleNetV2-0.5x,pork_fold4_test_portion03,4,1,3,0.16142462866666665,0.8162726166666667,0.022302725,1,Sub-fresh,cross_validation,4.0
pork,ShuffleNetV2-0.5x,pork_fold4_test_portion03,5,2,3,0.43469283,0.30422493,0.2610822516666667,0,Fresh,cross_validation,4.0
pork,ShuffleNetV2-0.5x,pork_fold4_test_portion03,6,2,3,0.0022573206666666665,0.0032453383333333335,0.99449741,2,Spoiled,cross_validation,4.0
pork,ShuffleNetV2-0.5x,pork_fold4_test_portion04,0,0,3,0.7352927466666667,0.24228121866666666,0.022426041666666664,0,Fresh,cross_validation,4.0
pork,ShuffleNetV2-0.5x,pork_fold4_test_portion04,1,0,3,0.9231373666666668,0.06986747666666666,0.0069951579,0,Fresh,cross_validation,4.0
pork,ShuffleNetV2-0.5x,pork_fold4_test_portion04,2,0,3,0.8846177966666667,0.10214778000000001,0.013234463666666668,0,Fresh,cross_validation,4.0
pork,ShuffleNetV2-0.5x,pork_fold4_test_portion04,3,0,3,0.7278592766666666,0.25530901333333333,0.016831686000000002,0,Fresh,cross_validation,4.0
pork,ShuffleNetV2-0.5x,pork_fold4_test_portion04,4,1,3,0.06199658633333333,0.199083166,0.7389202899999999,2,Spoiled,cross_validation,4.0
pork,ShuffleNetV2-0.5x,pork_fold4_test_portion04,5,2,3,0.00047420594,0.0007554664433333334,0.9987703566666667,2,Spoiled,cross_validation,4.0
pork,ShuffleNetV2-0.5x,pork_fold4_test_portion04,6,2,3,0.00035792269999999996,0.0002588369366666667,0.9993832566666666,2,Spoiled,cross_validation,4.0
pork,ShuffleNetV2-0.5x,pork_fold4_test_portion05,0,0,3,0.6601438666666667,0.319186429,0.020669694333333332,0,Fresh,cross_validation,4.0
pork,ShuffleNetV2-0.5x,pork_fold4_test_portion05,1,0,3,0.9465004966666667,0.036996390999999997,0.016503118666666667,0,Fresh,cross_validation,4.0
pork,ShuffleNetV2-0.5x,pork_fold4_test_portion05,2,0,3,0.9190399433333333,0.05645434233333333,0.024505722000000004,0,Fresh,cross_validation,4.0
pork,ShuffleNetV2-0.5x,pork_fold4_test_portion05,3,0,3,0.8535704699999999,0.12238847166666666,0.024041024999999997,0,Fresh,cross_validation,4.0
pork,ShuffleNetV2-0.5x,pork_fold4_test_portion05,4,1,3,0.003750631594666667,0.9533902366666668,0.04285911446666666,1,Sub-fresh,cross_validation,4.0
pork,ShuffleNetV2-0.5x,pork_fold4_test_portion05,5,2,3,0.005017501466666667,0.0194885754,0.9754939333333333,2,Spoiled,cross_validation,4.0
pork,ShuffleNetV2-0.5x,pork_fold4_test_portion05,6,2,3,0.0025217413666666667,0.002008342566666667,0.9954699166666666,2,Spoiled,cross_validation,4.0
pork,ShuffleNetV2-0.5x,pork_fold4_test_portion06,0,0,3,0.93898072,0.04733790166666666,0.013681406666666666,0,Fresh,cross_validation,4.0
pork,ShuffleNetV2-0.5x,pork_fold4_test_portion06,1,0,3,0.9352356533333334,0.04956191266666667,0.015202423666666666,0,Fresh,cross_validation,4.0
pork,ShuffleNetV2-0.5x,pork_fold4_test_portion06,2,0,3,0.9431564333333333,0.037749493,0.019094100666666666,0,Fresh,cross_validation,4.0
pork,ShuffleNetV2-0.5x,pork_fold4_test_portion06,3,0,3,0.93706546,0.03922004233333334,0.02371451166666667,0,Fresh,cross_validation,4.0
pork,ShuffleNetV2-0.5x,pork_fold4_test_portion06,4,1,3,0.03239306397666667,0.9574746099999999,0.010132297933333333,1,Sub-fresh,cross_validation,4.0
pork,ShuffleNetV2-0.5x,pork_fold4_test_portion06,5,2,3,0.0030137738,0.14890177273333335,0.8480844333333334,2,Spoiled,cross_validation,4.0
pork,ShuffleNetV2-0.5x,pork_fold4_test_portion06,6,2,3,0.00031665437,0.00048465657666666665,0.9991986833333333,2,Spoiled,cross_validation,4.0
pork,ShuffleNetV2-0.5x,pork_fold4_test_portion07,0,0,3,0.88579438,0.10162218866666667,0.012583434,0,Fresh,cross_validation,4.0
pork,ShuffleNetV2-0.5x,pork_fold4_test_portion07,1,0,3,0.94420861,0.03936965366666667,0.016421729333333333,0,Fresh,cross_validation,4.0
pork,ShuffleNetV2-0.5x,pork_fold4_test_portion07,2,0,3,0.8702152333333334,0.056850183,0.07293453233333334,0,Fresh,cross_validation,4.0
pork,ShuffleNetV2-0.5x,pork_fold4_test_portion07,3,0,3,0.9446519333333333,0.033307701,0.022040384333333333,0,Fresh,cross_validation,4.0
pork,ShuffleNetV2-0.5x,pork_fold4_test_portion07,4,1,3,0.12521702533333331,0.7059139533333334,0.16886907453333333,1,Sub-fresh,cross_validation,4.0
pork,ShuffleNetV2-0.5x,pork_fold4_test_portion07,5,2,3,0.005488141066666666,0.0014942170333333334,0.9930176633333333,2,Spoiled,cross_validation,4.0
pork,ShuffleNetV2-0.5x,pork_fold4_test_portion07,6,2,3,0.001434122986666667,0.0013913455166666667,0.9971745666666667,2,Spoiled,cross_validation,4.0
pork,ShuffleNetV2-0.5x,pork_fold4_test_portion08,0,0,3,0.9525542166666666,0.036673316000000004,0.010772439,0,Fresh,cross_validation,4.0
pork,ShuffleNetV2-0.5x,pork_fold4_test_portion08,1,0,3,0.9481731766666667,0.03532462966666667,0.016502211333333332,0,Fresh,cross_validation,4.0
pork,ShuffleNetV2-0.5x,pork_fold4_test_portion08,2,0,3,0.9561441633333333,0.030018760333333328,0.013837109666666667,0,Fresh,cross_validation,4.0
pork,ShuffleNetV2-0.5x,pork_fold4_test_portion08,3,0,3,0.9370015133333333,0.044040342333333336,0.018958221333333334,0,Fresh,cross_validation,4.0
pork,ShuffleNetV2-0.5x,pork_fold4_test_portion08,4,1,3,0.009118650366666666,0.93272601,0.05815530705,1,Sub-fresh,cross_validation,4.0
pork,ShuffleNetV2-0.5x,pork_fold4_test_portion08,5,2,3,0.10740289466666665,0.068729684,0.8238674100000001,2,Spoiled,cross_validation,4.0
pork,ShuffleNetV2-0.5x,pork_fold4_test_portion08,6,2,3,0.0028319702333333336,0.0031364355999999997,0.9940315466666666,2,Spoiled,cross_validation,4.0
pork,ShuffleNetV2-0.5x,pork_fold4_test_portion09,0,0,3,0.9350820933333334,0.054668529333333334,0.010249414666666666,0,Fresh,cross_validation,4.0
pork,ShuffleNetV2-0.5x,pork_fold4_test_portion09,1,0,3,0.37209597499999997,0.5810242416666667,0.04687976776666667,1,Sub-fresh,cross_validation,4.0
pork,ShuffleNetV2-0.5x,pork_fold4_test_portion09,2,0,3,0.9190509333333333,0.061366889,0.019582187666666667,0,Fresh,cross_validation,4.0
pork,ShuffleNetV2-0.5x,pork_fold4_test_portion09,3,0,3,0.9327089199999999,0.035077088666666666,0.03221395,0,Fresh,cross_validation,4.0
pork,ShuffleNetV2-0.5x,pork_fold4_test_portion09,4,1,3,0.0027146053666666664,0.007934089133333334,0.98935138,2,Spoiled,cross_validation,4.0
pork,ShuffleNetV2-0.5x,pork_fold4_test_portion09,5,2,3,0.00069620589,0.0008141385333333334,0.9984896766666668,2,Spoiled,cross_validation,4.0
pork,ShuffleNetV2-0.5x,pork_fold4_test_portion09,6,2,3,0.006771635066666667,0.017382595,0.9758457666666667,2,Spoiled,cross_validation,4.0
pork,ShuffleNetV2-0.5x,pork_fold4_test_portion10,0,0,3,0.9259592533333333,0.05595984466666667,0.018080875666666666,0,Fresh,cross_validation,4.0
pork,ShuffleNetV2-0.5x,pork_fold4_test_portion10,1,0,3,0.8564770899999999,0.13262441,0.010898531199999999,0,Fresh,cross_validation,4.0
pork,ShuffleNetV2-0.5x,pork_fold4_test_portion10,2,0,3,0.9475039000000001,0.03361164366666666,0.018884480333333332,0,Fresh,cross_validation,4.0
pork,ShuffleNetV2-0.5x,pork_fold4_test_portion10,3,0,3,0.9285174333333334,0.04693716433333334,0.024545429999999997,0,Fresh,cross_validation,4.0
pork,ShuffleNetV2-0.5x,pork_fold4_test_portion10,4,1,3,8.037543033333333e-05,0.9959933633333332,0.0039262822,1,Sub-fresh,cross_validation,4.0
pork,ShuffleNetV2-0.5x,pork_fold4_test_portion10,5,2,3,0.0024476897666666666,0.0163514662,0.9812008333333333,2,Spoiled,cross_validation,4.0
pork,ShuffleNetV2-0.5x,pork_fold4_test_portion10,6,2,3,0.0016336719100000002,0.0008165909833333333,0.9975497666666667,2,Spoiled,cross_validation,4.0
pork,Spot-CNN,pork_fold1_test_portion01,0,0,3,0.55142369,0.41114312333333336,0.03743316633333333,0,Fresh,cross_validation,1.0
pork,Spot-CNN,pork_fold1_test_portion01,1,0,3,0.9188515833333333,0.067994371,0.0131540235,0,Fresh,cross_validation,1.0
pork,Spot-CNN,pork_fold1_test_portion01,2,0,3,0.9138281666666667,0.07028024866666667,0.015891556333333334,0,Fresh,cross_validation,1.0
pork,Spot-CNN,pork_fold1_test_portion01,3,0,3,0.9393065833333333,0.023356196,0.037337251,0,Fresh,cross_validation,1.0
pork,Spot-CNN,pork_fold1_test_portion01,4,1,3,0.05109464066666666,0.8466574333333333,0.10224793,1,Sub-fresh,cross_validation,1.0
pork,Spot-CNN,pork_fold1_test_portion01,5,2,3,0.0047923142,0.04879568,0.9464119666666667,2,Spoiled,cross_validation,1.0
pork,Spot-CNN,pork_fold1_test_portion01,6,2,3,0.0031510864333333336,0.049372016666666664,0.9474769,2,Spoiled,cross_validation,1.0
pork,Spot-CNN,pork_fold1_test_portion02,0,0,3,0.9347094266666667,0.051504158,0.013786401999999998,0,Fresh,cross_validation,1.0
pork,Spot-CNN,pork_fold1_test_portion02,1,0,3,0.8867076166666666,0.09293662800000001,0.020355770666666665,0,Fresh,cross_validation,1.0
pork,Spot-CNN,pork_fold1_test_portion02,2,0,3,0.8897396766666666,0.09262777166666668,0.017632553333333332,0,Fresh,cross_validation,1.0
pork,Spot-CNN,pork_fold1_test_portion02,3,0,3,0.9624813866666667,0.02009699233333333,0.017421652833333332,0,Fresh,cross_validation,1.0
pork,Spot-CNN,pork_fold1_test_portion02,4,1,3,0.0018690727333333333,0.9946814566666666,0.0034494522666666666,1,Sub-fresh,cross_validation,1.0
pork,Spot-CNN,pork_fold1_test_portion02,5,2,3,0.0078461902,0.7609013666666667,0.23125246333333335,1,Sub-fresh,cross_validation,1.0
pork,Spot-CNN,pork_fold1_test_portion02,6,2,3,0.00050775122,0.0032753271333333333,0.9962169,2,Spoiled,cross_validation,1.0
pork,Spot-CNN,pork_fold1_test_portion03,0,0,3,0.9056461166666666,0.09133864333333334,0.0030152117666666666,0,Fresh,cross_validation,1.0
pork,Spot-CNN,pork_fold1_test_portion03,1,0,3,0.7649440066666666,0.23001109,0.0050449262333333335,0,Fresh,cross_validation,1.0
pork,Spot-CNN,pork_fold1_test_portion03,2,0,3,0.7774509266666666,0.21837321333333334,0.0041758788666666664,0,Fresh,cross_validation,1.0
pork,Spot-CNN,pork_fold1_test_portion03,3,0,3,0.9569369533333334,0.03645553533333334,0.0066074904333333325,0,Fresh,cross_validation,1.0
pork,Spot-CNN,pork_fold1_test_portion03,4,1,3,0.0008860529466666666,0.9987000333333333,0.0004139284233333333,1,Sub-fresh,cross_validation,1.0
pork,Spot-CNN,pork_fold1_test_portion03,5,2,3,0.006803380666666667,0.028943078,0.9642535466666667,2,Spoiled,cross_validation,1.0
pork,Spot-CNN,pork_fold1_test_portion03,6,2,3,0.0014866530666666669,0.0063068261,0.9922065333333333,2,Spoiled,cross_validation,1.0
pork,Spot-CNN,pork_fold1_test_portion04,0,0,3,0.9625118666666667,0.015818288333333333,0.02166984766666667,0,Fresh,cross_validation,1.0
pork,Spot-CNN,pork_fold1_test_portion04,1,0,3,0.9453973800000001,0.03072779,0.023874809333333333,0,Fresh,cross_validation,1.0
pork,Spot-CNN,pork_fold1_test_portion04,2,0,3,0.9388575666666666,0.04253735266666667,0.018605068333333332,0,Fresh,cross_validation,1.0
pork,Spot-CNN,pork_fold1_test_portion04,3,0,3,0.9248433933333334,0.047065638,0.02809101533333333,0,Fresh,cross_validation,1.0
pork,Spot-CNN,pork_fold1_test_portion04,4,1,3,0.20388028,0.7869740133333334,0.009145710333333333,1,Sub-fresh,cross_validation,1.0
pork,Spot-CNN,pork_fold1_test_portion04,5,2,3,0.006298822333333333,0.08642025133333335,0.9072809166666667,2,Spoiled,cross_validation,1.0
pork,Spot-CNN,pork_fold1_test_portion04,6,2,3,0.0015877191999999999,0.0021592128333333335,0.9962530666666667,2,Spoiled,cross_validation,1.0
pork,Spot-CNN,pork_fold1_test_portion05,0,0,3,0.93322988,0.050899879,0.01587024,0,Fresh,cross_validation,1.0
pork,Spot-CNN,pork_fold1_test_portion05,1,0,3,0.9162258099999999,0.06705941733333333,0.016714755333333334,0,Fresh,cross_validation,1.0
pork,Spot-CNN,pork_fold1_test_portion05,2,0,3,0.9190558933333334,0.06206446000000001,0.018879693,0,Fresh,cross_validation,1.0
pork,Spot-CNN,pork_fold1_test_portion05,3,0,3,0.9127562766666667,0.06958845000000001,0.017655234333333335,0,Fresh,cross_validation,1.0
pork,Spot-CNN,pork_fold1_test_portion05,4,1,3,0.012135293833333333,0.9843363566666667,0.0035283477666666666,1,Sub-fresh,cross_validation,1.0
pork,Spot-CNN,pork_fold1_test_portion05,5,2,3,0.002667262366666667,0.003474134733333333,0.99385862,2,Spoiled,cross_validation,1.0
pork,Spot-CNN,pork_fold1_test_portion05,6,2,3,0.0075222845,0.009477796333333333,0.9829999266666666,2,Spoiled,cross_validation,1.0
pork,Spot-CNN,pork_fold1_test_portion06,0,0,3,0.9831369466666667,0.013466125166666667,0.0033969420666666666,0,Fresh,cross_validation,1.0
pork,Spot-CNN,pork_fold1_test_portion06,1,0,3,0.9721889666666668,0.024724048999999998,0.003087016766666667,0,Fresh,cross_validation,1.0
pork,Spot-CNN,pork_fold1_test_portion06,2,0,3,0.9608962333333334,0.035316052,0.0037877240000000006,0,Fresh,cross_validation,1.0
pork,Spot-CNN,pork_fold1_test_portion06,3,0,3,0.9664088666666667,0.028194360666666668,0.005396777766666667,0,Fresh,cross_validation,1.0
pork,Spot-CNN,pork_fold1_test_portion06,4,1,3,0.035638665666666666,0.9618356499999999,0.002525669533333333,1,Sub-fresh,cross_validation,1.0
pork,Spot-CNN,pork_fold1_test_portion06,5,2,3,0.020840938,0.9040861133333333,0.07507294466666667,1,Sub-fresh,cross_validation,1.0
pork,Spot-CNN,pork_fold1_test_portion06,6,2,3,0.0007146312466666667,0.029444734,0.9698406833333334,2,Spoiled,cross_validation,1.0
pork,Spot-CNN,pork_fold1_test_portion07,0,0,3,0.9686358,0.022781562666666668,0.008582644933333333,0,Fresh,cross_validation,1.0
pork,Spot-CNN,pork_fold1_test_portion07,1,0,3,0.9623160666666667,0.03150764166666667,0.006176263933333333,0,Fresh,cross_validation,1.0
pork,Spot-CNN,pork_fold1_test_portion07,2,0,3,0.96089643,0.03132188466666667,0.007781680666666666,0,Fresh,cross_validation,1.0
pork,Spot-CNN,pork_fold1_test_portion07,3,0,3,0.9646325766666667,0.025517412666666666,0.009850024166666667,0,Fresh,cross_validation,1.0
pork,Spot-CNN,pork_fold1_test_portion07,4,1,3,0.007674350833333334,0.9889464533333333,0.0033791818,1,Sub-fresh,cross_validation,1.0
pork,Spot-CNN,pork_fold1_test_portion07,5,2,3,0.0013904079333333333,0.0022738010333333333,0.99633578,2,Spoiled,cross_validation,1.0
pork,Spot-CNN,pork_fold1_test_portion07,6,2,3,0.0007035015166666666,0.0007635525366666666,0.9985329166666667,2,Spoiled,cross_validation,1.0
pork,Spot-CNN,pork_fold1_test_portion08,0,0,3,0.6568977,0.33561318,0.007489144133333334,0,Fresh,cross_validation,1.0
pork,Spot-CNN,pork_fold1_test_portion08,1,0,3,0.4741194066666667,0.5178423933333334,0.008038207766666666,1,Sub-fresh,cross_validation,1.0
pork,Spot-CNN,pork_fold1_test_portion08,2,0,3,0.3830268133333334,0.6092671866666667,0.0077060088,1,Sub-fresh,cross_validation,1.0
pork,Spot-CNN,pork_fold1_test_portion08,3,0,3,0.8741406199999999,0.11011557666666667,0.015743794000000002,0,Fresh,cross_validation,1.0
pork,Spot-CNN,pork_fold1_test_portion08,4,1,3,0.0040200582,0.9947259900000001,0.0012539452,1,Sub-fresh,cross_validation,1.0
pork,Spot-CNN,pork_fold1_test_portion08,5,2,3,0.013462058833333332,0.62927154,0.35726638,1,Sub-fresh,cross_validation,1.0
pork,Spot-CNN,pork_fold1_test_portion08,6,2,3,0.0022088847333333332,0.17630626000000002,0.8214848666666666,2,Spoiled,cross_validation,1.0
pork,Spot-CNN,pork_fold1_test_portion09,0,0,3,0.9735595699999999,0.019156949333333333,0.007283511666666667,0,Fresh,cross_validation,1.0
pork,Spot-CNN,pork_fold1_test_portion09,1,0,3,0.91737783,0.06806546200000001,0.014556687166666667,0,Fresh,cross_validation,1.0
pork,Spot-CNN,pork_fold1_test_portion09,2,0,3,0.8755091466666668,0.11001967166666667,0.014471176666666667,0,Fresh,cross_validation,1.0
pork,Spot-CNN,pork_fold1_test_portion09,3,0,3,0.93263225,0.051140286,0.016227437,0,Fresh,cross_validation,1.0
pork,Spot-CNN,pork_fold1_test_portion09,4,1,3,0.0015910739666666668,0.7778330333333333,0.22057588000000003,1,Sub-fresh,cross_validation,1.0
pork,Spot-CNN,pork_fold1_test_portion09,5,2,3,0.00033475210666666667,0.003227256333333333,0.9964379966666668,2,Spoiled,cross_validation,1.0
pork,Spot-CNN,pork_fold1_test_portion09,6,2,3,0.0006396411133333333,0.0027679592999999996,0.9965924133333334,2,Spoiled,cross_validation,1.0
pork,Spot-CNN,pork_fold1_test_portion10,0,0,3,0.9197249833333333,0.07533700466666667,0.004937990533333333,0,Fresh,cross_validation,1.0
pork,Spot-CNN,pork_fold1_test_portion10,1,0,3,0.9209803000000001,0.06451128033333334,0.014508430666666667,0,Fresh,cross_validation,1.0
pork,Spot-CNN,pork_fold1_test_portion10,2,0,3,0.9334820766666666,0.05074179933333334,0.015776146333333334,0,Fresh,cross_validation,1.0
pork,Spot-CNN,pork_fold1_test_portion10,3,0,3,0.9277037466666668,0.056733536,0.015562731833333334,0,Fresh,cross_validation,1.0
pork,Spot-CNN,pork_fold1_test_portion10,4,1,3,0.0022623489666666664,0.99721425,0.00052342502,1,Sub-fresh,cross_validation,1.0
pork,Spot-CNN,pork_fold1_test_portion10,5,2,3,0.004692365166666667,0.008550752,0.9867568800000001,2,Spoiled,cross_validation,1.0
pork,Spot-CNN,pork_fold1_test_portion10,6,2,3,0.004373352033333333,0.011077316666666665,0.9845493666666667,2,Spoiled,cross_validation,1.0
pork,Spot-CNN,pork_fold2_test_portion01,0,0,3,0.96134627,0.008472622333333334,0.030181147666666668,0,Fresh,cross_validation,2.0
pork,Spot-CNN,pork_fold2_test_portion01,1,0,3,0.9460602833333334,0.026722546,0.027217118,0,Fresh,cross_validation,2.0
pork,Spot-CNN,pork_fold2_test_portion01,2,0,3,0.9559419166666667,0.022894788,0.021163293666666666,0,Fresh,cross_validation,2.0
pork,Spot-CNN,pork_fold2_test_portion01,3,0,3,0.9378907766666668,0.0051734004,0.056935816,0,Fresh,cross_validation,2.0
pork,Spot-CNN,pork_fold2_test_portion01,4,1,3,0.109101621,0.8679896333333333,0.022908744999999998,1,Sub-fresh,cross_validation,2.0
pork,Spot-CNN,pork_fold2_test_portion01,5,2,3,0.018718045666666665,0.025382042333333337,0.9558999300000001,2,Spoiled,cross_validation,2.0
pork,Spot-CNN,pork_fold2_test_portion01,6,2,3,0.005291605833333333,0.0052962252999999996,0.98941219,2,Spoiled,cross_validation,2.0
pork,Spot-CNN,pork_fold2_test_portion02,0,0,3,0.9607471799999999,0.005478651533333333,0.03377412633333333,0,Fresh,cross_validation,2.0
pork,Spot-CNN,pork_fold2_test_portion02,1,0,3,0.9786564833333333,0.008367494166666668,0.012976044666666667,0,Fresh,cross_validation,2.0
pork,Spot-CNN,pork_fold2_test_portion02,2,0,3,0.9795037,0.009679617333333333,0.010816696333333334,0,Fresh,cross_validation,2.0
pork,Spot-CNN,pork_fold2_test_portion02,3,0,3,0.9676677333333333,0.0026155949000000005,0.02971667366666667,0,Fresh,cross_validation,2.0
pork,Spot-CNN,pork_fold2_test_portion02,4,1,3,0.03242356666666667,0.91749188,0.050084553000000004,1,Sub-fresh,cross_validation,2.0
pork,Spot-CNN,pork_fold2_test_portion02,5,2,3,0.002572955866666667,0.02756079833333333,0.9698662833333334,2,Spoiled,cross_validation,2.0
pork,Spot-CNN,pork_fold2_test_portion02,6,2,3,0.0014148819666666666,0.010594984333333333,0.9879901333333333,2,Spoiled,cross_validation,2.0
pork,Spot-CNN,pork_fold2_test_portion03,0,0,3,0.9823912,0.005599514766666667,0.012009283333333334,0,Fresh,cross_validation,2.0
pork,Spot-CNN,pork_fold2_test_portion03,1,0,3,0.9680944366666666,0.016097251666666666,0.015808269166666666,0,Fresh,cross_validation,2.0
pork,Spot-CNN,pork_fold2_test_portion03,2,0,3,0.9302679533333333,0.046559181000000005,0.023172878999999997,0,Fresh,cross_validation,2.0
pork,Spot-CNN,pork_fold2_test_portion03,3,0,3,0.9104289799999999,0.035892116,0.053678940333333335,0,Fresh,cross_validation,2.0
pork,Spot-CNN,pork_fold2_test_portion03,4,1,3,0.006157973333333333,0.9889671,0.0048749031666666665,1,Sub-fresh,cross_validation,2.0
pork,Spot-CNN,pork_fold2_test_portion03,5,2,3,0.00048349330000000004,0.0037458853,0.9957706133333334,2,Spoiled,cross_validation,2.0
pork,Spot-CNN,pork_fold2_test_portion03,6,2,3,0.0004437848666666667,0.010852087000000002,0.98870409,2,Spoiled,cross_validation,2.0
pork,Spot-CNN,pork_fold2_test_portion04,0,0,3,0.9777806166666667,0.01013602,0.012083346,0,Fresh,cross_validation,2.0
pork,Spot-CNN,pork_fold2_test_portion04,1,0,3,0.9598135766666666,0.024910675000000004,0.015275738666666669,0,Fresh,cross_validation,2.0
pork,Spot-CNN,pork_fold2_test_portion04,2,0,3,0.96349728,0.023295080666666666,0.013207620000000002,0,Fresh,cross_validation,2.0
pork,Spot-CNN,pork_fold2_test_portion04,3,0,3,0.9609796866666667,0.023815764,0.01520448,0,Fresh,cross_validation,2.0
pork,Spot-CNN,pork_fold2_test_portion04,4,1,3,0.0005244043833333333,0.9954687,0.004006917033333334,1,Sub-fresh,cross_validation,2.0
pork,Spot-CNN,pork_fold2_test_portion04,5,2,3,0.0006073914,0.016915474333333333,0.9824771533333333,2,Spoiled,cross_validation,2.0
pork,Spot-CNN,pork_fold2_test_portion04,6,2,3,0.010064826166666667,0.023067168,0.9668680133333334,2,Spoiled,cross_validation,2.0
pork,Spot-CNN,pork_fold2_test_portion05,0,0,3,0.9547758533333334,0.008731463133333334,0.03649271133333334,0,Fresh,cross_validation,2.0
pork,Spot-CNN,pork_fold2_test_portion05,1,0,3,0.7593316699999999,0.032446061,0.20822230666666666,0,Fresh,cross_validation,2.0
pork,Spot-CNN,pork_fold2_test_portion05,2,0,3,0.7926017666666666,0.024345518666666666,0.18305268,0,Fresh,cross_validation,2.0
pork,Spot-CNN,pork_fold2_test_portion05,3,0,3,0.7291002166666667,0.026675622,0.24422415666666666,0,Fresh,cross_validation,2.0
pork,Spot-CNN,pork_fold2_test_portion05,4,1,3,0.014246429833333333,0.31693096000000004,0.6688225633333333,2,Spoiled,cross_validation,2.0
pork,Spot-CNN,pork_fold2_test_portion05,5,2,3,0.0010426550666666667,0.003511688633333334,0.9954456500000001,2,Spoiled,cross_validation,2.0
pork,Spot-CNN,pork_fold2_test_portion05,6,2,3,0.0031032716,0.011780304,0.9851164333333333,2,Spoiled,cross_validation,2.0
pork,Spot-CNN,pork_fold2_test_portion06,0,0,3,0.9400828266666666,0.011008227333333334,0.04890895866666667,0,Fresh,cross_validation,2.0
pork,Spot-CNN,pork_fold2_test_portion06,1,0,3,0.8973500366666666,0.026879148333333335,0.07577085733333333,0,Fresh,cross_validation,2.0
pork,Spot-CNN,pork_fold2_test_portion06,2,0,3,0.76763075,0.052401174333333335,0.1799681,0,Fresh,cross_validation,2.0
pork,Spot-CNN,pork_fold2_test_portion06,3,0,3,0.7346198433333333,0.0184878,0.2468923266666667,0,Fresh,cross_validation,2.0
pork,Spot-CNN,pork_fold2_test_portion06,4,1,3,0.0010855709133333333,0.8875535033333334,0.11136091,1,Sub-fresh,cross_validation,2.0
pork,Spot-CNN,pork_fold2_test_portion06,5,2,3,0.00010125647,0.0005638301166666666,0.99933489,2,Spoiled,cross_validation,2.0
pork,Spot-CNN,pork_fold2_test_portion06,6,2,3,0.00021722829666666666,0.0014286141333333332,0.9983541866666666,2,Spoiled,cross_validation,2.0
pork,Spot-CNN,pork_fold2_test_portion07,0,0,3,0.9903243566666666,0.005394792166666666,0.004280884266666667,0,Fresh,cross_validation,2.0
pork,Spot-CNN,pork_fold2_test_portion07,1,0,3,0.9850232800000001,0.009909683,0.005067086133333333,0,Fresh,cross_validation,2.0
pork,Spot-CNN,pork_fold2_test_portion07,2,0,3,0.9867955233333333,0.008374230199999999,0.004830220400000001,0,Fresh,cross_validation,2.0
pork,Spot-CNN,pork_fold2_test_portion07,3,0,3,0.98989525,0.0055157020999999995,0.004589065133333334,0,Fresh,cross_validation,2.0
pork,Spot-CNN,pork_fold2_test_portion07,4,1,3,0.088072602,0.9086585866666667,0.0032687967333333338,1,Sub-fresh,cross_validation,2.0
pork,Spot-CNN,pork_fold2_test_portion07,5,2,3,0.004957171166666666,0.020218848,0.9748239499999999,2,Spoiled,cross_validation,2.0
pork,Spot-CNN,pork_fold2_test_portion07,6,2,3,0.0020555148,0.010982825333333335,0.9869616466666665,2,Spoiled,cross_validation,2.0
pork,Spot-CNN,pork_fold2_test_portion08,0,0,3,0.6502216,0.25003845,0.099739963,0,Fresh,cross_validation,2.0
pork,Spot-CNN,pork_fold2_test_portion08,1,0,3,0.35130948666666667,0.5937007333333333,0.054989786000000006,1,Sub-fresh,cross_validation,2.0
pork,Spot-CNN,pork_fold2_test_portion08,2,0,3,0.19054447666666666,0.7605785833333334,0.048876953333333334,1,Sub-fresh,cross_validation,2.0
pork,Spot-CNN,pork_fold2_test_portion08,3,0,3,0.7981643366666668,0.09334040333333334,0.10849524966666667,0,Fresh,cross_validation,2.0
pork,Spot-CNN,pork_fold2_test_portion08,4,1,3,0.0010683549333333332,0.9984862099999999,0.0004453975133333333,1,Sub-fresh,cross_validation,2.0
pork,Spot-CNN,pork_fold2_test_portion08,5,2,3,0.0061126852666666676,0.20777655333333334,0.7861107500000001,2,Spoiled,cross_validation,2.0
pork,Spot-CNN,pork_fold2_test_portion08,6,2,3,0.0010712507199999999,0.04355452333333334,0.9553742433333333,2,Spoiled,cross_validation,2.0
pork,Spot-CNN,pork_fold2_test_portion09,0,0,3,0.9538168133333333,0.023004888666666667,0.023178280333333332,0,Fresh,cross_validation,2.0
pork,Spot-CNN,pork_fold2_test_portion09,1,0,3,0.9731957866666666,0.014041730833333333,0.012762501333333334,0,Fresh,cross_validation,2.0
pork,Spot-CNN,pork_fold2_test_portion09,2,0,3,0.9690835,0.018457508333333334,0.012458925666666667,0,Fresh,cross_validation,2.0
pork,Spot-CNN,pork_fold2_test_portion09,3,0,3,0.9196001666666667,0.019764283666666667,0.06063550466666667,0,Fresh,cross_validation,2.0
pork,Spot-CNN,pork_fold2_test_portion09,4,1,3,5.3951626999999994e-05,0.9930593366666667,0.006886661333333333,1,Sub-fresh,cross_validation,2.0
pork,Spot-CNN,pork_fold2_test_portion09,5,2,3,0.00012748601833333334,0.0014655180333333333,0.99840697,2,Spoiled,cross_validation,2.0
pork,Spot-CNN,pork_fold2_test_portion09,6,2,3,0.00013566977,0.0014259364666666665,0.9984384333333334,2,Spoiled,cross_validation,2.0
pork,Spot-CNN,pork_fold2_test_portion10,0,0,3,0.9591492033333333,0.025382207666666667,0.015468578500000002,0,Fresh,cross_validation,2.0
pork,Spot-CNN,pork_fold2_test_portion10,1,0,3,0.9854996166666666,0.007074709133333333,0.007425690233333333,0,Fresh,cross_validation,2.0
pork,Spot-CNN,pork_fold2_test_portion10,2,0,3,0.9875590333333334,0.004254860466666666,0.008186094166666666,0,Fresh,cross_validation,2.0
pork,Spot-CNN,pork_fold2_test_portion10,3,0,3,0.9609183333333333,0.012906343,0.026175359999999998,0,Fresh,cross_validation,2.0
pork,Spot-CNN,pork_fold2_test_portion10,4,1,3,0.010138258333333332,0.9876204666666667,0.0022412380333333335,1,Sub-fresh,cross_validation,2.0
pork,Spot-CNN,pork_fold2_test_portion10,5,2,3,0.00025839417000000003,0.0022781943,0.9974634133333334,2,Spoiled,cross_validation,2.0
pork,Spot-CNN,pork_fold2_test_portion10,6,2,3,0.00058039196,0.004107613966666666,0.99531201,2,Spoiled,cross_validation,2.0
pork,Spot-CNN,pork_fold3_test_portion01,0,0,3,0.91744693,0.03540751466666667,0.04714553033333333,0,Fresh,cross_validation,3.0
pork,Spot-CNN,pork_fold3_test_portion01,1,0,3,0.9443554333333334,0.03185523866666667,0.023789400666666665,0,Fresh,cross_validation,3.0
pork,Spot-CNN,pork_fold3_test_portion01,2,0,3,0.9418013333333333,0.03499269433333333,0.023205948,0,Fresh,cross_validation,3.0
pork,Spot-CNN,pork_fold3_test_portion01,3,0,3,0.9399523733333334,0.028828057,0.03121958,0,Fresh,cross_validation,3.0
pork,Spot-CNN,pork_fold3_test_portion01,4,1,3,0.12489089333333332,0.8313055633333333,0.04380353633333334,1,Sub-fresh,cross_validation,3.0
pork,Spot-CNN,pork_fold3_test_portion01,5,2,3,0.055072588666666665,0.09628506466666666,0.8486423933333334,2,Spoiled,cross_validation,3.0
pork,Spot-CNN,pork_fold3_test_portion01,6,2,3,0.004729113,0.019482788333333334,0.9757881666666667,2,Spoiled,cross_validation,3.0
pork,Spot-CNN,pork_fold3_test_portion02,0,0,3,0.8198367333333333,0.12463875866666667,0.055524536000000006,0,Fresh,cross_validation,3.0
pork,Spot-CNN,pork_fold3_test_portion02,1,0,3,0.8448594566666667,0.06950928166666666,0.08563126833333334,0,Fresh,cross_validation,3.0
pork,Spot-CNN,pork_fold3_test_portion02,2,0,3,0.8681637866666666,0.06495319633333334,0.066883025,0,Fresh,cross_validation,3.0
pork,Spot-CNN,pork_fold3_test_portion02,3,0,3,0.82869611,0.053003241666666666,0.11830062466666667,0,Fresh,cross_validation,3.0
pork,Spot-CNN,pork_fold3_test_portion02,4,1,3,0.06603813533333334,0.82147142,0.11249045833333333,1,Sub-fresh,cross_validation,3.0
pork,Spot-CNN,pork_fold3_test_portion02,5,2,3,0.006776029,0.020129011333333332,0.9730949333333333,2,Spoiled,cross_validation,3.0
pork,Spot-CNN,pork_fold3_test_portion02,6,2,3,0.012218480666666668,0.05180885766666667,0.9359726666666667,2,Spoiled,cross_validation,3.0
pork,Spot-CNN,pork_fold3_test_portion03,0,0,3,0.9461944666666667,0.037244386666666664,0.01656113266666667,0,Fresh,cross_validation,3.0
pork,Spot-CNN,pork_fold3_test_portion03,1,0,3,0.8812593133333334,0.07753310066666667,0.04120762,0,Fresh,cross_validation,3.0
pork,Spot-CNN,pork_fold3_test_portion03,2,0,3,0.8928779666666666,0.06856963866666667,0.03855239666666666,0,Fresh,cross_validation,3.0
pork,Spot-CNN,pork_fold3_test_portion03,3,0,3,0.9091073333333334,0.03969289833333333,0.051199748999999996,0,Fresh,cross_validation,3.0
pork,Spot-CNN,pork_fold3_test_portion03,4,1,3,0.08416597333333332,0.8982515666666666,0.017582459999999998,1,Sub-fresh,cross_validation,3.0
pork,Spot-CNN,pork_fold3_test_portion03,5,2,3,0.10777511833333332,0.45214487,0.44008001999999996,1,Sub-fresh,cross_validation,3.0
pork,Spot-CNN,pork_fold3_test_portion03,6,2,3,0.012450769,0.106852125,0.8806970833333333,2,Spoiled,cross_validation,3.0
pork,Spot-CNN,pork_fold3_test_portion04,0,0,3,0.9068628566666667,0.04341371333333333,0.04972345366666667,0,Fresh,cross_validation,3.0
pork,Spot-CNN,pork_fold3_test_portion04,1,0,3,0.9379556166666667,0.03782939666666666,0.024215016000000002,0,Fresh,cross_validation,3.0
pork,Spot-CNN,pork_fold3_test_portion04,2,0,3,0.93388268,0.04001106833333334,0.02610629266666667,0,Fresh,cross_validation,3.0
pork,Spot-CNN,pork_fold3_test_portion04,3,0,3,0.9381948699999999,0.034925959,0.026879101333333332,0,Fresh,cross_validation,3.0
pork,Spot-CNN,pork_fold3_test_portion04,4,1,3,0.44056987999999997,0.31863781,0.24079228666666666,0,Fresh,cross_validation,3.0
pork,Spot-CNN,pork_fold3_test_portion04,5,2,3,0.0024849708333333333,0.006805636,0.9907093833333334,2,Spoiled,cross_validation,3.0
pork,Spot-CNN,pork_fold3_test_portion04,6,2,3,0.009764451166666667,0.022212323000000003,0.96802324,2,Spoiled,cross_validation,3.0
pork,Spot-CNN,pork_fold3_test_portion05,0,0,3,0.9211151399999999,0.041302185666666665,0.037582685,0,Fresh,cross_validation,3.0
pork,Spot-CNN,pork_fold3_test_portion05,1,0,3,0.8891473866666667,0.06782107999999999,0.043031537333333335,0,Fresh,cross_validation,3.0
pork,Spot-CNN,pork_fold3_test_portion05,2,0,3,0.8748224133333333,0.07212184533333334,0.05305569433333333,0,Fresh,cross_validation,3.0
pork,Spot-CNN,pork_fold3_test_portion05,3,0,3,0.8912487133333333,0.05938253766666666,0.049368704000000006,0,Fresh,cross_validation,3.0
pork,Spot-CNN,pork_fold3_test_portion05,4,1,3,0.19117809,0.7474079133333333,0.06141398133333333,1,Sub-fresh,cross_validation,3.0
pork,Spot-CNN,pork_fold3_test_portion05,5,2,3,0.02333361366666667,0.10087706633333333,0.8757893666666666,2,Spoiled,cross_validation,3.0
pork,Spot-CNN,pork_fold3_test_portion05,6,2,3,0.009842256666666667,0.03593012466666667,0.95422765,2,Spoiled,cross_validation,3.0
pork,Spot-CNN,pork_fold3_test_portion06,0,0,3,0.9097560366666667,0.044212739333333334,0.04603122866666667,0,Fresh,cross_validation,3.0
pork,Spot-CNN,pork_fold3_test_portion06,1,0,3,0.9233291666666666,0.04521830600000001,0.03145249133333333,0,Fresh,cross_validation,3.0
pork,Spot-CNN,pork_fold3_test_portion06,2,0,3,0.91683761,0.048160816333333335,0.035001554666666664,0,Fresh,cross_validation,3.0
pork,Spot-CNN,pork_fold3_test_portion06,3,0,3,0.9040588533333334,0.049889765,0.04605139466666667,0,Fresh,cross_validation,3.0
pork,Spot-CNN,pork_fold3_test_portion06,4,1,3,0.033031977,0.8922307566666667,0.07473725666666667,1,Sub-fresh,cross_validation,3.0
pork,Spot-CNN,pork_fold3_test_portion06,5,2,3,0.0008566313833333333,0.0065829864333333335,0.9925604,2,Spoiled,cross_validation,3.0
pork,Spot-CNN,pork_fold3_test_portion06,6,2,3,0.03994483233333333,0.08625855666666667,0.8737965666666666,2,Spoiled,cross_validation,3.0
pork,Spot-CNN,pork_fold3_test_portion07,0,0,3,0.9569743333333333,0.030051357333333334,0.012974272333333333,0,Fresh,cross_validation,3.0
pork,Spot-CNN,pork_fold3_test_portion07,1,0,3,0.9473977833333334,0.037556970333333335,0.015045249666666668,0,Fresh,cross_validation,3.0
pork,Spot-CNN,pork_fold3_test_portion07,2,0,3,0.9408938833333332,0.041305395333333335,0.017800718,0,Fresh,cross_validation,3.0
pork,Spot-CNN,pork_fold3_test_portion07,3,0,3,0.9446665433333333,0.039891976333333336,0.015441521666666666,0,Fresh,cross_validation,3.0
pork,Spot-CNN,pork_fold3_test_portion07,4,1,3,0.0071721429,0.98908925,0.0037386614333333335,1,Sub-fresh,cross_validation,3.0
pork,Spot-CNN,pork_fold3_test_portion07,5,2,3,0.008038545066666666,0.34084873,0.6511127133333333,2,Spoiled,cross_validation,3.0
pork,Spot-CNN,pork_fold3_test_portion07,6,2,3,0.008630182799999999,0.14354640166666666,0.8478234566666667,2,Spoiled,cross_validation,3.0
pork,Spot-CNN,pork_fold3_test_portion08,0,0,3,0.8792926766666667,0.07084895166666666,0.04985838766666667,0,Fresh,cross_validation,3.0
pork,Spot-CNN,pork_fold3_test_portion08,1,0,3,0.8538548233333333,0.07890354666666667,0.06724168166666666,0,Fresh,cross_validation,3.0
pork,Spot-CNN,pork_fold3_test_portion08,2,0,3,0.7977678166666666,0.12401851333333334,0.07821367833333333,0,Fresh,cross_validation,3.0
pork,Spot-CNN,pork_fold3_test_portion08,3,0,3,0.7568305166666667,0.08112828133333333,0.16204118,0,Fresh,cross_validation,3.0
pork,Spot-CNN,pork_fold3_test_portion08,4,1,3,0.028523048999999998,0.88444698,0.08702993833333333,1,Sub-fresh,cross_validation,3.0
pork,Spot-CNN,pork_fold3_test_portion08,5,2,3,0.009807856666666667,0.09295933666666667,0.89723282,2,Spoiled,cross_validation,3.0
pork,Spot-CNN,pork_fold3_test_portion08,6,2,3,0.013400771,0.07260361166666666,0.91399562,2,Spoiled,cross_validation,3.0
pork,Spot-CNN,pork_fold3_test_portion09,0,0,3,0.7769474766666665,0.15477602666666668,0.06827650333333334,0,Fresh,cross_validation,3.0
pork,Spot-CNN,pork_fold3_test_portion09,1,0,3,0.9263347333333334,0.051599553666666666,0.022065722,0,Fresh,cross_validation,3.0
pork,Spot-CNN,pork_fold3_test_portion09,2,0,3,0.92121278,0.05290662566666667,0.025880605,0,Fresh,cross_validation,3.0
pork,Spot-CNN,pork_fold3_test_portion09,3,0,3,0.9347613166666666,0.040904468666666666,0.024334185666666664,0,Fresh,cross_validation,3.0
pork,Spot-CNN,pork_fold3_test_portion09,4,1,3,0.043889007,0.93954,0.016570980333333332,1,Sub-fresh,cross_validation,3.0
pork,Spot-CNN,pork_fold3_test_portion09,5,2,3,0.006030167133333333,0.01811107066666667,0.97585875,2,Spoiled,cross_validation,3.0
pork,Spot-CNN,pork_fold3_test_portion09,6,2,3,0.006971620266666667,0.028784627666666663,0.96424375,2,Spoiled,cross_validation,3.0
pork,Spot-CNN,pork_fold3_test_portion10,0,0,3,0.90285182,0.05498395466666667,0.04216420766666667,0,Fresh,cross_validation,3.0
pork,Spot-CNN,pork_fold3_test_portion10,1,0,3,0.8240358333333333,0.11919650799999999,0.056767603,0,Fresh,cross_validation,3.0
pork,Spot-CNN,pork_fold3_test_portion10,2,0,3,0.8902112666666667,0.06838484666666667,0.041403865000000005,0,Fresh,cross_validation,3.0
pork,Spot-CNN,pork_fold3_test_portion10,3,0,3,0.8366715333333333,0.09188106866666668,0.07144739666666666,0,Fresh,cross_validation,3.0
pork,Spot-CNN,pork_fold3_test_portion10,4,1,3,0.07038882166666667,0.9202402666666667,0.009370891166666666,1,Sub-fresh,cross_validation,3.0
pork,Spot-CNN,pork_fold3_test_portion10,5,2,3,0.06906896133333333,0.33620601,0.5947250366666667,2,Spoiled,cross_validation,3.0
pork,Spot-CNN,pork_fold3_test_portion10,6,2,3,0.014308092333333333,0.29686341,0.6888284766666667,2,Spoiled,cross_validation,3.0
pork,Spot-CNN,pork_fold4_test_portion01,0,0,3,0.9096823966666667,0.08302530133333334,0.0072922779000000005,0,Fresh,cross_validation,4.0
pork,Spot-CNN,pork_fold4_test_portion01,1,0,3,0.9774603833333333,0.020983652000000002,0.0015559505666666665,0,Fresh,cross_validation,4.0
pork,Spot-CNN,pork_fold4_test_portion01,2,0,3,0.9862495966666667,0.01270015,0.00105023708,0,Fresh,cross_validation,4.0
pork,Spot-CNN,pork_fold4_test_portion01,3,0,3,0.9894536333333334,0.008041357333333334,0.0025050344,0,Fresh,cross_validation,4.0
pork,Spot-CNN,pork_fold4_test_portion01,4,1,3,0.002994307733333333,0.9937085466666667,0.0032971219666666665,1,Sub-fresh,cross_validation,4.0
pork,Spot-CNN,pork_fold4_test_portion01,5,2,3,0.006328183,0.6094448866666666,0.38422690333333326,1,Sub-fresh,cross_validation,4.0
pork,Spot-CNN,pork_fold4_test_portion01,6,2,3,5.1393129666666667e-05,0.0007055688566666666,0.9992429966666667,2,Spoiled,cross_validation,4.0
pork,Spot-CNN,pork_fold4_test_portion02,0,0,3,0.09750699666666666,0.89949397,0.0029990565333333336,1,Sub-fresh,cross_validation,4.0
pork,Spot-CNN,pork_fold4_test_portion02,1,0,3,0.7961758133333333,0.20135081333333335,0.0024733655999999997,0,Fresh,cross_validation,4.0
pork,Spot-CNN,pork_fold4_test_portion02,2,0,3,0.8921410566666667,0.10570791166666667,0.002150998,0,Fresh,cross_validation,4.0
pork,Spot-CNN,pork_fold4_test_portion02,3,0,3,0.9821944133333332,0.0157283,0.0020773029,0,Fresh,cross_validation,4.0
pork,Spot-CNN,pork_fold4_test_portion02,4,1,3,0.0013141775,0.9985386366666665,0.00014724804333333334,1,Sub-fresh,cross_validation,4.0
pork,Spot-CNN,pork_fold4_test_portion02,5,2,3,0.1013559,0.7011160866666667,0.19752801666666664,1,Sub-fresh,cross_validation,4.0
pork,Spot-CNN,pork_fold4_test_portion02,6,2,3,0.004190627133333334,0.21441023,0.7813991000000001,2,Spoiled,cross_validation,4.0
pork,Spot-CNN,pork_fold4_test_portion03,0,0,3,0.9708582833333333,0.022500504333333334,0.006641244166666667,0,Fresh,cross_validation,4.0
pork,Spot-CNN,pork_fold4_test_portion03,1,0,3,0.9817581,0.015497608000000001,0.002744329466666667,0,Fresh,cross_validation,4.0
pork,Spot-CNN,pork_fold4_test_portion03,2,0,3,0.98229636,0.013652367666666665,0.004051261966666666,0,Fresh,cross_validation,4.0
pork,Spot-CNN,pork_fold4_test_portion03,3,0,3,0.9775387566666667,0.017539307,0.004921906533333333,0,Fresh,cross_validation,4.0
pork,Spot-CNN,pork_fold4_test_portion03,4,1,3,0.4346487833333333,0.51274381,0.052607401,1,Sub-fresh,cross_validation,4.0
pork,Spot-CNN,pork_fold4_test_portion03,5,2,3,0.51065321,0.04127434233333333,0.44807244333333335,0,Fresh,cross_validation,4.0
pork,Spot-CNN,pork_fold4_test_portion03,6,2,3,0.0004736124566666667,0.0038297088999999997,0.9956966533333333,2,Spoiled,cross_validation,4.0
pork,Spot-CNN,pork_fold4_test_portion04,0,0,3,0.98308502,0.0143345965,0.0025804142666666667,0,Fresh,cross_validation,4.0
pork,Spot-CNN,pork_fold4_test_portion04,1,0,3,0.9850238266666667,0.012279607,0.0026965482666666666,0,Fresh,cross_validation,4.0
pork,Spot-CNN,pork_fold4_test_portion04,2,0,3,0.9828497333333334,0.013700143,0.0034501281,0,Fresh,cross_validation,4.0
pork,Spot-CNN,pork_fold4_test_portion04,3,0,3,0.9873369166666667,0.009721951666666666,0.002941140666666667,0,Fresh,cross_validation,4.0
pork,Spot-CNN,pork_fold4_test_portion04,4,1,3,0.004055787366666667,0.9905551033333334,0.005389094966666667,1,Sub-fresh,cross_validation,4.0
pork,Spot-CNN,pork_fold4_test_portion04,5,2,3,7.538040533333334e-05,0.0010567698666666665,0.9988678200000001,2,Spoiled,cross_validation,4.0
pork,Spot-CNN,pork_fold4_test_portion04,6,2,3,0.00026158455,0.0038918411333333336,0.9958465766666666,2,Spoiled,cross_validation,4.0
pork,Spot-CNN,pork_fold4_test_portion05,0,0,3,0.60043629,0.3913124466666667,0.008251249666666667,0,Fresh,cross_validation,4.0
pork,Spot-CNN,pork_fold4_test_portion05,1,0,3,0.9719063333333334,0.024590701000000003,0.0035029413666666665,0,Fresh,cross_validation,4.0
pork,Spot-CNN,pork_fold4_test_portion05,2,0,3,0.9599650333333334,0.032068893999999994,0.007966030333333334,0,Fresh,cross_validation,4.0
pork,Spot-CNN,pork_fold4_test_portion05,3,0,3,0.9771685133333333,0.018522293999999998,0.004309232466666667,0,Fresh,cross_validation,4.0
pork,Spot-CNN,pork_fold4_test_portion05,4,1,3,0.00042929747999999996,0.99329988,0.006270831166666667,1,Sub-fresh,cross_validation,4.0
pork,Spot-CNN,pork_fold4_test_portion05,5,2,3,0.00079652048,0.014098940333333332,0.9851045366666668,2,Spoiled,cross_validation,4.0
pork,Spot-CNN,pork_fold4_test_portion05,6,2,3,0.00018371571666666664,0.0015407689333333332,0.9982754933333333,2,Spoiled,cross_validation,4.0
pork,Spot-CNN,pork_fold4_test_portion06,0,0,3,0.9911683233333334,0.0078324826,0.00099925008,0,Fresh,cross_validation,4.0
pork,Spot-CNN,pork_fold4_test_portion06,1,0,3,0.9879513900000001,0.011389276333333332,0.0006593479666666666,0,Fresh,cross_validation,4.0
pork,Spot-CNN,pork_fold4_test_portion06,2,0,3,0.9920822666666668,0.0072464138666666665,0.0006712765833333333,0,Fresh,cross_validation,4.0
pork,Spot-CNN,pork_fold4_test_portion06,3,0,3,0.9915767,0.0072057768333333334,0.0012175331999999999,0,Fresh,cross_validation,4.0
pork,Spot-CNN,pork_fold4_test_portion06,4,1,3,0.008705998833333332,0.9872593166666667,0.0040346758,1,Sub-fresh,cross_validation,4.0
pork,Spot-CNN,pork_fold4_test_portion06,5,2,3,0.00021317932666666667,0.0076428840999999996,0.9921439333333333,2,Spoiled,cross_validation,4.0
pork,Spot-CNN,pork_fold4_test_portion06,6,2,3,0.00021638211333333335,0.0021336762333333333,0.9976498866666667,2,Spoiled,cross_validation,4.0
pork,Spot-CNN,pork_fold4_test_portion07,0,0,3,0.95484107,0.03979305933333333,0.005365887733333334,0,Fresh,cross_validation,4.0
pork,Spot-CNN,pork_fold4_test_portion07,1,0,3,0.9827097033333333,0.015223436333333333,0.0020668679333333334,0,Fresh,cross_validation,4.0
pork,Spot-CNN,pork_fold4_test_portion07,2,0,3,0.9778584833333334,0.018906208666666664,0.0032352979666666667,0,Fresh,cross_validation,4.0
pork,Spot-CNN,pork_fold4_test_portion07,3,0,3,0.9813244466666666,0.01484927,0.0038262691666666668,0,Fresh,cross_validation,4.0
pork,Spot-CNN,pork_fold4_test_portion07,4,1,3,0.0014061622333333332,0.9948802099999999,0.0037136591666666664,1,Sub-fresh,cross_validation,4.0
pork,Spot-CNN,pork_fold4_test_portion07,5,2,3,0.00013041053333333333,0.0035208665666666672,0.9963487433333333,2,Spoiled,cross_validation,4.0
pork,Spot-CNN,pork_fold4_test_portion07,6,2,3,0.0006635749600000001,0.007321002433333334,0.99201541,2,Spoiled,cross_validation,4.0
pork,Spot-CNN,pork_fold4_test_portion08,0,0,3,0.9656083166666667,0.030586448666666665,0.0038052414333333336,0,Fresh,cross_validation,4.0
pork,Spot-CNN,pork_fold4_test_portion08,1,0,3,0.9883515333333334,0.009969790666666667,0.0016786865,0,Fresh,cross_validation,4.0
pork,Spot-CNN,pork_fold4_test_portion08,2,0,3,0.9818602666666667,0.015611033166666668,0.002528741366666667,0,Fresh,cross_validation,4.0
pork,Spot-CNN,pork_fold4_test_portion08,3,0,3,0.9874215666666667,0.010337084666666668,0.0022412552666666668,0,Fresh,cross_validation,4.0
pork,Spot-CNN,pork_fold4_test_portion08,4,1,3,0.002726061533333333,0.8181941,0.17907982999999997,1,Sub-fresh,cross_validation,4.0
pork,Spot-CNN,pork_fold4_test_portion08,5,2,3,0.0004414819333333333,0.007913703333333333,0.9916448166666667,2,Spoiled,cross_validation,4.0
pork,Spot-CNN,pork_fold4_test_portion08,6,2,3,0.00027352297333333337,0.0036968244666666667,0.9960295866666667,2,Spoiled,cross_validation,4.0
pork,Spot-CNN,pork_fold4_test_portion09,0,0,3,0.9843373666666667,0.014391156333333334,0.0012714371666666666,0,Fresh,cross_validation,4.0
pork,Spot-CNN,pork_fold4_test_portion09,1,0,3,0.96359555,0.029948665,0.0064558028,0,Fresh,cross_validation,4.0
pork,Spot-CNN,pork_fold4_test_portion09,2,0,3,0.9863272966666666,0.009418567666666667,0.004254121866666666,0,Fresh,cross_validation,4.0
pork,Spot-CNN,pork_fold4_test_portion09,3,0,3,0.9785775000000001,0.013078424666666666,0.008344062000000001,0,Fresh,cross_validation,4.0
pork,Spot-CNN,pork_fold4_test_portion09,4,1,3,0.0019636667,0.4419508433333334,0.55608552,2,Spoiled,cross_validation,4.0
pork,Spot-CNN,pork_fold4_test_portion09,5,2,3,0.0002714996066666667,0.0017775111,0.9979509533333334,2,Spoiled,cross_validation,4.0
pork,Spot-CNN,pork_fold4_test_portion09,6,2,3,0.00010235272333333333,0.00100690032,0.9988907866666666,2,Spoiled,cross_validation,4.0
pork,Spot-CNN,pork_fold4_test_portion10,0,0,3,0.9157373566666666,0.08039760666666666,0.0038650173666666663,0,Fresh,cross_validation,4.0
pork,Spot-CNN,pork_fold4_test_portion10,1,0,3,0.8978478066666667,0.09859315966666667,0.0035590065333333336,0,Fresh,cross_validation,4.0
pork,Spot-CNN,pork_fold4_test_portion10,2,0,3,0.9864740766666666,0.011282866666666667,0.0022430667,0,Fresh,cross_validation,4.0
pork,Spot-CNN,pork_fold4_test_portion10,3,0,3,0.9078570666666668,0.074459925,0.01768297066666667,0,Fresh,cross_validation,4.0
pork,Spot-CNN,pork_fold4_test_portion10,4,1,3,8.577088000000001e-05,0.9996499,0.00026435352666666665,1,Sub-fresh,cross_validation,4.0
pork,Spot-CNN,pork_fold4_test_portion10,5,2,3,0.0014551423,0.26517077166666664,0.7333740633333333,2,Spoiled,cross_validation,4.0
pork,Spot-CNN,pork_fold4_test_portion10,6,2,3,0.00021640786999999997,0.006629263566666667,0.9931543166666668,2,Spoiled,cross_validation,4.0
pork,Tiny-MLP,pork_fold1_test_portion01,0,0,3,0.9196027,0.05420306566666667,0.026194241666666663,0,Fresh,cross_validation,1.0
pork,Tiny-MLP,pork_fold1_test_portion01,1,0,3,0.9405459266666667,0.037184138666666665,0.022269911333333337,0,Fresh,cross_validation,1.0
pork,Tiny-MLP,pork_fold1_test_portion01,2,0,3,0.9375573199999999,0.03899389066666667,0.023448749666666668,0,Fresh,cross_validation,1.0
pork,Tiny-MLP,pork_fold1_test_portion01,3,0,3,0.9479288133333333,0.019198626,0.03287257,0,Fresh,cross_validation,1.0
pork,Tiny-MLP,pork_fold1_test_portion01,4,1,3,0.011147201333333334,0.9558820366666666,0.03297077833333333,1,Sub-fresh,cross_validation,1.0
pork,Tiny-MLP,pork_fold1_test_portion01,5,2,3,0.0066022648,0.018547803333333335,0.9748499233333333,2,Spoiled,cross_validation,1.0
pork,Tiny-MLP,pork_fold1_test_portion01,6,2,3,0.0063390828,0.033349541,0.9603113133333334,2,Spoiled,cross_validation,1.0
pork,Tiny-MLP,pork_fold1_test_portion02,0,0,3,0.9700767433333333,0.018618643666666667,0.011304650999999999,0,Fresh,cross_validation,1.0
pork,Tiny-MLP,pork_fold1_test_portion02,1,0,3,0.9593240999999999,0.022488049666666666,0.01818784766666667,0,Fresh,cross_validation,1.0
pork,Tiny-MLP,pork_fold1_test_portion02,2,0,3,0.95386132,0.026154601666666666,0.019984065333333332,0,Fresh,cross_validation,1.0
pork,Tiny-MLP,pork_fold1_test_portion02,3,0,3,0.9837478433333334,0.007488747633333333,0.008763362766666666,0,Fresh,cross_validation,1.0
pork,Tiny-MLP,pork_fold1_test_portion02,4,1,3,0.010278268333333333,0.9746066,0.015115106333333335,1,Sub-fresh,cross_validation,1.0
pork,Tiny-MLP,pork_fold1_test_portion02,5,2,3,0.02698908966666667,0.20772474,0.7652861233333333,2,Spoiled,cross_validation,1.0
pork,Tiny-MLP,pork_fold1_test_portion02,6,2,3,0.011088257666666665,0.030571549333333333,0.95834018,2,Spoiled,cross_validation,1.0
pork,Tiny-MLP,pork_fold1_test_portion03,0,0,3,0.9395521466666666,0.044984390333333325,0.015463460333333333,0,Fresh,cross_validation,1.0
pork,Tiny-MLP,pork_fold1_test_portion03,1,0,3,0.92117841,0.06201793566666666,0.016803652666666665,0,Fresh,cross_validation,1.0
pork,Tiny-MLP,pork_fold1_test_portion03,2,0,3,0.9118164566666667,0.0723765,0.015807066666666664,0,Fresh,cross_validation,1.0
pork,Tiny-MLP,pork_fold1_test_portion03,3,0,3,0.9559792966666666,0.027183275000000003,0.016837413666666665,0,Fresh,cross_validation,1.0
pork,Tiny-MLP,pork_fold1_test_portion03,4,1,3,6.808202733333333e-05,0.9997242000000001,0.00020772542333333333,1,Sub-fresh,cross_validation,1.0
pork,Tiny-MLP,pork_fold1_test_portion03,5,2,3,0.007348461333333334,0.075922734,0.9167287666666667,2,Spoiled,cross_validation,1.0
pork,Tiny-MLP,pork_fold1_test_portion03,6,2,3,0.0049826035,0.16768048000000002,0.8273369533333333,2,Spoiled,cross_validation,1.0
pork,Tiny-MLP,pork_fold1_test_portion04,0,0,3,0.9955636533333333,0.0033699572666666664,0.0010663553,0,Fresh,cross_validation,1.0
pork,Tiny-MLP,pork_fold1_test_portion04,1,0,3,0.9922546733333334,0.005497353366666667,0.0022479408333333332,0,Fresh,cross_validation,1.0
pork,Tiny-MLP,pork_fold1_test_portion04,2,0,3,0.9847683466666667,0.011266790666666667,0.003964882233333334,0,Fresh,cross_validation,1.0
pork,Tiny-MLP,pork_fold1_test_portion04,3,0,3,0.98581612,0.011599901666666667,0.002583919966666667,0,Fresh,cross_validation,1.0
pork,Tiny-MLP,pork_fold1_test_portion04,4,1,3,0.0013795889633333332,0.9983331166666667,0.00028727339,1,Sub-fresh,cross_validation,1.0
pork,Tiny-MLP,pork_fold1_test_portion04,5,2,3,0.012566122333333332,0.22457263800000002,0.7628612133333333,2,Spoiled,cross_validation,1.0
pork,Tiny-MLP,pork_fold1_test_portion04,6,2,3,0.0024868477666666667,0.02211326666666667,0.9753999000000001,2,Spoiled,cross_validation,1.0
pork,Tiny-MLP,pork_fold1_test_portion05,0,0,3,0.9728919333333333,0.017251976,0.009856122666666666,0,Fresh,cross_validation,1.0
pork,Tiny-MLP,pork_fold1_test_portion05,1,0,3,0.96144659,0.024275023666666663,0.014278462333333334,0,Fresh,cross_validation,1.0
pork,Tiny-MLP,pork_fold1_test_portion05,2,0,3,0.9636010666666666,0.021888773333333333,0.014510126666666666,0,Fresh,cross_validation,1.0
pork,Tiny-MLP,pork_fold1_test_portion05,3,0,3,0.9581120166666667,0.025256671999999997,0.016631342666666663,0,Fresh,cross_validation,1.0
pork,Tiny-MLP,pork_fold1_test_portion05,4,1,3,0.004829374700000001,0.99242405,0.0027466272333333333,1,Sub-fresh,cross_validation,1.0
pork,Tiny-MLP,pork_fold1_test_portion05,5,2,3,0.057047704666666664,0.024048665666666663,0.9189036,2,Spoiled,cross_validation,1.0
pork,Tiny-MLP,pork_fold1_test_portion05,6,2,3,0.0009268623999999999,0.003620771933333333,0.9954523433333332,2,Spoiled,cross_validation,1.0
pork,Tiny-MLP,pork_fold1_test_portion06,0,0,3,0.9768467333333333,0.016049932666666666,0.0071033269333333334,0,Fresh,cross_validation,1.0
pork,Tiny-MLP,pork_fold1_test_portion06,1,0,3,0.96170322,0.028315283666666666,0.0099814495,0,Fresh,cross_validation,1.0
pork,Tiny-MLP,pork_fold1_test_portion06,2,0,3,0.9645655966666666,0.024730529,0.010703884833333335,0,Fresh,cross_validation,1.0
pork,Tiny-MLP,pork_fold1_test_portion06,3,0,3,0.9702986666666668,0.018843663,0.010857679666666667,0,Fresh,cross_validation,1.0
pork,Tiny-MLP,pork_fold1_test_portion06,4,1,3,0.2772016566666667,0.6823088033333334,0.040489557,1,Sub-fresh,cross_validation,1.0
pork,Tiny-MLP,pork_fold1_test_portion06,5,2,3,0.03623906966666667,0.55128286,0.4124780733333333,1,Sub-fresh,cross_validation,1.0
pork,Tiny-MLP,pork_fold1_test_portion06,6,2,3,0.016016027,0.013825884666666668,0.9701580933333332,2,Spoiled,cross_validation,1.0
pork,Tiny-MLP,pork_fold1_test_portion07,0,0,3,0.9795344699999999,0.013467365,0.006998145033333333,0,Fresh,cross_validation,1.0
pork,Tiny-MLP,pork_fold1_test_portion07,1,0,3,0.9658562666666667,0.024222640333333333,0.009921078,0,Fresh,cross_validation,1.0
pork,Tiny-MLP,pork_fold1_test_portion07,2,0,3,0.9710188333333334,0.019077389,0.009903853333333332,0,Fresh,cross_validation,1.0
pork,Tiny-MLP,pork_fold1_test_portion07,3,0,3,0.9798418666666667,0.012301548166666667,0.007856634933333334,0,Fresh,cross_validation,1.0
pork,Tiny-MLP,pork_fold1_test_portion07,4,1,3,0.004946651466666667,0.9868122533333333,0.008241045333333334,1,Sub-fresh,cross_validation,1.0
pork,Tiny-MLP,pork_fold1_test_portion07,5,2,3,0.0032883277,0.012263304000000001,0.9844483533333334,2,Spoiled,cross_validation,1.0
pork,Tiny-MLP,pork_fold1_test_portion07,6,2,3,0.004235152999999999,0.010977203999999999,0.9847876533333334,2,Spoiled,cross_validation,1.0
pork,Tiny-MLP,pork_fold1_test_portion08,0,0,3,0.15931775666666667,0.8351594333333333,0.005522814666666666,1,Sub-fresh,cross_validation,1.0
pork,Tiny-MLP,pork_fold1_test_portion08,1,0,3,0.15886121733333333,0.8247880100000001,0.016350738,1,Sub-fresh,cross_validation,1.0
pork,Tiny-MLP,pork_fold1_test_portion08,2,0,3,0.10404454666666667,0.8770742766666667,0.018881151333333335,1,Sub-fresh,cross_validation,1.0
pork,Tiny-MLP,pork_fold1_test_portion08,3,0,3,0.86997255,0.08903607666666667,0.04099134233333334,0,Fresh,cross_validation,1.0
pork,Tiny-MLP,pork_fold1_test_portion08,4,1,3,0.00011615201000000001,0.9996400066666666,0.00024382358333333332,1,Sub-fresh,cross_validation,1.0
pork,Tiny-MLP,pork_fold1_test_portion08,5,2,3,0.001599280133333333,0.9886852433333333,0.0097154549,1,Sub-fresh,cross_validation,1.0
pork,Tiny-MLP,pork_fold1_test_portion08,6,2,3,0.0010880059566666666,0.9665511266666668,0.03236087566666667,1,Sub-fresh,cross_validation,1.0
pork,Tiny-MLP,pork_fold1_test_portion09,0,0,3,0.9624073833333333,0.0126830225,0.02490956733333333,0,Fresh,cross_validation,1.0
pork,Tiny-MLP,pork_fold1_test_portion09,1,0,3,0.9632350433333334,0.02759784833333333,0.0091671365,0,Fresh,cross_validation,1.0
pork,Tiny-MLP,pork_fold1_test_portion09,2,0,3,0.9570518233333333,0.03304698366666667,0.009901158333333333,0,Fresh,cross_validation,1.0
pork,Tiny-MLP,pork_fold1_test_portion09,3,0,3,0.9599979033333333,0.030630651666666665,0.009371449333333334,0,Fresh,cross_validation,1.0
pork,Tiny-MLP,pork_fold1_test_portion09,4,1,3,0.0076625355666666665,0.66115927,0.33117822,1,Sub-fresh,cross_validation,1.0
pork,Tiny-MLP,pork_fold1_test_portion09,5,2,3,0.0008495980133333333,0.0051743518,0.9939760433333333,2,Spoiled,cross_validation,1.0
pork,Tiny-MLP,pork_fold1_test_portion09,6,2,3,0.004318377533333333,0.02669648266666667,0.9689851533333332,2,Spoiled,cross_validation,1.0
pork,Tiny-MLP,pork_fold1_test_portion10,0,0,3,0.9375693666666667,0.035236586,0.027194097,0,Fresh,cross_validation,1.0
pork,Tiny-MLP,pork_fold1_test_portion10,1,0,3,0.97231405,0.021994738,0.0056911810333333335,0,Fresh,cross_validation,1.0
pork,Tiny-MLP,pork_fold1_test_portion10,2,0,3,0.9703148366666667,0.022953156333333335,0.006731966833333333,0,Fresh,cross_validation,1.0
pork,Tiny-MLP,pork_fold1_test_portion10,3,0,3,0.96730785,0.024194837333333333,0.0084973,0,Fresh,cross_validation,1.0
pork,Tiny-MLP,pork_fold1_test_portion10,4,1,3,0.036180933666666665,0.9414875,0.022331523000000002,1,Sub-fresh,cross_validation,1.0
pork,Tiny-MLP,pork_fold1_test_portion10,5,2,3,0.033174213,0.18947266666666665,0.7773531333333333,2,Spoiled,cross_validation,1.0
pork,Tiny-MLP,pork_fold1_test_portion10,6,2,3,0.012912660666666666,0.09459798199999998,0.8924893333333334,2,Spoiled,cross_validation,1.0
pork,Tiny-MLP,pork_fold2_test_portion01,0,0,3,0.9663282333333333,0.015514388999999998,0.018157365999999998,0,Fresh,cross_validation,2.0
pork,Tiny-MLP,pork_fold2_test_portion01,1,0,3,0.9458678633333334,0.035043556000000003,0.019088559,0,Fresh,cross_validation,2.0
pork,Tiny-MLP,pork_fold2_test_portion01,2,0,3,0.950065,0.03163338466666666,0.018301626666666668,0,Fresh,cross_validation,2.0
pork,Tiny-MLP,pork_fold2_test_portion01,3,0,3,0.96410272,0.009030788333333333,0.026866515999999997,0,Fresh,cross_validation,2.0
pork,Tiny-MLP,pork_fold2_test_portion01,4,1,3,0.029739673666666664,0.94712922,0.02313112466666667,1,Sub-fresh,cross_validation,2.0
pork,Tiny-MLP,pork_fold2_test_portion01,5,2,3,0.021738570333333332,0.021298690999999998,0.9569626966666668,2,Spoiled,cross_validation,2.0
pork,Tiny-MLP,pork_fold2_test_portion01,6,2,3,0.0024138679333333335,0.0020280107666666666,0.99555812,2,Spoiled,cross_validation,2.0
pork,Tiny-MLP,pork_fold2_test_portion02,0,0,3,0.9755696899999999,0.013121709833333333,0.0113085935,0,Fresh,cross_validation,2.0
pork,Tiny-MLP,pork_fold2_test_portion02,1,0,3,0.9778750333333334,0.014232953666666668,0.007892024533333333,0,Fresh,cross_validation,2.0
pork,Tiny-MLP,pork_fold2_test_portion02,2,0,3,0.9737477499999999,0.016994301333333333,0.00925798,0,Fresh,cross_validation,2.0
pork,Tiny-MLP,pork_fold2_test_portion02,3,0,3,0.98753659,0.005927263233333334,0.006536115233333334,0,Fresh,cross_validation,2.0
pork,Tiny-MLP,pork_fold2_test_portion02,4,1,3,0.07085085566666667,0.8891163366666667,0.04003285633333333,1,Sub-fresh,cross_validation,2.0
pork,Tiny-MLP,pork_fold2_test_portion02,5,2,3,0.0056022747,0.010932923333333336,0.9834648399999999,2,Spoiled,cross_validation,2.0
pork,Tiny-MLP,pork_fold2_test_portion02,6,2,3,0.0009530645666666667,0.003815231633333334,0.9952317166666665,2,Spoiled,cross_validation,2.0
pork,Tiny-MLP,pork_fold2_test_portion03,0,0,3,0.9916206333333334,0.004337031766666667,0.0040423814666666665,0,Fresh,cross_validation,2.0
pork,Tiny-MLP,pork_fold2_test_portion03,1,0,3,0.9761212333333334,0.015889094166666666,0.007989705166666666,0,Fresh,cross_validation,2.0
pork,Tiny-MLP,pork_fold2_test_portion03,2,0,3,0.95503338,0.033863419666666665,0.011103239666666667,0,Fresh,cross_validation,2.0
pork,Tiny-MLP,pork_fold2_test_portion03,3,0,3,0.94834323,0.028520743666666664,0.02313604866666667,0,Fresh,cross_validation,2.0
pork,Tiny-MLP,pork_fold2_test_portion03,4,1,3,0.007864353966666666,0.9843398133333333,0.007795824666666666,1,Sub-fresh,cross_validation,2.0
pork,Tiny-MLP,pork_fold2_test_portion03,5,2,3,0.009806625666666667,0.004511270933333333,0.9856820433333334,2,Spoiled,cross_validation,2.0
pork,Tiny-MLP,pork_fold2_test_portion03,6,2,3,0.0026179071,0.013955837333333332,0.9834261999999999,2,Spoiled,cross_validation,2.0
pork,Tiny-MLP,pork_fold2_test_portion04,0,0,3,0.9798622833333334,0.014281841166666665,0.005855872666666667,0,Fresh,cross_validation,2.0
pork,Tiny-MLP,pork_fold2_test_portion04,1,0,3,0.95996019,0.030852068333333333,0.009187754166666668,0,Fresh,cross_validation,2.0
pork,Tiny-MLP,pork_fold2_test_portion04,2,0,3,0.9584687266666666,0.031435551,0.010095752333333333,0,Fresh,cross_validation,2.0
pork,Tiny-MLP,pork_fold2_test_portion04,3,0,3,0.9602962,0.028204576,0.011499183000000001,0,Fresh,cross_validation,2.0
pork,Tiny-MLP,pork_fold2_test_portion04,4,1,3,0.0028234331666666668,0.9935815,0.0035950715666666667,1,Sub-fresh,cross_validation,2.0
pork,Tiny-MLP,pork_fold2_test_portion04,5,2,3,0.0010935608,0.020060439666666666,0.9788460166666667,2,Spoiled,cross_validation,2.0
pork,Tiny-MLP,pork_fold2_test_portion04,6,2,3,0.018016291,0.015610937,0.9663727999999999,2,Spoiled,cross_validation,2.0
pork,Tiny-MLP,pork_fold2_test_portion05,0,0,3,0.9752513666666666,0.01493957,0.009809047666666666,0,Fresh,cross_validation,2.0
pork,Tiny-MLP,pork_fold2_test_portion05,1,0,3,0.9308523633333333,0.04788498866666666,0.021262638,0,Fresh,cross_validation,2.0
pork,Tiny-MLP,pork_fold2_test_portion05,2,0,3,0.94158639,0.03867873533333333,0.019734892,0,Fresh,cross_validation,2.0
pork,Tiny-MLP,pork_fold2_test_portion05,3,0,3,0.9433313966666667,0.035420173,0.021248407,0,Fresh,cross_validation,2.0
pork,Tiny-MLP,pork_fold2_test_portion05,4,1,3,0.08960749666666668,0.8844885666666666,0.025903904666666668,1,Sub-fresh,cross_validation,2.0
pork,Tiny-MLP,pork_fold2_test_portion05,5,2,3,0.014074970666666667,0.003909866433333333,0.9820151866666667,2,Spoiled,cross_validation,2.0
pork,Tiny-MLP,pork_fold2_test_portion05,6,2,3,0.019969289666666667,0.019163733333333332,0.9608669666666666,2,Spoiled,cross_validation,2.0
pork,Tiny-MLP,pork_fold2_test_portion06,0,0,3,0.96831448,0.011590003666666666,0.02009554033333333,0,Fresh,cross_validation,2.0
pork,Tiny-MLP,pork_fold2_test_portion06,1,0,3,0.9431529599999999,0.030125344,0.026721694333333334,0,Fresh,cross_validation,2.0
pork,Tiny-MLP,pork_fold2_test_portion06,2,0,3,0.87016423,0.08667011000000001,0.043165691666666665,0,Fresh,cross_validation,2.0
pork,Tiny-MLP,pork_fold2_test_portion06,3,0,3,0.9216743666666667,0.030006315000000002,0.048319328333333335,0,Fresh,cross_validation,2.0
pork,Tiny-MLP,pork_fold2_test_portion06,4,1,3,0.009571697666666667,0.8230141999999999,0.16741409333333332,1,Sub-fresh,cross_validation,2.0
pork,Tiny-MLP,pork_fold2_test_portion06,5,2,3,0.0022805505333333333,0.0012766475666666666,0.9964428,2,Spoiled,cross_validation,2.0
pork,Tiny-MLP,pork_fold2_test_portion06,6,2,3,0.0011112416,0.0010188929366666667,0.99786985,2,Spoiled,cross_validation,2.0
pork,Tiny-MLP,pork_fold2_test_portion07,0,0,3,0.9849093666666667,0.010184801333333333,0.004905769566666667,0,Fresh,cross_validation,2.0
pork,Tiny-MLP,pork_fold2_test_portion07,1,0,3,0.9745667233333334,0.020351821333333336,0.005081462333333333,0,Fresh,cross_validation,2.0
pork,Tiny-MLP,pork_fold2_test_portion07,2,0,3,0.9733828433333334,0.019789361666666668,0.006827794566666667,0,Fresh,cross_validation,2.0
pork,Tiny-MLP,pork_fold2_test_portion07,3,0,3,0.9851041666666666,0.010402721666666667,0.0044931043333333335,0,Fresh,cross_validation,2.0
pork,Tiny-MLP,pork_fold2_test_portion07,4,1,3,0.07499238666666667,0.9129766333333333,0.012030965666666666,1,Sub-fresh,cross_validation,2.0
pork,Tiny-MLP,pork_fold2_test_portion07,5,2,3,0.009154137599999999,0.011101691333333335,0.9797441633333334,2,Spoiled,cross_validation,2.0
pork,Tiny-MLP,pork_fold2_test_portion07,6,2,3,0.005355920116666666,0.007592581,0.98705154,2,Spoiled,cross_validation,2.0
pork,Tiny-MLP,pork_fold2_test_portion08,0,0,3,0.14542774666666666,0.8361151333333333,0.018457148333333336,1,Sub-fresh,cross_validation,2.0
pork,Tiny-MLP,pork_fold2_test_portion08,1,0,3,0.6999611533333333,0.29059089666666665,0.00944798,0,Fresh,cross_validation,2.0
pork,Tiny-MLP,pork_fold2_test_portion08,2,0,3,0.5893085166666667,0.40044393,0.010247550666666666,0,Fresh,cross_validation,2.0
pork,Tiny-MLP,pork_fold2_test_portion08,3,0,3,0.9480993266666667,0.04600532533333334,0.005895349933333333,0,Fresh,cross_validation,2.0
pork,Tiny-MLP,pork_fold2_test_portion08,4,1,3,0.00017498595,0.9991250533333332,0.0006999476499999999,1,Sub-fresh,cross_validation,2.0
pork,Tiny-MLP,pork_fold2_test_portion08,5,2,3,0.005295705466666666,0.5216160466666667,0.47308828666666664,1,Sub-fresh,cross_validation,2.0
pork,Tiny-MLP,pork_fold2_test_portion08,6,2,3,0.0016422730333333334,0.06340897266666666,0.93494876,2,Spoiled,cross_validation,2.0
pork,Tiny-MLP,pork_fold2_test_portion09,0,0,3,0.9823615466666666,0.016716969666666668,0.0009214770933333333,0,Fresh,cross_validation,2.0
pork,Tiny-MLP,pork_fold2_test_portion09,1,0,3,0.9521969499999999,0.027750482000000003,0.020052539666666664,0,Fresh,cross_validation,2.0
pork,Tiny-MLP,pork_fold2_test_portion09,2,0,3,0.9338503233333334,0.041135232,0.025014463333333334,0,Fresh,cross_validation,2.0
pork,Tiny-MLP,pork_fold2_test_portion09,3,0,3,0.9329684666666666,0.014616567999999998,0.052414983666666665,0,Fresh,cross_validation,2.0
pork,Tiny-MLP,pork_fold2_test_portion09,4,1,3,0.007753423433333333,0.2643024133333333,0.7279441200000001,2,Spoiled,cross_validation,2.0
pork,Tiny-MLP,pork_fold2_test_portion09,5,2,3,0.001149512,0.0012936766666666666,0.9975567999999999,2,Spoiled,cross_validation,2.0
pork,Tiny-MLP,pork_fold2_test_portion09,6,2,3,0.0019492308666666667,0.0033185011000000006,0.9947323033333334,2,Spoiled,cross_validation,2.0
pork,Tiny-MLP,pork_fold2_test_portion10,0,0,3,0.9693657933333334,0.024569253,0.006064989333333333,0,Fresh,cross_validation,2.0
pork,Tiny-MLP,pork_fold2_test_portion10,1,0,3,0.9665780533333334,0.021856469,0.011565533333333334,0,Fresh,cross_validation,2.0
pork,Tiny-MLP,pork_fold2_test_portion10,2,0,3,0.9636779233333334,0.022472787000000004,0.013849253,0,Fresh,cross_validation,2.0
pork,Tiny-MLP,pork_fold2_test_portion10,3,0,3,0.93539647,0.041568181,0.023035339333333335,0,Fresh,cross_validation,2.0
pork,Tiny-MLP,pork_fold2_test_portion10,4,1,3,0.003168465,0.99157238,0.0052591651,1,Sub-fresh,cross_validation,2.0
pork,Tiny-MLP,pork_fold2_test_portion10,5,2,3,0.00036848633666666667,0.0006107439466666666,0.9990207666666667,2,Spoiled,cross_validation,2.0
pork,Tiny-MLP,pork_fold2_test_portion10,6,2,3,0.0009149704866666667,0.002018738533333333,0.9970663333333333,2,Spoiled,cross_validation,2.0
pork,Tiny-MLP,pork_fold3_test_portion01,0,0,3,0.9897757,0.004877607133333333,0.005346655,0,Fresh,cross_validation,3.0
pork,Tiny-MLP,pork_fold3_test_portion01,1,0,3,0.9778855666666667,0.014593495,0.007520915833333333,0,Fresh,cross_validation,3.0
pork,Tiny-MLP,pork_fold3_test_portion01,2,0,3,0.9712385333333332,0.019172178,0.009589328,0,Fresh,cross_validation,3.0
pork,Tiny-MLP,pork_fold3_test_portion01,3,0,3,0.9955675133333334,0.0018940245,0.002538521733333333,0,Fresh,cross_validation,3.0
pork,Tiny-MLP,pork_fold3_test_portion01,4,1,3,0.013761008333333333,0.9775309733333334,0.008708039,1,Sub-fresh,cross_validation,3.0
pork,Tiny-MLP,pork_fold3_test_portion01,5,2,3,0.08542881366666666,0.009352925666666666,0.90521825,2,Spoiled,cross_validation,3.0
pork,Tiny-MLP,pork_fold3_test_portion01,6,2,3,0.0050335477,0.010882491666666666,0.98408397,2,Spoiled,cross_validation,3.0
pork,Tiny-MLP,pork_fold3_test_portion02,0,0,3,0.9562233833333332,0.034615851333333336,0.00916076,0,Fresh,cross_validation,3.0
pork,Tiny-MLP,pork_fold3_test_portion02,1,0,3,0.9438551666666667,0.04171465466666666,0.014430143,0,Fresh,cross_validation,3.0
pork,Tiny-MLP,pork_fold3_test_portion02,2,0,3,0.9280583566666666,0.05089560966666667,0.021045991,0,Fresh,cross_validation,3.0
pork,Tiny-MLP,pork_fold3_test_portion02,3,0,3,0.9791396766666667,0.0083906509,0.012469692833333332,0,Fresh,cross_validation,3.0
pork,Tiny-MLP,pork_fold3_test_portion02,4,1,3,0.0010630187200000002,0.9929732866666666,0.005963674666666666,1,Sub-fresh,cross_validation,3.0
pork,Tiny-MLP,pork_fold3_test_portion02,5,2,3,0.019900104666666668,0.11627003166666668,0.8638298833333332,2,Spoiled,cross_validation,3.0
pork,Tiny-MLP,pork_fold3_test_portion02,6,2,3,0.008845818,0.15835105800000002,0.8328031233333334,2,Spoiled,cross_validation,3.0
pork,Tiny-MLP,pork_fold3_test_portion03,0,0,3,0.9492165,0.036344584,0.014438907,0,Fresh,cross_validation,3.0
pork,Tiny-MLP,pork_fold3_test_portion03,1,0,3,0.91355617,0.069609896,0.0168339425,0,Fresh,cross_validation,3.0
pork,Tiny-MLP,pork_fold3_test_portion03,2,0,3,0.9209318,0.06329718166666666,0.015771047666666666,0,Fresh,cross_validation,3.0
pork,Tiny-MLP,pork_fold3_test_portion03,3,0,3,0.9693964899999999,0.015557987,0.015045500166666665,0,Fresh,cross_validation,3.0
pork,Tiny-MLP,pork_fold3_test_portion03,4,1,3,0.0089183397,0.9840873366666667,0.006994276333333334,1,Sub-fresh,cross_validation,3.0
pork,Tiny-MLP,pork_fold3_test_portion03,5,2,3,0.02554408966666667,0.04967660266666666,0.9247792333333335,2,Spoiled,cross_validation,3.0
pork,Tiny-MLP,pork_fold3_test_portion03,6,2,3,0.0026970365,0.06576033966666667,0.9315426333333333,2,Spoiled,cross_validation,3.0
pork,Tiny-MLP,pork_fold3_test_portion04,0,0,3,0.7780294166666666,0.008652343833333333,0.21331820999999998,0,Fresh,cross_validation,3.0
pork,Tiny-MLP,pork_fold3_test_portion04,1,0,3,0.9698866666666667,0.013703332833333333,0.016409987333333334,0,Fresh,cross_validation,3.0
pork,Tiny-MLP,pork_fold3_test_portion04,2,0,3,0.9753629333333333,0.011060855999999999,0.013576258,0,Fresh,cross_validation,3.0
pork,Tiny-MLP,pork_fold3_test_portion04,3,0,3,0.9766650533333333,0.007767203,0.015567799,0,Fresh,cross_validation,3.0
pork,Tiny-MLP,pork_fold3_test_portion04,4,1,3,0.13287418333333334,0.5928703533333333,0.27425549,1,Sub-fresh,cross_validation,3.0
pork,Tiny-MLP,pork_fold3_test_portion04,5,2,3,0.0002547568266666667,0.0008181294666666667,0.99892708,2,Spoiled,cross_validation,3.0
pork,Tiny-MLP,pork_fold3_test_portion04,6,2,3,0.00026656694666666664,0.0006525681833333334,0.9990808566666667,2,Spoiled,cross_validation,3.0
pork,Tiny-MLP,pork_fold3_test_portion05,0,0,3,0.9355286866666667,0.053636047666666666,0.010835275666666666,0,Fresh,cross_validation,3.0
pork,Tiny-MLP,pork_fold3_test_portion05,1,0,3,0.8789138,0.09715440333333332,0.023931776666666668,0,Fresh,cross_validation,3.0
pork,Tiny-MLP,pork_fold3_test_portion05,2,0,3,0.8928171333333333,0.08272659333333333,0.024456259999999997,0,Fresh,cross_validation,3.0
pork,Tiny-MLP,pork_fold3_test_portion05,3,0,3,0.8627729533333334,0.09931912666666666,0.037907966,0,Fresh,cross_validation,3.0
pork,Tiny-MLP,pork_fold3_test_portion05,4,1,3,0.0003783636566666667,0.9985303766666668,0.0010912110000000001,1,Sub-fresh,cross_validation,3.0
pork,Tiny-MLP,pork_fold3_test_portion05,5,2,3,0.0035612331666666666,0.032907758,0.9635309533333333,2,Spoiled,cross_validation,3.0
pork,Tiny-MLP,pork_fold3_test_portion05,6,2,3,0.0020652616,0.03631307933333333,0.9616216633333333,2,Spoiled,cross_validation,3.0
pork,Tiny-MLP,pork_fold3_test_portion06,0,0,3,0.9264048166666666,0.040643815666666666,0.032951377999999996,0,Fresh,cross_validation,3.0
pork,Tiny-MLP,pork_fold3_test_portion06,1,0,3,0.9124133133333333,0.06737310666666667,0.020213553,0,Fresh,cross_validation,3.0
pork,Tiny-MLP,pork_fold3_test_portion06,2,0,3,0.9192556866666667,0.05744475133333333,0.023299546333333334,0,Fresh,cross_validation,3.0
pork,Tiny-MLP,pork_fold3_test_portion06,3,0,3,0.9373874866666666,0.04141892233333333,0.021193559,0,Fresh,cross_validation,3.0
pork,Tiny-MLP,pork_fold3_test_portion06,4,1,3,0.0005242164666666667,0.9950153833333334,0.0044603766,1,Sub-fresh,cross_validation,3.0
pork,Tiny-MLP,pork_fold3_test_portion06,5,2,3,0.00014244746,0.0008312313533333334,0.9990263633333333,2,Spoiled,cross_validation,3.0
pork,Tiny-MLP,pork_fold3_test_portion06,6,2,3,0.027364881499999997,0.0016306944000000002,0.9710043666666667,2,Spoiled,cross_validation,3.0
pork,Tiny-MLP,pork_fold3_test_portion07,0,0,3,0.9276971166666667,0.05792582599999999,0.014377133333333333,0,Fresh,cross_validation,3.0
pork,Tiny-MLP,pork_fold3_test_portion07,1,0,3,0.9007926033333332,0.086176773,0.013030673333333333,0,Fresh,cross_validation,3.0
pork,Tiny-MLP,pork_fold3_test_portion07,2,0,3,0.91050304,0.07756403466666667,0.011932889333333334,0,Fresh,cross_validation,3.0
pork,Tiny-MLP,pork_fold3_test_portion07,3,0,3,0.9278152433333333,0.058321553666666665,0.01386319,0,Fresh,cross_validation,3.0
pork,Tiny-MLP,pork_fold3_test_portion07,4,1,3,1.8064135999999997e-05,0.9998203166666667,0.00016166256666666666,1,Sub-fresh,cross_validation,3.0
pork,Tiny-MLP,pork_fold3_test_portion07,5,2,3,0.00083617155,0.78130267,0.21786115666666664,1,Sub-fresh,cross_validation,3.0
pork,Tiny-MLP,pork_fold3_test_portion07,6,2,3,0.0017760786,0.7722823666666666,0.22594158666666667,1,Sub-fresh,cross_validation,3.0
pork,Tiny-MLP,pork_fold3_test_portion08,0,0,3,0.9845453666666666,0.0034300042999999996,0.012024623,0,Fresh,cross_validation,3.0
pork,Tiny-MLP,pork_fold3_test_portion08,1,0,3,0.8045973333333333,0.1528483966666667,0.04255424966666666,0,Fresh,cross_validation,3.0
pork,Tiny-MLP,pork_fold3_test_portion08,2,0,3,0.7113885733333333,0.24424690000000002,0.044364561000000004,0,Fresh,cross_validation,3.0
pork,Tiny-MLP,pork_fold3_test_portion08,3,0,3,0.45185994,0.14050850333333334,0.4076315833333333,0,Fresh,cross_validation,3.0
pork,Tiny-MLP,pork_fold3_test_portion08,4,1,3,0.0007512303433333333,0.9796588,0.01958997833333333,1,Sub-fresh,cross_validation,3.0
pork,Tiny-MLP,pork_fold3_test_portion08,5,2,3,0.0010861692333333335,0.004339632433333333,0.9945742033333334,2,Spoiled,cross_validation,3.0
pork,Tiny-MLP,pork_fold3_test_portion08,6,2,3,0.005720934666666667,0.06745683000000001,0.9268222366666666,2,Spoiled,cross_validation,3.0
pork,Tiny-MLP,pork_fold3_test_portion09,0,0,3,0.9814033133333333,0.014495531166666667,0.0041011159,0,Fresh,cross_validation,3.0
pork,Tiny-MLP,pork_fold3_test_portion09,1,0,3,0.944547,0.04627236066666667,0.009180688333333333,0,Fresh,cross_validation,3.0
pork,Tiny-MLP,pork_fold3_test_portion09,2,0,3,0.9548644466666666,0.03659311066666667,0.008542453,0,Fresh,cross_validation,3.0
pork,Tiny-MLP,pork_fold3_test_portion09,3,0,3,0.9669424666666666,0.022346466,0.010711045833333334,0,Fresh,cross_validation,3.0
pork,Tiny-MLP,pork_fold3_test_portion09,4,1,3,0.00063108357,0.9972704333333334,0.0020984818666666665,1,Sub-fresh,cross_validation,3.0
pork,Tiny-MLP,pork_fold3_test_portion09,5,2,3,0.0005485660033333333,0.0009485285,0.99850289,2,Spoiled,cross_validation,3.0
pork,Tiny-MLP,pork_fold3_test_portion09,6,2,3,0.0012374352000000001,0.03325278833333333,0.96550981,2,Spoiled,cross_validation,3.0
pork,Tiny-MLP,pork_fold3_test_portion10,0,0,3,0.9848381133333333,0.009423454333333333,0.005738391066666667,0,Fresh,cross_validation,3.0
pork,Tiny-MLP,pork_fold3_test_portion10,1,0,3,0.74190215,0.23603116666666668,0.02206663366666667,0,Fresh,cross_validation,3.0
pork,Tiny-MLP,pork_fold3_test_portion10,2,0,3,0.9296988533333334,0.046976612,0.02332450966666667,0,Fresh,cross_validation,3.0
pork,Tiny-MLP,pork_fold3_test_portion10,3,0,3,0.8505048,0.09733176366666667,0.052163394333333335,0,Fresh,cross_validation,3.0
pork,Tiny-MLP,pork_fold3_test_portion10,4,1,3,0.00036426240666666667,0.9989759133333335,0.00065984131,1,Sub-fresh,cross_validation,3.0
pork,Tiny-MLP,pork_fold3_test_portion10,5,2,3,0.0038589092333333338,0.14549498466666666,0.8506460699999999,2,Spoiled,cross_validation,3.0
pork,Tiny-MLP,pork_fold3_test_portion10,6,2,3,0.0017995669,0.54200578,0.45619468,1,Sub-fresh,cross_validation,3.0
pork,Tiny-MLP,pork_fold4_test_portion01,0,0,3,0.9607499133333333,0.024037779,0.015212286333333333,0,Fresh,cross_validation,4.0
pork,Tiny-MLP,pork_fold4_test_portion01,1,0,3,0.9403801333333334,0.03780652466666667,0.021813285666666665,0,Fresh,cross_validation,4.0
pork,Tiny-MLP,pork_fold4_test_portion01,2,0,3,0.9450104233333333,0.03478067,0.020208909333333334,0,Fresh,cross_validation,4.0
pork,Tiny-MLP,pork_fold4_test_portion01,3,0,3,0.97986148,0.010187986666666668,0.009950542,0,Fresh,cross_validation,4.0
pork,Tiny-MLP,pork_fold4_test_portion01,4,1,3,0.075700282,0.8606382366666666,0.063661463,1,Sub-fresh,cross_validation,4.0
pork,Tiny-MLP,pork_fold4_test_portion01,5,2,3,0.17794504666666666,0.1868989533333333,0.6351560166666667,2,Spoiled,cross_validation,4.0
pork,Tiny-MLP,pork_fold4_test_portion01,6,2,3,0.0017594273666666667,0.007013743066666667,0.9912267633333333,2,Spoiled,cross_validation,4.0
pork,Tiny-MLP,pork_fold4_test_portion02,0,0,3,0.5419950866666666,0.42911408999999995,0.028890817,0,Fresh,cross_validation,4.0
pork,Tiny-MLP,pork_fold4_test_portion02,1,0,3,0.9187974,0.057920837333333336,0.023281815333333334,0,Fresh,cross_validation,4.0
pork,Tiny-MLP,pork_fold4_test_portion02,2,0,3,0.9245016333333332,0.051764607666666664,0.023733768,0,Fresh,cross_validation,4.0
pork,Tiny-MLP,pork_fold4_test_portion02,3,0,3,0.9598075766666666,0.021579722333333332,0.018612711333333334,0,Fresh,cross_validation,4.0
pork,Tiny-MLP,pork_fold4_test_portion02,4,1,3,0.048191092,0.9367295499999999,0.015079371999999999,1,Sub-fresh,cross_validation,4.0
pork,Tiny-MLP,pork_fold4_test_portion02,5,2,3,0.05423779666666667,0.13759923666666665,0.8081629833333333,2,Spoiled,cross_validation,4.0
pork,Tiny-MLP,pork_fold4_test_portion02,6,2,3,0.014390894333333334,0.07281530766666666,0.9127937633333333,2,Spoiled,cross_validation,4.0
pork,Tiny-MLP,pork_fold4_test_portion03,0,0,3,0.9708406799999999,0.012052005999999999,0.01710729733333333,0,Fresh,cross_validation,4.0
pork,Tiny-MLP,pork_fold4_test_portion03,1,0,3,0.9633420566666667,0.020209341000000002,0.016448583666666666,0,Fresh,cross_validation,4.0
pork,Tiny-MLP,pork_fold4_test_portion03,2,0,3,0.9341836099999999,0.03471223266666667,0.031104200666666665,0,Fresh,cross_validation,4.0
pork,Tiny-MLP,pork_fold4_test_portion03,3,0,3,0.9640048800000001,0.015874558666666667,0.02012056333333333,0,Fresh,cross_validation,4.0
pork,Tiny-MLP,pork_fold4_test_portion03,4,1,3,0.6364091666666667,0.27838629333333337,0.08520452666666667,0,Fresh,cross_validation,4.0
pork,Tiny-MLP,pork_fold4_test_portion03,5,2,3,0.48526147999999997,0.008172849666666667,0.50656569,2,Spoiled,cross_validation,4.0
pork,Tiny-MLP,pork_fold4_test_portion03,6,2,3,0.0008645696,0.0025940002666666666,0.9965414200000001,2,Spoiled,cross_validation,4.0
pork,Tiny-MLP,pork_fold4_test_portion04,0,0,3,0.9652118499999999,0.01792703433333333,0.016861121000000003,0,Fresh,cross_validation,4.0
pork,Tiny-MLP,pork_fold4_test_portion04,1,0,3,0.9414565333333332,0.033137363999999996,0.025406117000000002,0,Fresh,cross_validation,4.0
pork,Tiny-MLP,pork_fold4_test_portion04,2,0,3,0.93704338,0.034962004666666664,0.02799462233333333,0,Fresh,cross_validation,4.0
pork,Tiny-MLP,pork_fold4_test_portion04,3,0,3,0.94472969,0.02439009,0.030880262333333335,0,Fresh,cross_validation,4.0
pork,Tiny-MLP,pork_fold4_test_portion04,4,1,3,0.033889521,0.9117703333333335,0.05434012533333333,1,Sub-fresh,cross_validation,4.0
pork,Tiny-MLP,pork_fold4_test_portion04,5,2,3,0.00054256672,0.0008837054,0.99857374,2,Spoiled,cross_validation,4.0
pork,Tiny-MLP,pork_fold4_test_portion04,6,2,3,0.0010722523833333333,0.00072304429,0.99820469,2,Spoiled,cross_validation,4.0
pork,Tiny-MLP,pork_fold4_test_portion05,0,0,3,0.9285954333333333,0.03115080866666667,0.04025372033333333,0,Fresh,cross_validation,4.0
pork,Tiny-MLP,pork_fold4_test_portion05,1,0,3,0.9192975,0.04479188766666667,0.03591055766666667,0,Fresh,cross_validation,4.0
pork,Tiny-MLP,pork_fold4_test_portion05,2,0,3,0.9157228166666668,0.043862889999999995,0.04041430099999999,0,Fresh,cross_validation,4.0
pork,Tiny-MLP,pork_fold4_test_portion05,3,0,3,0.9424871600000001,0.028404097333333333,0.029108758333333335,0,Fresh,cross_validation,4.0
pork,Tiny-MLP,pork_fold4_test_portion05,4,1,3,0.037241696,0.7812326733333332,0.18152564333333335,1,Sub-fresh,cross_validation,4.0
pork,Tiny-MLP,pork_fold4_test_portion05,5,2,3,0.0041008382,0.009610186666666666,0.9862889666666668,2,Spoiled,cross_validation,4.0
pork,Tiny-MLP,pork_fold4_test_portion05,6,2,3,0.0018456148,0.008122634833333333,0.9900318433333334,2,Spoiled,cross_validation,4.0
pork,Tiny-MLP,pork_fold4_test_portion06,0,0,3,0.9482807433333335,0.031609502000000005,0.02010975766666667,0,Fresh,cross_validation,4.0
pork,Tiny-MLP,pork_fold4_test_portion06,1,0,3,0.9374402333333333,0.042878277666666666,0.019681498333333335,0,Fresh,cross_validation,4.0
pork,Tiny-MLP,pork_fold4_test_portion06,2,0,3,0.9462091133333334,0.03640710466666667,0.017383753333333335,0,Fresh,cross_validation,4.0
pork,Tiny-MLP,pork_fold4_test_portion06,3,0,3,0.9633504966666666,0.022442028,0.014207460333333333,0,Fresh,cross_validation,4.0
pork,Tiny-MLP,pork_fold4_test_portion06,4,1,3,0.016802488,0.96805448,0.015143042333333334,1,Sub-fresh,cross_validation,4.0
pork,Tiny-MLP,pork_fold4_test_portion06,5,2,3,0.002113486,0.002729822466666667,0.9951567,2,Spoiled,cross_validation,4.0
pork,Tiny-MLP,pork_fold4_test_portion06,6,2,3,0.0012453814666666667,0.0012537376333333333,0.9975008866666667,2,Spoiled,cross_validation,4.0
pork,Tiny-MLP,pork_fold4_test_portion07,0,0,3,0.9624986833333332,0.021326446,0.016174887333333332,0,Fresh,cross_validation,4.0
pork,Tiny-MLP,pork_fold4_test_portion07,1,0,3,0.9503928300000001,0.029384365,0.020222770333333334,0,Fresh,cross_validation,4.0
pork,Tiny-MLP,pork_fold4_test_portion07,2,0,3,0.9539364266666667,0.025882932,0.020180641333333332,0,Fresh,cross_validation,4.0
pork,Tiny-MLP,pork_fold4_test_portion07,3,0,3,0.9735126533333333,0.012551632333333333,0.0139357175,0,Fresh,cross_validation,4.0
pork,Tiny-MLP,pork_fold4_test_portion07,4,1,3,0.03459714866666667,0.9032343766666666,0.062168468000000005,1,Sub-fresh,cross_validation,4.0
pork,Tiny-MLP,pork_fold4_test_portion07,5,2,3,0.0024706316,0.0012420564666666667,0.9962873766666668,2,Spoiled,cross_validation,4.0
pork,Tiny-MLP,pork_fold4_test_portion07,6,2,3,0.012959222133333332,0.012065354433333333,0.9749753666666666,2,Spoiled,cross_validation,4.0
pork,Tiny-MLP,pork_fold4_test_portion08,0,0,3,0.9775311700000001,0.018796776,0.0036720772,0,Fresh,cross_validation,4.0
pork,Tiny-MLP,pork_fold4_test_portion08,1,0,3,0.9724560266666668,0.016637486,0.010906553166666666,0,Fresh,cross_validation,4.0
pork,Tiny-MLP,pork_fold4_test_portion08,2,0,3,0.96587721,0.022436442666666667,0.011686369333333333,0,Fresh,cross_validation,4.0
pork,Tiny-MLP,pork_fold4_test_portion08,3,0,3,0.9824734333333334,0.0093156167,0.0082109261,0,Fresh,cross_validation,4.0
pork,Tiny-MLP,pork_fold4_test_portion08,4,1,3,0.046924606,0.68841118,0.26466422666666667,1,Sub-fresh,cross_validation,4.0
pork,Tiny-MLP,pork_fold4_test_portion08,5,2,3,0.0020422040999999998,0.0037937209333333334,0.9941641,2,Spoiled,cross_validation,4.0
pork,Tiny-MLP,pork_fold4_test_portion08,6,2,3,0.0023612136,0.009911384666666667,0.9877274166666666,2,Spoiled,cross_validation,4.0
pork,Tiny-MLP,pork_fold4_test_portion09,0,0,3,0.8771028366666668,0.11717416200000001,0.0057230266,0,Fresh,cross_validation,4.0
pork,Tiny-MLP,pork_fold4_test_portion09,1,0,3,0.9060941333333333,0.04192317533333333,0.051982714000000006,0,Fresh,cross_validation,4.0
pork,Tiny-MLP,pork_fold4_test_portion09,2,0,3,0.9034677966666665,0.039246626,0.05728557333333334,0,Fresh,cross_validation,4.0
pork,Tiny-MLP,pork_fold4_test_portion09,3,0,3,0.9137782566666667,0.02275281833333333,0.06346895866666667,0,Fresh,cross_validation,4.0
pork,Tiny-MLP,pork_fold4_test_portion09,4,1,3,0.006016391666666667,0.03820136033333333,0.9557822333333333,2,Spoiled,cross_validation,4.0
pork,Tiny-MLP,pork_fold4_test_portion09,5,2,3,0.00025267686333333334,0.0009554283,0.9987918466666666,2,Spoiled,cross_validation,4.0
pork,Tiny-MLP,pork_fold4_test_portion09,6,2,3,0.00021990021,0.0003259467166666667,0.9994541833333334,2,Spoiled,cross_validation,4.0
pork,Tiny-MLP,pork_fold4_test_portion10,0,0,3,0.9870419,0.008074175166666668,0.004883925,0,Fresh,cross_validation,4.0
pork,Tiny-MLP,pork_fold4_test_portion10,1,0,3,0.9743874699999999,0.015774585666666667,0.009837970666666666,0,Fresh,cross_validation,4.0
pork,Tiny-MLP,pork_fold4_test_portion10,2,0,3,0.9799266666666666,0.008876783666666667,0.011196577666666666,0,Fresh,cross_validation,4.0
pork,Tiny-MLP,pork_fold4_test_portion10,3,0,3,0.9614277066666667,0.013811165666666667,0.024761150333333332,0,Fresh,cross_validation,4.0
pork,Tiny-MLP,pork_fold4_test_portion10,4,1,3,0.015278020166666665,0.9515149133333334,0.033207049999999995,1,Sub-fresh,cross_validation,4.0
pork,Tiny-MLP,pork_fold4_test_portion10,5,2,3,0.014287228566666666,0.005980263766666667,0.9797325333333333,2,Spoiled,cross_validation,4.0
pork,Tiny-MLP,pork_fold4_test_portion10,6,2,3,0.008166021333333334,0.020191116999999998,0.9716428800000001,2,Spoiled,cross_validation,4.0
